sample_id,file,scenario_type,kind,idx,failed_u,failed_v,coverage_fixed_%,coverage_reopt_%,delta_pmus,components
intact,samples\intact.npz,intact,,,,,100.0,100.0,0.0,1
line_0_0,samples\line_0_0.npz,faulted,line,0,0,1,96.49122807017544,100.0,1.0,1
line_1_1,samples\line_1_1.npz,faulted,line,1,1,2,98.24561403508773,100.0,1.0,1
line_2_2,samples\line_2_2.npz,faulted,line,2,2,3,98.24561403508773,100.0,1.0,1
line_3_3,samples\line_3_3.npz,faulted,line,3,3,4,96.49122807017544,100.0,1.0,1
line_4_4,samples\line_4_4.npz,faulted,line,4,3,5,96.49122807017544,100.0,2.0,1
line_5_5,samples\line_5_5.npz,faulted,line,5,5,6,98.24561403508773,100.0,1.0,1
line_6_6,samples\line_6_6.npz,faulted,line,6,5,7,98.24561403508773,100.0,1.0,1
line_7_7,samples\line_7_7.npz,faulted,line,7,7,8,96.49122807017544,100.0,2.0,1
line_8_8,samples\line_8_8.npz,faulted,line,8,8,9,96.49122807017544,100.0,2.0,1
line_9_9,samples\line_9_9.npz,faulted,line,9,8,10,98.24561403508773,100.0,2.0,1
line_10_10,samples\line_10_10.npz,faulted,line,10,8,11,96.49122807017544,100.0,2.0,1
line_11_11,samples\line_11_11.npz,faulted,line,11,8,12,98.24561403508773,100.0,1.0,1
line_12_12,samples\line_12_12.npz,faulted,line,12,12,13,98.24561403508773,100.0,1.0,1
line_13_13,samples\line_13_13.npz,faulted,line,13,12,14,98.24561403508773,100.0,1.0,1
line_14_14,samples\line_14_14.npz,faulted,line,14,0,14,98.24561403508773,100.0,2.0,1
line_15_15,samples\line_15_15.npz,faulted,line,15,0,15,96.49122807017544,100.0,1.0,1
line_16_16,samples\line_16_16.npz,faulted,line,16,0,16,98.24561403508773,100.0,1.0,1
line_17_17,samples\line_17_17.npz,faulted,line,17,2,14,98.24561403508773,100.0,1.0,1
line_18_18,samples\line_18_18.npz,faulted,line,18,4,5,98.24561403508773,100.0,1.0,1
line_19_19,samples\line_19_19.npz,faulted,line,19,6,7,98.24561403508773,100.0,1.0,1
line_20_20,samples\line_20_20.npz,faulted,line,20,9,11,98.24561403508773,100.0,1.0,1
line_21_21,samples\line_21_21.npz,faulted,line,21,10,12,98.24561403508773,100.0,1.0,1
line_22_22,samples\line_22_22.npz,faulted,line,22,11,12,98.24561403508773,100.0,1.0,1
line_23_23,samples\line_23_23.npz,faulted,line,23,11,15,98.24561403508773,100.0,1.0,1
line_24_24,samples\line_24_24.npz,faulted,line,24,11,16,98.24561403508773,100.0,1.0,2
line_25_25,samples\line_25_25.npz,faulted,line,25,13,14,98.24561403508773,100.0,1.0,1
line_26_26,samples\line_26_26.npz,faulted,line,26,17,18,98.24561403508773,100.0,1.0,1
line_27_27,samples\line_27_27.npz,faulted,line,27,18,19,96.49122807017544,100.0,2.0,1
line_28_28,samples\line_28_28.npz,faulted,line,28,20,21,98.24561403508773,100.0,1.0,1
line_29_29,samples\line_29_29.npz,faulted,line,29,21,22,98.24561403508773,100.0,1.0,1
line_30_30,samples\line_30_30.npz,faulted,line,30,22,23,96.49122807017544,100.0,2.0,1
line_31_31,samples\line_31_31.npz,faulted,line,31,25,26,96.49122807017544,100.0,1.0,1
line_32_32,samples\line_32_32.npz,faulted,line,32,26,27,98.24561403508773,100.0,1.0,1
line_33_33,samples\line_33_33.npz,faulted,line,33,27,28,96.49122807017544,100.0,1.0,1
line_34_34,samples\line_34_34.npz,faulted,line,34,24,29,96.49122807017544,100.0,1.0,2
line_35_35,samples\line_35_35.npz,faulted,line,35,29,30,98.24561403508773,100.0,1.0,2
line_36_36,samples\line_36_36.npz,faulted,line,36,30,31,96.49122807017544,100.0,1.0,2
line_37_37,samples\line_37_37.npz,faulted,line,37,31,32,96.49122807017544,100.0,1.0,2
line_38_38,samples\line_38_38.npz,faulted,line,38,33,34,96.49122807017544,100.0,2.0,2
line_39_39,samples\line_39_39.npz,faulted,line,39,34,35,98.24561403508773,100.0,1.0,2
line_40_40,samples\line_40_40.npz,faulted,line,40,35,36,98.24561403508773,100.0,1.0,1
line_41_41,samples\line_41_41.npz,faulted,line,41,36,37,98.24561403508773,100.0,2.0,1
line_42_42,samples\line_42_42.npz,faulted,line,42,36,38,96.49122807017544,100.0,1.0,1
line_43_43,samples\line_43_43.npz,faulted,line,43,35,39,98.24561403508773,100.0,1.0,1
line_44_44,samples\line_44_44.npz,faulted,line,44,21,37,96.49122807017544,100.0,2.0,1
line_45_45,samples\line_45_45.npz,faulted,line,45,40,41,98.24561403508773,100.0,1.0,1
line_46_46,samples\line_46_46.npz,faulted,line,46,40,42,98.24561403508773,100.0,1.0,1
line_47_47,samples\line_47_47.npz,faulted,line,47,37,43,96.49122807017544,100.0,2.0,1
line_48_48,samples\line_48_48.npz,faulted,line,48,45,46,96.49122807017544,100.0,2.0,1
line_49_49,samples\line_49_49.npz,faulted,line,49,46,47,98.24561403508773,100.0,1.0,1
line_50_50,samples\line_50_50.npz,faulted,line,50,47,48,98.24561403508773,100.0,1.0,1
line_51_51,samples\line_51_51.npz,faulted,line,51,48,49,96.49122807017544,100.0,2.0,1
line_52_52,samples\line_52_52.npz,faulted,line,52,49,50,96.49122807017544,100.0,2.0,1
line_53_53,samples\line_53_53.npz,faulted,line,53,28,51,98.24561403508773,100.0,1.0,1
line_54_54,samples\line_54_54.npz,faulted,line,54,51,52,98.24561403508773,100.0,1.0,1
line_55_55,samples\line_55_55.npz,faulted,line,55,52,53,96.49122807017544,100.0,2.0,1
line_56_56,samples\line_56_56.npz,faulted,line,56,53,54,98.24561403508773,100.0,1.0,1
line_57_57,samples\line_57_57.npz,faulted,line,57,43,44,98.24561403508773,100.0,1.0,1
line_58_58,samples\line_58_58.npz,faulted,line,58,55,40,98.24561403508773,100.0,1.0,1
line_59_59,samples\line_59_59.npz,faulted,line,59,55,41,96.49122807017544,100.0,1.0,1
line_60_60,samples\line_60_60.npz,faulted,line,60,56,55,96.49122807017544,100.0,1.0,1
line_61_61,samples\line_61_61.npz,faulted,line,61,37,48,98.24561403508773,100.0,1.0,1
line_62_62,samples\line_62_62.npz,faulted,line,62,37,47,96.49122807017544,100.0,2.0,1
trafo_0_63,samples\trafo_0_63.npz,faulted,trafo,0,17,3,98.24561403508773,100.0,1.0,1
trafo_1_64,samples\trafo_1_64.npz,faulted,trafo,1,17,3,96.49122807017544,100.0,1.0,1
trafo_2_65,samples\trafo_2_65.npz,faulted,trafo,2,19,20,96.49122807017544,100.0,2.0,1
trafo_3_66,samples\trafo_3_66.npz,faulted,trafo,3,24,23,98.24561403508773,100.0,1.0,1
trafo_4_67,samples\trafo_4_67.npz,faulted,trafo,4,24,23,98.24561403508773,100.0,1.0,1
trafo_5_68,samples\trafo_5_68.npz,faulted,trafo,5,25,23,98.24561403508773,100.0,1.0,1
trafo_6_69,samples\trafo_6_69.npz,faulted,trafo,6,28,6,96.49122807017544,100.0,1.0,1
trafo_7_70,samples\trafo_7_70.npz,faulted,trafo,7,31,33,98.24561403508773,100.0,1.0,1
trafo_8_71,samples\trafo_8_71.npz,faulted,trafo,8,40,10,98.24561403508773,100.0,1.0,1
trafo_9_72,samples\trafo_9_72.npz,faulted,trafo,9,44,14,96.49122807017544,100.0,1.0,1
trafo_10_73,samples\trafo_10_73.npz,faulted,trafo,10,45,13,98.24561403508773,100.0,1.0,1
trafo_11_74,samples\trafo_11_74.npz,faulted,trafo,11,50,9,98.24561403508773,100.0,1.0,1
trafo_12_75,samples\trafo_12_75.npz,faulted,trafo,12,48,12,98.24561403508773,100.0,1.0,1
trafo_13_76,samples\trafo_13_76.npz,faulted,trafo,13,42,10,96.49122807017544,100.0,1.0,1
trafo_14_77,samples\trafo_14_77.npz,faulted,trafo,14,55,39,96.49122807017544,100.0,1.0,1
trafo_15_78,samples\trafo_15_78.npz,faulted,trafo,15,56,38,98.24561403508773,100.0,1.0,1
trafo_16_79,samples\trafo_16_79.npz,faulted,trafo,16,54,8,96.49122807017544,100.0,2.0,1
line_0_80,samples\line_0_80.npz,faulted,line,0,0,1,92.98245614035088,100.0,1.0,1
line_1_81,samples\line_1_81.npz,faulted,line,1,1,2,94.73684210526316,100.0,1.0,1
line_2_82,samples\line_2_82.npz,faulted,line,2,2,3,94.73684210526316,100.0,1.0,1
line_3_83,samples\line_3_83.npz,faulted,line,3,3,4,92.98245614035088,100.0,1.0,1
line_4_84,samples\line_4_84.npz,faulted,line,4,3,5,92.98245614035088,100.0,1.0,1
line_5_85,samples\line_5_85.npz,faulted,line,5,5,6,94.73684210526316,100.0,1.0,1
line_6_86,samples\line_6_86.npz,faulted,line,6,5,7,94.73684210526316,100.0,1.0,1
line_7_87,samples\line_7_87.npz,faulted,line,7,7,8,92.98245614035088,100.0,2.0,1
line_8_88,samples\line_8_88.npz,faulted,line,8,8,9,94.73684210526316,100.0,1.0,1
line_9_89,samples\line_9_89.npz,faulted,line,9,8,10,94.73684210526316,100.0,1.0,1
line_10_90,samples\line_10_90.npz,faulted,line,10,8,11,92.98245614035088,100.0,1.0,1
line_11_91,samples\line_11_91.npz,faulted,line,11,8,12,94.73684210526316,100.0,0.0,1
line_12_92,samples\line_12_92.npz,faulted,line,12,12,13,94.73684210526316,100.0,0.0,1
line_13_93,samples\line_13_93.npz,faulted,line,13,12,14,94.73684210526316,100.0,0.0,1
line_14_94,samples\line_14_94.npz,faulted,line,14,0,14,94.73684210526316,100.0,1.0,1
line_15_95,samples\line_15_95.npz,faulted,line,15,0,15,94.73684210526316,100.0,1.0,1
line_16_96,samples\line_16_96.npz,faulted,line,16,0,16,92.98245614035088,100.0,1.0,1
line_17_97,samples\line_17_97.npz,faulted,line,17,2,14,94.73684210526316,100.0,1.0,1
line_18_98,samples\line_18_98.npz,faulted,line,18,4,5,94.73684210526316,100.0,1.0,1
line_19_99,samples\line_19_99.npz,faulted,line,19,6,7,94.73684210526316,100.0,1.0,1
line_20_100,samples\line_20_100.npz,faulted,line,20,9,11,94.73684210526316,100.0,1.0,1
line_21_101,samples\line_21_101.npz,faulted,line,21,10,12,94.73684210526316,100.0,0.0,1
line_22_102,samples\line_22_102.npz,faulted,line,22,11,12,94.73684210526316,100.0,0.0,1
line_23_103,samples\line_23_103.npz,faulted,line,23,11,15,94.73684210526316,100.0,1.0,2
line_24_104,samples\line_24_104.npz,faulted,line,24,11,16,94.73684210526316,100.0,1.0,1
line_25_105,samples\line_25_105.npz,faulted,line,25,13,14,92.98245614035088,100.0,1.0,1
line_26_106,samples\line_26_106.npz,faulted,line,26,17,18,94.73684210526316,100.0,1.0,1
line_27_107,samples\line_27_107.npz,faulted,line,27,18,19,92.98245614035088,100.0,2.0,1
line_28_108,samples\line_28_108.npz,faulted,line,28,20,21,94.73684210526316,100.0,1.0,1
line_29_109,samples\line_29_109.npz,faulted,line,29,21,22,94.73684210526316,100.0,1.0,1
line_30_110,samples\line_30_110.npz,faulted,line,30,22,23,92.98245614035088,100.0,2.0,1
line_31_111,samples\line_31_111.npz,faulted,line,31,25,26,92.98245614035088,100.0,1.0,1
line_32_112,samples\line_32_112.npz,faulted,line,32,26,27,94.73684210526316,100.0,1.0,1
line_33_113,samples\line_33_113.npz,faulted,line,33,27,28,92.98245614035088,100.0,1.0,1
line_34_114,samples\line_34_114.npz,faulted,line,34,24,29,92.98245614035088,100.0,1.0,1
line_35_115,samples\line_35_115.npz,faulted,line,35,29,30,94.73684210526316,100.0,1.0,1
line_36_116,samples\line_36_116.npz,faulted,line,36,30,31,92.98245614035088,100.0,1.0,1
line_37_117,samples\line_37_117.npz,faulted,line,37,31,32,92.98245614035088,100.0,2.0,2
line_38_118,samples\line_38_118.npz,faulted,line,38,33,34,94.73684210526316,100.0,1.0,1
line_39_119,samples\line_39_119.npz,faulted,line,39,34,35,94.73684210526316,100.0,2.0,1
line_40_120,samples\line_40_120.npz,faulted,line,40,35,36,94.73684210526316,100.0,1.0,1
line_41_121,samples\line_41_121.npz,faulted,line,41,36,37,94.73684210526316,100.0,1.0,1
line_42_122,samples\line_42_122.npz,faulted,line,42,36,38,92.98245614035088,100.0,1.0,1
line_43_123,samples\line_43_123.npz,faulted,line,43,35,39,94.73684210526316,100.0,2.0,2
line_44_124,samples\line_44_124.npz,faulted,line,44,21,37,92.98245614035088,100.0,2.0,1
line_45_125,samples\line_45_125.npz,faulted,line,45,40,41,94.73684210526316,100.0,2.0,1
line_46_126,samples\line_46_126.npz,faulted,line,46,40,42,94.73684210526316,100.0,2.0,1
line_47_127,samples\line_47_127.npz,faulted,line,47,37,43,92.98245614035088,100.0,1.0,1
line_48_128,samples\line_48_128.npz,faulted,line,48,45,46,92.98245614035088,100.0,2.0,2
line_49_129,samples\line_49_129.npz,faulted,line,49,46,47,94.73684210526316,100.0,1.0,2
line_50_130,samples\line_50_130.npz,faulted,line,50,47,48,94.73684210526316,100.0,1.0,1
line_51_131,samples\line_51_131.npz,faulted,line,51,48,49,94.73684210526316,100.0,1.0,1
line_52_132,samples\line_52_132.npz,faulted,line,52,49,50,92.98245614035088,100.0,2.0,1
line_53_133,samples\line_53_133.npz,faulted,line,53,28,51,94.73684210526316,100.0,1.0,2
line_54_134,samples\line_54_134.npz,faulted,line,54,51,52,94.73684210526316,100.0,1.0,2
line_55_135,samples\line_55_135.npz,faulted,line,55,52,53,92.98245614035088,100.0,2.0,2
line_56_136,samples\line_56_136.npz,faulted,line,56,53,54,94.73684210526316,100.0,1.0,1
line_57_137,samples\line_57_137.npz,faulted,line,57,43,44,94.73684210526316,100.0,1.0,1
line_58_138,samples\line_58_138.npz,faulted,line,58,55,40,94.73684210526316,100.0,1.0,1
line_59_139,samples\line_59_139.npz,faulted,line,59,55,41,92.98245614035088,100.0,1.0,1
line_60_140,samples\line_60_140.npz,faulted,line,60,56,55,92.98245614035088,100.0,1.0,1
line_61_141,samples\line_61_141.npz,faulted,line,61,37,48,94.73684210526316,100.0,1.0,1
line_62_142,samples\line_62_142.npz,faulted,line,62,37,47,92.98245614035088,100.0,1.0,1
trafo_0_143,samples\trafo_0_143.npz,faulted,trafo,0,17,3,94.73684210526316,100.0,1.0,1
trafo_1_144,samples\trafo_1_144.npz,faulted,trafo,1,17,3,94.73684210526316,100.0,1.0,1
trafo_2_145,samples\trafo_2_145.npz,faulted,trafo,2,19,20,92.98245614035088,100.0,2.0,1
trafo_3_146,samples\trafo_3_146.npz,faulted,trafo,3,24,23,94.73684210526316,100.0,1.0,1
trafo_4_147,samples\trafo_4_147.npz,faulted,trafo,4,24,23,94.73684210526316,100.0,1.0,1
trafo_5_148,samples\trafo_5_148.npz,faulted,trafo,5,25,23,94.73684210526316,100.0,1.0,1
trafo_6_149,samples\trafo_6_149.npz,faulted,trafo,6,28,6,92.98245614035088,100.0,1.0,1
trafo_7_150,samples\trafo_7_150.npz,faulted,trafo,7,31,33,94.73684210526316,100.0,2.0,1
trafo_8_151,samples\trafo_8_151.npz,faulted,trafo,8,40,10,94.73684210526316,100.0,1.0,1
trafo_9_152,samples\trafo_9_152.npz,faulted,trafo,9,44,14,92.98245614035088,100.0,1.0,1
trafo_10_153,samples\trafo_10_153.npz,faulted,trafo,10,45,13,94.73684210526316,100.0,1.0,1
trafo_11_154,samples\trafo_11_154.npz,faulted,trafo,11,50,9,94.73684210526316,100.0,1.0,1
trafo_12_155,samples\trafo_12_155.npz,faulted,trafo,12,48,12,94.73684210526316,100.0,0.0,1
trafo_13_156,samples\trafo_13_156.npz,faulted,trafo,13,42,10,92.98245614035088,100.0,1.0,1
trafo_14_157,samples\trafo_14_157.npz,faulted,trafo,14,55,39,94.73684210526316,100.0,1.0,1
trafo_15_158,samples\trafo_15_158.npz,faulted,trafo,15,56,38,94.73684210526316,100.0,2.0,1
trafo_16_159,samples\trafo_16_159.npz,faulted,trafo,16,54,8,92.98245614035088,100.0,2.0,2
line_0_160,samples\line_0_160.npz,faulted,line,0,0,1,98.24561403508773,100.0,1.0,1
line_1_161,samples\line_1_161.npz,faulted,line,1,1,2,100.0,100.0,0.0,1
line_2_162,samples\line_2_162.npz,faulted,line,2,2,3,100.0,100.0,0.0,1
line_3_163,samples\line_3_163.npz,faulted,line,3,3,4,98.24561403508773,100.0,0.0,1
line_4_164,samples\line_4_164.npz,faulted,line,4,3,5,98.24561403508773,100.0,1.0,1
line_5_165,samples\line_5_165.npz,faulted,line,5,5,6,100.0,100.0,0.0,1
line_6_166,samples\line_6_166.npz,faulted,line,6,5,7,100.0,100.0,0.0,1
line_7_167,samples\line_7_167.npz,faulted,line,7,7,8,98.24561403508773,100.0,1.0,1
line_8_168,samples\line_8_168.npz,faulted,line,8,8,9,98.24561403508773,100.0,1.0,1
line_9_169,samples\line_9_169.npz,faulted,line,9,8,10,100.0,100.0,1.0,1
line_10_170,samples\line_10_170.npz,faulted,line,10,8,11,98.24561403508773,100.0,1.0,1
line_11_171,samples\line_11_171.npz,faulted,line,11,8,12,100.0,100.0,0.0,1
line_12_172,samples\line_12_172.npz,faulted,line,12,12,13,100.0,100.0,0.0,1
line_13_173,samples\line_13_173.npz,faulted,line,13,12,14,100.0,100.0,0.0,1
line_14_174,samples\line_14_174.npz,faulted,line,14,0,14,100.0,100.0,0.0,1
line_15_175,samples\line_15_175.npz,faulted,line,15,0,15,98.24561403508773,100.0,1.0,1
line_16_176,samples\line_16_176.npz,faulted,line,16,0,16,98.24561403508773,100.0,1.0,1
line_17_177,samples\line_17_177.npz,faulted,line,17,2,14,98.24561403508773,100.0,1.0,1
line_18_178,samples\line_18_178.npz,faulted,line,18,4,5,100.0,100.0,0.0,1
line_19_179,samples\line_19_179.npz,faulted,line,19,6,7,100.0,100.0,0.0,1
line_20_180,samples\line_20_180.npz,faulted,line,20,9,11,100.0,100.0,0.0,1
line_21_181,samples\line_21_181.npz,faulted,line,21,10,12,100.0,100.0,0.0,1
line_22_182,samples\line_22_182.npz,faulted,line,22,11,12,100.0,100.0,0.0,1
line_23_183,samples\line_23_183.npz,faulted,line,23,11,15,100.0,100.0,0.0,1
line_24_184,samples\line_24_184.npz,faulted,line,24,11,16,100.0,100.0,0.0,1
line_25_185,samples\line_25_185.npz,faulted,line,25,13,14,100.0,100.0,0.0,1
line_26_186,samples\line_26_186.npz,faulted,line,26,17,18,100.0,100.0,0.0,1
line_27_187,samples\line_27_187.npz,faulted,line,27,18,19,98.24561403508773,100.0,1.0,1
line_28_188,samples\line_28_188.npz,faulted,line,28,20,21,100.0,100.0,0.0,1
line_29_189,samples\line_29_189.npz,faulted,line,29,21,22,100.0,100.0,0.0,1
line_30_190,samples\line_30_190.npz,faulted,line,30,22,23,98.24561403508773,100.0,1.0,1
line_31_191,samples\line_31_191.npz,faulted,line,31,25,26,98.24561403508773,100.0,0.0,1
line_32_192,samples\line_32_192.npz,faulted,line,32,26,27,100.0,100.0,0.0,1
line_33_193,samples\line_33_193.npz,faulted,line,33,27,28,98.24561403508773,100.0,0.0,1
line_34_194,samples\line_34_194.npz,faulted,line,34,24,29,98.24561403508773,100.0,0.0,2
line_35_195,samples\line_35_195.npz,faulted,line,35,29,30,100.0,100.0,0.0,2
line_36_196,samples\line_36_196.npz,faulted,line,36,30,31,98.24561403508773,100.0,0.0,2
line_37_197,samples\line_37_197.npz,faulted,line,37,31,32,98.24561403508773,100.0,0.0,2
line_38_198,samples\line_38_198.npz,faulted,line,38,33,34,98.24561403508773,100.0,1.0,2
line_39_199,samples\line_39_199.npz,faulted,line,39,34,35,100.0,100.0,0.0,2
line_40_200,samples\line_40_200.npz,faulted,line,40,35,36,100.0,100.0,0.0,1
line_41_201,samples\line_41_201.npz,faulted,line,41,36,37,100.0,100.0,0.0,1
line_42_202,samples\line_42_202.npz,faulted,line,42,36,38,98.24561403508773,100.0,0.0,1
line_43_203,samples\line_43_203.npz,faulted,line,43,35,39,100.0,100.0,0.0,1
line_44_204,samples\line_44_204.npz,faulted,line,44,21,37,98.24561403508773,100.0,1.0,1
line_45_205,samples\line_45_205.npz,faulted,line,45,40,41,100.0,100.0,0.0,1
line_46_206,samples\line_46_206.npz,faulted,line,46,40,42,100.0,100.0,0.0,1
line_47_207,samples\line_47_207.npz,faulted,line,47,37,43,98.24561403508773,100.0,1.0,1
line_48_208,samples\line_48_208.npz,faulted,line,48,45,46,98.24561403508773,100.0,1.0,1
line_49_209,samples\line_49_209.npz,faulted,line,49,46,47,100.0,100.0,0.0,1
line_50_210,samples\line_50_210.npz,faulted,line,50,47,48,100.0,100.0,0.0,1
line_51_211,samples\line_51_211.npz,faulted,line,51,48,49,100.0,100.0,0.0,1
line_52_212,samples\line_52_212.npz,faulted,line,52,49,50,98.24561403508773,100.0,1.0,1
line_53_213,samples\line_53_213.npz,faulted,line,53,28,51,100.0,100.0,0.0,1
line_54_214,samples\line_54_214.npz,faulted,line,54,51,52,100.0,100.0,0.0,1
line_55_215,samples\line_55_215.npz,faulted,line,55,52,53,98.24561403508773,100.0,1.0,1
line_56_216,samples\line_56_216.npz,faulted,line,56,53,54,100.0,100.0,0.0,1
line_57_217,samples\line_57_217.npz,faulted,line,57,43,44,100.0,100.0,0.0,1
line_58_218,samples\line_58_218.npz,faulted,line,58,55,40,100.0,100.0,0.0,1
line_59_219,samples\line_59_219.npz,faulted,line,59,55,41,98.24561403508773,100.0,0.0,1
line_60_220,samples\line_60_220.npz,faulted,line,60,56,55,98.24561403508773,100.0,0.0,1
line_61_221,samples\line_61_221.npz,faulted,line,61,37,48,100.0,100.0,0.0,1
line_62_222,samples\line_62_222.npz,faulted,line,62,37,47,98.24561403508773,100.0,0.0,1
trafo_0_223,samples\trafo_0_223.npz,faulted,trafo,0,17,3,100.0,100.0,0.0,1
trafo_1_224,samples\trafo_1_224.npz,faulted,trafo,1,17,3,100.0,100.0,0.0,1
trafo_2_225,samples\trafo_2_225.npz,faulted,trafo,2,19,20,98.24561403508773,100.0,1.0,1
trafo_3_226,samples\trafo_3_226.npz,faulted,trafo,3,24,23,100.0,100.0,0.0,1
trafo_4_227,samples\trafo_4_227.npz,faulted,trafo,4,24,23,100.0,100.0,0.0,1
trafo_5_228,samples\trafo_5_228.npz,faulted,trafo,5,25,23,100.0,100.0,0.0,1
trafo_6_229,samples\trafo_6_229.npz,faulted,trafo,6,28,6,98.24561403508773,100.0,0.0,1
trafo_7_230,samples\trafo_7_230.npz,faulted,trafo,7,31,33,100.0,100.0,0.0,1
trafo_8_231,samples\trafo_8_231.npz,faulted,trafo,8,40,10,100.0,100.0,0.0,1
trafo_9_232,samples\trafo_9_232.npz,faulted,trafo,9,44,14,98.24561403508773,100.0,1.0,1
trafo_10_233,samples\trafo_10_233.npz,faulted,trafo,10,45,13,100.0,100.0,0.0,1
trafo_11_234,samples\trafo_11_234.npz,faulted,trafo,11,50,9,100.0,100.0,0.0,1
trafo_12_235,samples\trafo_12_235.npz,faulted,trafo,12,48,12,100.0,100.0,0.0,1
trafo_13_236,samples\trafo_13_236.npz,faulted,trafo,13,42,10,98.24561403508773,100.0,0.0,1
trafo_14_237,samples\trafo_14_237.npz,faulted,trafo,14,55,39,98.24561403508773,100.0,0.0,1
trafo_15_238,samples\trafo_15_238.npz,faulted,trafo,15,56,38,100.0,100.0,0.0,1
trafo_16_239,samples\trafo_16_239.npz,faulted,trafo,16,54,8,98.24561403508773,100.0,1.0,1
line_0_240,samples\line_0_240.npz,faulted,line,0,0,1,91.2280701754386,100.0,1.0,1
line_1_241,samples\line_1_241.npz,faulted,line,1,1,2,92.98245614035088,100.0,0.0,1
line_2_242,samples\line_2_242.npz,faulted,line,2,2,3,92.98245614035088,100.0,0.0,1
line_3_243,samples\line_3_243.npz,faulted,line,3,3,4,92.98245614035088,100.0,0.0,1
line_4_244,samples\line_4_244.npz,faulted,line,4,3,5,91.2280701754386,100.0,0.0,1
line_5_245,samples\line_5_245.npz,faulted,line,5,5,6,92.98245614035088,100.0,1.0,1
line_6_246,samples\line_6_246.npz,faulted,line,6,5,7,92.98245614035088,100.0,0.0,1
line_7_247,samples\line_7_247.npz,faulted,line,7,7,8,91.2280701754386,100.0,1.0,1
line_8_248,samples\line_8_248.npz,faulted,line,8,8,9,91.2280701754386,100.0,1.0,1
line_9_249,samples\line_9_249.npz,faulted,line,9,8,10,92.98245614035088,100.0,1.0,1
line_10_250,samples\line_10_250.npz,faulted,line,10,8,11,91.2280701754386,100.0,1.0,1
line_11_251,samples\line_11_251.npz,faulted,line,11,8,12,92.98245614035088,100.0,0.0,1
line_12_252,samples\line_12_252.npz,faulted,line,12,12,13,92.98245614035088,100.0,0.0,1
line_13_253,samples\line_13_253.npz,faulted,line,13,12,14,92.98245614035088,100.0,0.0,1
line_14_254,samples\line_14_254.npz,faulted,line,14,0,14,92.98245614035088,100.0,1.0,1
line_15_255,samples\line_15_255.npz,faulted,line,15,0,15,91.2280701754386,100.0,1.0,1
line_16_256,samples\line_16_256.npz,faulted,line,16,0,16,91.2280701754386,100.0,1.0,1
line_17_257,samples\line_17_257.npz,faulted,line,17,2,14,92.98245614035088,100.0,0.0,1
line_18_258,samples\line_18_258.npz,faulted,line,18,4,5,92.98245614035088,100.0,1.0,2
line_19_259,samples\line_19_259.npz,faulted,line,19,6,7,92.98245614035088,100.0,0.0,1
line_20_260,samples\line_20_260.npz,faulted,line,20,9,11,92.98245614035088,100.0,0.0,1
line_21_261,samples\line_21_261.npz,faulted,line,21,10,12,92.98245614035088,100.0,0.0,1
line_22_262,samples\line_22_262.npz,faulted,line,22,11,12,92.98245614035088,100.0,0.0,1
line_23_263,samples\line_23_263.npz,faulted,line,23,11,15,92.98245614035088,100.0,0.0,1
line_24_264,samples\line_24_264.npz,faulted,line,24,11,16,92.98245614035088,100.0,0.0,1
line_25_265,samples\line_25_265.npz,faulted,line,25,13,14,92.98245614035088,100.0,0.0,1
line_26_266,samples\line_26_266.npz,faulted,line,26,17,18,92.98245614035088,100.0,0.0,1
line_27_267,samples\line_27_267.npz,faulted,line,27,18,19,91.2280701754386,100.0,1.0,1
line_28_268,samples\line_28_268.npz,faulted,line,28,20,21,92.98245614035088,100.0,0.0,1
line_29_269,samples\line_29_269.npz,faulted,line,29,21,22,92.98245614035088,100.0,0.0,1
line_30_270,samples\line_30_270.npz,faulted,line,30,22,23,91.2280701754386,100.0,1.0,1
line_31_271,samples\line_31_271.npz,faulted,line,31,25,26,91.2280701754386,100.0,0.0,1
line_32_272,samples\line_32_272.npz,faulted,line,32,26,27,92.98245614035088,100.0,1.0,1
line_33_273,samples\line_33_273.npz,faulted,line,33,27,28,91.2280701754386,100.0,1.0,1
line_34_274,samples\line_34_274.npz,faulted,line,34,24,29,92.98245614035088,100.0,0.0,1
line_35_275,samples\line_35_275.npz,faulted,line,35,29,30,92.98245614035088,100.0,0.0,2
line_36_276,samples\line_36_276.npz,faulted,line,36,30,31,91.2280701754386,100.0,0.0,2
line_37_277,samples\line_37_277.npz,faulted,line,37,31,32,91.2280701754386,100.0,1.0,2
line_38_278,samples\line_38_278.npz,faulted,line,38,33,34,92.98245614035088,100.0,0.0,2
line_39_279,samples\line_39_279.npz,faulted,line,39,34,35,92.98245614035088,100.0,1.0,2
line_40_280,samples\line_40_280.npz,faulted,line,40,35,36,92.98245614035088,100.0,0.0,2
line_41_281,samples\line_41_281.npz,faulted,line,41,36,37,92.98245614035088,100.0,0.0,2
line_42_282,samples\line_42_282.npz,faulted,line,42,36,38,91.2280701754386,100.0,0.0,2
line_43_283,samples\line_43_283.npz,faulted,line,43,35,39,92.98245614035088,100.0,1.0,2
line_44_284,samples\line_44_284.npz,faulted,line,44,21,37,91.2280701754386,100.0,1.0,1
line_45_285,samples\line_45_285.npz,faulted,line,45,40,41,92.98245614035088,100.0,0.0,1
line_46_286,samples\line_46_286.npz,faulted,line,46,40,42,92.98245614035088,100.0,0.0,1
line_47_287,samples\line_47_287.npz,faulted,line,47,37,43,91.2280701754386,100.0,0.0,1
line_48_288,samples\line_48_288.npz,faulted,line,48,45,46,91.2280701754386,100.0,1.0,1
line_49_289,samples\line_49_289.npz,faulted,line,49,46,47,92.98245614035088,100.0,0.0,1
line_50_290,samples\line_50_290.npz,faulted,line,50,47,48,92.98245614035088,100.0,0.0,1
line_51_291,samples\line_51_291.npz,faulted,line,51,48,49,92.98245614035088,100.0,0.0,1
line_52_292,samples\line_52_292.npz,faulted,line,52,49,50,91.2280701754386,100.0,1.0,2
line_53_293,samples\line_53_293.npz,faulted,line,53,28,51,92.98245614035088,100.0,0.0,1
line_54_294,samples\line_54_294.npz,faulted,line,54,51,52,92.98245614035088,100.0,1.0,1
line_55_295,samples\line_55_295.npz,faulted,line,55,52,53,91.2280701754386,100.0,1.0,1
line_56_296,samples\line_56_296.npz,faulted,line,56,53,54,92.98245614035088,100.0,0.0,1
line_57_297,samples\line_57_297.npz,faulted,line,57,43,44,92.98245614035088,100.0,0.0,1
line_58_298,samples\line_58_298.npz,faulted,line,58,55,40,92.98245614035088,100.0,0.0,1
line_59_299,samples\line_59_299.npz,faulted,line,59,55,41,91.2280701754386,100.0,0.0,1
line_60_300,samples\line_60_300.npz,faulted,line,60,56,55,91.2280701754386,100.0,0.0,2
line_61_301,samples\line_61_301.npz,faulted,line,61,37,48,91.2280701754386,100.0,1.0,1
line_62_302,samples\line_62_302.npz,faulted,line,62,37,47,91.2280701754386,100.0,1.0,1
trafo_0_303,samples\trafo_0_303.npz,faulted,trafo,0,17,3,92.98245614035088,100.0,0.0,1
trafo_1_304,samples\trafo_1_304.npz,faulted,trafo,1,17,3,92.98245614035088,100.0,0.0,1
trafo_2_305,samples\trafo_2_305.npz,faulted,trafo,2,19,20,91.2280701754386,100.0,1.0,1
trafo_3_306,samples\trafo_3_306.npz,faulted,trafo,3,24,23,92.98245614035088,100.0,0.0,1
trafo_4_307,samples\trafo_4_307.npz,faulted,trafo,4,24,23,92.98245614035088,100.0,0.0,1
trafo_5_308,samples\trafo_5_308.npz,faulted,trafo,5,25,23,92.98245614035088,100.0,1.0,1
trafo_6_309,samples\trafo_6_309.npz,faulted,trafo,6,28,6,92.98245614035088,100.0,0.0,1
trafo_7_310,samples\trafo_7_310.npz,faulted,trafo,7,31,33,92.98245614035088,100.0,1.0,2
trafo_8_311,samples\trafo_8_311.npz,faulted,trafo,8,40,10,92.98245614035088,100.0,0.0,1
trafo_9_312,samples\trafo_9_312.npz,faulted,trafo,9,44,14,91.2280701754386,100.0,0.0,1
trafo_10_313,samples\trafo_10_313.npz,faulted,trafo,10,45,13,92.98245614035088,100.0,0.0,1
trafo_11_314,samples\trafo_11_314.npz,faulted,trafo,11,50,9,92.98245614035088,100.0,0.0,2
trafo_12_315,samples\trafo_12_315.npz,faulted,trafo,12,48,12,92.98245614035088,100.0,0.0,1
trafo_13_316,samples\trafo_13_316.npz,faulted,trafo,13,42,10,91.2280701754386,100.0,0.0,1
trafo_14_317,samples\trafo_14_317.npz,faulted,trafo,14,55,39,92.98245614035088,100.0,0.0,1
trafo_15_318,samples\trafo_15_318.npz,faulted,trafo,15,56,38,92.98245614035088,100.0,0.0,1
trafo_16_319,samples\trafo_16_319.npz,faulted,trafo,16,54,8,91.2280701754386,100.0,1.0,1
line_0_320,samples\line_0_320.npz,faulted,line,0,0,1,92.98245614035088,100.0,1.0,1
line_1_321,samples\line_1_321.npz,faulted,line,1,1,2,94.73684210526316,100.0,0.0,1
line_2_322,samples\line_2_322.npz,faulted,line,2,2,3,94.73684210526316,100.0,0.0,1
line_3_323,samples\line_3_323.npz,faulted,line,3,3,4,92.98245614035088,100.0,0.0,1
line_4_324,samples\line_4_324.npz,faulted,line,4,3,5,92.98245614035088,100.0,0.0,1
line_5_325,samples\line_5_325.npz,faulted,line,5,5,6,94.73684210526316,100.0,0.0,1
line_6_326,samples\line_6_326.npz,faulted,line,6,5,7,94.73684210526316,100.0,0.0,1
line_7_327,samples\line_7_327.npz,faulted,line,7,7,8,92.98245614035088,100.0,0.0,1
line_8_328,samples\line_8_328.npz,faulted,line,8,8,9,92.98245614035088,100.0,0.0,1
line_9_329,samples\line_9_329.npz,faulted,line,9,8,10,94.73684210526316,100.0,0.0,1
line_10_330,samples\line_10_330.npz,faulted,line,10,8,11,94.73684210526316,100.0,0.0,1
line_11_331,samples\line_11_331.npz,faulted,line,11,8,12,94.73684210526316,100.0,0.0,1
line_12_332,samples\line_12_332.npz,faulted,line,12,12,13,94.73684210526316,100.0,1.0,1
line_13_333,samples\line_13_333.npz,faulted,line,13,12,14,94.73684210526316,100.0,1.0,1
line_14_334,samples\line_14_334.npz,faulted,line,14,0,14,94.73684210526316,100.0,0.0,1
line_15_335,samples\line_15_335.npz,faulted,line,15,0,15,92.98245614035088,100.0,1.0,1
line_16_336,samples\line_16_336.npz,faulted,line,16,0,16,92.98245614035088,100.0,1.0,1
line_17_337,samples\line_17_337.npz,faulted,line,17,2,14,94.73684210526316,100.0,0.0,1
line_18_338,samples\line_18_338.npz,faulted,line,18,4,5,94.73684210526316,100.0,0.0,1
line_19_339,samples\line_19_339.npz,faulted,line,19,6,7,94.73684210526316,100.0,0.0,1
line_20_340,samples\line_20_340.npz,faulted,line,20,9,11,94.73684210526316,100.0,0.0,1
line_21_341,samples\line_21_341.npz,faulted,line,21,10,12,94.73684210526316,100.0,0.0,1
line_22_342,samples\line_22_342.npz,faulted,line,22,11,12,94.73684210526316,100.0,1.0,1
line_23_343,samples\line_23_343.npz,faulted,line,23,11,15,94.73684210526316,100.0,0.0,1
line_24_344,samples\line_24_344.npz,faulted,line,24,11,16,94.73684210526316,100.0,0.0,1
line_25_345,samples\line_25_345.npz,faulted,line,25,13,14,94.73684210526316,100.0,0.0,1
line_26_346,samples\line_26_346.npz,faulted,line,26,17,18,94.73684210526316,100.0,0.0,1
line_27_347,samples\line_27_347.npz,faulted,line,27,18,19,92.98245614035088,100.0,1.0,1
line_28_348,samples\line_28_348.npz,faulted,line,28,20,21,94.73684210526316,100.0,0.0,1
line_29_349,samples\line_29_349.npz,faulted,line,29,21,22,94.73684210526316,100.0,0.0,1
line_30_350,samples\line_30_350.npz,faulted,line,30,22,23,92.98245614035088,100.0,0.0,1
line_31_351,samples\line_31_351.npz,faulted,line,31,25,26,92.98245614035088,100.0,0.0,1
line_32_352,samples\line_32_352.npz,faulted,line,32,26,27,94.73684210526316,100.0,0.0,1
line_33_353,samples\line_33_353.npz,faulted,line,33,27,28,92.98245614035088,100.0,0.0,1
line_34_354,samples\line_34_354.npz,faulted,line,34,24,29,92.98245614035088,100.0,0.0,1
line_35_355,samples\line_35_355.npz,faulted,line,35,29,30,94.73684210526316,100.0,0.0,1
line_36_356,samples\line_36_356.npz,faulted,line,36,30,31,92.98245614035088,100.0,0.0,1
line_37_357,samples\line_37_357.npz,faulted,line,37,31,32,92.98245614035088,100.0,1.0,2
line_38_358,samples\line_38_358.npz,faulted,line,38,33,34,94.73684210526316,100.0,0.0,1
line_39_359,samples\line_39_359.npz,faulted,line,39,34,35,94.73684210526316,100.0,1.0,1
line_40_360,samples\line_40_360.npz,faulted,line,40,35,36,94.73684210526316,100.0,0.0,1
line_41_361,samples\line_41_361.npz,faulted,line,41,36,37,94.73684210526316,100.0,0.0,1
line_42_362,samples\line_42_362.npz,faulted,line,42,36,38,92.98245614035088,100.0,0.0,1
line_43_363,samples\line_43_363.npz,faulted,line,43,35,39,94.73684210526316,100.0,1.0,2
line_44_364,samples\line_44_364.npz,faulted,line,44,21,37,92.98245614035088,100.0,1.0,1
line_45_365,samples\line_45_365.npz,faulted,line,45,40,41,94.73684210526316,100.0,1.0,1
line_46_366,samples\line_46_366.npz,faulted,line,46,40,42,94.73684210526316,100.0,1.0,1
line_47_367,samples\line_47_367.npz,faulted,line,47,37,43,94.73684210526316,100.0,0.0,1
line_48_368,samples\line_48_368.npz,faulted,line,48,45,46,92.98245614035088,100.0,1.0,1
line_49_369,samples\line_49_369.npz,faulted,line,49,46,47,94.73684210526316,100.0,1.0,1
line_50_370,samples\line_50_370.npz,faulted,line,50,47,48,94.73684210526316,100.0,0.0,1
line_51_371,samples\line_51_371.npz,faulted,line,51,48,49,94.73684210526316,100.0,0.0,1
line_52_372,samples\line_52_372.npz,faulted,line,52,49,50,92.98245614035088,100.0,1.0,1
line_53_373,samples\line_53_373.npz,faulted,line,53,28,51,94.73684210526316,100.0,0.0,1
line_54_374,samples\line_54_374.npz,faulted,line,54,51,52,94.73684210526316,100.0,0.0,1
line_55_375,samples\line_55_375.npz,faulted,line,55,52,53,92.98245614035088,100.0,1.0,1
line_56_376,samples\line_56_376.npz,faulted,line,56,53,54,94.73684210526316,100.0,0.0,1
line_57_377,samples\line_57_377.npz,faulted,line,57,43,44,94.73684210526316,100.0,1.0,2
line_58_378,samples\line_58_378.npz,faulted,line,58,55,40,92.98245614035088,100.0,0.0,1
line_59_379,samples\line_59_379.npz,faulted,line,59,55,41,92.98245614035088,100.0,0.0,1
line_60_380,samples\line_60_380.npz,faulted,line,60,56,55,92.98245614035088,100.0,0.0,1
line_61_381,samples\line_61_381.npz,faulted,line,61,37,48,94.73684210526316,100.0,0.0,1
line_62_382,samples\line_62_382.npz,faulted,line,62,37,47,92.98245614035088,100.0,0.0,1
trafo_0_383,samples\trafo_0_383.npz,faulted,trafo,0,17,3,94.73684210526316,100.0,0.0,1
trafo_1_384,samples\trafo_1_384.npz,faulted,trafo,1,17,3,94.73684210526316,100.0,0.0,1
trafo_2_385,samples\trafo_2_385.npz,faulted,trafo,2,19,20,92.98245614035088,100.0,0.0,1
trafo_3_386,samples\trafo_3_386.npz,faulted,trafo,3,24,23,94.73684210526316,100.0,-1.0,1
trafo_4_387,samples\trafo_4_387.npz,faulted,trafo,4,24,23,94.73684210526316,100.0,0.0,1
trafo_5_388,samples\trafo_5_388.npz,faulted,trafo,5,25,23,94.73684210526316,100.0,-1.0,1
trafo_6_389,samples\trafo_6_389.npz,faulted,trafo,6,28,6,92.98245614035088,100.0,0.0,1
trafo_7_390,samples\trafo_7_390.npz,faulted,trafo,7,31,33,94.73684210526316,100.0,1.0,1
trafo_8_391,samples\trafo_8_391.npz,faulted,trafo,8,40,10,94.73684210526316,100.0,0.0,1
trafo_9_392,samples\trafo_9_392.npz,faulted,trafo,9,44,14,92.98245614035088,100.0,0.0,2
trafo_10_393,samples\trafo_10_393.npz,faulted,trafo,10,45,13,94.73684210526316,100.0,0.0,1
trafo_11_394,samples\trafo_11_394.npz,faulted,trafo,11,50,9,94.73684210526316,100.0,0.0,1
trafo_12_395,samples\trafo_12_395.npz,faulted,trafo,12,48,12,94.73684210526316,100.0,0.0,1
trafo_13_396,samples\trafo_13_396.npz,faulted,trafo,13,42,10,92.98245614035088,100.0,0.0,1
trafo_14_397,samples\trafo_14_397.npz,faulted,trafo,14,55,39,94.73684210526316,100.0,0.0,1
trafo_15_398,samples\trafo_15_398.npz,faulted,trafo,15,56,38,94.73684210526316,100.0,1.0,1
trafo_16_399,samples\trafo_16_399.npz,faulted,trafo,16,54,8,92.98245614035088,100.0,0.0,1
line_0_400,samples\line_0_400.npz,faulted,line,0,0,1,98.24561403508773,100.0,1.0,1
line_1_401,samples\line_1_401.npz,faulted,line,1,1,2,100.0,100.0,0.0,1
line_2_402,samples\line_2_402.npz,faulted,line,2,2,3,100.0,100.0,0.0,1
line_3_403,samples\line_3_403.npz,faulted,line,3,3,4,98.24561403508773,100.0,1.0,1
line_4_404,samples\line_4_404.npz,faulted,line,4,3,5,98.24561403508773,100.0,1.0,1
line_5_405,samples\line_5_405.npz,faulted,line,5,5,6,100.0,100.0,0.0,1
line_6_406,samples\line_6_406.npz,faulted,line,6,5,7,100.0,100.0,0.0,1
line_7_407,samples\line_7_407.npz,faulted,line,7,7,8,98.24561403508773,100.0,1.0,1
line_8_408,samples\line_8_408.npz,faulted,line,8,8,9,98.24561403508773,100.0,1.0,1
line_9_409,samples\line_9_409.npz,faulted,line,9,8,10,100.0,100.0,1.0,1
line_10_410,samples\line_10_410.npz,faulted,line,10,8,11,98.24561403508773,100.0,1.0,1
line_11_411,samples\line_11_411.npz,faulted,line,11,8,12,100.0,100.0,0.0,1
line_12_412,samples\line_12_412.npz,faulted,line,12,12,13,100.0,100.0,0.0,1
line_13_413,samples\line_13_413.npz,faulted,line,13,12,14,100.0,100.0,0.0,1
line_14_414,samples\line_14_414.npz,faulted,line,14,0,14,100.0,100.0,1.0,1
line_15_415,samples\line_15_415.npz,faulted,line,15,0,15,98.24561403508773,100.0,1.0,1
line_16_416,samples\line_16_416.npz,faulted,line,16,0,16,98.24561403508773,100.0,1.0,1
line_17_417,samples\line_17_417.npz,faulted,line,17,2,14,100.0,100.0,0.0,1
line_18_418,samples\line_18_418.npz,faulted,line,18,4,5,100.0,100.0,0.0,1
line_19_419,samples\line_19_419.npz,faulted,line,19,6,7,100.0,100.0,0.0,1
line_20_420,samples\line_20_420.npz,faulted,line,20,9,11,100.0,100.0,0.0,1
line_21_421,samples\line_21_421.npz,faulted,line,21,10,12,100.0,100.0,0.0,1
line_22_422,samples\line_22_422.npz,faulted,line,22,11,12,100.0,100.0,0.0,1
line_23_423,samples\line_23_423.npz,faulted,line,23,11,15,100.0,100.0,0.0,1
line_24_424,samples\line_24_424.npz,faulted,line,24,11,16,100.0,100.0,0.0,1
line_25_425,samples\line_25_425.npz,faulted,line,25,13,14,100.0,100.0,0.0,1
line_26_426,samples\line_26_426.npz,faulted,line,26,17,18,100.0,100.0,0.0,1
line_27_427,samples\line_27_427.npz,faulted,line,27,18,19,98.24561403508773,100.0,1.0,1
line_28_428,samples\line_28_428.npz,faulted,line,28,20,21,100.0,100.0,0.0,1
line_29_429,samples\line_29_429.npz,faulted,line,29,21,22,100.0,100.0,0.0,1
line_30_430,samples\line_30_430.npz,faulted,line,30,22,23,98.24561403508773,100.0,1.0,1
line_31_431,samples\line_31_431.npz,faulted,line,31,25,26,98.24561403508773,100.0,0.0,2
line_32_432,samples\line_32_432.npz,faulted,line,32,26,27,100.0,100.0,0.0,1
line_33_433,samples\line_33_433.npz,faulted,line,33,27,28,98.24561403508773,100.0,1.0,2
line_34_434,samples\line_34_434.npz,faulted,line,34,24,29,98.24561403508773,100.0,0.0,1
line_35_435,samples\line_35_435.npz,faulted,line,35,29,30,100.0,100.0,0.0,1
line_36_436,samples\line_36_436.npz,faulted,line,36,30,31,98.24561403508773,100.0,0.0,1
line_37_437,samples\line_37_437.npz,faulted,line,37,31,32,98.24561403508773,100.0,0.0,2
line_38_438,samples\line_38_438.npz,faulted,line,38,33,34,100.0,100.0,0.0,1
line_39_439,samples\line_39_439.npz,faulted,line,39,34,35,100.0,100.0,0.0,1
line_40_440,samples\line_40_440.npz,faulted,line,40,35,36,100.0,100.0,0.0,1
line_41_441,samples\line_41_441.npz,faulted,line,41,36,37,100.0,100.0,0.0,1
line_42_442,samples\line_42_442.npz,faulted,line,42,36,38,98.24561403508773,100.0,0.0,1
line_43_443,samples\line_43_443.npz,faulted,line,43,35,39,100.0,100.0,0.0,1
line_44_444,samples\line_44_444.npz,faulted,line,44,21,37,98.24561403508773,100.0,1.0,1
line_45_445,samples\line_45_445.npz,faulted,line,45,40,41,100.0,100.0,0.0,1
line_46_446,samples\line_46_446.npz,faulted,line,46,40,42,100.0,100.0,0.0,1
line_47_447,samples\line_47_447.npz,faulted,line,47,37,43,98.24561403508773,100.0,0.0,1
line_48_448,samples\line_48_448.npz,faulted,line,48,45,46,98.24561403508773,100.0,1.0,1
line_49_449,samples\line_49_449.npz,faulted,line,49,46,47,100.0,100.0,0.0,1
line_50_450,samples\line_50_450.npz,faulted,line,50,47,48,100.0,100.0,0.0,1
line_51_451,samples\line_51_451.npz,faulted,line,51,48,49,100.0,100.0,0.0,1
line_52_452,samples\line_52_452.npz,faulted,line,52,49,50,98.24561403508773,100.0,1.0,1
line_53_453,samples\line_53_453.npz,faulted,line,53,28,51,100.0,100.0,0.0,1
line_54_454,samples\line_54_454.npz,faulted,line,54,51,52,100.0,100.0,0.0,1
line_55_455,samples\line_55_455.npz,faulted,line,55,52,53,98.24561403508773,100.0,1.0,1
line_56_456,samples\line_56_456.npz,faulted,line,56,53,54,100.0,100.0,0.0,1
line_57_457,samples\line_57_457.npz,faulted,line,57,43,44,100.0,100.0,0.0,1
line_58_458,samples\line_58_458.npz,faulted,line,58,55,40,100.0,100.0,0.0,1
line_59_459,samples\line_59_459.npz,faulted,line,59,55,41,98.24561403508773,100.0,-1.0,1
line_60_460,samples\line_60_460.npz,faulted,line,60,56,55,98.24561403508773,100.0,-1.0,1
line_61_461,samples\line_61_461.npz,faulted,line,61,37,48,100.0,100.0,0.0,1
line_62_462,samples\line_62_462.npz,faulted,line,62,37,47,98.24561403508773,100.0,1.0,1
trafo_0_463,samples\trafo_0_463.npz,faulted,trafo,0,17,3,100.0,100.0,0.0,1
trafo_1_464,samples\trafo_1_464.npz,faulted,trafo,1,17,3,100.0,100.0,0.0,1
trafo_2_465,samples\trafo_2_465.npz,faulted,trafo,2,19,20,98.24561403508773,100.0,1.0,1
trafo_3_466,samples\trafo_3_466.npz,faulted,trafo,3,24,23,100.0,100.0,0.0,1
trafo_4_467,samples\trafo_4_467.npz,faulted,trafo,4,24,23,100.0,100.0,0.0,1
trafo_5_468,samples\trafo_5_468.npz,faulted,trafo,5,25,23,100.0,100.0,0.0,2
trafo_6_469,samples\trafo_6_469.npz,faulted,trafo,6,28,6,98.24561403508773,100.0,1.0,1
trafo_7_470,samples\trafo_7_470.npz,faulted,trafo,7,31,33,100.0,100.0,0.0,1
trafo_8_471,samples\trafo_8_471.npz,faulted,trafo,8,40,10,100.0,100.0,0.0,1
trafo_9_472,samples\trafo_9_472.npz,faulted,trafo,9,44,14,98.24561403508773,100.0,0.0,1
trafo_10_473,samples\trafo_10_473.npz,faulted,trafo,10,45,13,100.0,100.0,0.0,1
trafo_11_474,samples\trafo_11_474.npz,faulted,trafo,11,50,9,100.0,100.0,0.0,1
trafo_12_475,samples\trafo_12_475.npz,faulted,trafo,12,48,12,100.0,100.0,0.0,1
trafo_13_476,samples\trafo_13_476.npz,faulted,trafo,13,42,10,98.24561403508773,100.0,0.0,1
trafo_14_477,samples\trafo_14_477.npz,faulted,trafo,14,55,39,98.24561403508773,100.0,-1.0,1
trafo_15_478,samples\trafo_15_478.npz,faulted,trafo,15,56,38,100.0,100.0,0.0,1
trafo_16_479,samples\trafo_16_479.npz,faulted,trafo,16,54,8,98.24561403508773,100.0,1.0,1
line_0_480,samples\line_0_480.npz,faulted,line,0,0,1,96.49122807017544,100.0,2.0,1
line_1_481,samples\line_1_481.npz,faulted,line,1,1,2,98.24561403508773,100.0,1.0,1
line_2_482,samples\line_2_482.npz,faulted,line,2,2,3,98.24561403508773,100.0,1.0,1
line_3_483,samples\line_3_483.npz,faulted,line,3,3,4,96.49122807017544,100.0,1.0,1
line_4_484,samples\line_4_484.npz,faulted,line,4,3,5,96.49122807017544,100.0,1.0,1
line_5_485,samples\line_5_485.npz,faulted,line,5,5,6,98.24561403508773,100.0,1.0,1
line_6_486,samples\line_6_486.npz,faulted,line,6,5,7,98.24561403508773,100.0,1.0,1
line_7_487,samples\line_7_487.npz,faulted,line,7,7,8,96.49122807017544,100.0,1.0,1
line_8_488,samples\line_8_488.npz,faulted,line,8,8,9,96.49122807017544,100.0,1.0,1
line_9_489,samples\line_9_489.npz,faulted,line,9,8,10,98.24561403508773,100.0,1.0,1
line_10_490,samples\line_10_490.npz,faulted,line,10,8,11,98.24561403508773,100.0,1.0,1
line_11_491,samples\line_11_491.npz,faulted,line,11,8,12,98.24561403508773,100.0,1.0,1
line_12_492,samples\line_12_492.npz,faulted,line,12,12,13,98.24561403508773,100.0,1.0,1
line_13_493,samples\line_13_493.npz,faulted,line,13,12,14,98.24561403508773,100.0,1.0,1
line_14_494,samples\line_14_494.npz,faulted,line,14,0,14,98.24561403508773,100.0,1.0,1
line_15_495,samples\line_15_495.npz,faulted,line,15,0,15,96.49122807017544,100.0,2.0,1
line_16_496,samples\line_16_496.npz,faulted,line,16,0,16,96.49122807017544,100.0,2.0,1
line_17_497,samples\line_17_497.npz,faulted,line,17,2,14,98.24561403508773,100.0,1.0,1
line_18_498,samples\line_18_498.npz,faulted,line,18,4,5,98.24561403508773,100.0,1.0,1
line_19_499,samples\line_19_499.npz,faulted,line,19,6,7,98.24561403508773,100.0,1.0,1
line_20_500,samples\line_20_500.npz,faulted,line,20,9,11,98.24561403508773,100.0,1.0,1
line_21_501,samples\line_21_501.npz,faulted,line,21,10,12,98.24561403508773,100.0,1.0,1
line_22_502,samples\line_22_502.npz,faulted,line,22,11,12,98.24561403508773,100.0,1.0,1
line_23_503,samples\line_23_503.npz,faulted,line,23,11,15,98.24561403508773,100.0,1.0,1
line_24_504,samples\line_24_504.npz,faulted,line,24,11,16,98.24561403508773,100.0,1.0,1
line_25_505,samples\line_25_505.npz,faulted,line,25,13,14,98.24561403508773,100.0,1.0,1
line_26_506,samples\line_26_506.npz,faulted,line,26,17,18,98.24561403508773,100.0,1.0,1
line_27_507,samples\line_27_507.npz,faulted,line,27,18,19,96.49122807017544,100.0,2.0,1
line_28_508,samples\line_28_508.npz,faulted,line,28,20,21,98.24561403508773,100.0,1.0,1
line_29_509,samples\line_29_509.npz,faulted,line,29,21,22,98.24561403508773,100.0,1.0,2
line_30_510,samples\line_30_510.npz,faulted,line,30,22,23,96.49122807017544,100.0,1.0,2
line_31_511,samples\line_31_511.npz,faulted,line,31,25,26,96.49122807017544,100.0,2.0,2
line_32_512,samples\line_32_512.npz,faulted,line,32,26,27,98.24561403508773,100.0,1.0,2
line_33_513,samples\line_33_513.npz,faulted,line,33,27,28,96.49122807017544,100.0,1.0,2
line_34_514,samples\line_34_514.npz,faulted,line,34,24,29,96.49122807017544,100.0,1.0,2
line_35_515,samples\line_35_515.npz,faulted,line,35,29,30,98.24561403508773,100.0,1.0,2
line_36_516,samples\line_36_516.npz,faulted,line,36,30,31,96.49122807017544,100.0,1.0,2
line_37_517,samples\line_37_517.npz,faulted,line,37,31,32,96.49122807017544,100.0,1.0,2
line_38_518,samples\line_38_518.npz,faulted,line,38,33,34,96.49122807017544,100.0,2.0,2
line_39_519,samples\line_39_519.npz,faulted,line,39,34,35,98.24561403508773,100.0,1.0,2
line_40_520,samples\line_40_520.npz,faulted,line,40,35,36,98.24561403508773,100.0,1.0,1
line_41_521,samples\line_41_521.npz,faulted,line,41,36,37,98.24561403508773,100.0,0.0,1
line_42_522,samples\line_42_522.npz,faulted,line,42,36,38,96.49122807017544,100.0,1.0,1
line_43_523,samples\line_43_523.npz,faulted,line,43,35,39,98.24561403508773,100.0,1.0,1
line_44_524,samples\line_44_524.npz,faulted,line,44,21,37,96.49122807017544,100.0,0.0,1
line_45_525,samples\line_45_525.npz,faulted,line,45,40,41,98.24561403508773,100.0,1.0,1
line_46_526,samples\line_46_526.npz,faulted,line,46,40,42,98.24561403508773,100.0,1.0,1
line_47_527,samples\line_47_527.npz,faulted,line,47,37,43,96.49122807017544,100.0,0.0,1
line_48_528,samples\line_48_528.npz,faulted,line,48,45,46,96.49122807017544,100.0,2.0,1
line_49_529,samples\line_49_529.npz,faulted,line,49,46,47,98.24561403508773,100.0,1.0,1
line_50_530,samples\line_50_530.npz,faulted,line,50,47,48,98.24561403508773,100.0,1.0,1
line_51_531,samples\line_51_531.npz,faulted,line,51,48,49,98.24561403508773,100.0,1.0,1
line_52_532,samples\line_52_532.npz,faulted,line,52,49,50,96.49122807017544,100.0,2.0,2
line_53_533,samples\line_53_533.npz,faulted,line,53,28,51,98.24561403508773,100.0,1.0,1
line_54_534,samples\line_54_534.npz,faulted,line,54,51,52,98.24561403508773,100.0,1.0,1
line_55_535,samples\line_55_535.npz,faulted,line,55,52,53,96.49122807017544,100.0,2.0,1
line_56_536,samples\line_56_536.npz,faulted,line,56,53,54,98.24561403508773,100.0,1.0,1
line_57_537,samples\line_57_537.npz,faulted,line,57,43,44,98.24561403508773,100.0,1.0,1
line_58_538,samples\line_58_538.npz,faulted,line,58,55,40,98.24561403508773,100.0,1.0,1
line_59_539,samples\line_59_539.npz,faulted,line,59,55,41,96.49122807017544,100.0,1.0,1
line_60_540,samples\line_60_540.npz,faulted,line,60,56,55,96.49122807017544,100.0,1.0,1
line_61_541,samples\line_61_541.npz,faulted,line,61,37,48,96.49122807017544,100.0,1.0,1
line_62_542,samples\line_62_542.npz,faulted,line,62,37,47,96.49122807017544,100.0,0.0,1
trafo_0_543,samples\trafo_0_543.npz,faulted,trafo,0,17,3,98.24561403508773,100.0,1.0,1
trafo_1_544,samples\trafo_1_544.npz,faulted,trafo,1,17,3,98.24561403508773,100.0,1.0,1
trafo_2_545,samples\trafo_2_545.npz,faulted,trafo,2,19,20,96.49122807017544,100.0,2.0,1
trafo_3_546,samples\trafo_3_546.npz,faulted,trafo,3,24,23,98.24561403508773,100.0,1.0,1
trafo_4_547,samples\trafo_4_547.npz,faulted,trafo,4,24,23,98.24561403508773,100.0,1.0,1
trafo_5_548,samples\trafo_5_548.npz,faulted,trafo,5,25,23,98.24561403508773,100.0,1.0,1
trafo_6_549,samples\trafo_6_549.npz,faulted,trafo,6,28,6,96.49122807017544,100.0,2.0,1
trafo_7_550,samples\trafo_7_550.npz,faulted,trafo,7,31,33,98.24561403508773,100.0,1.0,1
trafo_8_551,samples\trafo_8_551.npz,faulted,trafo,8,40,10,98.24561403508773,100.0,1.0,1
trafo_9_552,samples\trafo_9_552.npz,faulted,trafo,9,44,14,96.49122807017544,100.0,1.0,1
trafo_10_553,samples\trafo_10_553.npz,faulted,trafo,10,45,13,98.24561403508773,100.0,1.0,1
trafo_11_554,samples\trafo_11_554.npz,faulted,trafo,11,50,9,98.24561403508773,100.0,1.0,2
trafo_12_555,samples\trafo_12_555.npz,faulted,trafo,12,48,12,98.24561403508773,100.0,1.0,1
trafo_13_556,samples\trafo_13_556.npz,faulted,trafo,13,42,10,96.49122807017544,100.0,1.0,1
trafo_14_557,samples\trafo_14_557.npz,faulted,trafo,14,55,39,96.49122807017544,100.0,1.0,1
trafo_15_558,samples\trafo_15_558.npz,faulted,trafo,15,56,38,98.24561403508773,100.0,1.0,1
trafo_16_559,samples\trafo_16_559.npz,faulted,trafo,16,54,8,96.49122807017544,100.0,1.0,1
line_0_560,samples\line_0_560.npz,faulted,line,0,0,1,94.73684210526316,100.0,2.0,1
line_1_561,samples\line_1_561.npz,faulted,line,1,1,2,96.49122807017544,100.0,1.0,1
line_2_562,samples\line_2_562.npz,faulted,line,2,2,3,96.49122807017544,100.0,2.0,1
line_3_563,samples\line_3_563.npz,faulted,line,3,3,4,94.73684210526316,100.0,2.0,1
line_4_564,samples\line_4_564.npz,faulted,line,4,3,5,94.73684210526316,100.0,2.0,1
line_5_565,samples\line_5_565.npz,faulted,line,5,5,6,96.49122807017544,100.0,1.0,1
line_6_566,samples\line_6_566.npz,faulted,line,6,5,7,96.49122807017544,100.0,1.0,1
line_7_567,samples\line_7_567.npz,faulted,line,7,7,8,94.73684210526316,100.0,2.0,1
line_8_568,samples\line_8_568.npz,faulted,line,8,8,9,94.73684210526316,100.0,1.0,1
line_9_569,samples\line_9_569.npz,faulted,line,9,8,10,96.49122807017544,100.0,0.0,1
line_10_570,samples\line_10_570.npz,faulted,line,10,8,11,94.73684210526316,100.0,1.0,1
line_11_571,samples\line_11_571.npz,faulted,line,11,8,12,96.49122807017544,100.0,1.0,1
line_12_572,samples\line_12_572.npz,faulted,line,12,12,13,96.49122807017544,100.0,1.0,1
line_13_573,samples\line_13_573.npz,faulted,line,13,12,14,96.49122807017544,100.0,1.0,1
line_14_574,samples\line_14_574.npz,faulted,line,14,0,14,96.49122807017544,100.0,2.0,1
line_15_575,samples\line_15_575.npz,faulted,line,15,0,15,96.49122807017544,100.0,1.0,1
line_16_576,samples\line_16_576.npz,faulted,line,16,0,16,94.73684210526316,100.0,1.0,1
line_17_577,samples\line_17_577.npz,faulted,line,17,2,14,96.49122807017544,100.0,1.0,1
line_18_578,samples\line_18_578.npz,faulted,line,18,4,5,96.49122807017544,100.0,1.0,1
line_19_579,samples\line_19_579.npz,faulted,line,19,6,7,96.49122807017544,100.0,1.0,1
line_20_580,samples\line_20_580.npz,faulted,line,20,9,11,96.49122807017544,100.0,1.0,1
line_21_581,samples\line_21_581.npz,faulted,line,21,10,12,96.49122807017544,100.0,1.0,1
line_22_582,samples\line_22_582.npz,faulted,line,22,11,12,96.49122807017544,100.0,1.0,1
line_23_583,samples\line_23_583.npz,faulted,line,23,11,15,96.49122807017544,100.0,1.0,2
line_24_584,samples\line_24_584.npz,faulted,line,24,11,16,96.49122807017544,100.0,1.0,1
line_25_585,samples\line_25_585.npz,faulted,line,25,13,14,96.49122807017544,100.0,1.0,1
line_26_586,samples\line_26_586.npz,faulted,line,26,17,18,96.49122807017544,100.0,1.0,1
line_27_587,samples\line_27_587.npz,faulted,line,27,18,19,94.73684210526316,100.0,2.0,1
line_28_588,samples\line_28_588.npz,faulted,line,28,20,21,96.49122807017544,100.0,1.0,1
line_29_589,samples\line_29_589.npz,faulted,line,29,21,22,96.49122807017544,100.0,1.0,1
line_30_590,samples\line_30_590.npz,faulted,line,30,22,23,94.73684210526316,100.0,2.0,1
line_31_591,samples\line_31_591.npz,faulted,line,31,25,26,94.73684210526316,100.0,1.0,1
line_32_592,samples\line_32_592.npz,faulted,line,32,26,27,96.49122807017544,100.0,1.0,1
line_33_593,samples\line_33_593.npz,faulted,line,33,27,28,94.73684210526316,100.0,1.0,1
line_34_594,samples\line_34_594.npz,faulted,line,34,24,29,94.73684210526316,100.0,1.0,1
line_35_595,samples\line_35_595.npz,faulted,line,35,29,30,96.49122807017544,100.0,1.0,1
line_36_596,samples\line_36_596.npz,faulted,line,36,30,31,94.73684210526316,100.0,1.0,1
line_37_597,samples\line_37_597.npz,faulted,line,37,31,32,94.73684210526316,100.0,1.0,2
line_38_598,samples\line_38_598.npz,faulted,line,38,33,34,96.49122807017544,100.0,1.0,1
line_39_599,samples\line_39_599.npz,faulted,line,39,34,35,96.49122807017544,100.0,1.0,1
line_40_600,samples\line_40_600.npz,faulted,line,40,35,36,96.49122807017544,100.0,1.0,1
line_41_601,samples\line_41_601.npz,faulted,line,41,36,37,96.49122807017544,100.0,1.0,1
line_42_602,samples\line_42_602.npz,faulted,line,42,36,38,94.73684210526316,100.0,1.0,1
line_43_603,samples\line_43_603.npz,faulted,line,43,35,39,96.49122807017544,100.0,1.0,1
line_44_604,samples\line_44_604.npz,faulted,line,44,21,37,94.73684210526316,100.0,2.0,1
line_45_605,samples\line_45_605.npz,faulted,line,45,40,41,96.49122807017544,100.0,1.0,1
line_46_606,samples\line_46_606.npz,faulted,line,46,40,42,96.49122807017544,100.0,1.0,1
line_47_607,samples\line_47_607.npz,faulted,line,47,37,43,94.73684210526316,100.0,1.0,2
line_48_608,samples\line_48_608.npz,faulted,line,48,45,46,94.73684210526316,100.0,2.0,1
line_49_609,samples\line_49_609.npz,faulted,line,49,46,47,96.49122807017544,100.0,1.0,1
line_50_610,samples\line_50_610.npz,faulted,line,50,47,48,96.49122807017544,100.0,1.0,1
line_51_611,samples\line_51_611.npz,faulted,line,51,48,49,96.49122807017544,100.0,1.0,2
line_52_612,samples\line_52_612.npz,faulted,line,52,49,50,94.73684210526316,100.0,2.0,2
line_53_613,samples\line_53_613.npz,faulted,line,53,28,51,96.49122807017544,100.0,1.0,1
line_54_614,samples\line_54_614.npz,faulted,line,54,51,52,96.49122807017544,100.0,1.0,1
line_55_615,samples\line_55_615.npz,faulted,line,55,52,53,94.73684210526316,100.0,2.0,1
line_56_616,samples\line_56_616.npz,faulted,line,56,53,54,96.49122807017544,100.0,1.0,1
line_57_617,samples\line_57_617.npz,faulted,line,57,43,44,96.49122807017544,100.0,1.0,2
line_58_618,samples\line_58_618.npz,faulted,line,58,55,40,96.49122807017544,100.0,1.0,1
line_59_619,samples\line_59_619.npz,faulted,line,59,55,41,94.73684210526316,100.0,0.0,1
line_60_620,samples\line_60_620.npz,faulted,line,60,56,55,94.73684210526316,100.0,0.0,1
line_61_621,samples\line_61_621.npz,faulted,line,61,37,48,96.49122807017544,100.0,1.0,1
line_62_622,samples\line_62_622.npz,faulted,line,62,37,47,94.73684210526316,100.0,2.0,1
trafo_0_623,samples\trafo_0_623.npz,faulted,trafo,0,17,3,96.49122807017544,100.0,1.0,1
trafo_1_624,samples\trafo_1_624.npz,faulted,trafo,1,17,3,96.49122807017544,100.0,1.0,1
trafo_2_625,samples\trafo_2_625.npz,faulted,trafo,2,19,20,94.73684210526316,100.0,2.0,1
trafo_3_626,samples\trafo_3_626.npz,faulted,trafo,3,24,23,96.49122807017544,100.0,1.0,1
trafo_4_627,samples\trafo_4_627.npz,faulted,trafo,4,24,23,96.49122807017544,100.0,1.0,1
trafo_5_628,samples\trafo_5_628.npz,faulted,trafo,5,25,23,96.49122807017544,100.0,1.0,1
trafo_6_629,samples\trafo_6_629.npz,faulted,trafo,6,28,6,94.73684210526316,100.0,1.0,1
trafo_7_630,samples\trafo_7_630.npz,faulted,trafo,7,31,33,96.49122807017544,100.0,1.0,1
trafo_8_631,samples\trafo_8_631.npz,faulted,trafo,8,40,10,96.49122807017544,100.0,1.0,1
trafo_9_632,samples\trafo_9_632.npz,faulted,trafo,9,44,14,96.49122807017544,100.0,1.0,1
trafo_10_633,samples\trafo_10_633.npz,faulted,trafo,10,45,13,96.49122807017544,100.0,2.0,1
trafo_11_634,samples\trafo_11_634.npz,faulted,trafo,11,50,9,96.49122807017544,100.0,1.0,1
trafo_12_635,samples\trafo_12_635.npz,faulted,trafo,12,48,12,96.49122807017544,100.0,1.0,1
trafo_13_636,samples\trafo_13_636.npz,faulted,trafo,13,42,10,94.73684210526316,100.0,1.0,1
trafo_14_637,samples\trafo_14_637.npz,faulted,trafo,14,55,39,94.73684210526316,100.0,0.0,1
trafo_15_638,samples\trafo_15_638.npz,faulted,trafo,15,56,38,96.49122807017544,100.0,1.0,1
trafo_16_639,samples\trafo_16_639.npz,faulted,trafo,16,54,8,94.73684210526316,100.0,1.0,1
line_0_640,samples\line_0_640.npz,faulted,line,0,0,1,92.98245614035088,100.0,1.0,1
line_1_641,samples\line_1_641.npz,faulted,line,1,1,2,94.73684210526316,100.0,1.0,1
line_2_642,samples\line_2_642.npz,faulted,line,2,2,3,94.73684210526316,100.0,0.0,1
line_3_643,samples\line_3_643.npz,faulted,line,3,3,4,94.73684210526316,100.0,1.0,1
line_4_644,samples\line_4_644.npz,faulted,line,4,3,5,92.98245614035088,100.0,1.0,1
line_5_645,samples\line_5_645.npz,faulted,line,5,5,6,94.73684210526316,100.0,1.0,1
line_6_646,samples\line_6_646.npz,faulted,line,6,5,7,94.73684210526316,100.0,1.0,1
line_7_647,samples\line_7_647.npz,faulted,line,7,7,8,92.98245614035088,100.0,1.0,1
line_8_648,samples\line_8_648.npz,faulted,line,8,8,9,92.98245614035088,100.0,1.0,1
line_9_649,samples\line_9_649.npz,faulted,line,9,8,10,94.73684210526316,100.0,1.0,1
line_10_650,samples\line_10_650.npz,faulted,line,10,8,11,92.98245614035088,100.0,1.0,1
line_11_651,samples\line_11_651.npz,faulted,line,11,8,12,94.73684210526316,100.0,0.0,1
line_12_652,samples\line_12_652.npz,faulted,line,12,12,13,94.73684210526316,100.0,1.0,1
line_13_653,samples\line_13_653.npz,faulted,line,13,12,14,94.73684210526316,100.0,1.0,1
line_14_654,samples\line_14_654.npz,faulted,line,14,0,14,94.73684210526316,100.0,1.0,1
line_15_655,samples\line_15_655.npz,faulted,line,15,0,15,92.98245614035088,100.0,1.0,2
line_16_656,samples\line_16_656.npz,faulted,line,16,0,16,92.98245614035088,100.0,1.0,1
line_17_657,samples\line_17_657.npz,faulted,line,17,2,14,94.73684210526316,100.0,1.0,1
line_18_658,samples\line_18_658.npz,faulted,line,18,4,5,94.73684210526316,100.0,1.0,2
line_19_659,samples\line_19_659.npz,faulted,line,19,6,7,94.73684210526316,100.0,1.0,1
line_20_660,samples\line_20_660.npz,faulted,line,20,9,11,94.73684210526316,100.0,1.0,1
line_21_661,samples\line_21_661.npz,faulted,line,21,10,12,94.73684210526316,100.0,1.0,1
line_22_662,samples\line_22_662.npz,faulted,line,22,11,12,94.73684210526316,100.0,1.0,1
line_23_663,samples\line_23_663.npz,faulted,line,23,11,15,94.73684210526316,100.0,1.0,1
line_24_664,samples\line_24_664.npz,faulted,line,24,11,16,94.73684210526316,100.0,1.0,1
line_25_665,samples\line_25_665.npz,faulted,line,25,13,14,92.98245614035088,100.0,2.0,1
line_26_666,samples\line_26_666.npz,faulted,line,26,17,18,94.73684210526316,100.0,1.0,1
line_27_667,samples\line_27_667.npz,faulted,line,27,18,19,92.98245614035088,100.0,2.0,1
line_28_668,samples\line_28_668.npz,faulted,line,28,20,21,94.73684210526316,100.0,1.0,1
line_29_669,samples\line_29_669.npz,faulted,line,29,21,22,94.73684210526316,100.0,1.0,1
line_30_670,samples\line_30_670.npz,faulted,line,30,22,23,92.98245614035088,100.0,2.0,1
line_31_671,samples\line_31_671.npz,faulted,line,31,25,26,92.98245614035088,100.0,1.0,1
line_32_672,samples\line_32_672.npz,faulted,line,32,26,27,94.73684210526316,100.0,1.0,1
line_33_673,samples\line_33_673.npz,faulted,line,33,27,28,92.98245614035088,100.0,1.0,1
line_34_674,samples\line_34_674.npz,faulted,line,34,24,29,92.98245614035088,100.0,1.0,1
line_35_675,samples\line_35_675.npz,faulted,line,35,29,30,94.73684210526316,100.0,1.0,1
line_36_676,samples\line_36_676.npz,faulted,line,36,30,31,92.98245614035088,100.0,1.0,1
line_37_677,samples\line_37_677.npz,faulted,line,37,31,32,92.98245614035088,100.0,2.0,2
line_38_678,samples\line_38_678.npz,faulted,line,38,33,34,94.73684210526316,100.0,1.0,1
line_39_679,samples\line_39_679.npz,faulted,line,39,34,35,94.73684210526316,100.0,2.0,1
line_40_680,samples\line_40_680.npz,faulted,line,40,35,36,94.73684210526316,100.0,1.0,1
line_41_681,samples\line_41_681.npz,faulted,line,41,36,37,94.73684210526316,100.0,1.0,1
line_42_682,samples\line_42_682.npz,faulted,line,42,36,38,92.98245614035088,100.0,1.0,1
line_43_683,samples\line_43_683.npz,faulted,line,43,35,39,94.73684210526316,100.0,2.0,2
line_44_684,samples\line_44_684.npz,faulted,line,44,21,37,92.98245614035088,100.0,2.0,1
line_45_685,samples\line_45_685.npz,faulted,line,45,40,41,94.73684210526316,100.0,2.0,1
line_46_686,samples\line_46_686.npz,faulted,line,46,40,42,94.73684210526316,100.0,2.0,1
line_47_687,samples\line_47_687.npz,faulted,line,47,37,43,92.98245614035088,100.0,2.0,1
line_48_688,samples\line_48_688.npz,faulted,line,48,45,46,92.98245614035088,100.0,2.0,2
line_49_689,samples\line_49_689.npz,faulted,line,49,46,47,94.73684210526316,100.0,1.0,2
line_50_690,samples\line_50_690.npz,faulted,line,50,47,48,94.73684210526316,100.0,1.0,1
line_51_691,samples\line_51_691.npz,faulted,line,51,48,49,94.73684210526316,100.0,1.0,2
line_52_692,samples\line_52_692.npz,faulted,line,52,49,50,92.98245614035088,100.0,2.0,2
line_53_693,samples\line_53_693.npz,faulted,line,53,28,51,94.73684210526316,100.0,0.0,2
line_54_694,samples\line_54_694.npz,faulted,line,54,51,52,94.73684210526316,100.0,1.0,2
line_55_695,samples\line_55_695.npz,faulted,line,55,52,53,94.73684210526316,100.0,1.0,1
line_56_696,samples\line_56_696.npz,faulted,line,56,53,54,94.73684210526316,100.0,1.0,2
line_57_697,samples\line_57_697.npz,faulted,line,57,43,44,94.73684210526316,100.0,1.0,1
line_58_698,samples\line_58_698.npz,faulted,line,58,55,40,94.73684210526316,100.0,1.0,1
line_59_699,samples\line_59_699.npz,faulted,line,59,55,41,92.98245614035088,100.0,1.0,1
line_60_700,samples\line_60_700.npz,faulted,line,60,56,55,92.98245614035088,100.0,1.0,1
line_61_701,samples\line_61_701.npz,faulted,line,61,37,48,94.73684210526316,100.0,1.0,1
line_62_702,samples\line_62_702.npz,faulted,line,62,37,47,92.98245614035088,100.0,1.0,1
trafo_0_703,samples\trafo_0_703.npz,faulted,trafo,0,17,3,94.73684210526316,100.0,1.0,1
trafo_1_704,samples\trafo_1_704.npz,faulted,trafo,1,17,3,94.73684210526316,100.0,1.0,1
trafo_2_705,samples\trafo_2_705.npz,faulted,trafo,2,19,20,92.98245614035088,100.0,2.0,1
trafo_3_706,samples\trafo_3_706.npz,faulted,trafo,3,24,23,94.73684210526316,100.0,1.0,1
trafo_4_707,samples\trafo_4_707.npz,faulted,trafo,4,24,23,94.73684210526316,100.0,1.0,1
trafo_5_708,samples\trafo_5_708.npz,faulted,trafo,5,25,23,94.73684210526316,100.0,1.0,1
trafo_6_709,samples\trafo_6_709.npz,faulted,trafo,6,28,6,92.98245614035088,100.0,0.0,1
trafo_7_710,samples\trafo_7_710.npz,faulted,trafo,7,31,33,94.73684210526316,100.0,2.0,1
trafo_8_711,samples\trafo_8_711.npz,faulted,trafo,8,40,10,94.73684210526316,100.0,1.0,1
trafo_9_712,samples\trafo_9_712.npz,faulted,trafo,9,44,14,92.98245614035088,100.0,2.0,1
trafo_10_713,samples\trafo_10_713.npz,faulted,trafo,10,45,13,94.73684210526316,100.0,1.0,1
trafo_11_714,samples\trafo_11_714.npz,faulted,trafo,11,50,9,94.73684210526316,100.0,1.0,1
trafo_12_715,samples\trafo_12_715.npz,faulted,trafo,12,48,12,94.73684210526316,100.0,1.0,1
trafo_13_716,samples\trafo_13_716.npz,faulted,trafo,13,42,10,92.98245614035088,100.0,1.0,1
trafo_14_717,samples\trafo_14_717.npz,faulted,trafo,14,55,39,94.73684210526316,100.0,1.0,1
trafo_15_718,samples\trafo_15_718.npz,faulted,trafo,15,56,38,94.73684210526316,100.0,2.0,1
trafo_16_719,samples\trafo_16_719.npz,faulted,trafo,16,54,8,92.98245614035088,100.0,1.0,2
line_0_720,samples\line_0_720.npz,faulted,line,0,0,1,92.98245614035088,100.0,2.0,1
line_1_721,samples\line_1_721.npz,faulted,line,1,1,2,94.73684210526316,100.0,1.0,1
line_2_722,samples\line_2_722.npz,faulted,line,2,2,3,94.73684210526316,100.0,2.0,1
line_3_723,samples\line_3_723.npz,faulted,line,3,3,4,92.98245614035088,100.0,2.0,1
line_4_724,samples\line_4_724.npz,faulted,line,4,3,5,92.98245614035088,100.0,2.0,1
line_5_725,samples\line_5_725.npz,faulted,line,5,5,6,94.73684210526316,100.0,1.0,1
line_6_726,samples\line_6_726.npz,faulted,line,6,5,7,94.73684210526316,100.0,1.0,1
line_7_727,samples\line_7_727.npz,faulted,line,7,7,8,92.98245614035088,100.0,3.0,1
line_8_728,samples\line_8_728.npz,faulted,line,8,8,9,92.98245614035088,100.0,3.0,1
line_9_729,samples\line_9_729.npz,faulted,line,9,8,10,94.73684210526316,100.0,2.0,1
line_10_730,samples\line_10_730.npz,faulted,line,10,8,11,92.98245614035088,100.0,2.0,1
line_11_731,samples\line_11_731.npz,faulted,line,11,8,12,94.73684210526316,100.0,2.0,1
line_12_732,samples\line_12_732.npz,faulted,line,12,12,13,94.73684210526316,100.0,1.0,1
line_13_733,samples\line_13_733.npz,faulted,line,13,12,14,94.73684210526316,100.0,1.0,1
line_14_734,samples\line_14_734.npz,faulted,line,14,0,14,94.73684210526316,100.0,2.0,1
line_15_735,samples\line_15_735.npz,faulted,line,15,0,15,92.98245614035088,100.0,2.0,1
line_16_736,samples\line_16_736.npz,faulted,line,16,0,16,92.98245614035088,100.0,2.0,1
line_17_737,samples\line_17_737.npz,faulted,line,17,2,14,94.73684210526316,100.0,1.0,1
line_18_738,samples\line_18_738.npz,faulted,line,18,4,5,94.73684210526316,100.0,1.0,1
line_19_739,samples\line_19_739.npz,faulted,line,19,6,7,94.73684210526316,100.0,1.0,1
line_20_740,samples\line_20_740.npz,faulted,line,20,9,11,94.73684210526316,100.0,1.0,1
line_21_741,samples\line_21_741.npz,faulted,line,21,10,12,94.73684210526316,100.0,1.0,1
line_22_742,samples\line_22_742.npz,faulted,line,22,11,12,94.73684210526316,100.0,1.0,1
line_23_743,samples\line_23_743.npz,faulted,line,23,11,15,94.73684210526316,100.0,1.0,1
line_24_744,samples\line_24_744.npz,faulted,line,24,11,16,94.73684210526316,100.0,1.0,1
line_25_745,samples\line_25_745.npz,faulted,line,25,13,14,94.73684210526316,100.0,1.0,1
line_26_746,samples\line_26_746.npz,faulted,line,26,17,18,94.73684210526316,100.0,1.0,2
line_27_747,samples\line_27_747.npz,faulted,line,27,18,19,94.73684210526316,100.0,1.0,1
line_28_748,samples\line_28_748.npz,faulted,line,28,20,21,94.73684210526316,100.0,1.0,2
line_29_749,samples\line_29_749.npz,faulted,line,29,21,22,94.73684210526316,100.0,1.0,1
line_30_750,samples\line_30_750.npz,faulted,line,30,22,23,92.98245614035088,100.0,2.0,1
line_31_751,samples\line_31_751.npz,faulted,line,31,25,26,92.98245614035088,100.0,1.0,1
line_32_752,samples\line_32_752.npz,faulted,line,32,26,27,94.73684210526316,100.0,1.0,1
line_33_753,samples\line_33_753.npz,faulted,line,33,27,28,92.98245614035088,100.0,1.0,1
line_34_754,samples\line_34_754.npz,faulted,line,34,24,29,92.98245614035088,100.0,1.0,2
line_35_755,samples\line_35_755.npz,faulted,line,35,29,30,94.73684210526316,100.0,2.0,2
line_36_756,samples\line_36_756.npz,faulted,line,36,30,31,94.73684210526316,100.0,1.0,1
line_37_757,samples\line_37_757.npz,faulted,line,37,31,32,92.98245614035088,100.0,1.0,2
line_38_758,samples\line_38_758.npz,faulted,line,38,33,34,94.73684210526316,100.0,1.0,2
line_39_759,samples\line_39_759.npz,faulted,line,39,34,35,94.73684210526316,100.0,1.0,2
line_40_760,samples\line_40_760.npz,faulted,line,40,35,36,94.73684210526316,100.0,1.0,1
line_41_761,samples\line_41_761.npz,faulted,line,41,36,37,94.73684210526316,100.0,1.0,1
line_42_762,samples\line_42_762.npz,faulted,line,42,36,38,92.98245614035088,100.0,1.0,1
line_43_763,samples\line_43_763.npz,faulted,line,43,35,39,94.73684210526316,100.0,1.0,1
line_44_764,samples\line_44_764.npz,faulted,line,44,21,37,92.98245614035088,100.0,1.0,1
line_45_765,samples\line_45_765.npz,faulted,line,45,40,41,94.73684210526316,100.0,1.0,1
line_46_766,samples\line_46_766.npz,faulted,line,46,40,42,94.73684210526316,100.0,1.0,1
line_47_767,samples\line_47_767.npz,faulted,line,47,37,43,92.98245614035088,100.0,1.0,2
line_48_768,samples\line_48_768.npz,faulted,line,48,45,46,92.98245614035088,100.0,2.0,1
line_49_769,samples\line_49_769.npz,faulted,line,49,46,47,94.73684210526316,100.0,1.0,1
line_50_770,samples\line_50_770.npz,faulted,line,50,47,48,94.73684210526316,100.0,1.0,1
line_51_771,samples\line_51_771.npz,faulted,line,51,48,49,94.73684210526316,100.0,1.0,2
line_52_772,samples\line_52_772.npz,faulted,line,52,49,50,92.98245614035088,100.0,2.0,2
line_53_773,samples\line_53_773.npz,faulted,line,53,28,51,94.73684210526316,100.0,1.0,1
line_54_774,samples\line_54_774.npz,faulted,line,54,51,52,94.73684210526316,100.0,1.0,1
line_55_775,samples\line_55_775.npz,faulted,line,55,52,53,92.98245614035088,100.0,2.0,1
line_56_776,samples\line_56_776.npz,faulted,line,56,53,54,94.73684210526316,100.0,1.0,1
line_57_777,samples\line_57_777.npz,faulted,line,57,43,44,94.73684210526316,100.0,1.0,2
line_58_778,samples\line_58_778.npz,faulted,line,58,55,40,94.73684210526316,100.0,1.0,1
line_59_779,samples\line_59_779.npz,faulted,line,59,55,41,92.98245614035088,100.0,0.0,1
line_60_780,samples\line_60_780.npz,faulted,line,60,56,55,92.98245614035088,100.0,0.0,1
line_61_781,samples\line_61_781.npz,faulted,line,61,37,48,94.73684210526316,100.0,1.0,1
line_62_782,samples\line_62_782.npz,faulted,line,62,37,47,92.98245614035088,100.0,2.0,1
trafo_0_783,samples\trafo_0_783.npz,faulted,trafo,0,17,3,94.73684210526316,100.0,1.0,1
trafo_1_784,samples\trafo_1_784.npz,faulted,trafo,1,17,3,94.73684210526316,100.0,1.0,1
trafo_2_785,samples\trafo_2_785.npz,faulted,trafo,2,19,20,92.98245614035088,100.0,2.0,2
trafo_3_786,samples\trafo_3_786.npz,faulted,trafo,3,24,23,94.73684210526316,100.0,1.0,1
trafo_4_787,samples\trafo_4_787.npz,faulted,trafo,4,24,23,94.73684210526316,100.0,1.0,1
trafo_5_788,samples\trafo_5_788.npz,faulted,trafo,5,25,23,94.73684210526316,100.0,1.0,1
trafo_6_789,samples\trafo_6_789.npz,faulted,trafo,6,28,6,92.98245614035088,100.0,1.0,1
trafo_7_790,samples\trafo_7_790.npz,faulted,trafo,7,31,33,94.73684210526316,100.0,1.0,2
trafo_8_791,samples\trafo_8_791.npz,faulted,trafo,8,40,10,94.73684210526316,100.0,1.0,1
trafo_9_792,samples\trafo_9_792.npz,faulted,trafo,9,44,14,94.73684210526316,100.0,1.0,1
trafo_10_793,samples\trafo_10_793.npz,faulted,trafo,10,45,13,94.73684210526316,100.0,2.0,1
trafo_11_794,samples\trafo_11_794.npz,faulted,trafo,11,50,9,94.73684210526316,100.0,1.0,1
trafo_12_795,samples\trafo_12_795.npz,faulted,trafo,12,48,12,94.73684210526316,100.0,1.0,1
trafo_13_796,samples\trafo_13_796.npz,faulted,trafo,13,42,10,92.98245614035088,100.0,1.0,1
trafo_14_797,samples\trafo_14_797.npz,faulted,trafo,14,55,39,92.98245614035088,100.0,0.0,1
trafo_15_798,samples\trafo_15_798.npz,faulted,trafo,15,56,38,94.73684210526316,100.0,1.0,1
trafo_16_799,samples\trafo_16_799.npz,faulted,trafo,16,54,8,92.98245614035088,100.0,2.0,1
line_0_800,samples\line_0_800.npz,faulted,line,0,0,1,96.49122807017544,100.0,1.0,2
line_1_801,samples\line_1_801.npz,faulted,line,1,1,2,98.24561403508773,100.0,0.0,2
line_2_802,samples\line_2_802.npz,faulted,line,2,2,3,98.24561403508773,100.0,0.0,2
line_3_803,samples\line_3_803.npz,faulted,line,3,3,4,96.49122807017544,100.0,1.0,2
line_4_804,samples\line_4_804.npz,faulted,line,4,3,5,96.49122807017544,100.0,1.0,2
line_5_805,samples\line_5_805.npz,faulted,line,5,5,6,98.24561403508773,100.0,0.0,2
line_6_806,samples\line_6_806.npz,faulted,line,6,5,7,98.24561403508773,100.0,0.0,2
line_7_807,samples\line_7_807.npz,faulted,line,7,7,8,96.49122807017544,100.0,1.0,2
line_8_808,samples\line_8_808.npz,faulted,line,8,8,9,96.49122807017544,100.0,1.0,2
line_9_809,samples\line_9_809.npz,faulted,line,9,8,10,98.24561403508773,100.0,1.0,2
line_10_810,samples\line_10_810.npz,faulted,line,10,8,11,96.49122807017544,100.0,1.0,2
line_11_811,samples\line_11_811.npz,faulted,line,11,8,12,98.24561403508773,100.0,0.0,2
line_12_812,samples\line_12_812.npz,faulted,line,12,12,13,98.24561403508773,100.0,0.0,2
line_13_813,samples\line_13_813.npz,faulted,line,13,12,14,98.24561403508773,100.0,0.0,2
line_14_814,samples\line_14_814.npz,faulted,line,14,0,14,98.24561403508773,100.0,1.0,2
line_15_815,samples\line_15_815.npz,faulted,line,15,0,15,96.49122807017544,100.0,1.0,2
line_16_816,samples\line_16_816.npz,faulted,line,16,0,16,96.49122807017544,100.0,1.0,2
line_17_817,samples\line_17_817.npz,faulted,line,17,2,14,98.24561403508773,100.0,0.0,2
line_18_818,samples\line_18_818.npz,faulted,line,18,4,5,98.24561403508773,100.0,0.0,2
line_19_819,samples\line_19_819.npz,faulted,line,19,6,7,98.24561403508773,100.0,0.0,2
line_20_820,samples\line_20_820.npz,faulted,line,20,9,11,98.24561403508773,100.0,0.0,2
line_21_821,samples\line_21_821.npz,faulted,line,21,10,12,98.24561403508773,100.0,0.0,2
line_22_822,samples\line_22_822.npz,faulted,line,22,11,12,98.24561403508773,100.0,0.0,2
line_23_823,samples\line_23_823.npz,faulted,line,23,11,15,98.24561403508773,100.0,0.0,2
line_24_824,samples\line_24_824.npz,faulted,line,24,11,16,98.24561403508773,100.0,0.0,2
line_25_825,samples\line_25_825.npz,faulted,line,25,13,14,98.24561403508773,100.0,0.0,2
line_26_826,samples\line_26_826.npz,faulted,line,26,17,18,98.24561403508773,100.0,0.0,2
line_27_827,samples\line_27_827.npz,faulted,line,27,18,19,96.49122807017544,100.0,1.0,2
line_28_828,samples\line_28_828.npz,faulted,line,28,20,21,98.24561403508773,100.0,0.0,2
line_29_829,samples\line_29_829.npz,faulted,line,29,21,22,98.24561403508773,100.0,0.0,2
line_30_830,samples\line_30_830.npz,faulted,line,30,22,23,96.49122807017544,100.0,1.0,2
line_31_831,samples\line_31_831.npz,faulted,line,31,25,26,96.49122807017544,100.0,0.0,2
line_32_832,samples\line_32_832.npz,faulted,line,32,26,27,98.24561403508773,100.0,0.0,2
line_33_833,samples\line_33_833.npz,faulted,line,33,27,28,96.49122807017544,100.0,0.0,2
line_34_834,samples\line_34_834.npz,faulted,line,34,24,29,96.49122807017544,100.0,0.0,2
line_35_835,samples\line_35_835.npz,faulted,line,35,29,30,98.24561403508773,100.0,1.0,2
line_36_836,samples\line_36_836.npz,faulted,line,36,30,31,96.49122807017544,100.0,0.0,2
line_37_837,samples\line_37_837.npz,faulted,line,37,31,32,98.24561403508773,100.0,0.0,2
line_38_838,samples\line_38_838.npz,faulted,line,38,33,34,98.24561403508773,100.0,1.0,2
line_39_839,samples\line_39_839.npz,faulted,line,39,34,35,98.24561403508773,100.0,0.0,2
line_40_840,samples\line_40_840.npz,faulted,line,40,35,36,98.24561403508773,100.0,0.0,2
line_41_841,samples\line_41_841.npz,faulted,line,41,36,37,98.24561403508773,100.0,0.0,2
line_42_842,samples\line_42_842.npz,faulted,line,42,36,38,96.49122807017544,100.0,0.0,2
line_43_843,samples\line_43_843.npz,faulted,line,43,35,39,98.24561403508773,100.0,0.0,2
line_44_844,samples\line_44_844.npz,faulted,line,44,21,37,96.49122807017544,100.0,1.0,2
line_45_845,samples\line_45_845.npz,faulted,line,45,40,41,98.24561403508773,100.0,0.0,2
line_46_846,samples\line_46_846.npz,faulted,line,46,40,42,98.24561403508773,100.0,0.0,2
line_47_847,samples\line_47_847.npz,faulted,line,47,37,43,96.49122807017544,100.0,0.0,2
line_48_848,samples\line_48_848.npz,faulted,line,48,45,46,96.49122807017544,100.0,1.0,2
line_49_849,samples\line_49_849.npz,faulted,line,49,46,47,98.24561403508773,100.0,0.0,2
line_50_850,samples\line_50_850.npz,faulted,line,50,47,48,98.24561403508773,100.0,0.0,2
line_51_851,samples\line_51_851.npz,faulted,line,51,48,49,98.24561403508773,100.0,0.0,2
line_52_852,samples\line_52_852.npz,faulted,line,52,49,50,96.49122807017544,100.0,1.0,2
line_53_853,samples\line_53_853.npz,faulted,line,53,28,51,98.24561403508773,100.0,0.0,2
line_54_854,samples\line_54_854.npz,faulted,line,54,51,52,98.24561403508773,100.0,0.0,2
line_55_855,samples\line_55_855.npz,faulted,line,55,52,53,96.49122807017544,100.0,1.0,2
line_56_856,samples\line_56_856.npz,faulted,line,56,53,54,98.24561403508773,100.0,0.0,2
line_57_857,samples\line_57_857.npz,faulted,line,57,43,44,98.24561403508773,100.0,0.0,2
line_58_858,samples\line_58_858.npz,faulted,line,58,55,40,98.24561403508773,100.0,0.0,2
line_59_859,samples\line_59_859.npz,faulted,line,59,55,41,96.49122807017544,100.0,0.0,2
line_60_860,samples\line_60_860.npz,faulted,line,60,56,55,96.49122807017544,100.0,0.0,2
line_61_861,samples\line_61_861.npz,faulted,line,61,37,48,98.24561403508773,100.0,0.0,2
line_62_862,samples\line_62_862.npz,faulted,line,62,37,47,96.49122807017544,100.0,1.0,2
trafo_0_863,samples\trafo_0_863.npz,faulted,trafo,0,17,3,98.24561403508773,100.0,0.0,2
trafo_1_864,samples\trafo_1_864.npz,faulted,trafo,1,17,3,96.49122807017544,100.0,1.0,2
trafo_2_865,samples\trafo_2_865.npz,faulted,trafo,2,19,20,96.49122807017544,100.0,1.0,2
trafo_3_866,samples\trafo_3_866.npz,faulted,trafo,3,24,23,98.24561403508773,100.0,0.0,2
trafo_4_867,samples\trafo_4_867.npz,faulted,trafo,4,24,23,98.24561403508773,100.0,0.0,2
trafo_5_868,samples\trafo_5_868.npz,faulted,trafo,5,25,23,98.24561403508773,100.0,0.0,2
trafo_6_869,samples\trafo_6_869.npz,faulted,trafo,6,28,6,96.49122807017544,100.0,0.0,2
trafo_7_870,samples\trafo_7_870.npz,faulted,trafo,7,31,33,98.24561403508773,100.0,0.0,2
trafo_8_871,samples\trafo_8_871.npz,faulted,trafo,8,40,10,96.49122807017544,100.0,0.0,2
trafo_9_872,samples\trafo_9_872.npz,faulted,trafo,9,44,14,96.49122807017544,100.0,0.0,2
trafo_10_873,samples\trafo_10_873.npz,faulted,trafo,10,45,13,98.24561403508773,100.0,0.0,2
trafo_11_874,samples\trafo_11_874.npz,faulted,trafo,11,50,9,98.24561403508773,100.0,0.0,2
trafo_12_875,samples\trafo_12_875.npz,faulted,trafo,12,48,12,98.24561403508773,100.0,0.0,2
trafo_13_876,samples\trafo_13_876.npz,faulted,trafo,13,42,10,96.49122807017544,100.0,0.0,2
trafo_14_877,samples\trafo_14_877.npz,faulted,trafo,14,55,39,96.49122807017544,100.0,0.0,2
trafo_15_878,samples\trafo_15_878.npz,faulted,trafo,15,56,38,98.24561403508773,100.0,0.0,2
trafo_16_879,samples\trafo_16_879.npz,faulted,trafo,16,54,8,96.49122807017544,100.0,1.0,2
line_0_880,samples\line_0_880.npz,faulted,line,0,0,1,96.49122807017544,100.0,2.0,1
line_1_881,samples\line_1_881.npz,faulted,line,1,1,2,98.24561403508773,100.0,1.0,1
line_2_882,samples\line_2_882.npz,faulted,line,2,2,3,98.24561403508773,100.0,1.0,1
line_3_883,samples\line_3_883.npz,faulted,line,3,3,4,96.49122807017544,100.0,1.0,1
line_4_884,samples\line_4_884.npz,faulted,line,4,3,5,96.49122807017544,100.0,1.0,1
line_5_885,samples\line_5_885.npz,faulted,line,5,5,6,98.24561403508773,100.0,1.0,1
line_6_886,samples\line_6_886.npz,faulted,line,6,5,7,98.24561403508773,100.0,1.0,1
line_7_887,samples\line_7_887.npz,faulted,line,7,7,8,98.24561403508773,100.0,1.0,1
line_8_888,samples\line_8_888.npz,faulted,line,8,8,9,96.49122807017544,100.0,1.0,1
line_9_889,samples\line_9_889.npz,faulted,line,9,8,10,98.24561403508773,100.0,1.0,1
line_10_890,samples\line_10_890.npz,faulted,line,10,8,11,96.49122807017544,100.0,1.0,1
line_11_891,samples\line_11_891.npz,faulted,line,11,8,12,98.24561403508773,100.0,0.0,1
line_12_892,samples\line_12_892.npz,faulted,line,12,12,13,98.24561403508773,100.0,1.0,1
line_13_893,samples\line_13_893.npz,faulted,line,13,12,14,98.24561403508773,100.0,1.0,1
line_14_894,samples\line_14_894.npz,faulted,line,14,0,14,98.24561403508773,100.0,1.0,1
line_15_895,samples\line_15_895.npz,faulted,line,15,0,15,96.49122807017544,100.0,2.0,1
line_16_896,samples\line_16_896.npz,faulted,line,16,0,16,96.49122807017544,100.0,2.0,1
line_17_897,samples\line_17_897.npz,faulted,line,17,2,14,98.24561403508773,100.0,1.0,1
line_18_898,samples\line_18_898.npz,faulted,line,18,4,5,98.24561403508773,100.0,1.0,1
line_19_899,samples\line_19_899.npz,faulted,line,19,6,7,98.24561403508773,100.0,1.0,1
line_20_900,samples\line_20_900.npz,faulted,line,20,9,11,98.24561403508773,100.0,1.0,1
line_21_901,samples\line_21_901.npz,faulted,line,21,10,12,98.24561403508773,100.0,1.0,1
line_22_902,samples\line_22_902.npz,faulted,line,22,11,12,98.24561403508773,100.0,1.0,1
line_23_903,samples\line_23_903.npz,faulted,line,23,11,15,98.24561403508773,100.0,1.0,1
line_24_904,samples\line_24_904.npz,faulted,line,24,11,16,98.24561403508773,100.0,1.0,1
line_25_905,samples\line_25_905.npz,faulted,line,25,13,14,98.24561403508773,100.0,1.0,1
line_26_906,samples\line_26_906.npz,faulted,line,26,17,18,98.24561403508773,100.0,1.0,1
line_27_907,samples\line_27_907.npz,faulted,line,27,18,19,96.49122807017544,100.0,2.0,1
line_28_908,samples\line_28_908.npz,faulted,line,28,20,21,98.24561403508773,100.0,1.0,1
line_29_909,samples\line_29_909.npz,faulted,line,29,21,22,98.24561403508773,100.0,1.0,1
line_30_910,samples\line_30_910.npz,faulted,line,30,22,23,96.49122807017544,100.0,2.0,1
line_31_911,samples\line_31_911.npz,faulted,line,31,25,26,96.49122807017544,100.0,1.0,1
line_32_912,samples\line_32_912.npz,faulted,line,32,26,27,98.24561403508773,100.0,1.0,1
line_33_913,samples\line_33_913.npz,faulted,line,33,27,28,96.49122807017544,100.0,1.0,1
line_34_914,samples\line_34_914.npz,faulted,line,34,24,29,96.49122807017544,100.0,1.0,1
line_35_915,samples\line_35_915.npz,faulted,line,35,29,30,98.24561403508773,100.0,1.0,1
line_36_916,samples\line_36_916.npz,faulted,line,36,30,31,96.49122807017544,100.0,1.0,1
line_37_917,samples\line_37_917.npz,faulted,line,37,31,32,96.49122807017544,100.0,1.0,2
line_38_918,samples\line_38_918.npz,faulted,line,38,33,34,98.24561403508773,100.0,1.0,1
line_39_919,samples\line_39_919.npz,faulted,line,39,34,35,98.24561403508773,100.0,1.0,1
line_40_920,samples\line_40_920.npz,faulted,line,40,35,36,98.24561403508773,100.0,1.0,1
line_41_921,samples\line_41_921.npz,faulted,line,41,36,37,98.24561403508773,100.0,1.0,1
line_42_922,samples\line_42_922.npz,faulted,line,42,36,38,96.49122807017544,100.0,1.0,1
line_43_923,samples\line_43_923.npz,faulted,line,43,35,39,98.24561403508773,100.0,1.0,1
line_44_924,samples\line_44_924.npz,faulted,line,44,21,37,96.49122807017544,100.0,1.0,1
line_45_925,samples\line_45_925.npz,faulted,line,45,40,41,98.24561403508773,100.0,1.0,1
line_46_926,samples\line_46_926.npz,faulted,line,46,40,42,98.24561403508773,100.0,1.0,1
line_47_927,samples\line_47_927.npz,faulted,line,47,37,43,96.49122807017544,100.0,1.0,1
line_48_928,samples\line_48_928.npz,faulted,line,48,45,46,96.49122807017544,100.0,2.0,1
line_49_929,samples\line_49_929.npz,faulted,line,49,46,47,98.24561403508773,100.0,1.0,1
line_50_930,samples\line_50_930.npz,faulted,line,50,47,48,98.24561403508773,100.0,1.0,1
line_51_931,samples\line_51_931.npz,faulted,line,51,48,49,98.24561403508773,100.0,1.0,1
line_52_932,samples\line_52_932.npz,faulted,line,52,49,50,96.49122807017544,100.0,2.0,1
line_53_933,samples\line_53_933.npz,faulted,line,53,28,51,98.24561403508773,100.0,1.0,1
line_54_934,samples\line_54_934.npz,faulted,line,54,51,52,98.24561403508773,100.0,1.0,1
line_55_935,samples\line_55_935.npz,faulted,line,55,52,53,96.49122807017544,100.0,2.0,1
line_56_936,samples\line_56_936.npz,faulted,line,56,53,54,98.24561403508773,100.0,2.0,1
line_57_937,samples\line_57_937.npz,faulted,line,57,43,44,98.24561403508773,100.0,1.0,1
line_58_938,samples\line_58_938.npz,faulted,line,58,55,40,98.24561403508773,100.0,1.0,1
line_59_939,samples\line_59_939.npz,faulted,line,59,55,41,96.49122807017544,100.0,0.0,1
line_60_940,samples\line_60_940.npz,faulted,line,60,56,55,96.49122807017544,100.0,0.0,1
line_61_941,samples\line_61_941.npz,faulted,line,61,37,48,98.24561403508773,100.0,1.0,1
line_62_942,samples\line_62_942.npz,faulted,line,62,37,47,96.49122807017544,100.0,1.0,1
trafo_0_943,samples\trafo_0_943.npz,faulted,trafo,0,17,3,98.24561403508773,100.0,1.0,1
trafo_1_944,samples\trafo_1_944.npz,faulted,trafo,1,17,3,98.24561403508773,100.0,1.0,1
trafo_2_945,samples\trafo_2_945.npz,faulted,trafo,2,19,20,96.49122807017544,100.0,2.0,1
trafo_3_946,samples\trafo_3_946.npz,faulted,trafo,3,24,23,98.24561403508773,100.0,1.0,1
trafo_4_947,samples\trafo_4_947.npz,faulted,trafo,4,24,23,98.24561403508773,100.0,1.0,1
trafo_5_948,samples\trafo_5_948.npz,faulted,trafo,5,25,23,98.24561403508773,100.0,1.0,1
trafo_6_949,samples\trafo_6_949.npz,faulted,trafo,6,28,6,96.49122807017544,100.0,1.0,1
trafo_7_950,samples\trafo_7_950.npz,faulted,trafo,7,31,33,98.24561403508773,100.0,1.0,1
trafo_8_951,samples\trafo_8_951.npz,faulted,trafo,8,40,10,98.24561403508773,100.0,1.0,1
trafo_9_952,samples\trafo_9_952.npz,faulted,trafo,9,44,14,96.49122807017544,100.0,1.0,1
trafo_10_953,samples\trafo_10_953.npz,faulted,trafo,10,45,13,98.24561403508773,100.0,1.0,1
trafo_11_954,samples\trafo_11_954.npz,faulted,trafo,11,50,9,98.24561403508773,100.0,2.0,1
trafo_12_955,samples\trafo_12_955.npz,faulted,trafo,12,48,12,98.24561403508773,100.0,1.0,1
trafo_13_956,samples\trafo_13_956.npz,faulted,trafo,13,42,10,96.49122807017544,100.0,1.0,1
trafo_14_957,samples\trafo_14_957.npz,faulted,trafo,14,55,39,96.49122807017544,100.0,0.0,1
trafo_15_958,samples\trafo_15_958.npz,faulted,trafo,15,56,38,98.24561403508773,100.0,1.0,1
trafo_16_959,samples\trafo_16_959.npz,faulted,trafo,16,54,8,96.49122807017544,100.0,1.0,1
line_0_960,samples\line_0_960.npz,faulted,line,0,0,1,98.24561403508773,100.0,2.0,1
line_1_961,samples\line_1_961.npz,faulted,line,1,1,2,100.0,100.0,1.0,1
line_2_962,samples\line_2_962.npz,faulted,line,2,2,3,100.0,100.0,1.0,1
line_3_963,samples\line_3_963.npz,faulted,line,3,3,4,98.24561403508773,100.0,1.0,1
line_4_964,samples\line_4_964.npz,faulted,line,4,3,5,98.24561403508773,100.0,1.0,1
line_5_965,samples\line_5_965.npz,faulted,line,5,5,6,100.0,100.0,1.0,1
line_6_966,samples\line_6_966.npz,faulted,line,6,5,7,100.0,100.0,1.0,1
line_7_967,samples\line_7_967.npz,faulted,line,7,7,8,98.24561403508773,100.0,1.0,1
line_8_968,samples\line_8_968.npz,faulted,line,8,8,9,98.24561403508773,100.0,1.0,1
line_9_969,samples\line_9_969.npz,faulted,line,9,8,10,100.0,100.0,1.0,1
line_10_970,samples\line_10_970.npz,faulted,line,10,8,11,98.24561403508773,100.0,1.0,1
line_11_971,samples\line_11_971.npz,faulted,line,11,8,12,100.0,100.0,1.0,1
line_12_972,samples\line_12_972.npz,faulted,line,12,12,13,100.0,100.0,0.0,1
line_13_973,samples\line_13_973.npz,faulted,line,13,12,14,100.0,100.0,0.0,1
line_14_974,samples\line_14_974.npz,faulted,line,14,0,14,100.0,100.0,1.0,1
line_15_975,samples\line_15_975.npz,faulted,line,15,0,15,98.24561403508773,100.0,2.0,1
line_16_976,samples\line_16_976.npz,faulted,line,16,0,16,98.24561403508773,100.0,2.0,1
line_17_977,samples\line_17_977.npz,faulted,line,17,2,14,100.0,100.0,1.0,1
line_18_978,samples\line_18_978.npz,faulted,line,18,4,5,100.0,100.0,1.0,1
line_19_979,samples\line_19_979.npz,faulted,line,19,6,7,100.0,100.0,1.0,1
line_20_980,samples\line_20_980.npz,faulted,line,20,9,11,100.0,100.0,1.0,1
line_21_981,samples\line_21_981.npz,faulted,line,21,10,12,100.0,100.0,0.0,1
line_22_982,samples\line_22_982.npz,faulted,line,22,11,12,100.0,100.0,0.0,1
line_23_983,samples\line_23_983.npz,faulted,line,23,11,15,100.0,100.0,1.0,1
line_24_984,samples\line_24_984.npz,faulted,line,24,11,16,100.0,100.0,1.0,1
line_25_985,samples\line_25_985.npz,faulted,line,25,13,14,100.0,100.0,1.0,1
line_26_986,samples\line_26_986.npz,faulted,line,26,17,18,100.0,100.0,1.0,1
line_27_987,samples\line_27_987.npz,faulted,line,27,18,19,98.24561403508773,100.0,2.0,1
line_28_988,samples\line_28_988.npz,faulted,line,28,20,21,100.0,100.0,1.0,1
line_29_989,samples\line_29_989.npz,faulted,line,29,21,22,100.0,100.0,1.0,1
line_30_990,samples\line_30_990.npz,faulted,line,30,22,23,98.24561403508773,100.0,2.0,1
line_31_991,samples\line_31_991.npz,faulted,line,31,25,26,98.24561403508773,100.0,1.0,1
line_32_992,samples\line_32_992.npz,faulted,line,32,26,27,100.0,100.0,1.0,1
line_33_993,samples\line_33_993.npz,faulted,line,33,27,28,98.24561403508773,100.0,1.0,1
line_34_994,samples\line_34_994.npz,faulted,line,34,24,29,98.24561403508773,100.0,1.0,1
line_35_995,samples\line_35_995.npz,faulted,line,35,29,30,100.0,100.0,1.0,1
line_36_996,samples\line_36_996.npz,faulted,line,36,30,31,98.24561403508773,100.0,1.0,1
line_37_997,samples\line_37_997.npz,faulted,line,37,31,32,98.24561403508773,100.0,1.0,2
line_38_998,samples\line_38_998.npz,faulted,line,38,33,34,100.0,100.0,1.0,1
line_39_999,samples\line_39_999.npz,faulted,line,39,34,35,98.24561403508773,100.0,2.0,1
line_40_1000,samples\line_40_1000.npz,faulted,line,40,35,36,100.0,100.0,1.0,1
line_41_1001,samples\line_41_1001.npz,faulted,line,41,36,37,100.0,100.0,1.0,1
line_42_1002,samples\line_42_1002.npz,faulted,line,42,36,38,98.24561403508773,100.0,1.0,1
line_43_1003,samples\line_43_1003.npz,faulted,line,43,35,39,100.0,100.0,1.0,1
line_44_1004,samples\line_44_1004.npz,faulted,line,44,21,37,98.24561403508773,100.0,2.0,1
line_45_1005,samples\line_45_1005.npz,faulted,line,45,40,41,100.0,100.0,1.0,1
line_46_1006,samples\line_46_1006.npz,faulted,line,46,40,42,100.0,100.0,1.0,1
line_47_1007,samples\line_47_1007.npz,faulted,line,47,37,43,98.24561403508773,100.0,1.0,1
line_48_1008,samples\line_48_1008.npz,faulted,line,48,45,46,98.24561403508773,100.0,2.0,1
line_49_1009,samples\line_49_1009.npz,faulted,line,49,46,47,100.0,100.0,1.0,1
line_50_1010,samples\line_50_1010.npz,faulted,line,50,47,48,100.0,100.0,1.0,1
line_51_1011,samples\line_51_1011.npz,faulted,line,51,48,49,100.0,100.0,1.0,1
line_52_1012,samples\line_52_1012.npz,faulted,line,52,49,50,98.24561403508773,100.0,2.0,1
line_53_1013,samples\line_53_1013.npz,faulted,line,53,28,51,100.0,100.0,1.0,1
line_54_1014,samples\line_54_1014.npz,faulted,line,54,51,52,100.0,100.0,1.0,1
line_55_1015,samples\line_55_1015.npz,faulted,line,55,52,53,98.24561403508773,100.0,2.0,1
line_56_1016,samples\line_56_1016.npz,faulted,line,56,53,54,100.0,100.0,1.0,1
line_57_1017,samples\line_57_1017.npz,faulted,line,57,43,44,100.0,100.0,1.0,1
line_58_1018,samples\line_58_1018.npz,faulted,line,58,55,40,98.24561403508773,100.0,1.0,1
line_59_1019,samples\line_59_1019.npz,faulted,line,59,55,41,98.24561403508773,100.0,0.0,1
line_60_1020,samples\line_60_1020.npz,faulted,line,60,56,55,98.24561403508773,100.0,0.0,1
line_61_1021,samples\line_61_1021.npz,faulted,line,61,37,48,100.0,100.0,1.0,1
line_62_1022,samples\line_62_1022.npz,faulted,line,62,37,47,98.24561403508773,100.0,1.0,1
trafo_0_1023,samples\trafo_0_1023.npz,faulted,trafo,0,17,3,100.0,100.0,1.0,1
trafo_1_1024,samples\trafo_1_1024.npz,faulted,trafo,1,17,3,100.0,100.0,1.0,1
trafo_2_1025,samples\trafo_2_1025.npz,faulted,trafo,2,19,20,98.24561403508773,100.0,2.0,1
trafo_3_1026,samples\trafo_3_1026.npz,faulted,trafo,3,24,23,100.0,100.0,1.0,1
trafo_4_1027,samples\trafo_4_1027.npz,faulted,trafo,4,24,23,100.0,100.0,1.0,1
trafo_5_1028,samples\trafo_5_1028.npz,faulted,trafo,5,25,23,100.0,100.0,1.0,1
trafo_6_1029,samples\trafo_6_1029.npz,faulted,trafo,6,28,6,98.24561403508773,100.0,1.0,1
trafo_7_1030,samples\trafo_7_1030.npz,faulted,trafo,7,31,33,100.0,100.0,1.0,1
trafo_8_1031,samples\trafo_8_1031.npz,faulted,trafo,8,40,10,100.0,100.0,1.0,1
trafo_9_1032,samples\trafo_9_1032.npz,faulted,trafo,9,44,14,98.24561403508773,100.0,1.0,1
trafo_10_1033,samples\trafo_10_1033.npz,faulted,trafo,10,45,13,100.0,100.0,1.0,1
trafo_11_1034,samples\trafo_11_1034.npz,faulted,trafo,11,50,9,100.0,100.0,1.0,1
trafo_12_1035,samples\trafo_12_1035.npz,faulted,trafo,12,48,12,100.0,100.0,0.0,1
trafo_13_1036,samples\trafo_13_1036.npz,faulted,trafo,13,42,10,98.24561403508773,100.0,1.0,1
trafo_14_1037,samples\trafo_14_1037.npz,faulted,trafo,14,55,39,98.24561403508773,100.0,0.0,1
trafo_15_1038,samples\trafo_15_1038.npz,faulted,trafo,15,56,38,100.0,100.0,1.0,1
trafo_16_1039,samples\trafo_16_1039.npz,faulted,trafo,16,54,8,98.24561403508773,100.0,1.0,1
line_0_1040,samples\line_0_1040.npz,faulted,line,0,0,1,96.49122807017544,100.0,1.0,1
line_1_1041,samples\line_1_1041.npz,faulted,line,1,1,2,98.24561403508773,100.0,1.0,1
line_2_1042,samples\line_2_1042.npz,faulted,line,2,2,3,98.24561403508773,100.0,1.0,1
line_3_1043,samples\line_3_1043.npz,faulted,line,3,3,4,96.49122807017544,100.0,1.0,1
line_4_1044,samples\line_4_1044.npz,faulted,line,4,3,5,96.49122807017544,100.0,2.0,1
line_5_1045,samples\line_5_1045.npz,faulted,line,5,5,6,98.24561403508773,100.0,1.0,1
line_6_1046,samples\line_6_1046.npz,faulted,line,6,5,7,98.24561403508773,100.0,1.0,1
line_7_1047,samples\line_7_1047.npz,faulted,line,7,7,8,96.49122807017544,100.0,2.0,1
line_8_1048,samples\line_8_1048.npz,faulted,line,8,8,9,96.49122807017544,100.0,2.0,1
line_9_1049,samples\line_9_1049.npz,faulted,line,9,8,10,98.24561403508773,100.0,2.0,1
line_10_1050,samples\line_10_1050.npz,faulted,line,10,8,11,96.49122807017544,100.0,2.0,1
line_11_1051,samples\line_11_1051.npz,faulted,line,11,8,12,98.24561403508773,100.0,1.0,1
line_12_1052,samples\line_12_1052.npz,faulted,line,12,12,13,98.24561403508773,100.0,1.0,1
line_13_1053,samples\line_13_1053.npz,faulted,line,13,12,14,98.24561403508773,100.0,1.0,1
line_14_1054,samples\line_14_1054.npz,faulted,line,14,0,14,98.24561403508773,100.0,2.0,1
line_15_1055,samples\line_15_1055.npz,faulted,line,15,0,15,98.24561403508773,100.0,1.0,1
line_16_1056,samples\line_16_1056.npz,faulted,line,16,0,16,96.49122807017544,100.0,1.0,1
line_17_1057,samples\line_17_1057.npz,faulted,line,17,2,14,98.24561403508773,100.0,1.0,1
line_18_1058,samples\line_18_1058.npz,faulted,line,18,4,5,98.24561403508773,100.0,1.0,1
line_19_1059,samples\line_19_1059.npz,faulted,line,19,6,7,98.24561403508773,100.0,1.0,1
line_20_1060,samples\line_20_1060.npz,faulted,line,20,9,11,98.24561403508773,100.0,1.0,1
line_21_1061,samples\line_21_1061.npz,faulted,line,21,10,12,98.24561403508773,100.0,1.0,1
line_22_1062,samples\line_22_1062.npz,faulted,line,22,11,12,98.24561403508773,100.0,1.0,1
line_23_1063,samples\line_23_1063.npz,faulted,line,23,11,15,98.24561403508773,100.0,1.0,2
line_24_1064,samples\line_24_1064.npz,faulted,line,24,11,16,98.24561403508773,100.0,1.0,1
line_25_1065,samples\line_25_1065.npz,faulted,line,25,13,14,98.24561403508773,100.0,1.0,1
line_26_1066,samples\line_26_1066.npz,faulted,line,26,17,18,98.24561403508773,100.0,1.0,1
line_27_1067,samples\line_27_1067.npz,faulted,line,27,18,19,96.49122807017544,100.0,2.0,1
line_28_1068,samples\line_28_1068.npz,faulted,line,28,20,21,98.24561403508773,100.0,1.0,1
line_29_1069,samples\line_29_1069.npz,faulted,line,29,21,22,98.24561403508773,100.0,1.0,1
line_30_1070,samples\line_30_1070.npz,faulted,line,30,22,23,96.49122807017544,100.0,2.0,1
line_31_1071,samples\line_31_1071.npz,faulted,line,31,25,26,96.49122807017544,100.0,1.0,1
line_32_1072,samples\line_32_1072.npz,faulted,line,32,26,27,98.24561403508773,100.0,1.0,1
line_33_1073,samples\line_33_1073.npz,faulted,line,33,27,28,96.49122807017544,100.0,1.0,1
line_34_1074,samples\line_34_1074.npz,faulted,line,34,24,29,96.49122807017544,100.0,1.0,2
line_35_1075,samples\line_35_1075.npz,faulted,line,35,29,30,98.24561403508773,100.0,1.0,2
line_36_1076,samples\line_36_1076.npz,faulted,line,36,30,31,96.49122807017544,100.0,1.0,2
line_37_1077,samples\line_37_1077.npz,faulted,line,37,31,32,96.49122807017544,100.0,2.0,2
line_38_1078,samples\line_38_1078.npz,faulted,line,38,33,34,98.24561403508773,100.0,1.0,1
line_39_1079,samples\line_39_1079.npz,faulted,line,39,34,35,98.24561403508773,100.0,1.0,2
line_40_1080,samples\line_40_1080.npz,faulted,line,40,35,36,98.24561403508773,100.0,1.0,1
line_41_1081,samples\line_41_1081.npz,faulted,line,41,36,37,98.24561403508773,100.0,1.0,1
line_42_1082,samples\line_42_1082.npz,faulted,line,42,36,38,96.49122807017544,100.0,1.0,1
line_43_1083,samples\line_43_1083.npz,faulted,line,43,35,39,98.24561403508773,100.0,1.0,1
line_44_1084,samples\line_44_1084.npz,faulted,line,44,21,37,96.49122807017544,100.0,2.0,1
line_45_1085,samples\line_45_1085.npz,faulted,line,45,40,41,98.24561403508773,100.0,1.0,1
line_46_1086,samples\line_46_1086.npz,faulted,line,46,40,42,98.24561403508773,100.0,1.0,1
line_47_1087,samples\line_47_1087.npz,faulted,line,47,37,43,96.49122807017544,100.0,1.0,1
line_48_1088,samples\line_48_1088.npz,faulted,line,48,45,46,96.49122807017544,100.0,2.0,1
line_49_1089,samples\line_49_1089.npz,faulted,line,49,46,47,98.24561403508773,100.0,1.0,1
line_50_1090,samples\line_50_1090.npz,faulted,line,50,47,48,98.24561403508773,100.0,1.0,1
line_51_1091,samples\line_51_1091.npz,faulted,line,51,48,49,98.24561403508773,100.0,1.0,2
line_52_1092,samples\line_52_1092.npz,faulted,line,52,49,50,96.49122807017544,100.0,2.0,2
line_53_1093,samples\line_53_1093.npz,faulted,line,53,28,51,98.24561403508773,100.0,1.0,1
line_54_1094,samples\line_54_1094.npz,faulted,line,54,51,52,98.24561403508773,100.0,1.0,1
line_55_1095,samples\line_55_1095.npz,faulted,line,55,52,53,96.49122807017544,100.0,2.0,1
line_56_1096,samples\line_56_1096.npz,faulted,line,56,53,54,98.24561403508773,100.0,1.0,1
line_57_1097,samples\line_57_1097.npz,faulted,line,57,43,44,98.24561403508773,100.0,1.0,1
line_58_1098,samples\line_58_1098.npz,faulted,line,58,55,40,98.24561403508773,100.0,1.0,1
line_59_1099,samples\line_59_1099.npz,faulted,line,59,55,41,96.49122807017544,100.0,0.0,1
line_60_1100,samples\line_60_1100.npz,faulted,line,60,56,55,96.49122807017544,100.0,0.0,1
line_61_1101,samples\line_61_1101.npz,faulted,line,61,37,48,98.24561403508773,100.0,1.0,1
line_62_1102,samples\line_62_1102.npz,faulted,line,62,37,47,96.49122807017544,100.0,2.0,1
trafo_0_1103,samples\trafo_0_1103.npz,faulted,trafo,0,17,3,98.24561403508773,100.0,1.0,1
trafo_1_1104,samples\trafo_1_1104.npz,faulted,trafo,1,17,3,98.24561403508773,100.0,1.0,1
trafo_2_1105,samples\trafo_2_1105.npz,faulted,trafo,2,19,20,96.49122807017544,100.0,2.0,1
trafo_3_1106,samples\trafo_3_1106.npz,faulted,trafo,3,24,23,98.24561403508773,100.0,1.0,1
trafo_4_1107,samples\trafo_4_1107.npz,faulted,trafo,4,24,23,98.24561403508773,100.0,1.0,2
trafo_5_1108,samples\trafo_5_1108.npz,faulted,trafo,5,25,23,98.24561403508773,100.0,1.0,1
trafo_6_1109,samples\trafo_6_1109.npz,faulted,trafo,6,28,6,96.49122807017544,100.0,1.0,1
trafo_7_1110,samples\trafo_7_1110.npz,faulted,trafo,7,31,33,96.49122807017544,100.0,2.0,2
trafo_8_1111,samples\trafo_8_1111.npz,faulted,trafo,8,40,10,98.24561403508773,100.0,1.0,1
trafo_9_1112,samples\trafo_9_1112.npz,faulted,trafo,9,44,14,96.49122807017544,100.0,1.0,1
trafo_10_1113,samples\trafo_10_1113.npz,faulted,trafo,10,45,13,98.24561403508773,100.0,1.0,1
trafo_11_1114,samples\trafo_11_1114.npz,faulted,trafo,11,50,9,98.24561403508773,100.0,1.0,1
trafo_12_1115,samples\trafo_12_1115.npz,faulted,trafo,12,48,12,98.24561403508773,100.0,1.0,1
trafo_13_1116,samples\trafo_13_1116.npz,faulted,trafo,13,42,10,96.49122807017544,100.0,1.0,1
trafo_14_1117,samples\trafo_14_1117.npz,faulted,trafo,14,55,39,96.49122807017544,100.0,0.0,1
trafo_15_1118,samples\trafo_15_1118.npz,faulted,trafo,15,56,38,98.24561403508773,100.0,1.0,1
trafo_16_1119,samples\trafo_16_1119.npz,faulted,trafo,16,54,8,96.49122807017544,100.0,2.0,1
line_0_1120,samples\line_0_1120.npz,faulted,line,0,0,1,96.49122807017544,100.0,2.0,1
line_1_1121,samples\line_1_1121.npz,faulted,line,1,1,2,98.24561403508773,100.0,1.0,1
line_2_1122,samples\line_2_1122.npz,faulted,line,2,2,3,98.24561403508773,100.0,1.0,1
line_3_1123,samples\line_3_1123.npz,faulted,line,3,3,4,96.49122807017544,100.0,2.0,1
line_4_1124,samples\line_4_1124.npz,faulted,line,4,3,5,96.49122807017544,100.0,2.0,1
line_5_1125,samples\line_5_1125.npz,faulted,line,5,5,6,98.24561403508773,100.0,1.0,1
line_6_1126,samples\line_6_1126.npz,faulted,line,6,5,7,98.24561403508773,100.0,1.0,1
line_7_1127,samples\line_7_1127.npz,faulted,line,7,7,8,96.49122807017544,100.0,3.0,1
line_8_1128,samples\line_8_1128.npz,faulted,line,8,8,9,96.49122807017544,100.0,2.0,1
line_9_1129,samples\line_9_1129.npz,faulted,line,9,8,10,98.24561403508773,100.0,2.0,1
line_10_1130,samples\line_10_1130.npz,faulted,line,10,8,11,96.49122807017544,100.0,2.0,1
line_11_1131,samples\line_11_1131.npz,faulted,line,11,8,12,98.24561403508773,100.0,1.0,1
line_12_1132,samples\line_12_1132.npz,faulted,line,12,12,13,98.24561403508773,100.0,1.0,1
line_13_1133,samples\line_13_1133.npz,faulted,line,13,12,14,98.24561403508773,100.0,1.0,1
line_14_1134,samples\line_14_1134.npz,faulted,line,14,0,14,98.24561403508773,100.0,2.0,1
line_15_1135,samples\line_15_1135.npz,faulted,line,15,0,15,96.49122807017544,100.0,2.0,1
line_16_1136,samples\line_16_1136.npz,faulted,line,16,0,16,96.49122807017544,100.0,2.0,1
line_17_1137,samples\line_17_1137.npz,faulted,line,17,2,14,98.24561403508773,100.0,1.0,1
line_18_1138,samples\line_18_1138.npz,faulted,line,18,4,5,98.24561403508773,100.0,1.0,1
line_19_1139,samples\line_19_1139.npz,faulted,line,19,6,7,98.24561403508773,100.0,1.0,1
line_20_1140,samples\line_20_1140.npz,faulted,line,20,9,11,98.24561403508773,100.0,1.0,1
line_21_1141,samples\line_21_1141.npz,faulted,line,21,10,12,98.24561403508773,100.0,1.0,1
line_22_1142,samples\line_22_1142.npz,faulted,line,22,11,12,98.24561403508773,100.0,1.0,1
line_23_1143,samples\line_23_1143.npz,faulted,line,23,11,15,98.24561403508773,100.0,1.0,1
line_24_1144,samples\line_24_1144.npz,faulted,line,24,11,16,98.24561403508773,100.0,1.0,1
line_25_1145,samples\line_25_1145.npz,faulted,line,25,13,14,98.24561403508773,100.0,1.0,1
line_26_1146,samples\line_26_1146.npz,faulted,line,26,17,18,98.24561403508773,100.0,1.0,2
line_27_1147,samples\line_27_1147.npz,faulted,line,27,18,19,96.49122807017544,100.0,2.0,2
line_28_1148,samples\line_28_1148.npz,faulted,line,28,20,21,98.24561403508773,100.0,1.0,2
line_29_1149,samples\line_29_1149.npz,faulted,line,29,21,22,98.24561403508773,100.0,1.0,1
line_30_1150,samples\line_30_1150.npz,faulted,line,30,22,23,96.49122807017544,100.0,0.0,1
line_31_1151,samples\line_31_1151.npz,faulted,line,31,25,26,96.49122807017544,100.0,2.0,2
line_32_1152,samples\line_32_1152.npz,faulted,line,32,26,27,98.24561403508773,100.0,1.0,2
line_33_1153,samples\line_33_1153.npz,faulted,line,33,27,28,96.49122807017544,100.0,1.0,2
line_34_1154,samples\line_34_1154.npz,faulted,line,34,24,29,96.49122807017544,100.0,1.0,1
line_35_1155,samples\line_35_1155.npz,faulted,line,35,29,30,98.24561403508773,100.0,1.0,1
line_36_1156,samples\line_36_1156.npz,faulted,line,36,30,31,96.49122807017544,100.0,1.0,1
line_37_1157,samples\line_37_1157.npz,faulted,line,37,31,32,96.49122807017544,100.0,1.0,2
line_38_1158,samples\line_38_1158.npz,faulted,line,38,33,34,98.24561403508773,100.0,1.0,1
line_39_1159,samples\line_39_1159.npz,faulted,line,39,34,35,98.24561403508773,100.0,1.0,1
line_40_1160,samples\line_40_1160.npz,faulted,line,40,35,36,98.24561403508773,100.0,1.0,1
line_41_1161,samples\line_41_1161.npz,faulted,line,41,36,37,98.24561403508773,100.0,0.0,1
line_42_1162,samples\line_42_1162.npz,faulted,line,42,36,38,96.49122807017544,100.0,1.0,1
line_43_1163,samples\line_43_1163.npz,faulted,line,43,35,39,98.24561403508773,100.0,1.0,1
line_44_1164,samples\line_44_1164.npz,faulted,line,44,21,37,96.49122807017544,100.0,0.0,1
line_45_1165,samples\line_45_1165.npz,faulted,line,45,40,41,98.24561403508773,100.0,1.0,1
line_46_1166,samples\line_46_1166.npz,faulted,line,46,40,42,98.24561403508773,100.0,1.0,1
line_47_1167,samples\line_47_1167.npz,faulted,line,47,37,43,96.49122807017544,100.0,0.0,1
line_48_1168,samples\line_48_1168.npz,faulted,line,48,45,46,96.49122807017544,100.0,2.0,1
line_49_1169,samples\line_49_1169.npz,faulted,line,49,46,47,98.24561403508773,100.0,1.0,1
line_50_1170,samples\line_50_1170.npz,faulted,line,50,47,48,98.24561403508773,100.0,1.0,1
line_51_1171,samples\line_51_1171.npz,faulted,line,51,48,49,96.49122807017544,100.0,2.0,1
line_52_1172,samples\line_52_1172.npz,faulted,line,52,49,50,96.49122807017544,100.0,2.0,1
line_53_1173,samples\line_53_1173.npz,faulted,line,53,28,51,98.24561403508773,100.0,1.0,2
line_54_1174,samples\line_54_1174.npz,faulted,line,54,51,52,98.24561403508773,100.0,1.0,2
line_55_1175,samples\line_55_1175.npz,faulted,line,55,52,53,96.49122807017544,100.0,2.0,2
line_56_1176,samples\line_56_1176.npz,faulted,line,56,53,54,98.24561403508773,100.0,1.0,1
line_57_1177,samples\line_57_1177.npz,faulted,line,57,43,44,98.24561403508773,100.0,1.0,1
line_58_1178,samples\line_58_1178.npz,faulted,line,58,55,40,98.24561403508773,100.0,1.0,1
line_59_1179,samples\line_59_1179.npz,faulted,line,59,55,41,96.49122807017544,100.0,0.0,1
line_60_1180,samples\line_60_1180.npz,faulted,line,60,56,55,96.49122807017544,100.0,0.0,1
line_61_1181,samples\line_61_1181.npz,faulted,line,61,37,48,98.24561403508773,100.0,1.0,1
line_62_1182,samples\line_62_1182.npz,faulted,line,62,37,47,96.49122807017544,100.0,0.0,1
trafo_0_1183,samples\trafo_0_1183.npz,faulted,trafo,0,17,3,98.24561403508773,100.0,1.0,1
trafo_1_1184,samples\trafo_1_1184.npz,faulted,trafo,1,17,3,98.24561403508773,100.0,1.0,1
trafo_2_1185,samples\trafo_2_1185.npz,faulted,trafo,2,19,20,98.24561403508773,100.0,1.0,1
trafo_3_1186,samples\trafo_3_1186.npz,faulted,trafo,3,24,23,98.24561403508773,100.0,1.0,1
trafo_4_1187,samples\trafo_4_1187.npz,faulted,trafo,4,24,23,98.24561403508773,100.0,1.0,1
trafo_5_1188,samples\trafo_5_1188.npz,faulted,trafo,5,25,23,98.24561403508773,100.0,1.0,1
trafo_6_1189,samples\trafo_6_1189.npz,faulted,trafo,6,28,6,96.49122807017544,100.0,2.0,2
trafo_7_1190,samples\trafo_7_1190.npz,faulted,trafo,7,31,33,98.24561403508773,100.0,1.0,1
trafo_8_1191,samples\trafo_8_1191.npz,faulted,trafo,8,40,10,98.24561403508773,100.0,1.0,1
trafo_9_1192,samples\trafo_9_1192.npz,faulted,trafo,9,44,14,96.49122807017544,100.0,1.0,1
trafo_10_1193,samples\trafo_10_1193.npz,faulted,trafo,10,45,13,98.24561403508773,100.0,1.0,1
trafo_11_1194,samples\trafo_11_1194.npz,faulted,trafo,11,50,9,98.24561403508773,100.0,1.0,1
trafo_12_1195,samples\trafo_12_1195.npz,faulted,trafo,12,48,12,98.24561403508773,100.0,1.0,1
trafo_13_1196,samples\trafo_13_1196.npz,faulted,trafo,13,42,10,96.49122807017544,100.0,1.0,1
trafo_14_1197,samples\trafo_14_1197.npz,faulted,trafo,14,55,39,96.49122807017544,100.0,0.0,1
trafo_15_1198,samples\trafo_15_1198.npz,faulted,trafo,15,56,38,98.24561403508773,100.0,1.0,1
trafo_16_1199,samples\trafo_16_1199.npz,faulted,trafo,16,54,8,96.49122807017544,100.0,3.0,2
line_0_1200,samples\line_0_1200.npz,faulted,line,0,0,1,94.73684210526316,100.0,1.0,1
line_1_1201,samples\line_1_1201.npz,faulted,line,1,1,2,96.49122807017544,100.0,0.0,1
line_2_1202,samples\line_2_1202.npz,faulted,line,2,2,3,96.49122807017544,100.0,0.0,1
line_3_1203,samples\line_3_1203.npz,faulted,line,3,3,4,94.73684210526316,100.0,0.0,1
line_4_1204,samples\line_4_1204.npz,faulted,line,4,3,5,94.73684210526316,100.0,0.0,1
line_5_1205,samples\line_5_1205.npz,faulted,line,5,5,6,96.49122807017544,100.0,0.0,1
line_6_1206,samples\line_6_1206.npz,faulted,line,6,5,7,96.49122807017544,100.0,0.0,1
line_7_1207,samples\line_7_1207.npz,faulted,line,7,7,8,94.73684210526316,100.0,1.0,1
line_8_1208,samples\line_8_1208.npz,faulted,line,8,8,9,94.73684210526316,100.0,1.0,1
line_9_1209,samples\line_9_1209.npz,faulted,line,9,8,10,96.49122807017544,100.0,1.0,1
line_10_1210,samples\line_10_1210.npz,faulted,line,10,8,11,94.73684210526316,100.0,1.0,1
line_11_1211,samples\line_11_1211.npz,faulted,line,11,8,12,96.49122807017544,100.0,0.0,1
line_12_1212,samples\line_12_1212.npz,faulted,line,12,12,13,96.49122807017544,100.0,0.0,1
line_13_1213,samples\line_13_1213.npz,faulted,line,13,12,14,96.49122807017544,100.0,0.0,1
line_14_1214,samples\line_14_1214.npz,faulted,line,14,0,14,96.49122807017544,100.0,1.0,1
line_15_1215,samples\line_15_1215.npz,faulted,line,15,0,15,94.73684210526316,100.0,1.0,1
line_16_1216,samples\line_16_1216.npz,faulted,line,16,0,16,94.73684210526316,100.0,1.0,1
line_17_1217,samples\line_17_1217.npz,faulted,line,17,2,14,96.49122807017544,100.0,0.0,1
line_18_1218,samples\line_18_1218.npz,faulted,line,18,4,5,96.49122807017544,100.0,0.0,1
line_19_1219,samples\line_19_1219.npz,faulted,line,19,6,7,96.49122807017544,100.0,0.0,1
line_20_1220,samples\line_20_1220.npz,faulted,line,20,9,11,96.49122807017544,100.0,0.0,1
line_21_1221,samples\line_21_1221.npz,faulted,line,21,10,12,96.49122807017544,100.0,0.0,1
line_22_1222,samples\line_22_1222.npz,faulted,line,22,11,12,96.49122807017544,100.0,0.0,1
line_23_1223,samples\line_23_1223.npz,faulted,line,23,11,15,96.49122807017544,100.0,0.0,1
line_24_1224,samples\line_24_1224.npz,faulted,line,24,11,16,96.49122807017544,100.0,0.0,1
line_25_1225,samples\line_25_1225.npz,faulted,line,25,13,14,96.49122807017544,100.0,0.0,1
line_26_1226,samples\line_26_1226.npz,faulted,line,26,17,18,96.49122807017544,100.0,0.0,1
line_27_1227,samples\line_27_1227.npz,faulted,line,27,18,19,94.73684210526316,100.0,1.0,1
line_28_1228,samples\line_28_1228.npz,faulted,line,28,20,21,96.49122807017544,100.0,0.0,1
line_29_1229,samples\line_29_1229.npz,faulted,line,29,21,22,96.49122807017544,100.0,0.0,1
line_30_1230,samples\line_30_1230.npz,faulted,line,30,22,23,94.73684210526316,100.0,1.0,2
line_31_1231,samples\line_31_1231.npz,faulted,line,31,25,26,94.73684210526316,100.0,0.0,1
line_32_1232,samples\line_32_1232.npz,faulted,line,32,26,27,96.49122807017544,100.0,1.0,1
line_33_1233,samples\line_33_1233.npz,faulted,line,33,27,28,94.73684210526316,100.0,1.0,1
line_34_1234,samples\line_34_1234.npz,faulted,line,34,24,29,94.73684210526316,100.0,0.0,1
line_35_1235,samples\line_35_1235.npz,faulted,line,35,29,30,96.49122807017544,100.0,0.0,1
line_36_1236,samples\line_36_1236.npz,faulted,line,36,30,31,94.73684210526316,100.0,0.0,1
line_37_1237,samples\line_37_1237.npz,faulted,line,37,31,32,94.73684210526316,100.0,0.0,2
line_38_1238,samples\line_38_1238.npz,faulted,line,38,33,34,96.49122807017544,100.0,0.0,1
line_39_1239,samples\line_39_1239.npz,faulted,line,39,34,35,96.49122807017544,100.0,0.0,1
line_40_1240,samples\line_40_1240.npz,faulted,line,40,35,36,96.49122807017544,100.0,0.0,1
line_41_1241,samples\line_41_1241.npz,faulted,line,41,36,37,96.49122807017544,100.0,0.0,1
line_42_1242,samples\line_42_1242.npz,faulted,line,42,36,38,94.73684210526316,100.0,0.0,1
line_43_1243,samples\line_43_1243.npz,faulted,line,43,35,39,96.49122807017544,100.0,0.0,1
line_44_1244,samples\line_44_1244.npz,faulted,line,44,21,37,94.73684210526316,100.0,1.0,1
line_45_1245,samples\line_45_1245.npz,faulted,line,45,40,41,96.49122807017544,100.0,0.0,1
line_46_1246,samples\line_46_1246.npz,faulted,line,46,40,42,96.49122807017544,100.0,0.0,2
line_47_1247,samples\line_47_1247.npz,faulted,line,47,37,43,94.73684210526316,100.0,0.0,1
line_48_1248,samples\line_48_1248.npz,faulted,line,48,45,46,94.73684210526316,100.0,1.0,1
line_49_1249,samples\line_49_1249.npz,faulted,line,49,46,47,96.49122807017544,100.0,0.0,1
line_50_1250,samples\line_50_1250.npz,faulted,line,50,47,48,96.49122807017544,100.0,0.0,1
line_51_1251,samples\line_51_1251.npz,faulted,line,51,48,49,96.49122807017544,100.0,0.0,1
line_52_1252,samples\line_52_1252.npz,faulted,line,52,49,50,94.73684210526316,100.0,1.0,1
line_53_1253,samples\line_53_1253.npz,faulted,line,53,28,51,96.49122807017544,100.0,0.0,1
line_54_1254,samples\line_54_1254.npz,faulted,line,54,51,52,96.49122807017544,100.0,1.0,1
line_55_1255,samples\line_55_1255.npz,faulted,line,55,52,53,94.73684210526316,100.0,1.0,1
line_56_1256,samples\line_56_1256.npz,faulted,line,56,53,54,96.49122807017544,100.0,0.0,1
line_57_1257,samples\line_57_1257.npz,faulted,line,57,43,44,96.49122807017544,100.0,0.0,1
line_58_1258,samples\line_58_1258.npz,faulted,line,58,55,40,96.49122807017544,100.0,0.0,1
line_59_1259,samples\line_59_1259.npz,faulted,line,59,55,41,94.73684210526316,100.0,1.0,2
line_60_1260,samples\line_60_1260.npz,faulted,line,60,56,55,94.73684210526316,100.0,0.0,1
line_61_1261,samples\line_61_1261.npz,faulted,line,61,37,48,96.49122807017544,100.0,0.0,1
line_62_1262,samples\line_62_1262.npz,faulted,line,62,37,47,94.73684210526316,100.0,1.0,1
trafo_0_1263,samples\trafo_0_1263.npz,faulted,trafo,0,17,3,96.49122807017544,100.0,0.0,1
trafo_1_1264,samples\trafo_1_1264.npz,faulted,trafo,1,17,3,96.49122807017544,100.0,0.0,1
trafo_2_1265,samples\trafo_2_1265.npz,faulted,trafo,2,19,20,94.73684210526316,100.0,1.0,1
trafo_3_1266,samples\trafo_3_1266.npz,faulted,trafo,3,24,23,96.49122807017544,100.0,0.0,1
trafo_4_1267,samples\trafo_4_1267.npz,faulted,trafo,4,24,23,96.49122807017544,100.0,0.0,1
trafo_5_1268,samples\trafo_5_1268.npz,faulted,trafo,5,25,23,96.49122807017544,100.0,1.0,1
trafo_6_1269,samples\trafo_6_1269.npz,faulted,trafo,6,28,6,96.49122807017544,100.0,0.0,1
trafo_7_1270,samples\trafo_7_1270.npz,faulted,trafo,7,31,33,96.49122807017544,100.0,0.0,1
trafo_8_1271,samples\trafo_8_1271.npz,faulted,trafo,8,40,10,96.49122807017544,100.0,0.0,1
trafo_9_1272,samples\trafo_9_1272.npz,faulted,trafo,9,44,14,94.73684210526316,100.0,0.0,1
trafo_10_1273,samples\trafo_10_1273.npz,faulted,trafo,10,45,13,96.49122807017544,100.0,0.0,1
trafo_11_1274,samples\trafo_11_1274.npz,faulted,trafo,11,50,9,96.49122807017544,100.0,0.0,1
trafo_12_1275,samples\trafo_12_1275.npz,faulted,trafo,12,48,12,96.49122807017544,100.0,0.0,1
trafo_13_1276,samples\trafo_13_1276.npz,faulted,trafo,13,42,10,96.49122807017544,100.0,0.0,1
trafo_14_1277,samples\trafo_14_1277.npz,faulted,trafo,14,55,39,94.73684210526316,100.0,0.0,1
trafo_15_1278,samples\trafo_15_1278.npz,faulted,trafo,15,56,38,96.49122807017544,100.0,0.0,1
trafo_16_1279,samples\trafo_16_1279.npz,faulted,trafo,16,54,8,94.73684210526316,100.0,1.0,1
line_0_1280,samples\line_0_1280.npz,faulted,line,0,0,1,98.24561403508773,100.0,1.0,1
line_1_1281,samples\line_1_1281.npz,faulted,line,1,1,2,100.0,100.0,0.0,1
line_2_1282,samples\line_2_1282.npz,faulted,line,2,2,3,100.0,100.0,0.0,1
line_3_1283,samples\line_3_1283.npz,faulted,line,3,3,4,98.24561403508773,100.0,1.0,1
line_4_1284,samples\line_4_1284.npz,faulted,line,4,3,5,98.24561403508773,100.0,1.0,1
line_5_1285,samples\line_5_1285.npz,faulted,line,5,5,6,100.0,100.0,0.0,1
line_6_1286,samples\line_6_1286.npz,faulted,line,6,5,7,100.0,100.0,0.0,1
line_7_1287,samples\line_7_1287.npz,faulted,line,7,7,8,98.24561403508773,100.0,1.0,1
line_8_1288,samples\line_8_1288.npz,faulted,line,8,8,9,98.24561403508773,100.0,0.0,1
line_9_1289,samples\line_9_1289.npz,faulted,line,9,8,10,100.0,100.0,-1.0,1
line_10_1290,samples\line_10_1290.npz,faulted,line,10,8,11,98.24561403508773,100.0,1.0,1
line_11_1291,samples\line_11_1291.npz,faulted,line,11,8,12,100.0,100.0,1.0,1
line_12_1292,samples\line_12_1292.npz,faulted,line,12,12,13,100.0,100.0,0.0,1
line_13_1293,samples\line_13_1293.npz,faulted,line,13,12,14,100.0,100.0,0.0,1
line_14_1294,samples\line_14_1294.npz,faulted,line,14,0,14,100.0,100.0,1.0,1
line_15_1295,samples\line_15_1295.npz,faulted,line,15,0,15,98.24561403508773,100.0,1.0,1
line_16_1296,samples\line_16_1296.npz,faulted,line,16,0,16,98.24561403508773,100.0,1.0,1
line_17_1297,samples\line_17_1297.npz,faulted,line,17,2,14,100.0,100.0,0.0,1
line_18_1298,samples\line_18_1298.npz,faulted,line,18,4,5,100.0,100.0,0.0,1
line_19_1299,samples\line_19_1299.npz,faulted,line,19,6,7,100.0,100.0,0.0,1
line_20_1300,samples\line_20_1300.npz,faulted,line,20,9,11,100.0,100.0,0.0,1
line_21_1301,samples\line_21_1301.npz,faulted,line,21,10,12,100.0,100.0,0.0,1
line_22_1302,samples\line_22_1302.npz,faulted,line,22,11,12,100.0,100.0,0.0,1
line_23_1303,samples\line_23_1303.npz,faulted,line,23,11,15,100.0,100.0,0.0,1
line_24_1304,samples\line_24_1304.npz,faulted,line,24,11,16,100.0,100.0,0.0,1
line_25_1305,samples\line_25_1305.npz,faulted,line,25,13,14,100.0,100.0,0.0,1
line_26_1306,samples\line_26_1306.npz,faulted,line,26,17,18,100.0,100.0,0.0,1
line_27_1307,samples\line_27_1307.npz,faulted,line,27,18,19,98.24561403508773,100.0,1.0,1
line_28_1308,samples\line_28_1308.npz,faulted,line,28,20,21,100.0,100.0,0.0,1
line_29_1309,samples\line_29_1309.npz,faulted,line,29,21,22,100.0,100.0,0.0,1
line_30_1310,samples\line_30_1310.npz,faulted,line,30,22,23,98.24561403508773,100.0,1.0,1
line_31_1311,samples\line_31_1311.npz,faulted,line,31,25,26,98.24561403508773,100.0,0.0,1
line_32_1312,samples\line_32_1312.npz,faulted,line,32,26,27,100.0,100.0,0.0,1
line_33_1313,samples\line_33_1313.npz,faulted,line,33,27,28,98.24561403508773,100.0,0.0,1
line_34_1314,samples\line_34_1314.npz,faulted,line,34,24,29,98.24561403508773,100.0,0.0,1
line_35_1315,samples\line_35_1315.npz,faulted,line,35,29,30,100.0,100.0,0.0,1
line_36_1316,samples\line_36_1316.npz,faulted,line,36,30,31,98.24561403508773,100.0,0.0,1
line_37_1317,samples\line_37_1317.npz,faulted,line,37,31,32,98.24561403508773,100.0,0.0,2
line_38_1318,samples\line_38_1318.npz,faulted,line,38,33,34,100.0,100.0,0.0,1
line_39_1319,samples\line_39_1319.npz,faulted,line,39,34,35,100.0,100.0,0.0,1
line_40_1320,samples\line_40_1320.npz,faulted,line,40,35,36,100.0,100.0,0.0,1
line_41_1321,samples\line_41_1321.npz,faulted,line,41,36,37,100.0,100.0,0.0,1
line_42_1322,samples\line_42_1322.npz,faulted,line,42,36,38,98.24561403508773,100.0,0.0,1
line_43_1323,samples\line_43_1323.npz,faulted,line,43,35,39,100.0,100.0,0.0,1
line_44_1324,samples\line_44_1324.npz,faulted,line,44,21,37,98.24561403508773,100.0,1.0,1
line_45_1325,samples\line_45_1325.npz,faulted,line,45,40,41,100.0,100.0,0.0,1
line_46_1326,samples\line_46_1326.npz,faulted,line,46,40,42,100.0,100.0,0.0,1
line_47_1327,samples\line_47_1327.npz,faulted,line,47,37,43,98.24561403508773,100.0,0.0,1
line_48_1328,samples\line_48_1328.npz,faulted,line,48,45,46,98.24561403508773,100.0,1.0,1
line_49_1329,samples\line_49_1329.npz,faulted,line,49,46,47,100.0,100.0,0.0,1
line_50_1330,samples\line_50_1330.npz,faulted,line,50,47,48,100.0,100.0,0.0,1
line_51_1331,samples\line_51_1331.npz,faulted,line,51,48,49,100.0,100.0,0.0,1
line_52_1332,samples\line_52_1332.npz,faulted,line,52,49,50,98.24561403508773,100.0,1.0,1
line_53_1333,samples\line_53_1333.npz,faulted,line,53,28,51,100.0,100.0,0.0,1
line_54_1334,samples\line_54_1334.npz,faulted,line,54,51,52,100.0,100.0,0.0,1
line_55_1335,samples\line_55_1335.npz,faulted,line,55,52,53,98.24561403508773,100.0,1.0,1
line_56_1336,samples\line_56_1336.npz,faulted,line,56,53,54,100.0,100.0,0.0,1
line_57_1337,samples\line_57_1337.npz,faulted,line,57,43,44,100.0,100.0,0.0,1
line_58_1338,samples\line_58_1338.npz,faulted,line,58,55,40,100.0,100.0,0.0,1
line_59_1339,samples\line_59_1339.npz,faulted,line,59,55,41,98.24561403508773,100.0,-1.0,1
line_60_1340,samples\line_60_1340.npz,faulted,line,60,56,55,98.24561403508773,100.0,-1.0,1
line_61_1341,samples\line_61_1341.npz,faulted,line,61,37,48,100.0,100.0,0.0,1
line_62_1342,samples\line_62_1342.npz,faulted,line,62,37,47,98.24561403508773,100.0,1.0,1
trafo_0_1343,samples\trafo_0_1343.npz,faulted,trafo,0,17,3,98.24561403508773,100.0,1.0,1
trafo_1_1344,samples\trafo_1_1344.npz,faulted,trafo,1,17,3,100.0,100.0,0.0,1
trafo_2_1345,samples\trafo_2_1345.npz,faulted,trafo,2,19,20,98.24561403508773,100.0,1.0,1
trafo_3_1346,samples\trafo_3_1346.npz,faulted,trafo,3,24,23,100.0,100.0,0.0,1
trafo_4_1347,samples\trafo_4_1347.npz,faulted,trafo,4,24,23,100.0,100.0,0.0,1
trafo_5_1348,samples\trafo_5_1348.npz,faulted,trafo,5,25,23,100.0,100.0,0.0,1
trafo_6_1349,samples\trafo_6_1349.npz,faulted,trafo,6,28,6,98.24561403508773,100.0,0.0,1
trafo_7_1350,samples\trafo_7_1350.npz,faulted,trafo,7,31,33,100.0,100.0,0.0,1
trafo_8_1351,samples\trafo_8_1351.npz,faulted,trafo,8,40,10,100.0,100.0,0.0,1
trafo_9_1352,samples\trafo_9_1352.npz,faulted,trafo,9,44,14,98.24561403508773,100.0,0.0,1
trafo_10_1353,samples\trafo_10_1353.npz,faulted,trafo,10,45,13,100.0,100.0,0.0,1
trafo_11_1354,samples\trafo_11_1354.npz,faulted,trafo,11,50,9,100.0,100.0,0.0,1
trafo_12_1355,samples\trafo_12_1355.npz,faulted,trafo,12,48,12,100.0,100.0,0.0,1
trafo_13_1356,samples\trafo_13_1356.npz,faulted,trafo,13,42,10,98.24561403508773,100.0,0.0,1
trafo_14_1357,samples\trafo_14_1357.npz,faulted,trafo,14,55,39,98.24561403508773,100.0,-1.0,1
trafo_15_1358,samples\trafo_15_1358.npz,faulted,trafo,15,56,38,100.0,100.0,0.0,1
trafo_16_1359,samples\trafo_16_1359.npz,faulted,trafo,16,54,8,98.24561403508773,100.0,0.0,1
line_0_1360,samples\line_0_1360.npz,faulted,line,0,0,1,98.24561403508773,100.0,1.0,1
line_1_1361,samples\line_1_1361.npz,faulted,line,1,1,2,100.0,100.0,0.0,1
line_2_1362,samples\line_2_1362.npz,faulted,line,2,2,3,100.0,100.0,0.0,1
line_3_1363,samples\line_3_1363.npz,faulted,line,3,3,4,98.24561403508773,100.0,1.0,1
line_4_1364,samples\line_4_1364.npz,faulted,line,4,3,5,98.24561403508773,100.0,1.0,1
line_5_1365,samples\line_5_1365.npz,faulted,line,5,5,6,100.0,100.0,0.0,1
line_6_1366,samples\line_6_1366.npz,faulted,line,6,5,7,100.0,100.0,0.0,1
line_7_1367,samples\line_7_1367.npz,faulted,line,7,7,8,98.24561403508773,100.0,1.0,1
line_8_1368,samples\line_8_1368.npz,faulted,line,8,8,9,98.24561403508773,100.0,1.0,1
line_9_1369,samples\line_9_1369.npz,faulted,line,9,8,10,100.0,100.0,-1.0,1
line_10_1370,samples\line_10_1370.npz,faulted,line,10,8,11,98.24561403508773,100.0,1.0,1
line_11_1371,samples\line_11_1371.npz,faulted,line,11,8,12,100.0,100.0,0.0,1
line_12_1372,samples\line_12_1372.npz,faulted,line,12,12,13,100.0,100.0,0.0,1
line_13_1373,samples\line_13_1373.npz,faulted,line,13,12,14,100.0,100.0,0.0,1
line_14_1374,samples\line_14_1374.npz,faulted,line,14,0,14,100.0,100.0,1.0,1
line_15_1375,samples\line_15_1375.npz,faulted,line,15,0,15,98.24561403508773,100.0,1.0,1
line_16_1376,samples\line_16_1376.npz,faulted,line,16,0,16,98.24561403508773,100.0,1.0,1
line_17_1377,samples\line_17_1377.npz,faulted,line,17,2,14,100.0,100.0,0.0,1
line_18_1378,samples\line_18_1378.npz,faulted,line,18,4,5,100.0,100.0,0.0,1
line_19_1379,samples\line_19_1379.npz,faulted,line,19,6,7,100.0,100.0,0.0,1
line_20_1380,samples\line_20_1380.npz,faulted,line,20,9,11,100.0,100.0,0.0,1
line_21_1381,samples\line_21_1381.npz,faulted,line,21,10,12,100.0,100.0,0.0,1
line_22_1382,samples\line_22_1382.npz,faulted,line,22,11,12,100.0,100.0,0.0,1
line_23_1383,samples\line_23_1383.npz,faulted,line,23,11,15,100.0,100.0,0.0,1
line_24_1384,samples\line_24_1384.npz,faulted,line,24,11,16,100.0,100.0,0.0,1
line_25_1385,samples\line_25_1385.npz,faulted,line,25,13,14,100.0,100.0,0.0,1
line_26_1386,samples\line_26_1386.npz,faulted,line,26,17,18,100.0,100.0,0.0,1
line_27_1387,samples\line_27_1387.npz,faulted,line,27,18,19,98.24561403508773,100.0,1.0,1
line_28_1388,samples\line_28_1388.npz,faulted,line,28,20,21,100.0,100.0,0.0,1
line_29_1389,samples\line_29_1389.npz,faulted,line,29,21,22,100.0,100.0,0.0,1
line_30_1390,samples\line_30_1390.npz,faulted,line,30,22,23,98.24561403508773,100.0,1.0,1
line_31_1391,samples\line_31_1391.npz,faulted,line,31,25,26,98.24561403508773,100.0,0.0,1
line_32_1392,samples\line_32_1392.npz,faulted,line,32,26,27,100.0,100.0,0.0,1
line_33_1393,samples\line_33_1393.npz,faulted,line,33,27,28,98.24561403508773,100.0,0.0,1
line_34_1394,samples\line_34_1394.npz,faulted,line,34,24,29,98.24561403508773,100.0,0.0,1
line_35_1395,samples\line_35_1395.npz,faulted,line,35,29,30,100.0,100.0,0.0,1
line_36_1396,samples\line_36_1396.npz,faulted,line,36,30,31,98.24561403508773,100.0,0.0,1
line_37_1397,samples\line_37_1397.npz,faulted,line,37,31,32,98.24561403508773,100.0,0.0,2
line_38_1398,samples\line_38_1398.npz,faulted,line,38,33,34,100.0,100.0,0.0,1
line_39_1399,samples\line_39_1399.npz,faulted,line,39,34,35,100.0,100.0,0.0,1
line_40_1400,samples\line_40_1400.npz,faulted,line,40,35,36,100.0,100.0,0.0,1
line_41_1401,samples\line_41_1401.npz,faulted,line,41,36,37,100.0,100.0,0.0,1
line_42_1402,samples\line_42_1402.npz,faulted,line,42,36,38,98.24561403508773,100.0,0.0,1
line_43_1403,samples\line_43_1403.npz,faulted,line,43,35,39,100.0,100.0,0.0,1
line_44_1404,samples\line_44_1404.npz,faulted,line,44,21,37,98.24561403508773,100.0,1.0,1
line_45_1405,samples\line_45_1405.npz,faulted,line,45,40,41,100.0,100.0,0.0,1
line_46_1406,samples\line_46_1406.npz,faulted,line,46,40,42,100.0,100.0,0.0,1
line_47_1407,samples\line_47_1407.npz,faulted,line,47,37,43,98.24561403508773,100.0,0.0,1
line_48_1408,samples\line_48_1408.npz,faulted,line,48,45,46,98.24561403508773,100.0,1.0,1
line_49_1409,samples\line_49_1409.npz,faulted,line,49,46,47,100.0,100.0,0.0,1
line_50_1410,samples\line_50_1410.npz,faulted,line,50,47,48,100.0,100.0,0.0,1
line_51_1411,samples\line_51_1411.npz,faulted,line,51,48,49,100.0,100.0,0.0,2
line_52_1412,samples\line_52_1412.npz,faulted,line,52,49,50,98.24561403508773,100.0,1.0,2
line_53_1413,samples\line_53_1413.npz,faulted,line,53,28,51,100.0,100.0,0.0,1
line_54_1414,samples\line_54_1414.npz,faulted,line,54,51,52,100.0,100.0,0.0,1
line_55_1415,samples\line_55_1415.npz,faulted,line,55,52,53,98.24561403508773,100.0,1.0,1
line_56_1416,samples\line_56_1416.npz,faulted,line,56,53,54,100.0,100.0,0.0,1
line_57_1417,samples\line_57_1417.npz,faulted,line,57,43,44,100.0,100.0,0.0,1
line_58_1418,samples\line_58_1418.npz,faulted,line,58,55,40,100.0,100.0,0.0,1
line_59_1419,samples\line_59_1419.npz,faulted,line,59,55,41,98.24561403508773,100.0,-1.0,1
line_60_1420,samples\line_60_1420.npz,faulted,line,60,56,55,98.24561403508773,100.0,-1.0,1
line_61_1421,samples\line_61_1421.npz,faulted,line,61,37,48,100.0,100.0,0.0,1
line_62_1422,samples\line_62_1422.npz,faulted,line,62,37,47,98.24561403508773,100.0,1.0,1
trafo_0_1423,samples\trafo_0_1423.npz,faulted,trafo,0,17,3,100.0,100.0,0.0,1
trafo_1_1424,samples\trafo_1_1424.npz,faulted,trafo,1,17,3,100.0,100.0,0.0,1
trafo_2_1425,samples\trafo_2_1425.npz,faulted,trafo,2,19,20,98.24561403508773,100.0,1.0,1
trafo_3_1426,samples\trafo_3_1426.npz,faulted,trafo,3,24,23,100.0,100.0,0.0,1
trafo_4_1427,samples\trafo_4_1427.npz,faulted,trafo,4,24,23,100.0,100.0,0.0,1
trafo_5_1428,samples\trafo_5_1428.npz,faulted,trafo,5,25,23,100.0,100.0,0.0,1
trafo_6_1429,samples\trafo_6_1429.npz,faulted,trafo,6,28,6,98.24561403508773,100.0,0.0,1
trafo_7_1430,samples\trafo_7_1430.npz,faulted,trafo,7,31,33,100.0,100.0,0.0,1
trafo_8_1431,samples\trafo_8_1431.npz,faulted,trafo,8,40,10,100.0,100.0,0.0,1
trafo_9_1432,samples\trafo_9_1432.npz,faulted,trafo,9,44,14,98.24561403508773,100.0,0.0,1
trafo_10_1433,samples\trafo_10_1433.npz,faulted,trafo,10,45,13,100.0,100.0,0.0,1
trafo_11_1434,samples\trafo_11_1434.npz,faulted,trafo,11,50,9,100.0,100.0,0.0,1
trafo_12_1435,samples\trafo_12_1435.npz,faulted,trafo,12,48,12,100.0,100.0,0.0,1
trafo_13_1436,samples\trafo_13_1436.npz,faulted,trafo,13,42,10,98.24561403508773,100.0,0.0,1
trafo_14_1437,samples\trafo_14_1437.npz,faulted,trafo,14,55,39,98.24561403508773,100.0,-1.0,1
trafo_15_1438,samples\trafo_15_1438.npz,faulted,trafo,15,56,38,100.0,100.0,0.0,1
trafo_16_1439,samples\trafo_16_1439.npz,faulted,trafo,16,54,8,98.24561403508773,100.0,0.0,1
line_0_1440,samples\line_0_1440.npz,faulted,line,0,0,1,98.24561403508773,100.0,1.0,1
line_1_1441,samples\line_1_1441.npz,faulted,line,1,1,2,98.24561403508773,100.0,1.0,2
line_2_1442,samples\line_2_1442.npz,faulted,line,2,2,3,98.24561403508773,100.0,1.0,1
line_3_1443,samples\line_3_1443.npz,faulted,line,3,3,4,96.49122807017544,100.0,1.0,1
line_4_1444,samples\line_4_1444.npz,faulted,line,4,3,5,96.49122807017544,100.0,2.0,1
line_5_1445,samples\line_5_1445.npz,faulted,line,5,5,6,98.24561403508773,100.0,1.0,1
line_6_1446,samples\line_6_1446.npz,faulted,line,6,5,7,98.24561403508773,100.0,1.0,1
line_7_1447,samples\line_7_1447.npz,faulted,line,7,7,8,96.49122807017544,100.0,2.0,1
line_8_1448,samples\line_8_1448.npz,faulted,line,8,8,9,96.49122807017544,100.0,2.0,1
line_9_1449,samples\line_9_1449.npz,faulted,line,9,8,10,98.24561403508773,100.0,2.0,1
line_10_1450,samples\line_10_1450.npz,faulted,line,10,8,11,96.49122807017544,100.0,2.0,1
line_11_1451,samples\line_11_1451.npz,faulted,line,11,8,12,98.24561403508773,100.0,1.0,1
line_12_1452,samples\line_12_1452.npz,faulted,line,12,12,13,98.24561403508773,100.0,1.0,1
line_13_1453,samples\line_13_1453.npz,faulted,line,13,12,14,98.24561403508773,100.0,1.0,1
line_14_1454,samples\line_14_1454.npz,faulted,line,14,0,14,98.24561403508773,100.0,1.0,1
line_15_1455,samples\line_15_1455.npz,faulted,line,15,0,15,96.49122807017544,100.0,1.0,1
line_16_1456,samples\line_16_1456.npz,faulted,line,16,0,16,96.49122807017544,100.0,1.0,1
line_17_1457,samples\line_17_1457.npz,faulted,line,17,2,14,98.24561403508773,100.0,1.0,1
line_18_1458,samples\line_18_1458.npz,faulted,line,18,4,5,98.24561403508773,100.0,1.0,1
line_19_1459,samples\line_19_1459.npz,faulted,line,19,6,7,98.24561403508773,100.0,1.0,1
line_20_1460,samples\line_20_1460.npz,faulted,line,20,9,11,98.24561403508773,100.0,1.0,1
line_21_1461,samples\line_21_1461.npz,faulted,line,21,10,12,98.24561403508773,100.0,1.0,1
line_22_1462,samples\line_22_1462.npz,faulted,line,22,11,12,98.24561403508773,100.0,1.0,1
line_23_1463,samples\line_23_1463.npz,faulted,line,23,11,15,98.24561403508773,100.0,1.0,1
line_24_1464,samples\line_24_1464.npz,faulted,line,24,11,16,98.24561403508773,100.0,1.0,1
line_25_1465,samples\line_25_1465.npz,faulted,line,25,13,14,96.49122807017544,100.0,2.0,1
line_26_1466,samples\line_26_1466.npz,faulted,line,26,17,18,98.24561403508773,100.0,1.0,1
line_27_1467,samples\line_27_1467.npz,faulted,line,27,18,19,96.49122807017544,100.0,2.0,1
line_28_1468,samples\line_28_1468.npz,faulted,line,28,20,21,98.24561403508773,100.0,1.0,1
line_29_1469,samples\line_29_1469.npz,faulted,line,29,21,22,98.24561403508773,100.0,1.0,1
line_30_1470,samples\line_30_1470.npz,faulted,line,30,22,23,96.49122807017544,100.0,2.0,1
line_31_1471,samples\line_31_1471.npz,faulted,line,31,25,26,96.49122807017544,100.0,1.0,1
line_32_1472,samples\line_32_1472.npz,faulted,line,32,26,27,98.24561403508773,100.0,1.0,1
line_33_1473,samples\line_33_1473.npz,faulted,line,33,27,28,96.49122807017544,100.0,1.0,1
line_34_1474,samples\line_34_1474.npz,faulted,line,34,24,29,96.49122807017544,100.0,1.0,1
line_35_1475,samples\line_35_1475.npz,faulted,line,35,29,30,98.24561403508773,100.0,1.0,1
line_36_1476,samples\line_36_1476.npz,faulted,line,36,30,31,96.49122807017544,100.0,1.0,1
line_37_1477,samples\line_37_1477.npz,faulted,line,37,31,32,96.49122807017544,100.0,1.0,2
line_38_1478,samples\line_38_1478.npz,faulted,line,38,33,34,98.24561403508773,100.0,1.0,1
line_39_1479,samples\line_39_1479.npz,faulted,line,39,34,35,98.24561403508773,100.0,1.0,1
line_40_1480,samples\line_40_1480.npz,faulted,line,40,35,36,98.24561403508773,100.0,1.0,1
line_41_1481,samples\line_41_1481.npz,faulted,line,41,36,37,98.24561403508773,100.0,1.0,1
line_42_1482,samples\line_42_1482.npz,faulted,line,42,36,38,96.49122807017544,100.0,1.0,1
line_43_1483,samples\line_43_1483.npz,faulted,line,43,35,39,98.24561403508773,100.0,1.0,1
line_44_1484,samples\line_44_1484.npz,faulted,line,44,21,37,96.49122807017544,100.0,2.0,1
line_45_1485,samples\line_45_1485.npz,faulted,line,45,40,41,98.24561403508773,100.0,1.0,1
line_46_1486,samples\line_46_1486.npz,faulted,line,46,40,42,98.24561403508773,100.0,1.0,1
line_47_1487,samples\line_47_1487.npz,faulted,line,47,37,43,96.49122807017544,100.0,2.0,1
line_48_1488,samples\line_48_1488.npz,faulted,line,48,45,46,96.49122807017544,100.0,2.0,2
line_49_1489,samples\line_49_1489.npz,faulted,line,49,46,47,98.24561403508773,100.0,1.0,2
line_50_1490,samples\line_50_1490.npz,faulted,line,50,47,48,98.24561403508773,100.0,1.0,1
line_51_1491,samples\line_51_1491.npz,faulted,line,51,48,49,98.24561403508773,100.0,1.0,1
line_52_1492,samples\line_52_1492.npz,faulted,line,52,49,50,96.49122807017544,100.0,2.0,1
line_53_1493,samples\line_53_1493.npz,faulted,line,53,28,51,98.24561403508773,100.0,1.0,1
line_54_1494,samples\line_54_1494.npz,faulted,line,54,51,52,98.24561403508773,100.0,1.0,1
line_55_1495,samples\line_55_1495.npz,faulted,line,55,52,53,96.49122807017544,100.0,2.0,1
line_56_1496,samples\line_56_1496.npz,faulted,line,56,53,54,98.24561403508773,100.0,1.0,1
line_57_1497,samples\line_57_1497.npz,faulted,line,57,43,44,98.24561403508773,100.0,1.0,1
line_58_1498,samples\line_58_1498.npz,faulted,line,58,55,40,98.24561403508773,100.0,1.0,1
line_59_1499,samples\line_59_1499.npz,faulted,line,59,55,41,96.49122807017544,100.0,0.0,1
line_60_1500,samples\line_60_1500.npz,faulted,line,60,56,55,96.49122807017544,100.0,0.0,1
line_61_1501,samples\line_61_1501.npz,faulted,line,61,37,48,98.24561403508773,100.0,1.0,1
line_62_1502,samples\line_62_1502.npz,faulted,line,62,37,47,96.49122807017544,100.0,1.0,1
trafo_0_1503,samples\trafo_0_1503.npz,faulted,trafo,0,17,3,98.24561403508773,100.0,1.0,1
trafo_1_1504,samples\trafo_1_1504.npz,faulted,trafo,1,17,3,98.24561403508773,100.0,1.0,1
trafo_2_1505,samples\trafo_2_1505.npz,faulted,trafo,2,19,20,96.49122807017544,100.0,2.0,1
trafo_3_1506,samples\trafo_3_1506.npz,faulted,trafo,3,24,23,98.24561403508773,100.0,1.0,1
trafo_4_1507,samples\trafo_4_1507.npz,faulted,trafo,4,24,23,98.24561403508773,100.0,1.0,1
trafo_5_1508,samples\trafo_5_1508.npz,faulted,trafo,5,25,23,98.24561403508773,100.0,1.0,1
trafo_6_1509,samples\trafo_6_1509.npz,faulted,trafo,6,28,6,96.49122807017544,100.0,1.0,1
trafo_7_1510,samples\trafo_7_1510.npz,faulted,trafo,7,31,33,98.24561403508773,100.0,1.0,1
trafo_8_1511,samples\trafo_8_1511.npz,faulted,trafo,8,40,10,98.24561403508773,100.0,1.0,1
trafo_9_1512,samples\trafo_9_1512.npz,faulted,trafo,9,44,14,96.49122807017544,100.0,2.0,1
trafo_10_1513,samples\trafo_10_1513.npz,faulted,trafo,10,45,13,98.24561403508773,100.0,1.0,1
trafo_11_1514,samples\trafo_11_1514.npz,faulted,trafo,11,50,9,98.24561403508773,100.0,1.0,1
trafo_12_1515,samples\trafo_12_1515.npz,faulted,trafo,12,48,12,98.24561403508773,100.0,1.0,1
trafo_13_1516,samples\trafo_13_1516.npz,faulted,trafo,13,42,10,96.49122807017544,100.0,1.0,1
trafo_14_1517,samples\trafo_14_1517.npz,faulted,trafo,14,55,39,96.49122807017544,100.0,0.0,1
trafo_15_1518,samples\trafo_15_1518.npz,faulted,trafo,15,56,38,98.24561403508773,100.0,1.0,1
trafo_16_1519,samples\trafo_16_1519.npz,faulted,trafo,16,54,8,96.49122807017544,100.0,2.0,1
line_0_1520,samples\line_0_1520.npz,faulted,line,0,0,1,92.98245614035088,100.0,1.0,2
line_1_1521,samples\line_1_1521.npz,faulted,line,1,1,2,94.73684210526316,100.0,0.0,2
line_2_1522,samples\line_2_1522.npz,faulted,line,2,2,3,94.73684210526316,100.0,0.0,2
line_3_1523,samples\line_3_1523.npz,faulted,line,3,3,4,92.98245614035088,100.0,1.0,2
line_4_1524,samples\line_4_1524.npz,faulted,line,4,3,5,92.98245614035088,100.0,1.0,2
line_5_1525,samples\line_5_1525.npz,faulted,line,5,5,6,94.73684210526316,100.0,0.0,2
line_6_1526,samples\line_6_1526.npz,faulted,line,6,5,7,94.73684210526316,100.0,0.0,2
line_7_1527,samples\line_7_1527.npz,faulted,line,7,7,8,92.98245614035088,100.0,2.0,2
line_8_1528,samples\line_8_1528.npz,faulted,line,8,8,9,92.98245614035088,100.0,2.0,2
line_9_1529,samples\line_9_1529.npz,faulted,line,9,8,10,94.73684210526316,100.0,1.0,2
line_10_1530,samples\line_10_1530.npz,faulted,line,10,8,11,92.98245614035088,100.0,2.0,2
line_11_1531,samples\line_11_1531.npz,faulted,line,11,8,12,94.73684210526316,100.0,2.0,2
line_12_1532,samples\line_12_1532.npz,faulted,line,12,12,13,94.73684210526316,100.0,0.0,2
line_13_1533,samples\line_13_1533.npz,faulted,line,13,12,14,94.73684210526316,100.0,0.0,2
line_14_1534,samples\line_14_1534.npz,faulted,line,14,0,14,94.73684210526316,100.0,0.0,2
line_15_1535,samples\line_15_1535.npz,faulted,line,15,0,15,92.98245614035088,100.0,1.0,2
line_16_1536,samples\line_16_1536.npz,faulted,line,16,0,16,92.98245614035088,100.0,1.0,2
line_17_1537,samples\line_17_1537.npz,faulted,line,17,2,14,94.73684210526316,100.0,0.0,2
line_18_1538,samples\line_18_1538.npz,faulted,line,18,4,5,94.73684210526316,100.0,0.0,2
line_19_1539,samples\line_19_1539.npz,faulted,line,19,6,7,94.73684210526316,100.0,0.0,2
line_20_1540,samples\line_20_1540.npz,faulted,line,20,9,11,94.73684210526316,100.0,0.0,2
line_21_1541,samples\line_21_1541.npz,faulted,line,21,10,12,94.73684210526316,100.0,0.0,2
line_22_1542,samples\line_22_1542.npz,faulted,line,22,11,12,94.73684210526316,100.0,0.0,2
line_23_1543,samples\line_23_1543.npz,faulted,line,23,11,15,94.73684210526316,100.0,0.0,2
line_24_1544,samples\line_24_1544.npz,faulted,line,24,11,16,94.73684210526316,100.0,0.0,2
line_25_1545,samples\line_25_1545.npz,faulted,line,25,13,14,92.98245614035088,100.0,1.0,2
line_26_1546,samples\line_26_1546.npz,faulted,line,26,17,18,94.73684210526316,100.0,0.0,2
line_27_1547,samples\line_27_1547.npz,faulted,line,27,18,19,92.98245614035088,100.0,1.0,2
line_28_1548,samples\line_28_1548.npz,faulted,line,28,20,21,94.73684210526316,100.0,0.0,2
line_29_1549,samples\line_29_1549.npz,faulted,line,29,21,22,94.73684210526316,100.0,0.0,2
line_30_1550,samples\line_30_1550.npz,faulted,line,30,22,23,92.98245614035088,100.0,1.0,2
line_31_1551,samples\line_31_1551.npz,faulted,line,31,25,26,92.98245614035088,100.0,0.0,2
line_32_1552,samples\line_32_1552.npz,faulted,line,32,26,27,94.73684210526316,100.0,0.0,2
line_33_1553,samples\line_33_1553.npz,faulted,line,33,27,28,92.98245614035088,100.0,0.0,2
line_34_1554,samples\line_34_1554.npz,faulted,line,34,24,29,92.98245614035088,100.0,0.0,2
line_35_1555,samples\line_35_1555.npz,faulted,line,35,29,30,94.73684210526316,100.0,0.0,2
line_36_1556,samples\line_36_1556.npz,faulted,line,36,30,31,92.98245614035088,100.0,0.0,2
line_37_1557,samples\line_37_1557.npz,faulted,line,37,31,32,92.98245614035088,100.0,1.0,3
line_38_1558,samples\line_38_1558.npz,faulted,line,38,33,34,94.73684210526316,100.0,0.0,2
line_39_1559,samples\line_39_1559.npz,faulted,line,39,34,35,94.73684210526316,100.0,1.0,2
line_40_1560,samples\line_40_1560.npz,faulted,line,40,35,36,94.73684210526316,100.0,0.0,2
line_41_1561,samples\line_41_1561.npz,faulted,line,41,36,37,94.73684210526316,100.0,0.0,2
line_42_1562,samples\line_42_1562.npz,faulted,line,42,36,38,92.98245614035088,100.0,0.0,2
line_43_1563,samples\line_43_1563.npz,faulted,line,43,35,39,94.73684210526316,100.0,1.0,2
line_44_1564,samples\line_44_1564.npz,faulted,line,44,21,37,92.98245614035088,100.0,1.0,2
line_45_1565,samples\line_45_1565.npz,faulted,line,45,40,41,94.73684210526316,100.0,2.0,3
line_46_1566,samples\line_46_1566.npz,faulted,line,46,40,42,94.73684210526316,100.0,2.0,2
line_47_1567,samples\line_47_1567.npz,faulted,line,47,37,43,92.98245614035088,100.0,1.0,2
line_48_1568,samples\line_48_1568.npz,faulted,line,48,45,46,94.73684210526316,100.0,0.0,2
line_49_1569,samples\line_49_1569.npz,faulted,line,49,46,47,94.73684210526316,100.0,0.0,3
line_50_1570,samples\line_50_1570.npz,faulted,line,50,47,48,94.73684210526316,100.0,0.0,2
line_51_1571,samples\line_51_1571.npz,faulted,line,51,48,49,94.73684210526316,100.0,0.0,2
line_52_1572,samples\line_52_1572.npz,faulted,line,52,49,50,92.98245614035088,100.0,1.0,2
line_53_1573,samples\line_53_1573.npz,faulted,line,53,28,51,94.73684210526316,100.0,1.0,3
line_54_1574,samples\line_54_1574.npz,faulted,line,54,51,52,94.73684210526316,100.0,0.0,3
line_55_1575,samples\line_55_1575.npz,faulted,line,55,52,53,92.98245614035088,100.0,1.0,3
line_56_1576,samples\line_56_1576.npz,faulted,line,56,53,54,94.73684210526316,100.0,1.0,3
line_57_1577,samples\line_57_1577.npz,faulted,line,57,43,44,94.73684210526316,100.0,0.0,2
line_58_1578,samples\line_58_1578.npz,faulted,line,58,55,40,92.98245614035088,100.0,0.0,2
line_59_1579,samples\line_59_1579.npz,faulted,line,59,55,41,94.73684210526316,100.0,0.0,2
line_60_1580,samples\line_60_1580.npz,faulted,line,60,56,55,92.98245614035088,100.0,0.0,2
line_61_1581,samples\line_61_1581.npz,faulted,line,61,37,48,94.73684210526316,100.0,0.0,2
line_62_1582,samples\line_62_1582.npz,faulted,line,62,37,47,92.98245614035088,100.0,0.0,2
trafo_0_1583,samples\trafo_0_1583.npz,faulted,trafo,0,17,3,94.73684210526316,100.0,0.0,2
trafo_1_1584,samples\trafo_1_1584.npz,faulted,trafo,1,17,3,94.73684210526316,100.0,0.0,2
trafo_2_1585,samples\trafo_2_1585.npz,faulted,trafo,2,19,20,92.98245614035088,100.0,1.0,2
trafo_3_1586,samples\trafo_3_1586.npz,faulted,trafo,3,24,23,94.73684210526316,100.0,0.0,2
trafo_4_1587,samples\trafo_4_1587.npz,faulted,trafo,4,24,23,94.73684210526316,100.0,0.0,2
trafo_5_1588,samples\trafo_5_1588.npz,faulted,trafo,5,25,23,94.73684210526316,100.0,0.0,2
trafo_6_1589,samples\trafo_6_1589.npz,faulted,trafo,6,28,6,92.98245614035088,100.0,1.0,2
trafo_7_1590,samples\trafo_7_1590.npz,faulted,trafo,7,31,33,94.73684210526316,100.0,1.0,2
trafo_8_1591,samples\trafo_8_1591.npz,faulted,trafo,8,40,10,94.73684210526316,100.0,0.0,2
trafo_9_1592,samples\trafo_9_1592.npz,faulted,trafo,9,44,14,92.98245614035088,100.0,1.0,2
trafo_10_1593,samples\trafo_10_1593.npz,faulted,trafo,10,45,13,94.73684210526316,100.0,0.0,2
trafo_11_1594,samples\trafo_11_1594.npz,faulted,trafo,11,50,9,94.73684210526316,100.0,0.0,2
trafo_12_1595,samples\trafo_12_1595.npz,faulted,trafo,12,48,12,94.73684210526316,100.0,0.0,2
trafo_13_1596,samples\trafo_13_1596.npz,faulted,trafo,13,42,10,92.98245614035088,100.0,0.0,2
trafo_14_1597,samples\trafo_14_1597.npz,faulted,trafo,14,55,39,92.98245614035088,100.0,0.0,2
trafo_15_1598,samples\trafo_15_1598.npz,faulted,trafo,15,56,38,94.73684210526316,100.0,1.0,2
trafo_16_1599,samples\trafo_16_1599.npz,faulted,trafo,16,54,8,94.73684210526316,100.0,0.0,2
line_0_1600,samples\line_0_1600.npz,faulted,line,0,0,1,98.24561403508773,100.0,1.0,2
line_1_1601,samples\line_1_1601.npz,faulted,line,1,1,2,100.0,100.0,0.0,2
line_2_1602,samples\line_2_1602.npz,faulted,line,2,2,3,100.0,100.0,0.0,2
line_3_1603,samples\line_3_1603.npz,faulted,line,3,3,4,98.24561403508773,100.0,1.0,2
line_4_1604,samples\line_4_1604.npz,faulted,line,4,3,5,98.24561403508773,100.0,1.0,2
line_5_1605,samples\line_5_1605.npz,faulted,line,5,5,6,100.0,100.0,0.0,2
line_6_1606,samples\line_6_1606.npz,faulted,line,6,5,7,100.0,100.0,0.0,2
line_7_1607,samples\line_7_1607.npz,faulted,line,7,7,8,98.24561403508773,100.0,2.0,2
line_8_1608,samples\line_8_1608.npz,faulted,line,8,8,9,98.24561403508773,100.0,2.0,2
line_9_1609,samples\line_9_1609.npz,faulted,line,9,8,10,100.0,100.0,1.0,2
line_10_1610,samples\line_10_1610.npz,faulted,line,10,8,11,98.24561403508773,100.0,1.0,2
line_11_1611,samples\line_11_1611.npz,faulted,line,11,8,12,100.0,100.0,0.0,2
line_12_1612,samples\line_12_1612.npz,faulted,line,12,12,13,100.0,100.0,0.0,2
line_13_1613,samples\line_13_1613.npz,faulted,line,13,12,14,100.0,100.0,0.0,2
line_14_1614,samples\line_14_1614.npz,faulted,line,14,0,14,100.0,100.0,1.0,2
line_15_1615,samples\line_15_1615.npz,faulted,line,15,0,15,98.24561403508773,100.0,1.0,2
line_16_1616,samples\line_16_1616.npz,faulted,line,16,0,16,98.24561403508773,100.0,1.0,2
line_17_1617,samples\line_17_1617.npz,faulted,line,17,2,14,100.0,100.0,0.0,2
line_18_1618,samples\line_18_1618.npz,faulted,line,18,4,5,100.0,100.0,0.0,2
line_19_1619,samples\line_19_1619.npz,faulted,line,19,6,7,100.0,100.0,0.0,2
line_20_1620,samples\line_20_1620.npz,faulted,line,20,9,11,100.0,100.0,0.0,2
line_21_1621,samples\line_21_1621.npz,faulted,line,21,10,12,100.0,100.0,0.0,2
line_22_1622,samples\line_22_1622.npz,faulted,line,22,11,12,100.0,100.0,0.0,2
line_23_1623,samples\line_23_1623.npz,faulted,line,23,11,15,100.0,100.0,0.0,2
line_24_1624,samples\line_24_1624.npz,faulted,line,24,11,16,100.0,100.0,0.0,2
line_25_1625,samples\line_25_1625.npz,faulted,line,25,13,14,100.0,100.0,0.0,2
line_26_1626,samples\line_26_1626.npz,faulted,line,26,17,18,100.0,100.0,0.0,2
line_27_1627,samples\line_27_1627.npz,faulted,line,27,18,19,98.24561403508773,100.0,1.0,2
line_28_1628,samples\line_28_1628.npz,faulted,line,28,20,21,100.0,100.0,0.0,2
line_29_1629,samples\line_29_1629.npz,faulted,line,29,21,22,100.0,100.0,0.0,2
line_30_1630,samples\line_30_1630.npz,faulted,line,30,22,23,98.24561403508773,100.0,1.0,2
line_31_1631,samples\line_31_1631.npz,faulted,line,31,25,26,98.24561403508773,100.0,0.0,2
line_32_1632,samples\line_32_1632.npz,faulted,line,32,26,27,100.0,100.0,0.0,2
line_33_1633,samples\line_33_1633.npz,faulted,line,33,27,28,98.24561403508773,100.0,0.0,2
line_34_1634,samples\line_34_1634.npz,faulted,line,34,24,29,98.24561403508773,100.0,0.0,2
line_35_1635,samples\line_35_1635.npz,faulted,line,35,29,30,100.0,100.0,0.0,2
line_36_1636,samples\line_36_1636.npz,faulted,line,36,30,31,98.24561403508773,100.0,0.0,2
line_37_1637,samples\line_37_1637.npz,faulted,line,37,31,32,98.24561403508773,100.0,0.0,3
line_38_1638,samples\line_38_1638.npz,faulted,line,38,33,34,100.0,100.0,0.0,2
line_39_1639,samples\line_39_1639.npz,faulted,line,39,34,35,100.0,100.0,0.0,2
line_40_1640,samples\line_40_1640.npz,faulted,line,40,35,36,100.0,100.0,0.0,2
line_41_1641,samples\line_41_1641.npz,faulted,line,41,36,37,100.0,100.0,0.0,2
line_42_1642,samples\line_42_1642.npz,faulted,line,42,36,38,98.24561403508773,100.0,0.0,2
line_43_1643,samples\line_43_1643.npz,faulted,line,43,35,39,100.0,100.0,0.0,2
line_44_1644,samples\line_44_1644.npz,faulted,line,44,21,37,98.24561403508773,100.0,1.0,2
line_45_1645,samples\line_45_1645.npz,faulted,line,45,40,41,100.0,100.0,0.0,2
line_46_1646,samples\line_46_1646.npz,faulted,line,46,40,42,100.0,100.0,0.0,2
line_47_1647,samples\line_47_1647.npz,faulted,line,47,37,43,98.24561403508773,100.0,0.0,2
line_48_1648,samples\line_48_1648.npz,faulted,line,48,45,46,98.24561403508773,100.0,1.0,2
line_49_1649,samples\line_49_1649.npz,faulted,line,49,46,47,100.0,100.0,0.0,2
line_50_1650,samples\line_50_1650.npz,faulted,line,50,47,48,100.0,100.0,0.0,2
line_51_1651,samples\line_51_1651.npz,faulted,line,51,48,49,100.0,100.0,0.0,2
line_52_1652,samples\line_52_1652.npz,faulted,line,52,49,50,98.24561403508773,100.0,1.0,3
line_53_1653,samples\line_53_1653.npz,faulted,line,53,28,51,100.0,100.0,0.0,2
line_54_1654,samples\line_54_1654.npz,faulted,line,54,51,52,100.0,100.0,0.0,2
line_55_1655,samples\line_55_1655.npz,faulted,line,55,52,53,98.24561403508773,100.0,1.0,2
line_56_1656,samples\line_56_1656.npz,faulted,line,56,53,54,100.0,100.0,0.0,2
line_57_1657,samples\line_57_1657.npz,faulted,line,57,43,44,100.0,100.0,0.0,2
line_58_1658,samples\line_58_1658.npz,faulted,line,58,55,40,100.0,100.0,0.0,2
line_59_1659,samples\line_59_1659.npz,faulted,line,59,55,41,98.24561403508773,100.0,-1.0,2
line_60_1660,samples\line_60_1660.npz,faulted,line,60,56,55,98.24561403508773,100.0,-1.0,2
line_61_1661,samples\line_61_1661.npz,faulted,line,61,37,48,98.24561403508773,100.0,1.0,2
line_62_1662,samples\line_62_1662.npz,faulted,line,62,37,47,98.24561403508773,100.0,1.0,2
trafo_0_1663,samples\trafo_0_1663.npz,faulted,trafo,0,17,3,100.0,100.0,0.0,2
trafo_1_1664,samples\trafo_1_1664.npz,faulted,trafo,1,17,3,100.0,100.0,0.0,2
trafo_2_1665,samples\trafo_2_1665.npz,faulted,trafo,2,19,20,98.24561403508773,100.0,1.0,2
trafo_3_1666,samples\trafo_3_1666.npz,faulted,trafo,3,24,23,100.0,100.0,0.0,2
trafo_4_1667,samples\trafo_4_1667.npz,faulted,trafo,4,24,23,100.0,100.0,0.0,2
trafo_5_1668,samples\trafo_5_1668.npz,faulted,trafo,5,25,23,100.0,100.0,0.0,2
trafo_6_1669,samples\trafo_6_1669.npz,faulted,trafo,6,28,6,98.24561403508773,100.0,0.0,2
trafo_7_1670,samples\trafo_7_1670.npz,faulted,trafo,7,31,33,100.0,100.0,0.0,2
trafo_8_1671,samples\trafo_8_1671.npz,faulted,trafo,8,40,10,100.0,100.0,0.0,2
trafo_9_1672,samples\trafo_9_1672.npz,faulted,trafo,9,44,14,98.24561403508773,100.0,0.0,2
trafo_10_1673,samples\trafo_10_1673.npz,faulted,trafo,10,45,13,100.0,100.0,0.0,2
trafo_11_1674,samples\trafo_11_1674.npz,faulted,trafo,11,50,9,100.0,100.0,0.0,2
trafo_12_1675,samples\trafo_12_1675.npz,faulted,trafo,12,48,12,100.0,100.0,0.0,2
trafo_13_1676,samples\trafo_13_1676.npz,faulted,trafo,13,42,10,98.24561403508773,100.0,0.0,2
trafo_14_1677,samples\trafo_14_1677.npz,faulted,trafo,14,55,39,98.24561403508773,100.0,-1.0,2
trafo_15_1678,samples\trafo_15_1678.npz,faulted,trafo,15,56,38,100.0,100.0,0.0,2
trafo_16_1679,samples\trafo_16_1679.npz,faulted,trafo,16,54,8,98.24561403508773,100.0,1.0,2
line_0_1680,samples\line_0_1680.npz,faulted,line,0,0,1,92.98245614035088,100.0,2.0,1
line_1_1681,samples\line_1_1681.npz,faulted,line,1,1,2,94.73684210526316,100.0,1.0,1
line_2_1682,samples\line_2_1682.npz,faulted,line,2,2,3,94.73684210526316,100.0,1.0,1
line_3_1683,samples\line_3_1683.npz,faulted,line,3,3,4,92.98245614035088,100.0,2.0,1
line_4_1684,samples\line_4_1684.npz,faulted,line,4,3,5,92.98245614035088,100.0,2.0,1
line_5_1685,samples\line_5_1685.npz,faulted,line,5,5,6,94.73684210526316,100.0,1.0,1
line_6_1686,samples\line_6_1686.npz,faulted,line,6,5,7,94.73684210526316,100.0,1.0,1
line_7_1687,samples\line_7_1687.npz,faulted,line,7,7,8,92.98245614035088,100.0,3.0,1
line_8_1688,samples\line_8_1688.npz,faulted,line,8,8,9,92.98245614035088,100.0,3.0,1
line_9_1689,samples\line_9_1689.npz,faulted,line,9,8,10,94.73684210526316,100.0,2.0,1
line_10_1690,samples\line_10_1690.npz,faulted,line,10,8,11,92.98245614035088,100.0,2.0,1
line_11_1691,samples\line_11_1691.npz,faulted,line,11,8,12,94.73684210526316,100.0,1.0,1
line_12_1692,samples\line_12_1692.npz,faulted,line,12,12,13,94.73684210526316,100.0,1.0,1
line_13_1693,samples\line_13_1693.npz,faulted,line,13,12,14,94.73684210526316,100.0,1.0,1
line_14_1694,samples\line_14_1694.npz,faulted,line,14,0,14,94.73684210526316,100.0,1.0,1
line_15_1695,samples\line_15_1695.npz,faulted,line,15,0,15,92.98245614035088,100.0,2.0,1
line_16_1696,samples\line_16_1696.npz,faulted,line,16,0,16,92.98245614035088,100.0,2.0,1
line_17_1697,samples\line_17_1697.npz,faulted,line,17,2,14,94.73684210526316,100.0,1.0,1
line_18_1698,samples\line_18_1698.npz,faulted,line,18,4,5,94.73684210526316,100.0,1.0,1
line_19_1699,samples\line_19_1699.npz,faulted,line,19,6,7,94.73684210526316,100.0,1.0,1
line_20_1700,samples\line_20_1700.npz,faulted,line,20,9,11,94.73684210526316,100.0,1.0,1
line_21_1701,samples\line_21_1701.npz,faulted,line,21,10,12,94.73684210526316,100.0,1.0,1
line_22_1702,samples\line_22_1702.npz,faulted,line,22,11,12,94.73684210526316,100.0,1.0,1
line_23_1703,samples\line_23_1703.npz,faulted,line,23,11,15,94.73684210526316,100.0,1.0,1
line_24_1704,samples\line_24_1704.npz,faulted,line,24,11,16,94.73684210526316,100.0,1.0,1
line_25_1705,samples\line_25_1705.npz,faulted,line,25,13,14,92.98245614035088,100.0,2.0,1
line_26_1706,samples\line_26_1706.npz,faulted,line,26,17,18,94.73684210526316,100.0,1.0,1
line_27_1707,samples\line_27_1707.npz,faulted,line,27,18,19,92.98245614035088,100.0,1.0,1
line_28_1708,samples\line_28_1708.npz,faulted,line,28,20,21,94.73684210526316,100.0,1.0,1
line_29_1709,samples\line_29_1709.npz,faulted,line,29,21,22,94.73684210526316,100.0,1.0,1
line_30_1710,samples\line_30_1710.npz,faulted,line,30,22,23,92.98245614035088,100.0,1.0,1
line_31_1711,samples\line_31_1711.npz,faulted,line,31,25,26,92.98245614035088,100.0,1.0,1
line_32_1712,samples\line_32_1712.npz,faulted,line,32,26,27,94.73684210526316,100.0,1.0,1
line_33_1713,samples\line_33_1713.npz,faulted,line,33,27,28,92.98245614035088,100.0,1.0,1
line_34_1714,samples\line_34_1714.npz,faulted,line,34,24,29,92.98245614035088,100.0,1.0,2
line_35_1715,samples\line_35_1715.npz,faulted,line,35,29,30,94.73684210526316,100.0,2.0,2
line_36_1716,samples\line_36_1716.npz,faulted,line,36,30,31,94.73684210526316,100.0,1.0,1
line_37_1717,samples\line_37_1717.npz,faulted,line,37,31,32,92.98245614035088,100.0,2.0,2
line_38_1718,samples\line_38_1718.npz,faulted,line,38,33,34,94.73684210526316,100.0,1.0,2
line_39_1719,samples\line_39_1719.npz,faulted,line,39,34,35,94.73684210526316,100.0,2.0,2
line_40_1720,samples\line_40_1720.npz,faulted,line,40,35,36,94.73684210526316,100.0,1.0,1
line_41_1721,samples\line_41_1721.npz,faulted,line,41,36,37,94.73684210526316,100.0,1.0,1
line_42_1722,samples\line_42_1722.npz,faulted,line,42,36,38,94.73684210526316,100.0,1.0,1
line_43_1723,samples\line_43_1723.npz,faulted,line,43,35,39,94.73684210526316,100.0,1.0,1
line_44_1724,samples\line_44_1724.npz,faulted,line,44,21,37,94.73684210526316,100.0,1.0,1
line_45_1725,samples\line_45_1725.npz,faulted,line,45,40,41,94.73684210526316,100.0,1.0,1
line_46_1726,samples\line_46_1726.npz,faulted,line,46,40,42,94.73684210526316,100.0,1.0,1
line_47_1727,samples\line_47_1727.npz,faulted,line,47,37,43,92.98245614035088,100.0,2.0,1
line_48_1728,samples\line_48_1728.npz,faulted,line,48,45,46,92.98245614035088,100.0,2.0,2
line_49_1729,samples\line_49_1729.npz,faulted,line,49,46,47,94.73684210526316,100.0,1.0,2
line_50_1730,samples\line_50_1730.npz,faulted,line,50,47,48,94.73684210526316,100.0,1.0,1
line_51_1731,samples\line_51_1731.npz,faulted,line,51,48,49,94.73684210526316,100.0,1.0,2
line_52_1732,samples\line_52_1732.npz,faulted,line,52,49,50,92.98245614035088,100.0,2.0,2
line_53_1733,samples\line_53_1733.npz,faulted,line,53,28,51,94.73684210526316,100.0,1.0,1
line_54_1734,samples\line_54_1734.npz,faulted,line,54,51,52,94.73684210526316,100.0,1.0,1
line_55_1735,samples\line_55_1735.npz,faulted,line,55,52,53,92.98245614035088,100.0,2.0,1
line_56_1736,samples\line_56_1736.npz,faulted,line,56,53,54,94.73684210526316,100.0,1.0,1
line_57_1737,samples\line_57_1737.npz,faulted,line,57,43,44,94.73684210526316,100.0,1.0,1
line_58_1738,samples\line_58_1738.npz,faulted,line,58,55,40,94.73684210526316,100.0,1.0,1
line_59_1739,samples\line_59_1739.npz,faulted,line,59,55,41,92.98245614035088,100.0,0.0,1
line_60_1740,samples\line_60_1740.npz,faulted,line,60,56,55,92.98245614035088,100.0,0.0,2
line_61_1741,samples\line_61_1741.npz,faulted,line,61,37,48,94.73684210526316,100.0,1.0,1
line_62_1742,samples\line_62_1742.npz,faulted,line,62,37,47,92.98245614035088,100.0,1.0,1
trafo_0_1743,samples\trafo_0_1743.npz,faulted,trafo,0,17,3,94.73684210526316,100.0,1.0,1
trafo_1_1744,samples\trafo_1_1744.npz,faulted,trafo,1,17,3,94.73684210526316,100.0,1.0,1
trafo_2_1745,samples\trafo_2_1745.npz,faulted,trafo,2,19,20,92.98245614035088,100.0,1.0,1
trafo_3_1746,samples\trafo_3_1746.npz,faulted,trafo,3,24,23,94.73684210526316,100.0,1.0,1
trafo_4_1747,samples\trafo_4_1747.npz,faulted,trafo,4,24,23,94.73684210526316,100.0,0.0,2
trafo_5_1748,samples\trafo_5_1748.npz,faulted,trafo,5,25,23,94.73684210526316,100.0,0.0,1
trafo_6_1749,samples\trafo_6_1749.npz,faulted,trafo,6,28,6,92.98245614035088,100.0,1.0,1
trafo_7_1750,samples\trafo_7_1750.npz,faulted,trafo,7,31,33,94.73684210526316,100.0,1.0,2
trafo_8_1751,samples\trafo_8_1751.npz,faulted,trafo,8,40,10,94.73684210526316,100.0,1.0,1
trafo_9_1752,samples\trafo_9_1752.npz,faulted,trafo,9,44,14,92.98245614035088,100.0,2.0,1
trafo_10_1753,samples\trafo_10_1753.npz,faulted,trafo,10,45,13,94.73684210526316,100.0,1.0,1
trafo_11_1754,samples\trafo_11_1754.npz,faulted,trafo,11,50,9,94.73684210526316,100.0,1.0,1
trafo_12_1755,samples\trafo_12_1755.npz,faulted,trafo,12,48,12,94.73684210526316,100.0,1.0,1
trafo_13_1756,samples\trafo_13_1756.npz,faulted,trafo,13,42,10,92.98245614035088,100.0,1.0,1
trafo_14_1757,samples\trafo_14_1757.npz,faulted,trafo,14,55,39,92.98245614035088,100.0,0.0,1
trafo_15_1758,samples\trafo_15_1758.npz,faulted,trafo,15,56,38,94.73684210526316,100.0,1.0,2
trafo_16_1759,samples\trafo_16_1759.npz,faulted,trafo,16,54,8,92.98245614035088,100.0,2.0,1
line_0_1760,samples\line_0_1760.npz,faulted,line,0,0,1,98.24561403508773,100.0,1.0,1
line_1_1761,samples\line_1_1761.npz,faulted,line,1,1,2,100.0,100.0,0.0,1
line_2_1762,samples\line_2_1762.npz,faulted,line,2,2,3,100.0,100.0,0.0,1
line_3_1763,samples\line_3_1763.npz,faulted,line,3,3,4,98.24561403508773,100.0,1.0,1
line_4_1764,samples\line_4_1764.npz,faulted,line,4,3,5,98.24561403508773,100.0,1.0,1
line_5_1765,samples\line_5_1765.npz,faulted,line,5,5,6,100.0,100.0,0.0,1
line_6_1766,samples\line_6_1766.npz,faulted,line,6,5,7,100.0,100.0,0.0,1
line_7_1767,samples\line_7_1767.npz,faulted,line,7,7,8,98.24561403508773,100.0,1.0,1
line_8_1768,samples\line_8_1768.npz,faulted,line,8,8,9,98.24561403508773,100.0,0.0,1
line_9_1769,samples\line_9_1769.npz,faulted,line,9,8,10,100.0,100.0,-1.0,1
line_10_1770,samples\line_10_1770.npz,faulted,line,10,8,11,98.24561403508773,100.0,1.0,1
line_11_1771,samples\line_11_1771.npz,faulted,line,11,8,12,100.0,100.0,0.0,1
line_12_1772,samples\line_12_1772.npz,faulted,line,12,12,13,100.0,100.0,0.0,1
line_13_1773,samples\line_13_1773.npz,faulted,line,13,12,14,100.0,100.0,0.0,1
line_14_1774,samples\line_14_1774.npz,faulted,line,14,0,14,100.0,100.0,1.0,1
line_15_1775,samples\line_15_1775.npz,faulted,line,15,0,15,98.24561403508773,100.0,1.0,1
line_16_1776,samples\line_16_1776.npz,faulted,line,16,0,16,98.24561403508773,100.0,1.0,1
line_17_1777,samples\line_17_1777.npz,faulted,line,17,2,14,100.0,100.0,0.0,1
line_18_1778,samples\line_18_1778.npz,faulted,line,18,4,5,100.0,100.0,0.0,1
line_19_1779,samples\line_19_1779.npz,faulted,line,19,6,7,100.0,100.0,0.0,1
line_20_1780,samples\line_20_1780.npz,faulted,line,20,9,11,100.0,100.0,0.0,1
line_21_1781,samples\line_21_1781.npz,faulted,line,21,10,12,100.0,100.0,0.0,1
line_22_1782,samples\line_22_1782.npz,faulted,line,22,11,12,100.0,100.0,0.0,1
line_23_1783,samples\line_23_1783.npz,faulted,line,23,11,15,100.0,100.0,0.0,1
line_24_1784,samples\line_24_1784.npz,faulted,line,24,11,16,100.0,100.0,0.0,1
line_25_1785,samples\line_25_1785.npz,faulted,line,25,13,14,100.0,100.0,0.0,1
line_26_1786,samples\line_26_1786.npz,faulted,line,26,17,18,100.0,100.0,0.0,1
line_27_1787,samples\line_27_1787.npz,faulted,line,27,18,19,98.24561403508773,100.0,1.0,1
line_28_1788,samples\line_28_1788.npz,faulted,line,28,20,21,100.0,100.0,0.0,1
line_29_1789,samples\line_29_1789.npz,faulted,line,29,21,22,100.0,100.0,0.0,2
line_30_1790,samples\line_30_1790.npz,faulted,line,30,22,23,98.24561403508773,100.0,0.0,2
line_31_1791,samples\line_31_1791.npz,faulted,line,31,25,26,98.24561403508773,100.0,1.0,2
line_32_1792,samples\line_32_1792.npz,faulted,line,32,26,27,100.0,100.0,0.0,2
line_33_1793,samples\line_33_1793.npz,faulted,line,33,27,28,98.24561403508773,100.0,0.0,2
line_34_1794,samples\line_34_1794.npz,faulted,line,34,24,29,98.24561403508773,100.0,0.0,2
line_35_1795,samples\line_35_1795.npz,faulted,line,35,29,30,100.0,100.0,0.0,2
line_36_1796,samples\line_36_1796.npz,faulted,line,36,30,31,98.24561403508773,100.0,0.0,2
line_37_1797,samples\line_37_1797.npz,faulted,line,37,31,32,98.24561403508773,100.0,1.0,2
line_38_1798,samples\line_38_1798.npz,faulted,line,38,33,34,100.0,100.0,0.0,1
line_39_1799,samples\line_39_1799.npz,faulted,line,39,34,35,100.0,100.0,0.0,2
line_40_1800,samples\line_40_1800.npz,faulted,line,40,35,36,100.0,100.0,0.0,1
line_41_1801,samples\line_41_1801.npz,faulted,line,41,36,37,100.0,100.0,0.0,1
line_42_1802,samples\line_42_1802.npz,faulted,line,42,36,38,98.24561403508773,100.0,0.0,1
line_43_1803,samples\line_43_1803.npz,faulted,line,43,35,39,100.0,100.0,0.0,1
line_44_1804,samples\line_44_1804.npz,faulted,line,44,21,37,98.24561403508773,100.0,0.0,1
line_45_1805,samples\line_45_1805.npz,faulted,line,45,40,41,100.0,100.0,0.0,1
line_46_1806,samples\line_46_1806.npz,faulted,line,46,40,42,100.0,100.0,0.0,1
line_47_1807,samples\line_47_1807.npz,faulted,line,47,37,43,98.24561403508773,100.0,0.0,1
line_48_1808,samples\line_48_1808.npz,faulted,line,48,45,46,98.24561403508773,100.0,1.0,1
line_49_1809,samples\line_49_1809.npz,faulted,line,49,46,47,100.0,100.0,0.0,1
line_50_1810,samples\line_50_1810.npz,faulted,line,50,47,48,100.0,100.0,0.0,1
line_51_1811,samples\line_51_1811.npz,faulted,line,51,48,49,100.0,100.0,0.0,1
line_52_1812,samples\line_52_1812.npz,faulted,line,52,49,50,98.24561403508773,100.0,1.0,1
line_53_1813,samples\line_53_1813.npz,faulted,line,53,28,51,100.0,100.0,0.0,1
line_54_1814,samples\line_54_1814.npz,faulted,line,54,51,52,100.0,100.0,0.0,1
line_55_1815,samples\line_55_1815.npz,faulted,line,55,52,53,98.24561403508773,100.0,1.0,1
line_56_1816,samples\line_56_1816.npz,faulted,line,56,53,54,100.0,100.0,0.0,1
line_57_1817,samples\line_57_1817.npz,faulted,line,57,43,44,100.0,100.0,0.0,1
line_58_1818,samples\line_58_1818.npz,faulted,line,58,55,40,100.0,100.0,0.0,1
line_59_1819,samples\line_59_1819.npz,faulted,line,59,55,41,98.24561403508773,100.0,-1.0,1
line_60_1820,samples\line_60_1820.npz,faulted,line,60,56,55,98.24561403508773,100.0,-1.0,1
line_61_1821,samples\line_61_1821.npz,faulted,line,61,37,48,100.0,100.0,0.0,1
line_62_1822,samples\line_62_1822.npz,faulted,line,62,37,47,98.24561403508773,100.0,1.0,1
trafo_0_1823,samples\trafo_0_1823.npz,faulted,trafo,0,17,3,98.24561403508773,100.0,1.0,1
trafo_1_1824,samples\trafo_1_1824.npz,faulted,trafo,1,17,3,100.0,100.0,0.0,1
trafo_2_1825,samples\trafo_2_1825.npz,faulted,trafo,2,19,20,98.24561403508773,100.0,1.0,1
trafo_3_1826,samples\trafo_3_1826.npz,faulted,trafo,3,24,23,100.0,100.0,0.0,1
trafo_4_1827,samples\trafo_4_1827.npz,faulted,trafo,4,24,23,100.0,100.0,0.0,1
trafo_5_1828,samples\trafo_5_1828.npz,faulted,trafo,5,25,23,100.0,100.0,0.0,1
trafo_6_1829,samples\trafo_6_1829.npz,faulted,trafo,6,28,6,98.24561403508773,100.0,1.0,1
trafo_7_1830,samples\trafo_7_1830.npz,faulted,trafo,7,31,33,98.24561403508773,100.0,1.0,2
trafo_8_1831,samples\trafo_8_1831.npz,faulted,trafo,8,40,10,100.0,100.0,0.0,1
trafo_9_1832,samples\trafo_9_1832.npz,faulted,trafo,9,44,14,98.24561403508773,100.0,0.0,1
trafo_10_1833,samples\trafo_10_1833.npz,faulted,trafo,10,45,13,100.0,100.0,0.0,1
trafo_11_1834,samples\trafo_11_1834.npz,faulted,trafo,11,50,9,100.0,100.0,0.0,1
trafo_12_1835,samples\trafo_12_1835.npz,faulted,trafo,12,48,12,100.0,100.0,0.0,1
trafo_13_1836,samples\trafo_13_1836.npz,faulted,trafo,13,42,10,98.24561403508773,100.0,0.0,1
trafo_14_1837,samples\trafo_14_1837.npz,faulted,trafo,14,55,39,98.24561403508773,100.0,-1.0,1
trafo_15_1838,samples\trafo_15_1838.npz,faulted,trafo,15,56,38,100.0,100.0,0.0,1
trafo_16_1839,samples\trafo_16_1839.npz,faulted,trafo,16,54,8,98.24561403508773,100.0,0.0,1
line_0_1840,samples\line_0_1840.npz,faulted,line,0,0,1,92.98245614035088,100.0,2.0,1
line_1_1841,samples\line_1_1841.npz,faulted,line,1,1,2,94.73684210526316,100.0,1.0,1
line_2_1842,samples\line_2_1842.npz,faulted,line,2,2,3,94.73684210526316,100.0,1.0,1
line_3_1843,samples\line_3_1843.npz,faulted,line,3,3,4,92.98245614035088,100.0,1.0,1
line_4_1844,samples\line_4_1844.npz,faulted,line,4,3,5,92.98245614035088,100.0,1.0,1
line_5_1845,samples\line_5_1845.npz,faulted,line,5,5,6,94.73684210526316,100.0,1.0,1
line_6_1846,samples\line_6_1846.npz,faulted,line,6,5,7,94.73684210526316,100.0,1.0,1
line_7_1847,samples\line_7_1847.npz,faulted,line,7,7,8,92.98245614035088,100.0,1.0,1
line_8_1848,samples\line_8_1848.npz,faulted,line,8,8,9,92.98245614035088,100.0,1.0,1
line_9_1849,samples\line_9_1849.npz,faulted,line,9,8,10,94.73684210526316,100.0,1.0,1
line_10_1850,samples\line_10_1850.npz,faulted,line,10,8,11,92.98245614035088,100.0,1.0,1
line_11_1851,samples\line_11_1851.npz,faulted,line,11,8,12,94.73684210526316,100.0,0.0,1
line_12_1852,samples\line_12_1852.npz,faulted,line,12,12,13,94.73684210526316,100.0,0.0,1
line_13_1853,samples\line_13_1853.npz,faulted,line,13,12,14,94.73684210526316,100.0,0.0,1
line_14_1854,samples\line_14_1854.npz,faulted,line,14,0,14,94.73684210526316,100.0,1.0,1
line_15_1855,samples\line_15_1855.npz,faulted,line,15,0,15,92.98245614035088,100.0,1.0,1
line_16_1856,samples\line_16_1856.npz,faulted,line,16,0,16,94.73684210526316,100.0,1.0,1
line_17_1857,samples\line_17_1857.npz,faulted,line,17,2,14,94.73684210526316,100.0,1.0,1
line_18_1858,samples\line_18_1858.npz,faulted,line,18,4,5,94.73684210526316,100.0,1.0,1
line_19_1859,samples\line_19_1859.npz,faulted,line,19,6,7,94.73684210526316,100.0,1.0,1
line_20_1860,samples\line_20_1860.npz,faulted,line,20,9,11,94.73684210526316,100.0,1.0,1
line_21_1861,samples\line_21_1861.npz,faulted,line,21,10,12,94.73684210526316,100.0,0.0,1
line_22_1862,samples\line_22_1862.npz,faulted,line,22,11,12,94.73684210526316,100.0,0.0,1
line_23_1863,samples\line_23_1863.npz,faulted,line,23,11,15,94.73684210526316,100.0,1.0,1
line_24_1864,samples\line_24_1864.npz,faulted,line,24,11,16,94.73684210526316,100.0,1.0,2
line_25_1865,samples\line_25_1865.npz,faulted,line,25,13,14,92.98245614035088,100.0,1.0,1
line_26_1866,samples\line_26_1866.npz,faulted,line,26,17,18,94.73684210526316,100.0,1.0,1
line_27_1867,samples\line_27_1867.npz,faulted,line,27,18,19,92.98245614035088,100.0,2.0,1
line_28_1868,samples\line_28_1868.npz,faulted,line,28,20,21,94.73684210526316,100.0,1.0,1
line_29_1869,samples\line_29_1869.npz,faulted,line,29,21,22,94.73684210526316,100.0,1.0,1
line_30_1870,samples\line_30_1870.npz,faulted,line,30,22,23,92.98245614035088,100.0,1.0,1
line_31_1871,samples\line_31_1871.npz,faulted,line,31,25,26,92.98245614035088,100.0,1.0,1
line_32_1872,samples\line_32_1872.npz,faulted,line,32,26,27,94.73684210526316,100.0,1.0,1
line_33_1873,samples\line_33_1873.npz,faulted,line,33,27,28,92.98245614035088,100.0,1.0,1
line_34_1874,samples\line_34_1874.npz,faulted,line,34,24,29,92.98245614035088,100.0,1.0,1
line_35_1875,samples\line_35_1875.npz,faulted,line,35,29,30,94.73684210526316,100.0,1.0,1
line_36_1876,samples\line_36_1876.npz,faulted,line,36,30,31,92.98245614035088,100.0,1.0,1
line_37_1877,samples\line_37_1877.npz,faulted,line,37,31,32,92.98245614035088,100.0,2.0,2
line_38_1878,samples\line_38_1878.npz,faulted,line,38,33,34,94.73684210526316,100.0,1.0,1
line_39_1879,samples\line_39_1879.npz,faulted,line,39,34,35,94.73684210526316,100.0,2.0,1
line_40_1880,samples\line_40_1880.npz,faulted,line,40,35,36,94.73684210526316,100.0,1.0,1
line_41_1881,samples\line_41_1881.npz,faulted,line,41,36,37,94.73684210526316,100.0,1.0,1
line_42_1882,samples\line_42_1882.npz,faulted,line,42,36,38,92.98245614035088,100.0,1.0,1
line_43_1883,samples\line_43_1883.npz,faulted,line,43,35,39,94.73684210526316,100.0,2.0,2
line_44_1884,samples\line_44_1884.npz,faulted,line,44,21,37,92.98245614035088,100.0,2.0,1
line_45_1885,samples\line_45_1885.npz,faulted,line,45,40,41,94.73684210526316,100.0,2.0,1
line_46_1886,samples\line_46_1886.npz,faulted,line,46,40,42,94.73684210526316,100.0,2.0,2
line_47_1887,samples\line_47_1887.npz,faulted,line,47,37,43,92.98245614035088,100.0,1.0,1
line_48_1888,samples\line_48_1888.npz,faulted,line,48,45,46,92.98245614035088,100.0,3.0,2
line_49_1889,samples\line_49_1889.npz,faulted,line,49,46,47,94.73684210526316,100.0,2.0,2
line_50_1890,samples\line_50_1890.npz,faulted,line,50,47,48,94.73684210526316,100.0,1.0,1
line_51_1891,samples\line_51_1891.npz,faulted,line,51,48,49,94.73684210526316,100.0,1.0,1
line_52_1892,samples\line_52_1892.npz,faulted,line,52,49,50,92.98245614035088,100.0,2.0,1
line_53_1893,samples\line_53_1893.npz,faulted,line,53,28,51,94.73684210526316,100.0,1.0,1
line_54_1894,samples\line_54_1894.npz,faulted,line,54,51,52,94.73684210526316,100.0,1.0,1
line_55_1895,samples\line_55_1895.npz,faulted,line,55,52,53,92.98245614035088,100.0,2.0,1
line_56_1896,samples\line_56_1896.npz,faulted,line,56,53,54,94.73684210526316,100.0,1.0,1
line_57_1897,samples\line_57_1897.npz,faulted,line,57,43,44,94.73684210526316,100.0,2.0,1
line_58_1898,samples\line_58_1898.npz,faulted,line,58,55,40,94.73684210526316,100.0,1.0,1
line_59_1899,samples\line_59_1899.npz,faulted,line,59,55,41,92.98245614035088,100.0,1.0,1
line_60_1900,samples\line_60_1900.npz,faulted,line,60,56,55,92.98245614035088,100.0,1.0,1
line_61_1901,samples\line_61_1901.npz,faulted,line,61,37,48,94.73684210526316,100.0,1.0,1
line_62_1902,samples\line_62_1902.npz,faulted,line,62,37,47,92.98245614035088,100.0,1.0,1
trafo_0_1903,samples\trafo_0_1903.npz,faulted,trafo,0,17,3,94.73684210526316,100.0,1.0,1
trafo_1_1904,samples\trafo_1_1904.npz,faulted,trafo,1,17,3,94.73684210526316,100.0,1.0,1
trafo_2_1905,samples\trafo_2_1905.npz,faulted,trafo,2,19,20,92.98245614035088,100.0,1.0,1
trafo_3_1906,samples\trafo_3_1906.npz,faulted,trafo,3,24,23,94.73684210526316,100.0,1.0,1
trafo_4_1907,samples\trafo_4_1907.npz,faulted,trafo,4,24,23,94.73684210526316,100.0,1.0,1
trafo_5_1908,samples\trafo_5_1908.npz,faulted,trafo,5,25,23,94.73684210526316,100.0,0.0,1
trafo_6_1909,samples\trafo_6_1909.npz,faulted,trafo,6,28,6,92.98245614035088,100.0,1.0,1
trafo_7_1910,samples\trafo_7_1910.npz,faulted,trafo,7,31,33,94.73684210526316,100.0,2.0,1
trafo_8_1911,samples\trafo_8_1911.npz,faulted,trafo,8,40,10,94.73684210526316,100.0,1.0,1
trafo_9_1912,samples\trafo_9_1912.npz,faulted,trafo,9,44,14,92.98245614035088,100.0,1.0,1
trafo_10_1913,samples\trafo_10_1913.npz,faulted,trafo,10,45,13,94.73684210526316,100.0,1.0,1
trafo_11_1914,samples\trafo_11_1914.npz,faulted,trafo,11,50,9,94.73684210526316,100.0,1.0,1
trafo_12_1915,samples\trafo_12_1915.npz,faulted,trafo,12,48,12,94.73684210526316,100.0,0.0,1
trafo_13_1916,samples\trafo_13_1916.npz,faulted,trafo,13,42,10,94.73684210526316,100.0,1.0,1
trafo_14_1917,samples\trafo_14_1917.npz,faulted,trafo,14,55,39,94.73684210526316,100.0,1.0,1
trafo_15_1918,samples\trafo_15_1918.npz,faulted,trafo,15,56,38,94.73684210526316,100.0,2.0,1
trafo_16_1919,samples\trafo_16_1919.npz,faulted,trafo,16,54,8,92.98245614035088,100.0,1.0,1
line_0_1920,samples\line_0_1920.npz,faulted,line,0,0,1,92.98245614035088,100.0,2.0,1
line_1_1921,samples\line_1_1921.npz,faulted,line,1,1,2,94.73684210526316,100.0,1.0,1
line_2_1922,samples\line_2_1922.npz,faulted,line,2,2,3,94.73684210526316,100.0,2.0,1
line_3_1923,samples\line_3_1923.npz,faulted,line,3,3,4,92.98245614035088,100.0,1.0,1
line_4_1924,samples\line_4_1924.npz,faulted,line,4,3,5,92.98245614035088,100.0,1.0,1
line_5_1925,samples\line_5_1925.npz,faulted,line,5,5,6,94.73684210526316,100.0,1.0,1
line_6_1926,samples\line_6_1926.npz,faulted,line,6,5,7,94.73684210526316,100.0,1.0,1
line_7_1927,samples\line_7_1927.npz,faulted,line,7,7,8,92.98245614035088,100.0,1.0,1
line_8_1928,samples\line_8_1928.npz,faulted,line,8,8,9,92.98245614035088,100.0,1.0,1
line_9_1929,samples\line_9_1929.npz,faulted,line,9,8,10,94.73684210526316,100.0,1.0,1
line_10_1930,samples\line_10_1930.npz,faulted,line,10,8,11,94.73684210526316,100.0,1.0,1
line_11_1931,samples\line_11_1931.npz,faulted,line,11,8,12,94.73684210526316,100.0,1.0,1
line_12_1932,samples\line_12_1932.npz,faulted,line,12,12,13,94.73684210526316,100.0,1.0,1
line_13_1933,samples\line_13_1933.npz,faulted,line,13,12,14,94.73684210526316,100.0,1.0,1
line_14_1934,samples\line_14_1934.npz,faulted,line,14,0,14,94.73684210526316,100.0,1.0,1
line_15_1935,samples\line_15_1935.npz,faulted,line,15,0,15,92.98245614035088,100.0,2.0,1
line_16_1936,samples\line_16_1936.npz,faulted,line,16,0,16,92.98245614035088,100.0,2.0,1
line_17_1937,samples\line_17_1937.npz,faulted,line,17,2,14,94.73684210526316,100.0,1.0,1
line_18_1938,samples\line_18_1938.npz,faulted,line,18,4,5,94.73684210526316,100.0,1.0,1
line_19_1939,samples\line_19_1939.npz,faulted,line,19,6,7,94.73684210526316,100.0,1.0,1
line_20_1940,samples\line_20_1940.npz,faulted,line,20,9,11,94.73684210526316,100.0,1.0,1
line_21_1941,samples\line_21_1941.npz,faulted,line,21,10,12,94.73684210526316,100.0,1.0,1
line_22_1942,samples\line_22_1942.npz,faulted,line,22,11,12,94.73684210526316,100.0,1.0,1
line_23_1943,samples\line_23_1943.npz,faulted,line,23,11,15,94.73684210526316,100.0,1.0,1
line_24_1944,samples\line_24_1944.npz,faulted,line,24,11,16,94.73684210526316,100.0,1.0,1
line_25_1945,samples\line_25_1945.npz,faulted,line,25,13,14,94.73684210526316,100.0,1.0,1
line_26_1946,samples\line_26_1946.npz,faulted,line,26,17,18,94.73684210526316,100.0,1.0,1
line_27_1947,samples\line_27_1947.npz,faulted,line,27,18,19,92.98245614035088,100.0,2.0,1
line_28_1948,samples\line_28_1948.npz,faulted,line,28,20,21,94.73684210526316,100.0,1.0,1
line_29_1949,samples\line_29_1949.npz,faulted,line,29,21,22,94.73684210526316,100.0,1.0,1
line_30_1950,samples\line_30_1950.npz,faulted,line,30,22,23,92.98245614035088,100.0,2.0,1
line_31_1951,samples\line_31_1951.npz,faulted,line,31,25,26,92.98245614035088,100.0,1.0,1
line_32_1952,samples\line_32_1952.npz,faulted,line,32,26,27,94.73684210526316,100.0,2.0,1
line_33_1953,samples\line_33_1953.npz,faulted,line,33,27,28,92.98245614035088,100.0,2.0,1
line_34_1954,samples\line_34_1954.npz,faulted,line,34,24,29,92.98245614035088,100.0,1.0,1
line_35_1955,samples\line_35_1955.npz,faulted,line,35,29,30,94.73684210526316,100.0,1.0,1
line_36_1956,samples\line_36_1956.npz,faulted,line,36,30,31,92.98245614035088,100.0,1.0,1
line_37_1957,samples\line_37_1957.npz,faulted,line,37,31,32,92.98245614035088,100.0,1.0,2
line_38_1958,samples\line_38_1958.npz,faulted,line,38,33,34,94.73684210526316,100.0,1.0,1
line_39_1959,samples\line_39_1959.npz,faulted,line,39,34,35,94.73684210526316,100.0,1.0,1
line_40_1960,samples\line_40_1960.npz,faulted,line,40,35,36,94.73684210526316,100.0,1.0,1
line_41_1961,samples\line_41_1961.npz,faulted,line,41,36,37,94.73684210526316,100.0,1.0,1
line_42_1962,samples\line_42_1962.npz,faulted,line,42,36,38,92.98245614035088,100.0,1.0,2
line_43_1963,samples\line_43_1963.npz,faulted,line,43,35,39,94.73684210526316,100.0,1.0,1
line_44_1964,samples\line_44_1964.npz,faulted,line,44,21,37,92.98245614035088,100.0,1.0,1
line_45_1965,samples\line_45_1965.npz,faulted,line,45,40,41,94.73684210526316,100.0,1.0,1
line_46_1966,samples\line_46_1966.npz,faulted,line,46,40,42,94.73684210526316,100.0,1.0,1
line_47_1967,samples\line_47_1967.npz,faulted,line,47,37,43,92.98245614035088,100.0,1.0,2
line_48_1968,samples\line_48_1968.npz,faulted,line,48,45,46,92.98245614035088,100.0,2.0,1
line_49_1969,samples\line_49_1969.npz,faulted,line,49,46,47,94.73684210526316,100.0,1.0,1
line_50_1970,samples\line_50_1970.npz,faulted,line,50,47,48,94.73684210526316,100.0,1.0,1
line_51_1971,samples\line_51_1971.npz,faulted,line,51,48,49,92.98245614035088,100.0,1.0,1
line_52_1972,samples\line_52_1972.npz,faulted,line,52,49,50,92.98245614035088,100.0,2.0,1
line_53_1973,samples\line_53_1973.npz,faulted,line,53,28,51,94.73684210526316,100.0,1.0,1
line_54_1974,samples\line_54_1974.npz,faulted,line,54,51,52,94.73684210526316,100.0,2.0,1
line_55_1975,samples\line_55_1975.npz,faulted,line,55,52,53,92.98245614035088,100.0,2.0,1
line_56_1976,samples\line_56_1976.npz,faulted,line,56,53,54,94.73684210526316,100.0,1.0,1
line_57_1977,samples\line_57_1977.npz,faulted,line,57,43,44,94.73684210526316,100.0,1.0,2
line_58_1978,samples\line_58_1978.npz,faulted,line,58,55,40,94.73684210526316,100.0,1.0,1
line_59_1979,samples\line_59_1979.npz,faulted,line,59,55,41,92.98245614035088,100.0,1.0,1
line_60_1980,samples\line_60_1980.npz,faulted,line,60,56,55,92.98245614035088,100.0,1.0,2
line_61_1981,samples\line_61_1981.npz,faulted,line,61,37,48,94.73684210526316,100.0,1.0,1
line_62_1982,samples\line_62_1982.npz,faulted,line,62,37,47,92.98245614035088,100.0,1.0,1
trafo_0_1983,samples\trafo_0_1983.npz,faulted,trafo,0,17,3,94.73684210526316,100.0,1.0,1
trafo_1_1984,samples\trafo_1_1984.npz,faulted,trafo,1,17,3,94.73684210526316,100.0,1.0,1
trafo_2_1985,samples\trafo_2_1985.npz,faulted,trafo,2,19,20,92.98245614035088,100.0,2.0,1
trafo_3_1986,samples\trafo_3_1986.npz,faulted,trafo,3,24,23,94.73684210526316,100.0,1.0,1
trafo_4_1987,samples\trafo_4_1987.npz,faulted,trafo,4,24,23,94.73684210526316,100.0,1.0,1
trafo_5_1988,samples\trafo_5_1988.npz,faulted,trafo,5,25,23,94.73684210526316,100.0,2.0,1
trafo_6_1989,samples\trafo_6_1989.npz,faulted,trafo,6,28,6,94.73684210526316,100.0,1.0,1
trafo_7_1990,samples\trafo_7_1990.npz,faulted,trafo,7,31,33,94.73684210526316,100.0,1.0,1
trafo_8_1991,samples\trafo_8_1991.npz,faulted,trafo,8,40,10,94.73684210526316,100.0,1.0,1
trafo_9_1992,samples\trafo_9_1992.npz,faulted,trafo,9,44,14,94.73684210526316,100.0,1.0,1
trafo_10_1993,samples\trafo_10_1993.npz,faulted,trafo,10,45,13,94.73684210526316,100.0,1.0,1
trafo_11_1994,samples\trafo_11_1994.npz,faulted,trafo,11,50,9,94.73684210526316,100.0,1.0,1
trafo_12_1995,samples\trafo_12_1995.npz,faulted,trafo,12,48,12,94.73684210526316,100.0,1.0,1
trafo_13_1996,samples\trafo_13_1996.npz,faulted,trafo,13,42,10,92.98245614035088,100.0,1.0,1
trafo_14_1997,samples\trafo_14_1997.npz,faulted,trafo,14,55,39,92.98245614035088,100.0,1.0,1
trafo_15_1998,samples\trafo_15_1998.npz,faulted,trafo,15,56,38,94.73684210526316,100.0,1.0,1
trafo_16_1999,samples\trafo_16_1999.npz,faulted,trafo,16,54,8,92.98245614035088,100.0,1.0,1
line_0_2000,samples\line_0_2000.npz,faulted,line,0,0,1,96.49122807017544,100.0,2.0,1
line_1_2001,samples\line_1_2001.npz,faulted,line,1,1,2,98.24561403508773,100.0,1.0,1
line_2_2002,samples\line_2_2002.npz,faulted,line,2,2,3,98.24561403508773,100.0,1.0,1
line_3_2003,samples\line_3_2003.npz,faulted,line,3,3,4,96.49122807017544,100.0,2.0,1
line_4_2004,samples\line_4_2004.npz,faulted,line,4,3,5,96.49122807017544,100.0,2.0,1
line_5_2005,samples\line_5_2005.npz,faulted,line,5,5,6,98.24561403508773,100.0,1.0,1
line_6_2006,samples\line_6_2006.npz,faulted,line,6,5,7,98.24561403508773,100.0,1.0,1
line_7_2007,samples\line_7_2007.npz,faulted,line,7,7,8,96.49122807017544,100.0,1.0,1
line_8_2008,samples\line_8_2008.npz,faulted,line,8,8,9,96.49122807017544,100.0,1.0,1
line_9_2009,samples\line_9_2009.npz,faulted,line,9,8,10,98.24561403508773,100.0,1.0,1
line_10_2010,samples\line_10_2010.npz,faulted,line,10,8,11,98.24561403508773,100.0,1.0,1
line_11_2011,samples\line_11_2011.npz,faulted,line,11,8,12,98.24561403508773,100.0,0.0,1
line_12_2012,samples\line_12_2012.npz,faulted,line,12,12,13,98.24561403508773,100.0,1.0,1
line_13_2013,samples\line_13_2013.npz,faulted,line,13,12,14,98.24561403508773,100.0,1.0,1
line_14_2014,samples\line_14_2014.npz,faulted,line,14,0,14,98.24561403508773,100.0,1.0,1
line_15_2015,samples\line_15_2015.npz,faulted,line,15,0,15,96.49122807017544,100.0,2.0,1
line_16_2016,samples\line_16_2016.npz,faulted,line,16,0,16,96.49122807017544,100.0,2.0,1
line_17_2017,samples\line_17_2017.npz,faulted,line,17,2,14,98.24561403508773,100.0,1.0,1
line_18_2018,samples\line_18_2018.npz,faulted,line,18,4,5,98.24561403508773,100.0,1.0,1
line_19_2019,samples\line_19_2019.npz,faulted,line,19,6,7,98.24561403508773,100.0,1.0,1
line_20_2020,samples\line_20_2020.npz,faulted,line,20,9,11,98.24561403508773,100.0,1.0,1
line_21_2021,samples\line_21_2021.npz,faulted,line,21,10,12,98.24561403508773,100.0,1.0,1
line_22_2022,samples\line_22_2022.npz,faulted,line,22,11,12,98.24561403508773,100.0,1.0,1
line_23_2023,samples\line_23_2023.npz,faulted,line,23,11,15,98.24561403508773,100.0,1.0,1
line_24_2024,samples\line_24_2024.npz,faulted,line,24,11,16,98.24561403508773,100.0,1.0,1
line_25_2025,samples\line_25_2025.npz,faulted,line,25,13,14,98.24561403508773,100.0,1.0,1
line_26_2026,samples\line_26_2026.npz,faulted,line,26,17,18,98.24561403508773,100.0,1.0,1
line_27_2027,samples\line_27_2027.npz,faulted,line,27,18,19,96.49122807017544,100.0,2.0,1
line_28_2028,samples\line_28_2028.npz,faulted,line,28,20,21,98.24561403508773,100.0,1.0,1
line_29_2029,samples\line_29_2029.npz,faulted,line,29,21,22,98.24561403508773,100.0,1.0,1
line_30_2030,samples\line_30_2030.npz,faulted,line,30,22,23,96.49122807017544,100.0,2.0,1
line_31_2031,samples\line_31_2031.npz,faulted,line,31,25,26,96.49122807017544,100.0,1.0,1
line_32_2032,samples\line_32_2032.npz,faulted,line,32,26,27,98.24561403508773,100.0,1.0,1
line_33_2033,samples\line_33_2033.npz,faulted,line,33,27,28,96.49122807017544,100.0,1.0,1
line_34_2034,samples\line_34_2034.npz,faulted,line,34,24,29,96.49122807017544,100.0,1.0,1
line_35_2035,samples\line_35_2035.npz,faulted,line,35,29,30,98.24561403508773,100.0,1.0,1
line_36_2036,samples\line_36_2036.npz,faulted,line,36,30,31,96.49122807017544,100.0,1.0,1
line_37_2037,samples\line_37_2037.npz,faulted,line,37,31,32,96.49122807017544,100.0,1.0,2
line_38_2038,samples\line_38_2038.npz,faulted,line,38,33,34,98.24561403508773,100.0,1.0,1
line_39_2039,samples\line_39_2039.npz,faulted,line,39,34,35,98.24561403508773,100.0,1.0,1
line_40_2040,samples\line_40_2040.npz,faulted,line,40,35,36,98.24561403508773,100.0,1.0,1
line_41_2041,samples\line_41_2041.npz,faulted,line,41,36,37,98.24561403508773,100.0,1.0,1
line_42_2042,samples\line_42_2042.npz,faulted,line,42,36,38,96.49122807017544,100.0,1.0,1
line_43_2043,samples\line_43_2043.npz,faulted,line,43,35,39,98.24561403508773,100.0,1.0,1
line_44_2044,samples\line_44_2044.npz,faulted,line,44,21,37,96.49122807017544,100.0,2.0,1
line_45_2045,samples\line_45_2045.npz,faulted,line,45,40,41,98.24561403508773,100.0,1.0,1
line_46_2046,samples\line_46_2046.npz,faulted,line,46,40,42,98.24561403508773,100.0,1.0,1
line_47_2047,samples\line_47_2047.npz,faulted,line,47,37,43,96.49122807017544,100.0,1.0,1
line_48_2048,samples\line_48_2048.npz,faulted,line,48,45,46,96.49122807017544,100.0,2.0,1
line_49_2049,samples\line_49_2049.npz,faulted,line,49,46,47,98.24561403508773,100.0,1.0,1
line_50_2050,samples\line_50_2050.npz,faulted,line,50,47,48,98.24561403508773,100.0,1.0,1
line_51_2051,samples\line_51_2051.npz,faulted,line,51,48,49,98.24561403508773,100.0,1.0,1
line_52_2052,samples\line_52_2052.npz,faulted,line,52,49,50,96.49122807017544,100.0,1.0,1
line_53_2053,samples\line_53_2053.npz,faulted,line,53,28,51,98.24561403508773,100.0,1.0,1
line_54_2054,samples\line_54_2054.npz,faulted,line,54,51,52,98.24561403508773,100.0,1.0,1
line_55_2055,samples\line_55_2055.npz,faulted,line,55,52,53,96.49122807017544,100.0,2.0,1
line_56_2056,samples\line_56_2056.npz,faulted,line,56,53,54,98.24561403508773,100.0,1.0,1
line_57_2057,samples\line_57_2057.npz,faulted,line,57,43,44,98.24561403508773,100.0,1.0,1
line_58_2058,samples\line_58_2058.npz,faulted,line,58,55,40,98.24561403508773,100.0,1.0,1
line_59_2059,samples\line_59_2059.npz,faulted,line,59,55,41,96.49122807017544,100.0,0.0,1
line_60_2060,samples\line_60_2060.npz,faulted,line,60,56,55,96.49122807017544,100.0,0.0,1
line_61_2061,samples\line_61_2061.npz,faulted,line,61,37,48,98.24561403508773,100.0,1.0,1
line_62_2062,samples\line_62_2062.npz,faulted,line,62,37,47,96.49122807017544,100.0,1.0,1
trafo_0_2063,samples\trafo_0_2063.npz,faulted,trafo,0,17,3,98.24561403508773,100.0,1.0,1
trafo_1_2064,samples\trafo_1_2064.npz,faulted,trafo,1,17,3,98.24561403508773,100.0,1.0,1
trafo_2_2065,samples\trafo_2_2065.npz,faulted,trafo,2,19,20,96.49122807017544,100.0,2.0,1
trafo_3_2066,samples\trafo_3_2066.npz,faulted,trafo,3,24,23,98.24561403508773,100.0,1.0,1
trafo_4_2067,samples\trafo_4_2067.npz,faulted,trafo,4,24,23,98.24561403508773,100.0,1.0,1
trafo_5_2068,samples\trafo_5_2068.npz,faulted,trafo,5,25,23,98.24561403508773,100.0,1.0,1
trafo_6_2069,samples\trafo_6_2069.npz,faulted,trafo,6,28,6,96.49122807017544,100.0,1.0,1
trafo_7_2070,samples\trafo_7_2070.npz,faulted,trafo,7,31,33,98.24561403508773,100.0,1.0,1
trafo_8_2071,samples\trafo_8_2071.npz,faulted,trafo,8,40,10,98.24561403508773,100.0,1.0,1
trafo_9_2072,samples\trafo_9_2072.npz,faulted,trafo,9,44,14,96.49122807017544,100.0,1.0,1
trafo_10_2073,samples\trafo_10_2073.npz,faulted,trafo,10,45,13,98.24561403508773,100.0,1.0,1
trafo_11_2074,samples\trafo_11_2074.npz,faulted,trafo,11,50,9,98.24561403508773,100.0,1.0,1
trafo_12_2075,samples\trafo_12_2075.npz,faulted,trafo,12,48,12,98.24561403508773,100.0,1.0,1
trafo_13_2076,samples\trafo_13_2076.npz,faulted,trafo,13,42,10,96.49122807017544,100.0,1.0,1
trafo_14_2077,samples\trafo_14_2077.npz,faulted,trafo,14,55,39,96.49122807017544,100.0,0.0,1
trafo_15_2078,samples\trafo_15_2078.npz,faulted,trafo,15,56,38,98.24561403508773,100.0,1.0,1
trafo_16_2079,samples\trafo_16_2079.npz,faulted,trafo,16,54,8,96.49122807017544,100.0,1.0,1
line_0_2080,samples\line_0_2080.npz,faulted,line,0,0,1,94.73684210526316,100.0,2.0,1
line_1_2081,samples\line_1_2081.npz,faulted,line,1,1,2,96.49122807017544,100.0,1.0,1
line_2_2082,samples\line_2_2082.npz,faulted,line,2,2,3,96.49122807017544,100.0,1.0,1
line_3_2083,samples\line_3_2083.npz,faulted,line,3,3,4,94.73684210526316,100.0,1.0,1
line_4_2084,samples\line_4_2084.npz,faulted,line,4,3,5,96.49122807017544,100.0,1.0,1
line_5_2085,samples\line_5_2085.npz,faulted,line,5,5,6,96.49122807017544,100.0,2.0,1
line_6_2086,samples\line_6_2086.npz,faulted,line,6,5,7,96.49122807017544,100.0,1.0,1
line_7_2087,samples\line_7_2087.npz,faulted,line,7,7,8,94.73684210526316,100.0,1.0,1
line_8_2088,samples\line_8_2088.npz,faulted,line,8,8,9,94.73684210526316,100.0,1.0,1
line_9_2089,samples\line_9_2089.npz,faulted,line,9,8,10,96.49122807017544,100.0,1.0,1
line_10_2090,samples\line_10_2090.npz,faulted,line,10,8,11,96.49122807017544,100.0,1.0,1
line_11_2091,samples\line_11_2091.npz,faulted,line,11,8,12,96.49122807017544,100.0,1.0,1
line_12_2092,samples\line_12_2092.npz,faulted,line,12,12,13,96.49122807017544,100.0,2.0,1
line_13_2093,samples\line_13_2093.npz,faulted,line,13,12,14,96.49122807017544,100.0,2.0,1
line_14_2094,samples\line_14_2094.npz,faulted,line,14,0,14,96.49122807017544,100.0,1.0,1
line_15_2095,samples\line_15_2095.npz,faulted,line,15,0,15,94.73684210526316,100.0,2.0,1
line_16_2096,samples\line_16_2096.npz,faulted,line,16,0,16,94.73684210526316,100.0,2.0,1
line_17_2097,samples\line_17_2097.npz,faulted,line,17,2,14,96.49122807017544,100.0,1.0,1
line_18_2098,samples\line_18_2098.npz,faulted,line,18,4,5,96.49122807017544,100.0,1.0,1
line_19_2099,samples\line_19_2099.npz,faulted,line,19,6,7,96.49122807017544,100.0,2.0,1
line_20_2100,samples\line_20_2100.npz,faulted,line,20,9,11,96.49122807017544,100.0,1.0,1
line_21_2101,samples\line_21_2101.npz,faulted,line,21,10,12,96.49122807017544,100.0,2.0,1
line_22_2102,samples\line_22_2102.npz,faulted,line,22,11,12,96.49122807017544,100.0,2.0,1
line_23_2103,samples\line_23_2103.npz,faulted,line,23,11,15,96.49122807017544,100.0,1.0,1
line_24_2104,samples\line_24_2104.npz,faulted,line,24,11,16,96.49122807017544,100.0,1.0,1
line_25_2105,samples\line_25_2105.npz,faulted,line,25,13,14,96.49122807017544,100.0,1.0,1
line_26_2106,samples\line_26_2106.npz,faulted,line,26,17,18,96.49122807017544,100.0,1.0,1
line_27_2107,samples\line_27_2107.npz,faulted,line,27,18,19,94.73684210526316,100.0,2.0,1
line_28_2108,samples\line_28_2108.npz,faulted,line,28,20,21,96.49122807017544,100.0,1.0,1
line_29_2109,samples\line_29_2109.npz,faulted,line,29,21,22,96.49122807017544,100.0,1.0,2
line_30_2110,samples\line_30_2110.npz,faulted,line,30,22,23,94.73684210526316,100.0,1.0,2
line_31_2111,samples\line_31_2111.npz,faulted,line,31,25,26,94.73684210526316,100.0,2.0,2
line_32_2112,samples\line_32_2112.npz,faulted,line,32,26,27,96.49122807017544,100.0,2.0,2
line_33_2113,samples\line_33_2113.npz,faulted,line,33,27,28,94.73684210526316,100.0,1.0,2
line_34_2114,samples\line_34_2114.npz,faulted,line,34,24,29,94.73684210526316,100.0,1.0,2
line_35_2115,samples\line_35_2115.npz,faulted,line,35,29,30,96.49122807017544,100.0,1.0,2
line_36_2116,samples\line_36_2116.npz,faulted,line,36,30,31,94.73684210526316,100.0,1.0,2
line_37_2117,samples\line_37_2117.npz,faulted,line,37,31,32,94.73684210526316,100.0,1.0,2
line_38_2118,samples\line_38_2118.npz,faulted,line,38,33,34,94.73684210526316,100.0,2.0,2
line_39_2119,samples\line_39_2119.npz,faulted,line,39,34,35,96.49122807017544,100.0,1.0,2
line_40_2120,samples\line_40_2120.npz,faulted,line,40,35,36,96.49122807017544,100.0,1.0,2
line_41_2121,samples\line_41_2121.npz,faulted,line,41,36,37,96.49122807017544,100.0,0.0,1
line_42_2122,samples\line_42_2122.npz,faulted,line,42,36,38,94.73684210526316,100.0,1.0,1
line_43_2123,samples\line_43_2123.npz,faulted,line,43,35,39,96.49122807017544,100.0,1.0,1
line_44_2124,samples\line_44_2124.npz,faulted,line,44,21,37,94.73684210526316,100.0,0.0,1
line_45_2125,samples\line_45_2125.npz,faulted,line,45,40,41,96.49122807017544,100.0,1.0,1
line_46_2126,samples\line_46_2126.npz,faulted,line,46,40,42,96.49122807017544,100.0,1.0,1
line_47_2127,samples\line_47_2127.npz,faulted,line,47,37,43,94.73684210526316,100.0,0.0,1
line_48_2128,samples\line_48_2128.npz,faulted,line,48,45,46,94.73684210526316,100.0,2.0,1
line_49_2129,samples\line_49_2129.npz,faulted,line,49,46,47,96.49122807017544,100.0,1.0,1
line_50_2130,samples\line_50_2130.npz,faulted,line,50,47,48,96.49122807017544,100.0,1.0,1
line_51_2131,samples\line_51_2131.npz,faulted,line,51,48,49,96.49122807017544,100.0,1.0,1
line_52_2132,samples\line_52_2132.npz,faulted,line,52,49,50,94.73684210526316,100.0,2.0,1
line_53_2133,samples\line_53_2133.npz,faulted,line,53,28,51,96.49122807017544,100.0,1.0,1
line_54_2134,samples\line_54_2134.npz,faulted,line,54,51,52,96.49122807017544,100.0,1.0,1
line_55_2135,samples\line_55_2135.npz,faulted,line,55,52,53,94.73684210526316,100.0,1.0,1
line_56_2136,samples\line_56_2136.npz,faulted,line,56,53,54,96.49122807017544,100.0,1.0,1
line_57_2137,samples\line_57_2137.npz,faulted,line,57,43,44,96.49122807017544,100.0,1.0,1
line_58_2138,samples\line_58_2138.npz,faulted,line,58,55,40,94.73684210526316,100.0,1.0,1
line_59_2139,samples\line_59_2139.npz,faulted,line,59,55,41,94.73684210526316,100.0,1.0,1
line_60_2140,samples\line_60_2140.npz,faulted,line,60,56,55,94.73684210526316,100.0,1.0,1
line_61_2141,samples\line_61_2141.npz,faulted,line,61,37,48,96.49122807017544,100.0,1.0,1
line_62_2142,samples\line_62_2142.npz,faulted,line,62,37,47,94.73684210526316,100.0,0.0,1
trafo_0_2143,samples\trafo_0_2143.npz,faulted,trafo,0,17,3,96.49122807017544,100.0,1.0,1
trafo_1_2144,samples\trafo_1_2144.npz,faulted,trafo,1,17,3,96.49122807017544,100.0,1.0,1
trafo_2_2145,samples\trafo_2_2145.npz,faulted,trafo,2,19,20,94.73684210526316,100.0,2.0,1
trafo_3_2146,samples\trafo_3_2146.npz,faulted,trafo,3,24,23,96.49122807017544,100.0,1.0,1
trafo_4_2147,samples\trafo_4_2147.npz,faulted,trafo,4,24,23,96.49122807017544,100.0,1.0,1
trafo_5_2148,samples\trafo_5_2148.npz,faulted,trafo,5,25,23,96.49122807017544,100.0,1.0,1
trafo_6_2149,samples\trafo_6_2149.npz,faulted,trafo,6,28,6,94.73684210526316,100.0,1.0,1
trafo_7_2150,samples\trafo_7_2150.npz,faulted,trafo,7,31,33,96.49122807017544,100.0,1.0,1
trafo_8_2151,samples\trafo_8_2151.npz,faulted,trafo,8,40,10,96.49122807017544,100.0,1.0,1
trafo_9_2152,samples\trafo_9_2152.npz,faulted,trafo,9,44,14,94.73684210526316,100.0,1.0,1
trafo_10_2153,samples\trafo_10_2153.npz,faulted,trafo,10,45,13,96.49122807017544,100.0,1.0,1
trafo_11_2154,samples\trafo_11_2154.npz,faulted,trafo,11,50,9,96.49122807017544,100.0,1.0,1
trafo_12_2155,samples\trafo_12_2155.npz,faulted,trafo,12,48,12,96.49122807017544,100.0,2.0,1
trafo_13_2156,samples\trafo_13_2156.npz,faulted,trafo,13,42,10,94.73684210526316,100.0,1.0,1
trafo_14_2157,samples\trafo_14_2157.npz,faulted,trafo,14,55,39,94.73684210526316,100.0,1.0,2
trafo_15_2158,samples\trafo_15_2158.npz,faulted,trafo,15,56,38,96.49122807017544,100.0,1.0,1
trafo_16_2159,samples\trafo_16_2159.npz,faulted,trafo,16,54,8,94.73684210526316,100.0,1.0,1
line_0_2160,samples\line_0_2160.npz,faulted,line,0,0,1,96.49122807017544,100.0,2.0,1
line_1_2161,samples\line_1_2161.npz,faulted,line,1,1,2,98.24561403508773,100.0,1.0,1
line_2_2162,samples\line_2_2162.npz,faulted,line,2,2,3,98.24561403508773,100.0,1.0,1
line_3_2163,samples\line_3_2163.npz,faulted,line,3,3,4,96.49122807017544,100.0,2.0,1
line_4_2164,samples\line_4_2164.npz,faulted,line,4,3,5,96.49122807017544,100.0,2.0,1
line_5_2165,samples\line_5_2165.npz,faulted,line,5,5,6,98.24561403508773,100.0,1.0,1
line_6_2166,samples\line_6_2166.npz,faulted,line,6,5,7,98.24561403508773,100.0,1.0,1
line_7_2167,samples\line_7_2167.npz,faulted,line,7,7,8,96.49122807017544,100.0,1.0,1
line_8_2168,samples\line_8_2168.npz,faulted,line,8,8,9,96.49122807017544,100.0,1.0,1
line_9_2169,samples\line_9_2169.npz,faulted,line,9,8,10,98.24561403508773,100.0,1.0,1
line_10_2170,samples\line_10_2170.npz,faulted,line,10,8,11,96.49122807017544,100.0,1.0,1
line_11_2171,samples\line_11_2171.npz,faulted,line,11,8,12,98.24561403508773,100.0,1.0,1
line_12_2172,samples\line_12_2172.npz,faulted,line,12,12,13,98.24561403508773,100.0,1.0,1
line_13_2173,samples\line_13_2173.npz,faulted,line,13,12,14,98.24561403508773,100.0,1.0,1
line_14_2174,samples\line_14_2174.npz,faulted,line,14,0,14,98.24561403508773,100.0,2.0,1
line_15_2175,samples\line_15_2175.npz,faulted,line,15,0,15,96.49122807017544,100.0,2.0,1
line_16_2176,samples\line_16_2176.npz,faulted,line,16,0,16,96.49122807017544,100.0,2.0,1
line_17_2177,samples\line_17_2177.npz,faulted,line,17,2,14,98.24561403508773,100.0,1.0,1
line_18_2178,samples\line_18_2178.npz,faulted,line,18,4,5,98.24561403508773,100.0,1.0,1
line_19_2179,samples\line_19_2179.npz,faulted,line,19,6,7,98.24561403508773,100.0,1.0,1
line_20_2180,samples\line_20_2180.npz,faulted,line,20,9,11,98.24561403508773,100.0,1.0,1
line_21_2181,samples\line_21_2181.npz,faulted,line,21,10,12,98.24561403508773,100.0,1.0,1
line_22_2182,samples\line_22_2182.npz,faulted,line,22,11,12,98.24561403508773,100.0,1.0,1
line_23_2183,samples\line_23_2183.npz,faulted,line,23,11,15,98.24561403508773,100.0,1.0,1
line_24_2184,samples\line_24_2184.npz,faulted,line,24,11,16,98.24561403508773,100.0,1.0,1
line_25_2185,samples\line_25_2185.npz,faulted,line,25,13,14,98.24561403508773,100.0,1.0,1
line_26_2186,samples\line_26_2186.npz,faulted,line,26,17,18,98.24561403508773,100.0,1.0,1
line_27_2187,samples\line_27_2187.npz,faulted,line,27,18,19,96.49122807017544,100.0,1.0,1
line_28_2188,samples\line_28_2188.npz,faulted,line,28,20,21,98.24561403508773,100.0,1.0,1
line_29_2189,samples\line_29_2189.npz,faulted,line,29,21,22,98.24561403508773,100.0,1.0,1
line_30_2190,samples\line_30_2190.npz,faulted,line,30,22,23,96.49122807017544,100.0,1.0,1
line_31_2191,samples\line_31_2191.npz,faulted,line,31,25,26,96.49122807017544,100.0,1.0,1
line_32_2192,samples\line_32_2192.npz,faulted,line,32,26,27,98.24561403508773,100.0,1.0,1
line_33_2193,samples\line_33_2193.npz,faulted,line,33,27,28,96.49122807017544,100.0,1.0,1
line_34_2194,samples\line_34_2194.npz,faulted,line,34,24,29,96.49122807017544,100.0,1.0,1
line_35_2195,samples\line_35_2195.npz,faulted,line,35,29,30,98.24561403508773,100.0,1.0,1
line_36_2196,samples\line_36_2196.npz,faulted,line,36,30,31,96.49122807017544,100.0,1.0,1
line_37_2197,samples\line_37_2197.npz,faulted,line,37,31,32,96.49122807017544,100.0,1.0,2
line_38_2198,samples\line_38_2198.npz,faulted,line,38,33,34,98.24561403508773,100.0,1.0,1
line_39_2199,samples\line_39_2199.npz,faulted,line,39,34,35,98.24561403508773,100.0,1.0,1
line_40_2200,samples\line_40_2200.npz,faulted,line,40,35,36,98.24561403508773,100.0,1.0,1
line_41_2201,samples\line_41_2201.npz,faulted,line,41,36,37,98.24561403508773,100.0,1.0,1
line_42_2202,samples\line_42_2202.npz,faulted,line,42,36,38,96.49122807017544,100.0,1.0,1
line_43_2203,samples\line_43_2203.npz,faulted,line,43,35,39,98.24561403508773,100.0,1.0,1
line_44_2204,samples\line_44_2204.npz,faulted,line,44,21,37,98.24561403508773,100.0,1.0,1
line_45_2205,samples\line_45_2205.npz,faulted,line,45,40,41,98.24561403508773,100.0,1.0,1
line_46_2206,samples\line_46_2206.npz,faulted,line,46,40,42,98.24561403508773,100.0,1.0,1
line_47_2207,samples\line_47_2207.npz,faulted,line,47,37,43,96.49122807017544,100.0,1.0,1
line_48_2208,samples\line_48_2208.npz,faulted,line,48,45,46,96.49122807017544,100.0,2.0,1
line_49_2209,samples\line_49_2209.npz,faulted,line,49,46,47,98.24561403508773,100.0,1.0,1
line_50_2210,samples\line_50_2210.npz,faulted,line,50,47,48,98.24561403508773,100.0,1.0,1
line_51_2211,samples\line_51_2211.npz,faulted,line,51,48,49,98.24561403508773,100.0,1.0,1
line_52_2212,samples\line_52_2212.npz,faulted,line,52,49,50,96.49122807017544,100.0,2.0,1
line_53_2213,samples\line_53_2213.npz,faulted,line,53,28,51,98.24561403508773,100.0,1.0,1
line_54_2214,samples\line_54_2214.npz,faulted,line,54,51,52,98.24561403508773,100.0,1.0,1
line_55_2215,samples\line_55_2215.npz,faulted,line,55,52,53,96.49122807017544,100.0,2.0,1
line_56_2216,samples\line_56_2216.npz,faulted,line,56,53,54,98.24561403508773,100.0,1.0,1
line_57_2217,samples\line_57_2217.npz,faulted,line,57,43,44,98.24561403508773,100.0,1.0,1
line_58_2218,samples\line_58_2218.npz,faulted,line,58,55,40,98.24561403508773,100.0,1.0,1
line_59_2219,samples\line_59_2219.npz,faulted,line,59,55,41,96.49122807017544,100.0,0.0,1
line_60_2220,samples\line_60_2220.npz,faulted,line,60,56,55,96.49122807017544,100.0,0.0,1
line_61_2221,samples\line_61_2221.npz,faulted,line,61,37,48,98.24561403508773,100.0,1.0,1
line_62_2222,samples\line_62_2222.npz,faulted,line,62,37,47,96.49122807017544,100.0,1.0,1
trafo_0_2223,samples\trafo_0_2223.npz,faulted,trafo,0,17,3,98.24561403508773,100.0,1.0,1
trafo_1_2224,samples\trafo_1_2224.npz,faulted,trafo,1,17,3,98.24561403508773,100.0,1.0,1
trafo_2_2225,samples\trafo_2_2225.npz,faulted,trafo,2,19,20,96.49122807017544,100.0,1.0,1
trafo_3_2226,samples\trafo_3_2226.npz,faulted,trafo,3,24,23,98.24561403508773,100.0,0.0,1
trafo_4_2227,samples\trafo_4_2227.npz,faulted,trafo,4,24,23,98.24561403508773,100.0,1.0,1
trafo_5_2228,samples\trafo_5_2228.npz,faulted,trafo,5,25,23,98.24561403508773,100.0,0.0,1
trafo_6_2229,samples\trafo_6_2229.npz,faulted,trafo,6,28,6,96.49122807017544,100.0,1.0,1
trafo_7_2230,samples\trafo_7_2230.npz,faulted,trafo,7,31,33,98.24561403508773,100.0,1.0,1
trafo_8_2231,samples\trafo_8_2231.npz,faulted,trafo,8,40,10,98.24561403508773,100.0,1.0,1
trafo_9_2232,samples\trafo_9_2232.npz,faulted,trafo,9,44,14,96.49122807017544,100.0,1.0,1
trafo_10_2233,samples\trafo_10_2233.npz,faulted,trafo,10,45,13,98.24561403508773,100.0,1.0,1
trafo_11_2234,samples\trafo_11_2234.npz,faulted,trafo,11,50,9,98.24561403508773,100.0,1.0,1
trafo_12_2235,samples\trafo_12_2235.npz,faulted,trafo,12,48,12,98.24561403508773,100.0,1.0,1
trafo_13_2236,samples\trafo_13_2236.npz,faulted,trafo,13,42,10,96.49122807017544,100.0,1.0,1
trafo_14_2237,samples\trafo_14_2237.npz,faulted,trafo,14,55,39,96.49122807017544,100.0,0.0,1
trafo_15_2238,samples\trafo_15_2238.npz,faulted,trafo,15,56,38,98.24561403508773,100.0,1.0,1
trafo_16_2239,samples\trafo_16_2239.npz,faulted,trafo,16,54,8,96.49122807017544,100.0,1.0,1
line_0_2240,samples\line_0_2240.npz,faulted,line,0,0,1,96.49122807017544,100.0,2.0,2
line_1_2241,samples\line_1_2241.npz,faulted,line,1,1,2,98.24561403508773,100.0,1.0,2
line_2_2242,samples\line_2_2242.npz,faulted,line,2,2,3,98.24561403508773,100.0,1.0,2
line_3_2243,samples\line_3_2243.npz,faulted,line,3,3,4,96.49122807017544,100.0,2.0,2
line_4_2244,samples\line_4_2244.npz,faulted,line,4,3,5,96.49122807017544,100.0,2.0,2
line_5_2245,samples\line_5_2245.npz,faulted,line,5,5,6,98.24561403508773,100.0,1.0,2
line_6_2246,samples\line_6_2246.npz,faulted,line,6,5,7,98.24561403508773,100.0,1.0,2
line_7_2247,samples\line_7_2247.npz,faulted,line,7,7,8,96.49122807017544,100.0,3.0,2
line_8_2248,samples\line_8_2248.npz,faulted,line,8,8,9,96.49122807017544,100.0,2.0,2
line_9_2249,samples\line_9_2249.npz,faulted,line,9,8,10,98.24561403508773,100.0,2.0,2
line_10_2250,samples\line_10_2250.npz,faulted,line,10,8,11,96.49122807017544,100.0,2.0,2
line_11_2251,samples\line_11_2251.npz,faulted,line,11,8,12,98.24561403508773,100.0,1.0,2
line_12_2252,samples\line_12_2252.npz,faulted,line,12,12,13,98.24561403508773,100.0,1.0,2
line_13_2253,samples\line_13_2253.npz,faulted,line,13,12,14,98.24561403508773,100.0,1.0,2
line_14_2254,samples\line_14_2254.npz,faulted,line,14,0,14,98.24561403508773,100.0,2.0,2
line_15_2255,samples\line_15_2255.npz,faulted,line,15,0,15,96.49122807017544,100.0,2.0,2
line_16_2256,samples\line_16_2256.npz,faulted,line,16,0,16,96.49122807017544,100.0,2.0,2
line_17_2257,samples\line_17_2257.npz,faulted,line,17,2,14,98.24561403508773,100.0,1.0,2
line_18_2258,samples\line_18_2258.npz,faulted,line,18,4,5,98.24561403508773,100.0,1.0,2
line_19_2259,samples\line_19_2259.npz,faulted,line,19,6,7,98.24561403508773,100.0,1.0,2
line_20_2260,samples\line_20_2260.npz,faulted,line,20,9,11,98.24561403508773,100.0,1.0,2
line_21_2261,samples\line_21_2261.npz,faulted,line,21,10,12,98.24561403508773,100.0,1.0,2
line_22_2262,samples\line_22_2262.npz,faulted,line,22,11,12,98.24561403508773,100.0,1.0,2
line_23_2263,samples\line_23_2263.npz,faulted,line,23,11,15,98.24561403508773,100.0,1.0,2
line_24_2264,samples\line_24_2264.npz,faulted,line,24,11,16,98.24561403508773,100.0,1.0,2
line_25_2265,samples\line_25_2265.npz,faulted,line,25,13,14,98.24561403508773,100.0,1.0,2
line_26_2266,samples\line_26_2266.npz,faulted,line,26,17,18,98.24561403508773,100.0,1.0,2
line_27_2267,samples\line_27_2267.npz,faulted,line,27,18,19,96.49122807017544,100.0,2.0,2
line_28_2268,samples\line_28_2268.npz,faulted,line,28,20,21,98.24561403508773,100.0,1.0,2
line_29_2269,samples\line_29_2269.npz,faulted,line,29,21,22,98.24561403508773,100.0,1.0,2
line_30_2270,samples\line_30_2270.npz,faulted,line,30,22,23,96.49122807017544,100.0,2.0,2
line_31_2271,samples\line_31_2271.npz,faulted,line,31,25,26,96.49122807017544,100.0,1.0,2
line_32_2272,samples\line_32_2272.npz,faulted,line,32,26,27,98.24561403508773,100.0,1.0,2
line_33_2273,samples\line_33_2273.npz,faulted,line,33,27,28,96.49122807017544,100.0,1.0,2
line_34_2274,samples\line_34_2274.npz,faulted,line,34,24,29,96.49122807017544,100.0,1.0,2
line_35_2275,samples\line_35_2275.npz,faulted,line,35,29,30,98.24561403508773,100.0,1.0,2
line_36_2276,samples\line_36_2276.npz,faulted,line,36,30,31,96.49122807017544,100.0,1.0,2
line_37_2277,samples\line_37_2277.npz,faulted,line,37,31,32,96.49122807017544,100.0,1.0,3
line_38_2278,samples\line_38_2278.npz,faulted,line,38,33,34,98.24561403508773,100.0,1.0,2
line_39_2279,samples\line_39_2279.npz,faulted,line,39,34,35,98.24561403508773,100.0,1.0,2
line_40_2280,samples\line_40_2280.npz,faulted,line,40,35,36,98.24561403508773,100.0,1.0,2
line_41_2281,samples\line_41_2281.npz,faulted,line,41,36,37,98.24561403508773,100.0,1.0,2
line_42_2282,samples\line_42_2282.npz,faulted,line,42,36,38,96.49122807017544,100.0,1.0,2
line_43_2283,samples\line_43_2283.npz,faulted,line,43,35,39,98.24561403508773,100.0,1.0,2
line_44_2284,samples\line_44_2284.npz,faulted,line,44,21,37,96.49122807017544,100.0,2.0,2
line_45_2285,samples\line_45_2285.npz,faulted,line,45,40,41,98.24561403508773,100.0,1.0,2
line_46_2286,samples\line_46_2286.npz,faulted,line,46,40,42,98.24561403508773,100.0,1.0,2
line_47_2287,samples\line_47_2287.npz,faulted,line,47,37,43,96.49122807017544,100.0,1.0,2
line_48_2288,samples\line_48_2288.npz,faulted,line,48,45,46,96.49122807017544,100.0,2.0,2
line_49_2289,samples\line_49_2289.npz,faulted,line,49,46,47,98.24561403508773,100.0,1.0,2
line_50_2290,samples\line_50_2290.npz,faulted,line,50,47,48,98.24561403508773,100.0,1.0,2
line_51_2291,samples\line_51_2291.npz,faulted,line,51,48,49,98.24561403508773,100.0,1.0,2
line_52_2292,samples\line_52_2292.npz,faulted,line,52,49,50,96.49122807017544,100.0,2.0,2
line_53_2293,samples\line_53_2293.npz,faulted,line,53,28,51,98.24561403508773,100.0,1.0,3
line_54_2294,samples\line_54_2294.npz,faulted,line,54,51,52,98.24561403508773,100.0,1.0,3
line_55_2295,samples\line_55_2295.npz,faulted,line,55,52,53,98.24561403508773,100.0,1.0,2
line_56_2296,samples\line_56_2296.npz,faulted,line,56,53,54,98.24561403508773,100.0,1.0,2
line_57_2297,samples\line_57_2297.npz,faulted,line,57,43,44,98.24561403508773,100.0,1.0,2
line_58_2298,samples\line_58_2298.npz,faulted,line,58,55,40,96.49122807017544,100.0,1.0,2
line_59_2299,samples\line_59_2299.npz,faulted,line,59,55,41,96.49122807017544,100.0,0.0,2
line_60_2300,samples\line_60_2300.npz,faulted,line,60,56,55,96.49122807017544,100.0,0.0,2
line_61_2301,samples\line_61_2301.npz,faulted,line,61,37,48,98.24561403508773,100.0,1.0,2
line_62_2302,samples\line_62_2302.npz,faulted,line,62,37,47,96.49122807017544,100.0,2.0,2
trafo_0_2303,samples\trafo_0_2303.npz,faulted,trafo,0,17,3,98.24561403508773,100.0,1.0,2
trafo_1_2304,samples\trafo_1_2304.npz,faulted,trafo,1,17,3,96.49122807017544,100.0,2.0,2
trafo_2_2305,samples\trafo_2_2305.npz,faulted,trafo,2,19,20,96.49122807017544,100.0,2.0,2
trafo_3_2306,samples\trafo_3_2306.npz,faulted,trafo,3,24,23,98.24561403508773,100.0,1.0,2
trafo_4_2307,samples\trafo_4_2307.npz,faulted,trafo,4,24,23,98.24561403508773,100.0,1.0,2
trafo_5_2308,samples\trafo_5_2308.npz,faulted,trafo,5,25,23,98.24561403508773,100.0,1.0,2
trafo_6_2309,samples\trafo_6_2309.npz,faulted,trafo,6,28,6,96.49122807017544,100.0,1.0,2
trafo_7_2310,samples\trafo_7_2310.npz,faulted,trafo,7,31,33,98.24561403508773,100.0,1.0,2
trafo_8_2311,samples\trafo_8_2311.npz,faulted,trafo,8,40,10,98.24561403508773,100.0,1.0,2
trafo_9_2312,samples\trafo_9_2312.npz,faulted,trafo,9,44,14,96.49122807017544,100.0,1.0,2
trafo_10_2313,samples\trafo_10_2313.npz,faulted,trafo,10,45,13,98.24561403508773,100.0,1.0,2
trafo_11_2314,samples\trafo_11_2314.npz,faulted,trafo,11,50,9,98.24561403508773,100.0,1.0,2
trafo_12_2315,samples\trafo_12_2315.npz,faulted,trafo,12,48,12,98.24561403508773,100.0,1.0,2
trafo_13_2316,samples\trafo_13_2316.npz,faulted,trafo,13,42,10,96.49122807017544,100.0,1.0,2
trafo_14_2317,samples\trafo_14_2317.npz,faulted,trafo,14,55,39,96.49122807017544,100.0,0.0,2
trafo_15_2318,samples\trafo_15_2318.npz,faulted,trafo,15,56,38,98.24561403508773,100.0,1.0,2
trafo_16_2319,samples\trafo_16_2319.npz,faulted,trafo,16,54,8,96.49122807017544,100.0,3.0,3
line_0_2320,samples\line_0_2320.npz,faulted,line,0,0,1,94.73684210526316,100.0,2.0,1
line_1_2321,samples\line_1_2321.npz,faulted,line,1,1,2,96.49122807017544,100.0,1.0,1
line_2_2322,samples\line_2_2322.npz,faulted,line,2,2,3,96.49122807017544,100.0,1.0,1
line_3_2323,samples\line_3_2323.npz,faulted,line,3,3,4,94.73684210526316,100.0,2.0,1
line_4_2324,samples\line_4_2324.npz,faulted,line,4,3,5,94.73684210526316,100.0,2.0,1
line_5_2325,samples\line_5_2325.npz,faulted,line,5,5,6,96.49122807017544,100.0,1.0,1
line_6_2326,samples\line_6_2326.npz,faulted,line,6,5,7,96.49122807017544,100.0,1.0,1
line_7_2327,samples\line_7_2327.npz,faulted,line,7,7,8,94.73684210526316,100.0,2.0,1
line_8_2328,samples\line_8_2328.npz,faulted,line,8,8,9,94.73684210526316,100.0,1.0,1
line_9_2329,samples\line_9_2329.npz,faulted,line,9,8,10,96.49122807017544,100.0,0.0,1
line_10_2330,samples\line_10_2330.npz,faulted,line,10,8,11,94.73684210526316,100.0,2.0,1
line_11_2331,samples\line_11_2331.npz,faulted,line,11,8,12,96.49122807017544,100.0,1.0,1
line_12_2332,samples\line_12_2332.npz,faulted,line,12,12,13,96.49122807017544,100.0,1.0,1
line_13_2333,samples\line_13_2333.npz,faulted,line,13,12,14,96.49122807017544,100.0,1.0,1
line_14_2334,samples\line_14_2334.npz,faulted,line,14,0,14,96.49122807017544,100.0,1.0,1
line_15_2335,samples\line_15_2335.npz,faulted,line,15,0,15,94.73684210526316,100.0,2.0,1
line_16_2336,samples\line_16_2336.npz,faulted,line,16,0,16,94.73684210526316,100.0,2.0,1
line_17_2337,samples\line_17_2337.npz,faulted,line,17,2,14,96.49122807017544,100.0,1.0,1
line_18_2338,samples\line_18_2338.npz,faulted,line,18,4,5,96.49122807017544,100.0,1.0,1
line_19_2339,samples\line_19_2339.npz,faulted,line,19,6,7,96.49122807017544,100.0,1.0,1
line_20_2340,samples\line_20_2340.npz,faulted,line,20,9,11,96.49122807017544,100.0,1.0,1
line_21_2341,samples\line_21_2341.npz,faulted,line,21,10,12,96.49122807017544,100.0,1.0,1
line_22_2342,samples\line_22_2342.npz,faulted,line,22,11,12,96.49122807017544,100.0,1.0,1
line_23_2343,samples\line_23_2343.npz,faulted,line,23,11,15,96.49122807017544,100.0,1.0,1
line_24_2344,samples\line_24_2344.npz,faulted,line,24,11,16,96.49122807017544,100.0,1.0,1
line_25_2345,samples\line_25_2345.npz,faulted,line,25,13,14,94.73684210526316,100.0,2.0,1
line_26_2346,samples\line_26_2346.npz,faulted,line,26,17,18,96.49122807017544,100.0,1.0,2
line_27_2347,samples\line_27_2347.npz,faulted,line,27,18,19,94.73684210526316,100.0,2.0,2
line_28_2348,samples\line_28_2348.npz,faulted,line,28,20,21,96.49122807017544,100.0,1.0,2
line_29_2349,samples\line_29_2349.npz,faulted,line,29,21,22,96.49122807017544,100.0,1.0,1
line_30_2350,samples\line_30_2350.npz,faulted,line,30,22,23,94.73684210526316,100.0,1.0,1
line_31_2351,samples\line_31_2351.npz,faulted,line,31,25,26,94.73684210526316,100.0,1.0,1
line_32_2352,samples\line_32_2352.npz,faulted,line,32,26,27,96.49122807017544,100.0,1.0,1
line_33_2353,samples\line_33_2353.npz,faulted,line,33,27,28,94.73684210526316,100.0,1.0,1
line_34_2354,samples\line_34_2354.npz,faulted,line,34,24,29,94.73684210526316,100.0,1.0,1
line_35_2355,samples\line_35_2355.npz,faulted,line,35,29,30,96.49122807017544,100.0,1.0,1
line_36_2356,samples\line_36_2356.npz,faulted,line,36,30,31,94.73684210526316,100.0,1.0,1
line_37_2357,samples\line_37_2357.npz,faulted,line,37,31,32,94.73684210526316,100.0,1.0,2
line_38_2358,samples\line_38_2358.npz,faulted,line,38,33,34,96.49122807017544,100.0,1.0,1
line_39_2359,samples\line_39_2359.npz,faulted,line,39,34,35,96.49122807017544,100.0,1.0,1
line_40_2360,samples\line_40_2360.npz,faulted,line,40,35,36,96.49122807017544,100.0,1.0,1
line_41_2361,samples\line_41_2361.npz,faulted,line,41,36,37,96.49122807017544,100.0,1.0,1
line_42_2362,samples\line_42_2362.npz,faulted,line,42,36,38,94.73684210526316,100.0,1.0,1
line_43_2363,samples\line_43_2363.npz,faulted,line,43,35,39,96.49122807017544,100.0,1.0,1
line_44_2364,samples\line_44_2364.npz,faulted,line,44,21,37,94.73684210526316,100.0,1.0,1
line_45_2365,samples\line_45_2365.npz,faulted,line,45,40,41,96.49122807017544,100.0,1.0,1
line_46_2366,samples\line_46_2366.npz,faulted,line,46,40,42,96.49122807017544,100.0,1.0,2
line_47_2367,samples\line_47_2367.npz,faulted,line,47,37,43,94.73684210526316,100.0,2.0,1
line_48_2368,samples\line_48_2368.npz,faulted,line,48,45,46,94.73684210526316,100.0,2.0,2
line_49_2369,samples\line_49_2369.npz,faulted,line,49,46,47,96.49122807017544,100.0,1.0,2
line_50_2370,samples\line_50_2370.npz,faulted,line,50,47,48,96.49122807017544,100.0,1.0,1
line_51_2371,samples\line_51_2371.npz,faulted,line,51,48,49,96.49122807017544,100.0,1.0,1
line_52_2372,samples\line_52_2372.npz,faulted,line,52,49,50,94.73684210526316,100.0,2.0,1
line_53_2373,samples\line_53_2373.npz,faulted,line,53,28,51,94.73684210526316,100.0,2.0,2
line_54_2374,samples\line_54_2374.npz,faulted,line,54,51,52,96.49122807017544,100.0,1.0,1
line_55_2375,samples\line_55_2375.npz,faulted,line,55,52,53,94.73684210526316,100.0,2.0,2
line_56_2376,samples\line_56_2376.npz,faulted,line,56,53,54,96.49122807017544,100.0,1.0,2
line_57_2377,samples\line_57_2377.npz,faulted,line,57,43,44,96.49122807017544,100.0,1.0,1
line_58_2378,samples\line_58_2378.npz,faulted,line,58,55,40,96.49122807017544,100.0,1.0,1
line_59_2379,samples\line_59_2379.npz,faulted,line,59,55,41,94.73684210526316,100.0,0.0,1
line_60_2380,samples\line_60_2380.npz,faulted,line,60,56,55,94.73684210526316,100.0,0.0,1
line_61_2381,samples\line_61_2381.npz,faulted,line,61,37,48,96.49122807017544,100.0,1.0,1
line_62_2382,samples\line_62_2382.npz,faulted,line,62,37,47,94.73684210526316,100.0,1.0,1
trafo_0_2383,samples\trafo_0_2383.npz,faulted,trafo,0,17,3,96.49122807017544,100.0,1.0,1
trafo_1_2384,samples\trafo_1_2384.npz,faulted,trafo,1,17,3,96.49122807017544,100.0,1.0,1
trafo_2_2385,samples\trafo_2_2385.npz,faulted,trafo,2,19,20,96.49122807017544,100.0,1.0,1
trafo_3_2386,samples\trafo_3_2386.npz,faulted,trafo,3,24,23,96.49122807017544,100.0,1.0,1
trafo_4_2387,samples\trafo_4_2387.npz,faulted,trafo,4,24,23,96.49122807017544,100.0,1.0,1
trafo_5_2388,samples\trafo_5_2388.npz,faulted,trafo,5,25,23,96.49122807017544,100.0,1.0,1
trafo_6_2389,samples\trafo_6_2389.npz,faulted,trafo,6,28,6,94.73684210526316,100.0,2.0,1
trafo_7_2390,samples\trafo_7_2390.npz,faulted,trafo,7,31,33,96.49122807017544,100.0,1.0,1
trafo_8_2391,samples\trafo_8_2391.npz,faulted,trafo,8,40,10,96.49122807017544,100.0,1.0,1
trafo_9_2392,samples\trafo_9_2392.npz,faulted,trafo,9,44,14,94.73684210526316,100.0,2.0,1
trafo_10_2393,samples\trafo_10_2393.npz,faulted,trafo,10,45,13,96.49122807017544,100.0,1.0,1
trafo_11_2394,samples\trafo_11_2394.npz,faulted,trafo,11,50,9,96.49122807017544,100.0,1.0,1
trafo_12_2395,samples\trafo_12_2395.npz,faulted,trafo,12,48,12,96.49122807017544,100.0,1.0,1
trafo_13_2396,samples\trafo_13_2396.npz,faulted,trafo,13,42,10,96.49122807017544,100.0,1.0,1
trafo_14_2397,samples\trafo_14_2397.npz,faulted,trafo,14,55,39,94.73684210526316,100.0,0.0,1
trafo_15_2398,samples\trafo_15_2398.npz,faulted,trafo,15,56,38,96.49122807017544,100.0,1.0,1
trafo_16_2399,samples\trafo_16_2399.npz,faulted,trafo,16,54,8,94.73684210526316,100.0,1.0,2
line_0_2400,samples\line_0_2400.npz,faulted,line,0,0,1,96.49122807017544,100.0,1.0,1
line_1_2401,samples\line_1_2401.npz,faulted,line,1,1,2,98.24561403508773,100.0,0.0,1
line_2_2402,samples\line_2_2402.npz,faulted,line,2,2,3,98.24561403508773,100.0,0.0,1
line_3_2403,samples\line_3_2403.npz,faulted,line,3,3,4,96.49122807017544,100.0,1.0,1
line_4_2404,samples\line_4_2404.npz,faulted,line,4,3,5,96.49122807017544,100.0,0.0,1
line_5_2405,samples\line_5_2405.npz,faulted,line,5,5,6,98.24561403508773,100.0,0.0,1
line_6_2406,samples\line_6_2406.npz,faulted,line,6,5,7,98.24561403508773,100.0,0.0,1
line_7_2407,samples\line_7_2407.npz,faulted,line,7,7,8,96.49122807017544,100.0,1.0,1
line_8_2408,samples\line_8_2408.npz,faulted,line,8,8,9,96.49122807017544,100.0,1.0,1
line_9_2409,samples\line_9_2409.npz,faulted,line,9,8,10,98.24561403508773,100.0,1.0,1
line_10_2410,samples\line_10_2410.npz,faulted,line,10,8,11,96.49122807017544,100.0,1.0,1
line_11_2411,samples\line_11_2411.npz,faulted,line,11,8,12,98.24561403508773,100.0,0.0,1
line_12_2412,samples\line_12_2412.npz,faulted,line,12,12,13,98.24561403508773,100.0,0.0,1
line_13_2413,samples\line_13_2413.npz,faulted,line,13,12,14,98.24561403508773,100.0,0.0,1
line_14_2414,samples\line_14_2414.npz,faulted,line,14,0,14,98.24561403508773,100.0,1.0,1
line_15_2415,samples\line_15_2415.npz,faulted,line,15,0,15,96.49122807017544,100.0,1.0,1
line_16_2416,samples\line_16_2416.npz,faulted,line,16,0,16,96.49122807017544,100.0,1.0,1
line_17_2417,samples\line_17_2417.npz,faulted,line,17,2,14,98.24561403508773,100.0,0.0,1
line_18_2418,samples\line_18_2418.npz,faulted,line,18,4,5,98.24561403508773,100.0,0.0,1
line_19_2419,samples\line_19_2419.npz,faulted,line,19,6,7,98.24561403508773,100.0,0.0,2
line_20_2420,samples\line_20_2420.npz,faulted,line,20,9,11,98.24561403508773,100.0,0.0,1
line_21_2421,samples\line_21_2421.npz,faulted,line,21,10,12,98.24561403508773,100.0,0.0,1
line_22_2422,samples\line_22_2422.npz,faulted,line,22,11,12,98.24561403508773,100.0,0.0,1
line_23_2423,samples\line_23_2423.npz,faulted,line,23,11,15,98.24561403508773,100.0,0.0,1
line_24_2424,samples\line_24_2424.npz,faulted,line,24,11,16,98.24561403508773,100.0,0.0,1
line_25_2425,samples\line_25_2425.npz,faulted,line,25,13,14,98.24561403508773,100.0,0.0,1
line_26_2426,samples\line_26_2426.npz,faulted,line,26,17,18,98.24561403508773,100.0,0.0,1
line_27_2427,samples\line_27_2427.npz,faulted,line,27,18,19,96.49122807017544,100.0,1.0,1
line_28_2428,samples\line_28_2428.npz,faulted,line,28,20,21,98.24561403508773,100.0,0.0,1
line_29_2429,samples\line_29_2429.npz,faulted,line,29,21,22,98.24561403508773,100.0,0.0,1
line_30_2430,samples\line_30_2430.npz,faulted,line,30,22,23,96.49122807017544,100.0,1.0,1
line_31_2431,samples\line_31_2431.npz,faulted,line,31,25,26,96.49122807017544,100.0,0.0,1
line_32_2432,samples\line_32_2432.npz,faulted,line,32,26,27,98.24561403508773,100.0,1.0,1
line_33_2433,samples\line_33_2433.npz,faulted,line,33,27,28,96.49122807017544,100.0,1.0,1
line_34_2434,samples\line_34_2434.npz,faulted,line,34,24,29,96.49122807017544,100.0,0.0,1
line_35_2435,samples\line_35_2435.npz,faulted,line,35,29,30,98.24561403508773,100.0,0.0,1
line_36_2436,samples\line_36_2436.npz,faulted,line,36,30,31,96.49122807017544,100.0,0.0,1
line_37_2437,samples\line_37_2437.npz,faulted,line,37,31,32,96.49122807017544,100.0,0.0,2
line_38_2438,samples\line_38_2438.npz,faulted,line,38,33,34,98.24561403508773,100.0,0.0,1
line_39_2439,samples\line_39_2439.npz,faulted,line,39,34,35,96.49122807017544,100.0,1.0,1
line_40_2440,samples\line_40_2440.npz,faulted,line,40,35,36,98.24561403508773,100.0,0.0,1
line_41_2441,samples\line_41_2441.npz,faulted,line,41,36,37,98.24561403508773,100.0,0.0,1
line_42_2442,samples\line_42_2442.npz,faulted,line,42,36,38,96.49122807017544,100.0,0.0,1
line_43_2443,samples\line_43_2443.npz,faulted,line,43,35,39,98.24561403508773,100.0,0.0,1
line_44_2444,samples\line_44_2444.npz,faulted,line,44,21,37,96.49122807017544,100.0,1.0,1
line_45_2445,samples\line_45_2445.npz,faulted,line,45,40,41,98.24561403508773,100.0,0.0,1
line_46_2446,samples\line_46_2446.npz,faulted,line,46,40,42,98.24561403508773,100.0,0.0,1
line_47_2447,samples\line_47_2447.npz,faulted,line,47,37,43,96.49122807017544,100.0,0.0,1
line_48_2448,samples\line_48_2448.npz,faulted,line,48,45,46,96.49122807017544,100.0,1.0,1
line_49_2449,samples\line_49_2449.npz,faulted,line,49,46,47,98.24561403508773,100.0,0.0,1
line_50_2450,samples\line_50_2450.npz,faulted,line,50,47,48,98.24561403508773,100.0,0.0,1
line_51_2451,samples\line_51_2451.npz,faulted,line,51,48,49,98.24561403508773,100.0,0.0,1
line_52_2452,samples\line_52_2452.npz,faulted,line,52,49,50,96.49122807017544,100.0,1.0,1
line_53_2453,samples\line_53_2453.npz,faulted,line,53,28,51,98.24561403508773,100.0,0.0,1
line_54_2454,samples\line_54_2454.npz,faulted,line,54,51,52,98.24561403508773,100.0,1.0,1
line_55_2455,samples\line_55_2455.npz,faulted,line,55,52,53,96.49122807017544,100.0,1.0,1
line_56_2456,samples\line_56_2456.npz,faulted,line,56,53,54,98.24561403508773,100.0,0.0,1
line_57_2457,samples\line_57_2457.npz,faulted,line,57,43,44,98.24561403508773,100.0,0.0,1
line_58_2458,samples\line_58_2458.npz,faulted,line,58,55,40,98.24561403508773,100.0,0.0,1
line_59_2459,samples\line_59_2459.npz,faulted,line,59,55,41,96.49122807017544,100.0,-1.0,1
line_60_2460,samples\line_60_2460.npz,faulted,line,60,56,55,96.49122807017544,100.0,-1.0,1
line_61_2461,samples\line_61_2461.npz,faulted,line,61,37,48,98.24561403508773,100.0,0.0,1
line_62_2462,samples\line_62_2462.npz,faulted,line,62,37,47,96.49122807017544,100.0,1.0,1
trafo_0_2463,samples\trafo_0_2463.npz,faulted,trafo,0,17,3,98.24561403508773,100.0,0.0,1
trafo_1_2464,samples\trafo_1_2464.npz,faulted,trafo,1,17,3,98.24561403508773,100.0,0.0,1
trafo_2_2465,samples\trafo_2_2465.npz,faulted,trafo,2,19,20,96.49122807017544,100.0,1.0,1
trafo_3_2466,samples\trafo_3_2466.npz,faulted,trafo,3,24,23,98.24561403508773,100.0,0.0,1
trafo_4_2467,samples\trafo_4_2467.npz,faulted,trafo,4,24,23,98.24561403508773,100.0,0.0,1
trafo_5_2468,samples\trafo_5_2468.npz,faulted,trafo,5,25,23,98.24561403508773,100.0,1.0,1
trafo_6_2469,samples\trafo_6_2469.npz,faulted,trafo,6,28,6,98.24561403508773,100.0,0.0,1
trafo_7_2470,samples\trafo_7_2470.npz,faulted,trafo,7,31,33,98.24561403508773,100.0,0.0,1
trafo_8_2471,samples\trafo_8_2471.npz,faulted,trafo,8,40,10,98.24561403508773,100.0,0.0,1
trafo_9_2472,samples\trafo_9_2472.npz,faulted,trafo,9,44,14,96.49122807017544,100.0,0.0,1
trafo_10_2473,samples\trafo_10_2473.npz,faulted,trafo,10,45,13,98.24561403508773,100.0,0.0,1
trafo_11_2474,samples\trafo_11_2474.npz,faulted,trafo,11,50,9,98.24561403508773,100.0,0.0,1
trafo_12_2475,samples\trafo_12_2475.npz,faulted,trafo,12,48,12,98.24561403508773,100.0,0.0,1
trafo_13_2476,samples\trafo_13_2476.npz,faulted,trafo,13,42,10,96.49122807017544,100.0,0.0,1
trafo_14_2477,samples\trafo_14_2477.npz,faulted,trafo,14,55,39,96.49122807017544,100.0,-1.0,1
trafo_15_2478,samples\trafo_15_2478.npz,faulted,trafo,15,56,38,98.24561403508773,100.0,0.0,1
trafo_16_2479,samples\trafo_16_2479.npz,faulted,trafo,16,54,8,96.49122807017544,100.0,1.0,1
line_0_2480,samples\line_0_2480.npz,faulted,line,0,0,1,96.49122807017544,100.0,3.0,1
line_1_2481,samples\line_1_2481.npz,faulted,line,1,1,2,98.24561403508773,100.0,2.0,1
line_2_2482,samples\line_2_2482.npz,faulted,line,2,2,3,98.24561403508773,100.0,1.0,1
line_3_2483,samples\line_3_2483.npz,faulted,line,3,3,4,96.49122807017544,100.0,1.0,1
line_4_2484,samples\line_4_2484.npz,faulted,line,4,3,5,96.49122807017544,100.0,2.0,1
line_5_2485,samples\line_5_2485.npz,faulted,line,5,5,6,98.24561403508773,100.0,2.0,1
line_6_2486,samples\line_6_2486.npz,faulted,line,6,5,7,98.24561403508773,100.0,2.0,1
line_7_2487,samples\line_7_2487.npz,faulted,line,7,7,8,96.49122807017544,100.0,2.0,1
line_8_2488,samples\line_8_2488.npz,faulted,line,8,8,9,96.49122807017544,100.0,2.0,1
line_9_2489,samples\line_9_2489.npz,faulted,line,9,8,10,98.24561403508773,100.0,2.0,1
line_10_2490,samples\line_10_2490.npz,faulted,line,10,8,11,96.49122807017544,100.0,2.0,1
line_11_2491,samples\line_11_2491.npz,faulted,line,11,8,12,98.24561403508773,100.0,1.0,1
line_12_2492,samples\line_12_2492.npz,faulted,line,12,12,13,98.24561403508773,100.0,0.0,1
line_13_2493,samples\line_13_2493.npz,faulted,line,13,12,14,98.24561403508773,100.0,0.0,1
line_14_2494,samples\line_14_2494.npz,faulted,line,14,0,14,98.24561403508773,100.0,2.0,1
line_15_2495,samples\line_15_2495.npz,faulted,line,15,0,15,96.49122807017544,100.0,3.0,1
line_16_2496,samples\line_16_2496.npz,faulted,line,16,0,16,96.49122807017544,100.0,3.0,1
line_17_2497,samples\line_17_2497.npz,faulted,line,17,2,14,98.24561403508773,100.0,2.0,1
line_18_2498,samples\line_18_2498.npz,faulted,line,18,4,5,98.24561403508773,100.0,2.0,1
line_19_2499,samples\line_19_2499.npz,faulted,line,19,6,7,98.24561403508773,100.0,2.0,1
line_20_2500,samples\line_20_2500.npz,faulted,line,20,9,11,98.24561403508773,100.0,2.0,1
line_21_2501,samples\line_21_2501.npz,faulted,line,21,10,12,98.24561403508773,100.0,0.0,1
line_22_2502,samples\line_22_2502.npz,faulted,line,22,11,12,98.24561403508773,100.0,0.0,1
line_23_2503,samples\line_23_2503.npz,faulted,line,23,11,15,98.24561403508773,100.0,2.0,1
line_24_2504,samples\line_24_2504.npz,faulted,line,24,11,16,98.24561403508773,100.0,2.0,1
line_25_2505,samples\line_25_2505.npz,faulted,line,25,13,14,98.24561403508773,100.0,2.0,1
line_26_2506,samples\line_26_2506.npz,faulted,line,26,17,18,98.24561403508773,100.0,2.0,2
line_27_2507,samples\line_27_2507.npz,faulted,line,27,18,19,96.49122807017544,100.0,3.0,2
line_28_2508,samples\line_28_2508.npz,faulted,line,28,20,21,98.24561403508773,100.0,2.0,2
line_29_2509,samples\line_29_2509.npz,faulted,line,29,21,22,98.24561403508773,100.0,2.0,1
line_30_2510,samples\line_30_2510.npz,faulted,line,30,22,23,96.49122807017544,100.0,2.0,1
line_31_2511,samples\line_31_2511.npz,faulted,line,31,25,26,96.49122807017544,100.0,2.0,1
line_32_2512,samples\line_32_2512.npz,faulted,line,32,26,27,98.24561403508773,100.0,2.0,1
line_33_2513,samples\line_33_2513.npz,faulted,line,33,27,28,96.49122807017544,100.0,2.0,1
line_34_2514,samples\line_34_2514.npz,faulted,line,34,24,29,96.49122807017544,100.0,2.0,1
line_35_2515,samples\line_35_2515.npz,faulted,line,35,29,30,98.24561403508773,100.0,2.0,1
line_36_2516,samples\line_36_2516.npz,faulted,line,36,30,31,96.49122807017544,100.0,2.0,1
line_37_2517,samples\line_37_2517.npz,faulted,line,37,31,32,96.49122807017544,100.0,2.0,2
line_38_2518,samples\line_38_2518.npz,faulted,line,38,33,34,98.24561403508773,100.0,2.0,1
line_39_2519,samples\line_39_2519.npz,faulted,line,39,34,35,98.24561403508773,100.0,2.0,1
line_40_2520,samples\line_40_2520.npz,faulted,line,40,35,36,98.24561403508773,100.0,2.0,1
line_41_2521,samples\line_41_2521.npz,faulted,line,41,36,37,98.24561403508773,100.0,1.0,1
line_42_2522,samples\line_42_2522.npz,faulted,line,42,36,38,96.49122807017544,100.0,2.0,1
line_43_2523,samples\line_43_2523.npz,faulted,line,43,35,39,98.24561403508773,100.0,2.0,1
line_44_2524,samples\line_44_2524.npz,faulted,line,44,21,37,96.49122807017544,100.0,1.0,1
line_45_2525,samples\line_45_2525.npz,faulted,line,45,40,41,98.24561403508773,100.0,2.0,1
line_46_2526,samples\line_46_2526.npz,faulted,line,46,40,42,98.24561403508773,100.0,2.0,1
line_47_2527,samples\line_47_2527.npz,faulted,line,47,37,43,96.49122807017544,100.0,1.0,1
line_48_2528,samples\line_48_2528.npz,faulted,line,48,45,46,96.49122807017544,100.0,3.0,1
line_49_2529,samples\line_49_2529.npz,faulted,line,49,46,47,98.24561403508773,100.0,2.0,1
line_50_2530,samples\line_50_2530.npz,faulted,line,50,47,48,98.24561403508773,100.0,2.0,1
line_51_2531,samples\line_51_2531.npz,faulted,line,51,48,49,98.24561403508773,100.0,2.0,1
line_52_2532,samples\line_52_2532.npz,faulted,line,52,49,50,96.49122807017544,100.0,3.0,1
line_53_2533,samples\line_53_2533.npz,faulted,line,53,28,51,98.24561403508773,100.0,2.0,1
line_54_2534,samples\line_54_2534.npz,faulted,line,54,51,52,98.24561403508773,100.0,2.0,1
line_55_2535,samples\line_55_2535.npz,faulted,line,55,52,53,96.49122807017544,100.0,3.0,1
line_56_2536,samples\line_56_2536.npz,faulted,line,56,53,54,98.24561403508773,100.0,2.0,1
line_57_2537,samples\line_57_2537.npz,faulted,line,57,43,44,98.24561403508773,100.0,2.0,1
line_58_2538,samples\line_58_2538.npz,faulted,line,58,55,40,98.24561403508773,100.0,2.0,1
line_59_2539,samples\line_59_2539.npz,faulted,line,59,55,41,96.49122807017544,100.0,1.0,1
line_60_2540,samples\line_60_2540.npz,faulted,line,60,56,55,96.49122807017544,100.0,1.0,1
line_61_2541,samples\line_61_2541.npz,faulted,line,61,37,48,98.24561403508773,100.0,2.0,1
line_62_2542,samples\line_62_2542.npz,faulted,line,62,37,47,96.49122807017544,100.0,1.0,1
trafo_0_2543,samples\trafo_0_2543.npz,faulted,trafo,0,17,3,98.24561403508773,100.0,2.0,1
trafo_1_2544,samples\trafo_1_2544.npz,faulted,trafo,1,17,3,98.24561403508773,100.0,2.0,1
trafo_2_2545,samples\trafo_2_2545.npz,faulted,trafo,2,19,20,98.24561403508773,100.0,2.0,1
trafo_3_2546,samples\trafo_3_2546.npz,faulted,trafo,3,24,23,98.24561403508773,100.0,2.0,1
trafo_4_2547,samples\trafo_4_2547.npz,faulted,trafo,4,24,23,98.24561403508773,100.0,2.0,1
trafo_5_2548,samples\trafo_5_2548.npz,faulted,trafo,5,25,23,98.24561403508773,100.0,2.0,1
trafo_6_2549,samples\trafo_6_2549.npz,faulted,trafo,6,28,6,96.49122807017544,100.0,2.0,1
trafo_7_2550,samples\trafo_7_2550.npz,faulted,trafo,7,31,33,98.24561403508773,100.0,2.0,1
trafo_8_2551,samples\trafo_8_2551.npz,faulted,trafo,8,40,10,98.24561403508773,100.0,2.0,1
trafo_9_2552,samples\trafo_9_2552.npz,faulted,trafo,9,44,14,96.49122807017544,100.0,2.0,1
trafo_10_2553,samples\trafo_10_2553.npz,faulted,trafo,10,45,13,98.24561403508773,100.0,2.0,1
trafo_11_2554,samples\trafo_11_2554.npz,faulted,trafo,11,50,9,98.24561403508773,100.0,2.0,1
trafo_12_2555,samples\trafo_12_2555.npz,faulted,trafo,12,48,12,98.24561403508773,100.0,0.0,1
trafo_13_2556,samples\trafo_13_2556.npz,faulted,trafo,13,42,10,96.49122807017544,100.0,2.0,1
trafo_14_2557,samples\trafo_14_2557.npz,faulted,trafo,14,55,39,96.49122807017544,100.0,1.0,1
trafo_15_2558,samples\trafo_15_2558.npz,faulted,trafo,15,56,38,98.24561403508773,100.0,2.0,1
trafo_16_2559,samples\trafo_16_2559.npz,faulted,trafo,16,54,8,96.49122807017544,100.0,2.0,1
line_0_2560,samples\line_0_2560.npz,faulted,line,0,0,1,96.49122807017544,100.0,2.0,1
line_1_2561,samples\line_1_2561.npz,faulted,line,1,1,2,98.24561403508773,100.0,1.0,1
line_2_2562,samples\line_2_2562.npz,faulted,line,2,2,3,98.24561403508773,100.0,1.0,1
line_3_2563,samples\line_3_2563.npz,faulted,line,3,3,4,96.49122807017544,100.0,1.0,1
line_4_2564,samples\line_4_2564.npz,faulted,line,4,3,5,96.49122807017544,100.0,1.0,1
line_5_2565,samples\line_5_2565.npz,faulted,line,5,5,6,98.24561403508773,100.0,1.0,1
line_6_2566,samples\line_6_2566.npz,faulted,line,6,5,7,98.24561403508773,100.0,1.0,1
line_7_2567,samples\line_7_2567.npz,faulted,line,7,7,8,96.49122807017544,100.0,1.0,1
line_8_2568,samples\line_8_2568.npz,faulted,line,8,8,9,96.49122807017544,100.0,1.0,1
line_9_2569,samples\line_9_2569.npz,faulted,line,9,8,10,98.24561403508773,100.0,1.0,1
line_10_2570,samples\line_10_2570.npz,faulted,line,10,8,11,96.49122807017544,100.0,1.0,1
line_11_2571,samples\line_11_2571.npz,faulted,line,11,8,12,98.24561403508773,100.0,0.0,1
line_12_2572,samples\line_12_2572.npz,faulted,line,12,12,13,98.24561403508773,100.0,0.0,1
line_13_2573,samples\line_13_2573.npz,faulted,line,13,12,14,98.24561403508773,100.0,0.0,1
line_14_2574,samples\line_14_2574.npz,faulted,line,14,0,14,98.24561403508773,100.0,1.0,1
line_15_2575,samples\line_15_2575.npz,faulted,line,15,0,15,96.49122807017544,100.0,2.0,1
line_16_2576,samples\line_16_2576.npz,faulted,line,16,0,16,96.49122807017544,100.0,2.0,1
line_17_2577,samples\line_17_2577.npz,faulted,line,17,2,14,98.24561403508773,100.0,1.0,1
line_18_2578,samples\line_18_2578.npz,faulted,line,18,4,5,98.24561403508773,100.0,1.0,1
line_19_2579,samples\line_19_2579.npz,faulted,line,19,6,7,98.24561403508773,100.0,1.0,1
line_20_2580,samples\line_20_2580.npz,faulted,line,20,9,11,98.24561403508773,100.0,1.0,1
line_21_2581,samples\line_21_2581.npz,faulted,line,21,10,12,98.24561403508773,100.0,0.0,1
line_22_2582,samples\line_22_2582.npz,faulted,line,22,11,12,98.24561403508773,100.0,0.0,1
line_23_2583,samples\line_23_2583.npz,faulted,line,23,11,15,98.24561403508773,100.0,1.0,1
line_24_2584,samples\line_24_2584.npz,faulted,line,24,11,16,98.24561403508773,100.0,1.0,1
line_25_2585,samples\line_25_2585.npz,faulted,line,25,13,14,98.24561403508773,100.0,1.0,1
line_26_2586,samples\line_26_2586.npz,faulted,line,26,17,18,98.24561403508773,100.0,1.0,1
line_27_2587,samples\line_27_2587.npz,faulted,line,27,18,19,96.49122807017544,100.0,2.0,1
line_28_2588,samples\line_28_2588.npz,faulted,line,28,20,21,98.24561403508773,100.0,1.0,1
line_29_2589,samples\line_29_2589.npz,faulted,line,29,21,22,98.24561403508773,100.0,1.0,1
line_30_2590,samples\line_30_2590.npz,faulted,line,30,22,23,96.49122807017544,100.0,2.0,1
line_31_2591,samples\line_31_2591.npz,faulted,line,31,25,26,96.49122807017544,100.0,1.0,1
line_32_2592,samples\line_32_2592.npz,faulted,line,32,26,27,98.24561403508773,100.0,1.0,1
line_33_2593,samples\line_33_2593.npz,faulted,line,33,27,28,96.49122807017544,100.0,1.0,1
line_34_2594,samples\line_34_2594.npz,faulted,line,34,24,29,96.49122807017544,100.0,1.0,1
line_35_2595,samples\line_35_2595.npz,faulted,line,35,29,30,98.24561403508773,100.0,1.0,1
line_36_2596,samples\line_36_2596.npz,faulted,line,36,30,31,96.49122807017544,100.0,1.0,1
line_37_2597,samples\line_37_2597.npz,faulted,line,37,31,32,96.49122807017544,100.0,1.0,2
line_38_2598,samples\line_38_2598.npz,faulted,line,38,33,34,98.24561403508773,100.0,1.0,1
line_39_2599,samples\line_39_2599.npz,faulted,line,39,34,35,98.24561403508773,100.0,1.0,1
line_40_2600,samples\line_40_2600.npz,faulted,line,40,35,36,98.24561403508773,100.0,1.0,1
line_41_2601,samples\line_41_2601.npz,faulted,line,41,36,37,98.24561403508773,100.0,1.0,1
line_42_2602,samples\line_42_2602.npz,faulted,line,42,36,38,96.49122807017544,100.0,1.0,1
line_43_2603,samples\line_43_2603.npz,faulted,line,43,35,39,98.24561403508773,100.0,1.0,1
line_44_2604,samples\line_44_2604.npz,faulted,line,44,21,37,96.49122807017544,100.0,1.0,1
line_45_2605,samples\line_45_2605.npz,faulted,line,45,40,41,98.24561403508773,100.0,1.0,1
line_46_2606,samples\line_46_2606.npz,faulted,line,46,40,42,98.24561403508773,100.0,1.0,1
line_47_2607,samples\line_47_2607.npz,faulted,line,47,37,43,96.49122807017544,100.0,1.0,1
line_48_2608,samples\line_48_2608.npz,faulted,line,48,45,46,96.49122807017544,100.0,2.0,1
line_49_2609,samples\line_49_2609.npz,faulted,line,49,46,47,98.24561403508773,100.0,1.0,1
line_50_2610,samples\line_50_2610.npz,faulted,line,50,47,48,98.24561403508773,100.0,1.0,1
line_51_2611,samples\line_51_2611.npz,faulted,line,51,48,49,98.24561403508773,100.0,1.0,1
line_52_2612,samples\line_52_2612.npz,faulted,line,52,49,50,96.49122807017544,100.0,2.0,1
line_53_2613,samples\line_53_2613.npz,faulted,line,53,28,51,98.24561403508773,100.0,1.0,2
line_54_2614,samples\line_54_2614.npz,faulted,line,54,51,52,98.24561403508773,100.0,1.0,2
line_55_2615,samples\line_55_2615.npz,faulted,line,55,52,53,96.49122807017544,100.0,2.0,2
line_56_2616,samples\line_56_2616.npz,faulted,line,56,53,54,98.24561403508773,100.0,2.0,2
line_57_2617,samples\line_57_2617.npz,faulted,line,57,43,44,98.24561403508773,100.0,1.0,1
line_58_2618,samples\line_58_2618.npz,faulted,line,58,55,40,98.24561403508773,100.0,1.0,1
line_59_2619,samples\line_59_2619.npz,faulted,line,59,55,41,96.49122807017544,100.0,0.0,1
line_60_2620,samples\line_60_2620.npz,faulted,line,60,56,55,96.49122807017544,100.0,0.0,1
line_61_2621,samples\line_61_2621.npz,faulted,line,61,37,48,98.24561403508773,100.0,1.0,1
line_62_2622,samples\line_62_2622.npz,faulted,line,62,37,47,96.49122807017544,100.0,1.0,1
trafo_0_2623,samples\trafo_0_2623.npz,faulted,trafo,0,17,3,98.24561403508773,100.0,1.0,1
trafo_1_2624,samples\trafo_1_2624.npz,faulted,trafo,1,17,3,98.24561403508773,100.0,1.0,1
trafo_2_2625,samples\trafo_2_2625.npz,faulted,trafo,2,19,20,96.49122807017544,100.0,2.0,1
trafo_3_2626,samples\trafo_3_2626.npz,faulted,trafo,3,24,23,98.24561403508773,100.0,1.0,1
trafo_4_2627,samples\trafo_4_2627.npz,faulted,trafo,4,24,23,98.24561403508773,100.0,1.0,1
trafo_5_2628,samples\trafo_5_2628.npz,faulted,trafo,5,25,23,98.24561403508773,100.0,1.0,1
trafo_6_2629,samples\trafo_6_2629.npz,faulted,trafo,6,28,6,96.49122807017544,100.0,1.0,1
trafo_7_2630,samples\trafo_7_2630.npz,faulted,trafo,7,31,33,98.24561403508773,100.0,1.0,1
trafo_8_2631,samples\trafo_8_2631.npz,faulted,trafo,8,40,10,98.24561403508773,100.0,1.0,1
trafo_9_2632,samples\trafo_9_2632.npz,faulted,trafo,9,44,14,96.49122807017544,100.0,1.0,1
trafo_10_2633,samples\trafo_10_2633.npz,faulted,trafo,10,45,13,96.49122807017544,100.0,1.0,1
trafo_11_2634,samples\trafo_11_2634.npz,faulted,trafo,11,50,9,98.24561403508773,100.0,1.0,1
trafo_12_2635,samples\trafo_12_2635.npz,faulted,trafo,12,48,12,98.24561403508773,100.0,0.0,1
trafo_13_2636,samples\trafo_13_2636.npz,faulted,trafo,13,42,10,96.49122807017544,100.0,1.0,1
trafo_14_2637,samples\trafo_14_2637.npz,faulted,trafo,14,55,39,96.49122807017544,100.0,0.0,1
trafo_15_2638,samples\trafo_15_2638.npz,faulted,trafo,15,56,38,98.24561403508773,100.0,1.0,1
trafo_16_2639,samples\trafo_16_2639.npz,faulted,trafo,16,54,8,98.24561403508773,100.0,1.0,1
line_0_2640,samples\line_0_2640.npz,faulted,line,0,0,1,94.73684210526316,100.0,1.0,1
line_1_2641,samples\line_1_2641.npz,faulted,line,1,1,2,96.49122807017544,100.0,0.0,1
line_2_2642,samples\line_2_2642.npz,faulted,line,2,2,3,96.49122807017544,100.0,0.0,1
line_3_2643,samples\line_3_2643.npz,faulted,line,3,3,4,94.73684210526316,100.0,0.0,1
line_4_2644,samples\line_4_2644.npz,faulted,line,4,3,5,94.73684210526316,100.0,0.0,1
line_5_2645,samples\line_5_2645.npz,faulted,line,5,5,6,96.49122807017544,100.0,0.0,1
line_6_2646,samples\line_6_2646.npz,faulted,line,6,5,7,96.49122807017544,100.0,0.0,1
line_7_2647,samples\line_7_2647.npz,faulted,line,7,7,8,94.73684210526316,100.0,0.0,1
line_8_2648,samples\line_8_2648.npz,faulted,line,8,8,9,94.73684210526316,100.0,1.0,1
line_9_2649,samples\line_9_2649.npz,faulted,line,9,8,10,96.49122807017544,100.0,-1.0,1
line_10_2650,samples\line_10_2650.npz,faulted,line,10,8,11,94.73684210526316,100.0,1.0,1
line_11_2651,samples\line_11_2651.npz,faulted,line,11,8,12,96.49122807017544,100.0,1.0,1
line_12_2652,samples\line_12_2652.npz,faulted,line,12,12,13,96.49122807017544,100.0,0.0,1
line_13_2653,samples\line_13_2653.npz,faulted,line,13,12,14,96.49122807017544,100.0,0.0,1
line_14_2654,samples\line_14_2654.npz,faulted,line,14,0,14,96.49122807017544,100.0,1.0,1
line_15_2655,samples\line_15_2655.npz,faulted,line,15,0,15,94.73684210526316,100.0,1.0,1
line_16_2656,samples\line_16_2656.npz,faulted,line,16,0,16,94.73684210526316,100.0,1.0,1
line_17_2657,samples\line_17_2657.npz,faulted,line,17,2,14,96.49122807017544,100.0,0.0,1
line_18_2658,samples\line_18_2658.npz,faulted,line,18,4,5,96.49122807017544,100.0,0.0,1
line_19_2659,samples\line_19_2659.npz,faulted,line,19,6,7,96.49122807017544,100.0,0.0,1
line_20_2660,samples\line_20_2660.npz,faulted,line,20,9,11,96.49122807017544,100.0,0.0,1
line_21_2661,samples\line_21_2661.npz,faulted,line,21,10,12,96.49122807017544,100.0,0.0,1
line_22_2662,samples\line_22_2662.npz,faulted,line,22,11,12,96.49122807017544,100.0,0.0,1
line_23_2663,samples\line_23_2663.npz,faulted,line,23,11,15,96.49122807017544,100.0,0.0,1
line_24_2664,samples\line_24_2664.npz,faulted,line,24,11,16,96.49122807017544,100.0,0.0,1
line_25_2665,samples\line_25_2665.npz,faulted,line,25,13,14,96.49122807017544,100.0,0.0,1
line_26_2666,samples\line_26_2666.npz,faulted,line,26,17,18,96.49122807017544,100.0,0.0,1
line_27_2667,samples\line_27_2667.npz,faulted,line,27,18,19,94.73684210526316,100.0,1.0,1
line_28_2668,samples\line_28_2668.npz,faulted,line,28,20,21,96.49122807017544,100.0,0.0,1
line_29_2669,samples\line_29_2669.npz,faulted,line,29,21,22,96.49122807017544,100.0,0.0,1
line_30_2670,samples\line_30_2670.npz,faulted,line,30,22,23,94.73684210526316,100.0,1.0,1
line_31_2671,samples\line_31_2671.npz,faulted,line,31,25,26,94.73684210526316,100.0,0.0,1
line_32_2672,samples\line_32_2672.npz,faulted,line,32,26,27,96.49122807017544,100.0,1.0,1
line_33_2673,samples\line_33_2673.npz,faulted,line,33,27,28,94.73684210526316,100.0,1.0,1
line_34_2674,samples\line_34_2674.npz,faulted,line,34,24,29,94.73684210526316,100.0,0.0,1
line_35_2675,samples\line_35_2675.npz,faulted,line,35,29,30,96.49122807017544,100.0,0.0,1
line_36_2676,samples\line_36_2676.npz,faulted,line,36,30,31,94.73684210526316,100.0,0.0,1
line_37_2677,samples\line_37_2677.npz,faulted,line,37,31,32,94.73684210526316,100.0,0.0,2
line_38_2678,samples\line_38_2678.npz,faulted,line,38,33,34,96.49122807017544,100.0,0.0,1
line_39_2679,samples\line_39_2679.npz,faulted,line,39,34,35,96.49122807017544,100.0,0.0,1
line_40_2680,samples\line_40_2680.npz,faulted,line,40,35,36,96.49122807017544,100.0,0.0,1
line_41_2681,samples\line_41_2681.npz,faulted,line,41,36,37,96.49122807017544,100.0,1.0,1
line_42_2682,samples\line_42_2682.npz,faulted,line,42,36,38,94.73684210526316,100.0,0.0,1
line_43_2683,samples\line_43_2683.npz,faulted,line,43,35,39,96.49122807017544,100.0,0.0,1
line_44_2684,samples\line_44_2684.npz,faulted,line,44,21,37,94.73684210526316,100.0,1.0,1
line_45_2685,samples\line_45_2685.npz,faulted,line,45,40,41,96.49122807017544,100.0,0.0,1
line_46_2686,samples\line_46_2686.npz,faulted,line,46,40,42,96.49122807017544,100.0,0.0,2
line_47_2687,samples\line_47_2687.npz,faulted,line,47,37,43,94.73684210526316,100.0,1.0,1
line_48_2688,samples\line_48_2688.npz,faulted,line,48,45,46,94.73684210526316,100.0,1.0,1
line_49_2689,samples\line_49_2689.npz,faulted,line,49,46,47,96.49122807017544,100.0,0.0,1
line_50_2690,samples\line_50_2690.npz,faulted,line,50,47,48,96.49122807017544,100.0,0.0,1
line_51_2691,samples\line_51_2691.npz,faulted,line,51,48,49,94.73684210526316,100.0,1.0,1
line_52_2692,samples\line_52_2692.npz,faulted,line,52,49,50,94.73684210526316,100.0,1.0,1
line_53_2693,samples\line_53_2693.npz,faulted,line,53,28,51,96.49122807017544,100.0,0.0,1
line_54_2694,samples\line_54_2694.npz,faulted,line,54,51,52,96.49122807017544,100.0,1.0,1
line_55_2695,samples\line_55_2695.npz,faulted,line,55,52,53,94.73684210526316,100.0,1.0,1
line_56_2696,samples\line_56_2696.npz,faulted,line,56,53,54,96.49122807017544,100.0,0.0,1
line_57_2697,samples\line_57_2697.npz,faulted,line,57,43,44,96.49122807017544,100.0,0.0,1
line_58_2698,samples\line_58_2698.npz,faulted,line,58,55,40,96.49122807017544,100.0,0.0,1
line_59_2699,samples\line_59_2699.npz,faulted,line,59,55,41,94.73684210526316,100.0,-1.0,1
line_60_2700,samples\line_60_2700.npz,faulted,line,60,56,55,94.73684210526316,100.0,-1.0,1
line_61_2701,samples\line_61_2701.npz,faulted,line,61,37,48,96.49122807017544,100.0,0.0,1
line_62_2702,samples\line_62_2702.npz,faulted,line,62,37,47,94.73684210526316,100.0,1.0,1
trafo_0_2703,samples\trafo_0_2703.npz,faulted,trafo,0,17,3,96.49122807017544,100.0,0.0,1
trafo_1_2704,samples\trafo_1_2704.npz,faulted,trafo,1,17,3,96.49122807017544,100.0,0.0,1
trafo_2_2705,samples\trafo_2_2705.npz,faulted,trafo,2,19,20,94.73684210526316,100.0,1.0,1
trafo_3_2706,samples\trafo_3_2706.npz,faulted,trafo,3,24,23,96.49122807017544,100.0,0.0,1
trafo_4_2707,samples\trafo_4_2707.npz,faulted,trafo,4,24,23,96.49122807017544,100.0,0.0,1
trafo_5_2708,samples\trafo_5_2708.npz,faulted,trafo,5,25,23,96.49122807017544,100.0,1.0,1
trafo_6_2709,samples\trafo_6_2709.npz,faulted,trafo,6,28,6,96.49122807017544,100.0,0.0,1
trafo_7_2710,samples\trafo_7_2710.npz,faulted,trafo,7,31,33,96.49122807017544,100.0,0.0,1
trafo_8_2711,samples\trafo_8_2711.npz,faulted,trafo,8,40,10,96.49122807017544,100.0,0.0,1
trafo_9_2712,samples\trafo_9_2712.npz,faulted,trafo,9,44,14,94.73684210526316,100.0,0.0,1
trafo_10_2713,samples\trafo_10_2713.npz,faulted,trafo,10,45,13,96.49122807017544,100.0,0.0,1
trafo_11_2714,samples\trafo_11_2714.npz,faulted,trafo,11,50,9,96.49122807017544,100.0,0.0,1
trafo_12_2715,samples\trafo_12_2715.npz,faulted,trafo,12,48,12,96.49122807017544,100.0,0.0,1
trafo_13_2716,samples\trafo_13_2716.npz,faulted,trafo,13,42,10,96.49122807017544,100.0,0.0,1
trafo_14_2717,samples\trafo_14_2717.npz,faulted,trafo,14,55,39,94.73684210526316,100.0,-1.0,1
trafo_15_2718,samples\trafo_15_2718.npz,faulted,trafo,15,56,38,96.49122807017544,100.0,0.0,1
trafo_16_2719,samples\trafo_16_2719.npz,faulted,trafo,16,54,8,94.73684210526316,100.0,1.0,1
line_0_2720,samples\line_0_2720.npz,faulted,line,0,0,1,98.24561403508773,100.0,1.0,1
line_1_2721,samples\line_1_2721.npz,faulted,line,1,1,2,100.0,100.0,0.0,1
line_2_2722,samples\line_2_2722.npz,faulted,line,2,2,3,100.0,100.0,0.0,1
line_3_2723,samples\line_3_2723.npz,faulted,line,3,3,4,98.24561403508773,100.0,1.0,1
line_4_2724,samples\line_4_2724.npz,faulted,line,4,3,5,98.24561403508773,100.0,1.0,1
line_5_2725,samples\line_5_2725.npz,faulted,line,5,5,6,100.0,100.0,0.0,1
line_6_2726,samples\line_6_2726.npz,faulted,line,6,5,7,100.0,100.0,0.0,1
line_7_2727,samples\line_7_2727.npz,faulted,line,7,7,8,98.24561403508773,100.0,1.0,1
line_8_2728,samples\line_8_2728.npz,faulted,line,8,8,9,98.24561403508773,100.0,1.0,1
line_9_2729,samples\line_9_2729.npz,faulted,line,9,8,10,100.0,100.0,0.0,1
line_10_2730,samples\line_10_2730.npz,faulted,line,10,8,11,98.24561403508773,100.0,1.0,1
line_11_2731,samples\line_11_2731.npz,faulted,line,11,8,12,100.0,100.0,1.0,1
line_12_2732,samples\line_12_2732.npz,faulted,line,12,12,13,100.0,100.0,0.0,1
line_13_2733,samples\line_13_2733.npz,faulted,line,13,12,14,100.0,100.0,0.0,1
line_14_2734,samples\line_14_2734.npz,faulted,line,14,0,14,100.0,100.0,1.0,1
line_15_2735,samples\line_15_2735.npz,faulted,line,15,0,15,98.24561403508773,100.0,1.0,1
line_16_2736,samples\line_16_2736.npz,faulted,line,16,0,16,98.24561403508773,100.0,1.0,1
line_17_2737,samples\line_17_2737.npz,faulted,line,17,2,14,100.0,100.0,0.0,1
line_18_2738,samples\line_18_2738.npz,faulted,line,18,4,5,100.0,100.0,0.0,1
line_19_2739,samples\line_19_2739.npz,faulted,line,19,6,7,100.0,100.0,0.0,1
line_20_2740,samples\line_20_2740.npz,faulted,line,20,9,11,100.0,100.0,0.0,1
line_21_2741,samples\line_21_2741.npz,faulted,line,21,10,12,100.0,100.0,0.0,1
line_22_2742,samples\line_22_2742.npz,faulted,line,22,11,12,100.0,100.0,0.0,1
line_23_2743,samples\line_23_2743.npz,faulted,line,23,11,15,100.0,100.0,0.0,1
line_24_2744,samples\line_24_2744.npz,faulted,line,24,11,16,100.0,100.0,0.0,1
line_25_2745,samples\line_25_2745.npz,faulted,line,25,13,14,100.0,100.0,0.0,1
line_26_2746,samples\line_26_2746.npz,faulted,line,26,17,18,100.0,100.0,0.0,1
line_27_2747,samples\line_27_2747.npz,faulted,line,27,18,19,98.24561403508773,100.0,1.0,1
line_28_2748,samples\line_28_2748.npz,faulted,line,28,20,21,100.0,100.0,0.0,1
line_29_2749,samples\line_29_2749.npz,faulted,line,29,21,22,100.0,100.0,0.0,1
line_30_2750,samples\line_30_2750.npz,faulted,line,30,22,23,98.24561403508773,100.0,1.0,1
line_31_2751,samples\line_31_2751.npz,faulted,line,31,25,26,98.24561403508773,100.0,0.0,1
line_32_2752,samples\line_32_2752.npz,faulted,line,32,26,27,100.0,100.0,0.0,1
line_33_2753,samples\line_33_2753.npz,faulted,line,33,27,28,98.24561403508773,100.0,0.0,1
line_34_2754,samples\line_34_2754.npz,faulted,line,34,24,29,98.24561403508773,100.0,0.0,2
line_35_2755,samples\line_35_2755.npz,faulted,line,35,29,30,100.0,100.0,0.0,2
line_36_2756,samples\line_36_2756.npz,faulted,line,36,30,31,98.24561403508773,100.0,0.0,2
line_37_2757,samples\line_37_2757.npz,faulted,line,37,31,32,98.24561403508773,100.0,0.0,2
line_38_2758,samples\line_38_2758.npz,faulted,line,38,33,34,98.24561403508773,100.0,1.0,2
line_39_2759,samples\line_39_2759.npz,faulted,line,39,34,35,98.24561403508773,100.0,1.0,2
line_40_2760,samples\line_40_2760.npz,faulted,line,40,35,36,100.0,100.0,0.0,1
line_41_2761,samples\line_41_2761.npz,faulted,line,41,36,37,100.0,100.0,0.0,1
line_42_2762,samples\line_42_2762.npz,faulted,line,42,36,38,98.24561403508773,100.0,0.0,1
line_43_2763,samples\line_43_2763.npz,faulted,line,43,35,39,100.0,100.0,0.0,2
line_44_2764,samples\line_44_2764.npz,faulted,line,44,21,37,98.24561403508773,100.0,1.0,1
line_45_2765,samples\line_45_2765.npz,faulted,line,45,40,41,100.0,100.0,0.0,1
line_46_2766,samples\line_46_2766.npz,faulted,line,46,40,42,100.0,100.0,0.0,1
line_47_2767,samples\line_47_2767.npz,faulted,line,47,37,43,98.24561403508773,100.0,0.0,1
line_48_2768,samples\line_48_2768.npz,faulted,line,48,45,46,98.24561403508773,100.0,1.0,1
line_49_2769,samples\line_49_2769.npz,faulted,line,49,46,47,100.0,100.0,0.0,1
line_50_2770,samples\line_50_2770.npz,faulted,line,50,47,48,100.0,100.0,0.0,1
line_51_2771,samples\line_51_2771.npz,faulted,line,51,48,49,100.0,100.0,0.0,2
line_52_2772,samples\line_52_2772.npz,faulted,line,52,49,50,98.24561403508773,100.0,1.0,2
line_53_2773,samples\line_53_2773.npz,faulted,line,53,28,51,100.0,100.0,0.0,1
line_54_2774,samples\line_54_2774.npz,faulted,line,54,51,52,100.0,100.0,0.0,1
line_55_2775,samples\line_55_2775.npz,faulted,line,55,52,53,98.24561403508773,100.0,1.0,1
line_56_2776,samples\line_56_2776.npz,faulted,line,56,53,54,100.0,100.0,0.0,1
line_57_2777,samples\line_57_2777.npz,faulted,line,57,43,44,100.0,100.0,0.0,1
line_58_2778,samples\line_58_2778.npz,faulted,line,58,55,40,100.0,100.0,0.0,1
line_59_2779,samples\line_59_2779.npz,faulted,line,59,55,41,98.24561403508773,100.0,0.0,1
line_60_2780,samples\line_60_2780.npz,faulted,line,60,56,55,98.24561403508773,100.0,0.0,1
line_61_2781,samples\line_61_2781.npz,faulted,line,61,37,48,100.0,100.0,0.0,1
line_62_2782,samples\line_62_2782.npz,faulted,line,62,37,47,98.24561403508773,100.0,1.0,1
trafo_0_2783,samples\trafo_0_2783.npz,faulted,trafo,0,17,3,100.0,100.0,0.0,1
trafo_1_2784,samples\trafo_1_2784.npz,faulted,trafo,1,17,3,100.0,100.0,0.0,1
trafo_2_2785,samples\trafo_2_2785.npz,faulted,trafo,2,19,20,98.24561403508773,100.0,1.0,1
trafo_3_2786,samples\trafo_3_2786.npz,faulted,trafo,3,24,23,100.0,100.0,0.0,1
trafo_4_2787,samples\trafo_4_2787.npz,faulted,trafo,4,24,23,100.0,100.0,0.0,1
trafo_5_2788,samples\trafo_5_2788.npz,faulted,trafo,5,25,23,100.0,100.0,0.0,1
trafo_6_2789,samples\trafo_6_2789.npz,faulted,trafo,6,28,6,98.24561403508773,100.0,0.0,1
trafo_7_2790,samples\trafo_7_2790.npz,faulted,trafo,7,31,33,100.0,100.0,0.0,1
trafo_8_2791,samples\trafo_8_2791.npz,faulted,trafo,8,40,10,100.0,100.0,0.0,1
trafo_9_2792,samples\trafo_9_2792.npz,faulted,trafo,9,44,14,98.24561403508773,100.0,0.0,1
trafo_10_2793,samples\trafo_10_2793.npz,faulted,trafo,10,45,13,100.0,100.0,0.0,1
trafo_11_2794,samples\trafo_11_2794.npz,faulted,trafo,11,50,9,100.0,100.0,0.0,1
trafo_12_2795,samples\trafo_12_2795.npz,faulted,trafo,12,48,12,100.0,100.0,0.0,1
trafo_13_2796,samples\trafo_13_2796.npz,faulted,trafo,13,42,10,98.24561403508773,100.0,0.0,1
trafo_14_2797,samples\trafo_14_2797.npz,faulted,trafo,14,55,39,98.24561403508773,100.0,0.0,2
trafo_15_2798,samples\trafo_15_2798.npz,faulted,trafo,15,56,38,100.0,100.0,0.0,1
trafo_16_2799,samples\trafo_16_2799.npz,faulted,trafo,16,54,8,98.24561403508773,100.0,0.0,1
line_0_2800,samples\line_0_2800.npz,faulted,line,0,0,1,94.73684210526316,100.0,1.0,2
line_1_2801,samples\line_1_2801.npz,faulted,line,1,1,2,96.49122807017544,100.0,0.0,2
line_2_2802,samples\line_2_2802.npz,faulted,line,2,2,3,96.49122807017544,100.0,1.0,2
line_3_2803,samples\line_3_2803.npz,faulted,line,3,3,4,94.73684210526316,100.0,1.0,2
line_4_2804,samples\line_4_2804.npz,faulted,line,4,3,5,94.73684210526316,100.0,1.0,2
line_5_2805,samples\line_5_2805.npz,faulted,line,5,5,6,96.49122807017544,100.0,0.0,2
line_6_2806,samples\line_6_2806.npz,faulted,line,6,5,7,96.49122807017544,100.0,0.0,2
line_7_2807,samples\line_7_2807.npz,faulted,line,7,7,8,94.73684210526316,100.0,1.0,2
line_8_2808,samples\line_8_2808.npz,faulted,line,8,8,9,94.73684210526316,100.0,1.0,2
line_9_2809,samples\line_9_2809.npz,faulted,line,9,8,10,96.49122807017544,100.0,1.0,2
line_10_2810,samples\line_10_2810.npz,faulted,line,10,8,11,94.73684210526316,100.0,1.0,2
line_11_2811,samples\line_11_2811.npz,faulted,line,11,8,12,96.49122807017544,100.0,1.0,2
line_12_2812,samples\line_12_2812.npz,faulted,line,12,12,13,96.49122807017544,100.0,0.0,2
line_13_2813,samples\line_13_2813.npz,faulted,line,13,12,14,96.49122807017544,100.0,0.0,2
line_14_2814,samples\line_14_2814.npz,faulted,line,14,0,14,96.49122807017544,100.0,1.0,2
line_15_2815,samples\line_15_2815.npz,faulted,line,15,0,15,94.73684210526316,100.0,1.0,2
line_16_2816,samples\line_16_2816.npz,faulted,line,16,0,16,94.73684210526316,100.0,1.0,2
line_17_2817,samples\line_17_2817.npz,faulted,line,17,2,14,96.49122807017544,100.0,0.0,2
line_18_2818,samples\line_18_2818.npz,faulted,line,18,4,5,96.49122807017544,100.0,0.0,2
line_19_2819,samples\line_19_2819.npz,faulted,line,19,6,7,96.49122807017544,100.0,0.0,2
line_20_2820,samples\line_20_2820.npz,faulted,line,20,9,11,96.49122807017544,100.0,0.0,2
line_21_2821,samples\line_21_2821.npz,faulted,line,21,10,12,96.49122807017544,100.0,0.0,2
line_22_2822,samples\line_22_2822.npz,faulted,line,22,11,12,96.49122807017544,100.0,0.0,2
line_23_2823,samples\line_23_2823.npz,faulted,line,23,11,15,96.49122807017544,100.0,0.0,2
line_24_2824,samples\line_24_2824.npz,faulted,line,24,11,16,96.49122807017544,100.0,0.0,2
line_25_2825,samples\line_25_2825.npz,faulted,line,25,13,14,96.49122807017544,100.0,0.0,2
line_26_2826,samples\line_26_2826.npz,faulted,line,26,17,18,96.49122807017544,100.0,0.0,2
line_27_2827,samples\line_27_2827.npz,faulted,line,27,18,19,94.73684210526316,100.0,1.0,2
line_28_2828,samples\line_28_2828.npz,faulted,line,28,20,21,96.49122807017544,100.0,0.0,2
line_29_2829,samples\line_29_2829.npz,faulted,line,29,21,22,96.49122807017544,100.0,0.0,2
line_30_2830,samples\line_30_2830.npz,faulted,line,30,22,23,94.73684210526316,100.0,1.0,2
line_31_2831,samples\line_31_2831.npz,faulted,line,31,25,26,94.73684210526316,100.0,0.0,2
line_32_2832,samples\line_32_2832.npz,faulted,line,32,26,27,96.49122807017544,100.0,0.0,2
line_33_2833,samples\line_33_2833.npz,faulted,line,33,27,28,94.73684210526316,100.0,0.0,2
line_34_2834,samples\line_34_2834.npz,faulted,line,34,24,29,94.73684210526316,100.0,0.0,2
line_35_2835,samples\line_35_2835.npz,faulted,line,35,29,30,96.49122807017544,100.0,0.0,2
line_36_2836,samples\line_36_2836.npz,faulted,line,36,30,31,94.73684210526316,100.0,0.0,2
line_37_2837,samples\line_37_2837.npz,faulted,line,37,31,32,94.73684210526316,100.0,0.0,3
line_38_2838,samples\line_38_2838.npz,faulted,line,38,33,34,96.49122807017544,100.0,0.0,2
line_39_2839,samples\line_39_2839.npz,faulted,line,39,34,35,96.49122807017544,100.0,0.0,2
line_40_2840,samples\line_40_2840.npz,faulted,line,40,35,36,96.49122807017544,100.0,0.0,2
line_41_2841,samples\line_41_2841.npz,faulted,line,41,36,37,96.49122807017544,100.0,1.0,2
line_42_2842,samples\line_42_2842.npz,faulted,line,42,36,38,94.73684210526316,100.0,0.0,2
line_43_2843,samples\line_43_2843.npz,faulted,line,43,35,39,96.49122807017544,100.0,0.0,2
line_44_2844,samples\line_44_2844.npz,faulted,line,44,21,37,94.73684210526316,100.0,1.0,2
line_45_2845,samples\line_45_2845.npz,faulted,line,45,40,41,96.49122807017544,100.0,0.0,2
line_46_2846,samples\line_46_2846.npz,faulted,line,46,40,42,96.49122807017544,100.0,0.0,2
line_47_2847,samples\line_47_2847.npz,faulted,line,47,37,43,94.73684210526316,100.0,1.0,3
line_48_2848,samples\line_48_2848.npz,faulted,line,48,45,46,94.73684210526316,100.0,1.0,2
line_49_2849,samples\line_49_2849.npz,faulted,line,49,46,47,96.49122807017544,100.0,0.0,2
line_50_2850,samples\line_50_2850.npz,faulted,line,50,47,48,96.49122807017544,100.0,0.0,2
line_51_2851,samples\line_51_2851.npz,faulted,line,51,48,49,94.73684210526316,100.0,1.0,2
line_52_2852,samples\line_52_2852.npz,faulted,line,52,49,50,94.73684210526316,100.0,1.0,2
line_53_2853,samples\line_53_2853.npz,faulted,line,53,28,51,96.49122807017544,100.0,0.0,2
line_54_2854,samples\line_54_2854.npz,faulted,line,54,51,52,96.49122807017544,100.0,0.0,2
line_55_2855,samples\line_55_2855.npz,faulted,line,55,52,53,94.73684210526316,100.0,1.0,2
line_56_2856,samples\line_56_2856.npz,faulted,line,56,53,54,96.49122807017544,100.0,0.0,2
line_57_2857,samples\line_57_2857.npz,faulted,line,57,43,44,96.49122807017544,100.0,0.0,3
line_58_2858,samples\line_58_2858.npz,faulted,line,58,55,40,96.49122807017544,100.0,1.0,2
line_59_2859,samples\line_59_2859.npz,faulted,line,59,55,41,94.73684210526316,100.0,1.0,2
line_60_2860,samples\line_60_2860.npz,faulted,line,60,56,55,94.73684210526316,100.0,0.0,2
line_61_2861,samples\line_61_2861.npz,faulted,line,61,37,48,96.49122807017544,100.0,0.0,2
line_62_2862,samples\line_62_2862.npz,faulted,line,62,37,47,94.73684210526316,100.0,1.0,2
trafo_0_2863,samples\trafo_0_2863.npz,faulted,trafo,0,17,3,96.49122807017544,100.0,0.0,2
trafo_1_2864,samples\trafo_1_2864.npz,faulted,trafo,1,17,3,96.49122807017544,100.0,0.0,2
trafo_2_2865,samples\trafo_2_2865.npz,faulted,trafo,2,19,20,94.73684210526316,100.0,1.0,2
trafo_3_2866,samples\trafo_3_2866.npz,faulted,trafo,3,24,23,96.49122807017544,100.0,0.0,2
trafo_4_2867,samples\trafo_4_2867.npz,faulted,trafo,4,24,23,96.49122807017544,100.0,0.0,2
trafo_5_2868,samples\trafo_5_2868.npz,faulted,trafo,5,25,23,96.49122807017544,100.0,0.0,2
trafo_6_2869,samples\trafo_6_2869.npz,faulted,trafo,6,28,6,94.73684210526316,100.0,0.0,2
trafo_7_2870,samples\trafo_7_2870.npz,faulted,trafo,7,31,33,96.49122807017544,100.0,0.0,2
trafo_8_2871,samples\trafo_8_2871.npz,faulted,trafo,8,40,10,96.49122807017544,100.0,0.0,2
trafo_9_2872,samples\trafo_9_2872.npz,faulted,trafo,9,44,14,96.49122807017544,100.0,0.0,2
trafo_10_2873,samples\trafo_10_2873.npz,faulted,trafo,10,45,13,96.49122807017544,100.0,1.0,2
trafo_11_2874,samples\trafo_11_2874.npz,faulted,trafo,11,50,9,96.49122807017544,100.0,0.0,2
trafo_12_2875,samples\trafo_12_2875.npz,faulted,trafo,12,48,12,96.49122807017544,100.0,0.0,2
trafo_13_2876,samples\trafo_13_2876.npz,faulted,trafo,13,42,10,96.49122807017544,100.0,0.0,2
trafo_14_2877,samples\trafo_14_2877.npz,faulted,trafo,14,55,39,94.73684210526316,100.0,0.0,2
trafo_15_2878,samples\trafo_15_2878.npz,faulted,trafo,15,56,38,96.49122807017544,100.0,0.0,2
trafo_16_2879,samples\trafo_16_2879.npz,faulted,trafo,16,54,8,94.73684210526316,100.0,0.0,2
line_0_2880,samples\line_0_2880.npz,faulted,line,0,0,1,96.49122807017544,100.0,2.0,2
line_1_2881,samples\line_1_2881.npz,faulted,line,1,1,2,98.24561403508773,100.0,1.0,2
line_2_2882,samples\line_2_2882.npz,faulted,line,2,2,3,98.24561403508773,100.0,1.0,2
line_3_2883,samples\line_3_2883.npz,faulted,line,3,3,4,96.49122807017544,100.0,1.0,2
line_4_2884,samples\line_4_2884.npz,faulted,line,4,3,5,96.49122807017544,100.0,1.0,2
line_5_2885,samples\line_5_2885.npz,faulted,line,5,5,6,98.24561403508773,100.0,1.0,2
line_6_2886,samples\line_6_2886.npz,faulted,line,6,5,7,98.24561403508773,100.0,1.0,2
line_7_2887,samples\line_7_2887.npz,faulted,line,7,7,8,98.24561403508773,100.0,1.0,2
line_8_2888,samples\line_8_2888.npz,faulted,line,8,8,9,96.49122807017544,100.0,1.0,2
line_9_2889,samples\line_9_2889.npz,faulted,line,9,8,10,98.24561403508773,100.0,1.0,2
line_10_2890,samples\line_10_2890.npz,faulted,line,10,8,11,96.49122807017544,100.0,1.0,2
line_11_2891,samples\line_11_2891.npz,faulted,line,11,8,12,98.24561403508773,100.0,1.0,2
line_12_2892,samples\line_12_2892.npz,faulted,line,12,12,13,98.24561403508773,100.0,1.0,2
line_13_2893,samples\line_13_2893.npz,faulted,line,13,12,14,98.24561403508773,100.0,1.0,2
line_14_2894,samples\line_14_2894.npz,faulted,line,14,0,14,98.24561403508773,100.0,1.0,2
line_15_2895,samples\line_15_2895.npz,faulted,line,15,0,15,96.49122807017544,100.0,2.0,2
line_16_2896,samples\line_16_2896.npz,faulted,line,16,0,16,96.49122807017544,100.0,2.0,2
line_17_2897,samples\line_17_2897.npz,faulted,line,17,2,14,98.24561403508773,100.0,1.0,2
line_18_2898,samples\line_18_2898.npz,faulted,line,18,4,5,98.24561403508773,100.0,1.0,2
line_19_2899,samples\line_19_2899.npz,faulted,line,19,6,7,98.24561403508773,100.0,1.0,2
line_20_2900,samples\line_20_2900.npz,faulted,line,20,9,11,98.24561403508773,100.0,1.0,2
line_21_2901,samples\line_21_2901.npz,faulted,line,21,10,12,98.24561403508773,100.0,1.0,2
line_22_2902,samples\line_22_2902.npz,faulted,line,22,11,12,98.24561403508773,100.0,1.0,2
line_23_2903,samples\line_23_2903.npz,faulted,line,23,11,15,98.24561403508773,100.0,1.0,2
line_24_2904,samples\line_24_2904.npz,faulted,line,24,11,16,98.24561403508773,100.0,1.0,2
line_25_2905,samples\line_25_2905.npz,faulted,line,25,13,14,98.24561403508773,100.0,1.0,2
line_26_2906,samples\line_26_2906.npz,faulted,line,26,17,18,98.24561403508773,100.0,1.0,2
line_27_2907,samples\line_27_2907.npz,faulted,line,27,18,19,96.49122807017544,100.0,2.0,2
line_28_2908,samples\line_28_2908.npz,faulted,line,28,20,21,98.24561403508773,100.0,1.0,2
line_29_2909,samples\line_29_2909.npz,faulted,line,29,21,22,98.24561403508773,100.0,1.0,2
line_30_2910,samples\line_30_2910.npz,faulted,line,30,22,23,96.49122807017544,100.0,2.0,2
line_31_2911,samples\line_31_2911.npz,faulted,line,31,25,26,96.49122807017544,100.0,1.0,2
line_32_2912,samples\line_32_2912.npz,faulted,line,32,26,27,98.24561403508773,100.0,1.0,2
line_33_2913,samples\line_33_2913.npz,faulted,line,33,27,28,96.49122807017544,100.0,1.0,2
line_34_2914,samples\line_34_2914.npz,faulted,line,34,24,29,96.49122807017544,100.0,1.0,3
line_35_2915,samples\line_35_2915.npz,faulted,line,35,29,30,98.24561403508773,100.0,1.0,2
line_36_2916,samples\line_36_2916.npz,faulted,line,36,30,31,96.49122807017544,100.0,2.0,3
line_37_2917,samples\line_37_2917.npz,faulted,line,37,31,32,96.49122807017544,100.0,2.0,3
line_38_2918,samples\line_38_2918.npz,faulted,line,38,33,34,96.49122807017544,100.0,2.0,3
line_39_2919,samples\line_39_2919.npz,faulted,line,39,34,35,98.24561403508773,100.0,1.0,3
line_40_2920,samples\line_40_2920.npz,faulted,line,40,35,36,98.24561403508773,100.0,1.0,2
line_41_2921,samples\line_41_2921.npz,faulted,line,41,36,37,98.24561403508773,100.0,1.0,2
line_42_2922,samples\line_42_2922.npz,faulted,line,42,36,38,96.49122807017544,100.0,1.0,2
line_43_2923,samples\line_43_2923.npz,faulted,line,43,35,39,98.24561403508773,100.0,1.0,2
line_44_2924,samples\line_44_2924.npz,faulted,line,44,21,37,96.49122807017544,100.0,1.0,2
line_45_2925,samples\line_45_2925.npz,faulted,line,45,40,41,98.24561403508773,100.0,1.0,2
line_46_2926,samples\line_46_2926.npz,faulted,line,46,40,42,98.24561403508773,100.0,1.0,2
line_47_2927,samples\line_47_2927.npz,faulted,line,47,37,43,96.49122807017544,100.0,1.0,2
line_48_2928,samples\line_48_2928.npz,faulted,line,48,45,46,96.49122807017544,100.0,2.0,2
line_49_2929,samples\line_49_2929.npz,faulted,line,49,46,47,98.24561403508773,100.0,1.0,2
line_50_2930,samples\line_50_2930.npz,faulted,line,50,47,48,98.24561403508773,100.0,1.0,2
line_51_2931,samples\line_51_2931.npz,faulted,line,51,48,49,98.24561403508773,100.0,1.0,2
line_52_2932,samples\line_52_2932.npz,faulted,line,52,49,50,96.49122807017544,100.0,2.0,2
line_53_2933,samples\line_53_2933.npz,faulted,line,53,28,51,98.24561403508773,100.0,1.0,2
line_54_2934,samples\line_54_2934.npz,faulted,line,54,51,52,98.24561403508773,100.0,1.0,2
line_55_2935,samples\line_55_2935.npz,faulted,line,55,52,53,96.49122807017544,100.0,2.0,2
line_56_2936,samples\line_56_2936.npz,faulted,line,56,53,54,98.24561403508773,100.0,2.0,2
line_57_2937,samples\line_57_2937.npz,faulted,line,57,43,44,98.24561403508773,100.0,1.0,2
line_58_2938,samples\line_58_2938.npz,faulted,line,58,55,40,98.24561403508773,100.0,1.0,2
line_59_2939,samples\line_59_2939.npz,faulted,line,59,55,41,96.49122807017544,100.0,1.0,2
line_60_2940,samples\line_60_2940.npz,faulted,line,60,56,55,96.49122807017544,100.0,1.0,2
line_61_2941,samples\line_61_2941.npz,faulted,line,61,37,48,98.24561403508773,100.0,1.0,2
line_62_2942,samples\line_62_2942.npz,faulted,line,62,37,47,96.49122807017544,100.0,1.0,2
trafo_0_2943,samples\trafo_0_2943.npz,faulted,trafo,0,17,3,98.24561403508773,100.0,1.0,2
trafo_1_2944,samples\trafo_1_2944.npz,faulted,trafo,1,17,3,96.49122807017544,100.0,1.0,2
trafo_2_2945,samples\trafo_2_2945.npz,faulted,trafo,2,19,20,96.49122807017544,100.0,2.0,2
trafo_3_2946,samples\trafo_3_2946.npz,faulted,trafo,3,24,23,98.24561403508773,100.0,1.0,2
trafo_4_2947,samples\trafo_4_2947.npz,faulted,trafo,4,24,23,98.24561403508773,100.0,1.0,2
trafo_5_2948,samples\trafo_5_2948.npz,faulted,trafo,5,25,23,98.24561403508773,100.0,1.0,2
trafo_6_2949,samples\trafo_6_2949.npz,faulted,trafo,6,28,6,96.49122807017544,100.0,1.0,2
trafo_7_2950,samples\trafo_7_2950.npz,faulted,trafo,7,31,33,98.24561403508773,100.0,1.0,2
trafo_8_2951,samples\trafo_8_2951.npz,faulted,trafo,8,40,10,98.24561403508773,100.0,1.0,2
trafo_9_2952,samples\trafo_9_2952.npz,faulted,trafo,9,44,14,96.49122807017544,100.0,1.0,2
trafo_10_2953,samples\trafo_10_2953.npz,faulted,trafo,10,45,13,98.24561403508773,100.0,1.0,2
trafo_11_2954,samples\trafo_11_2954.npz,faulted,trafo,11,50,9,98.24561403508773,100.0,2.0,2
trafo_12_2955,samples\trafo_12_2955.npz,faulted,trafo,12,48,12,98.24561403508773,100.0,1.0,2
trafo_13_2956,samples\trafo_13_2956.npz,faulted,trafo,13,42,10,96.49122807017544,100.0,1.0,2
trafo_14_2957,samples\trafo_14_2957.npz,faulted,trafo,14,55,39,96.49122807017544,100.0,1.0,2
trafo_15_2958,samples\trafo_15_2958.npz,faulted,trafo,15,56,38,98.24561403508773,100.0,1.0,2
trafo_16_2959,samples\trafo_16_2959.npz,faulted,trafo,16,54,8,96.49122807017544,100.0,1.0,2
line_0_2960,samples\line_0_2960.npz,faulted,line,0,0,1,96.49122807017544,100.0,2.0,1
line_1_2961,samples\line_1_2961.npz,faulted,line,1,1,2,98.24561403508773,100.0,1.0,1
line_2_2962,samples\line_2_2962.npz,faulted,line,2,2,3,98.24561403508773,100.0,1.0,1
line_3_2963,samples\line_3_2963.npz,faulted,line,3,3,4,96.49122807017544,100.0,2.0,2
line_4_2964,samples\line_4_2964.npz,faulted,line,4,3,5,96.49122807017544,100.0,2.0,1
line_5_2965,samples\line_5_2965.npz,faulted,line,5,5,6,98.24561403508773,100.0,1.0,1
line_6_2966,samples\line_6_2966.npz,faulted,line,6,5,7,98.24561403508773,100.0,1.0,1
line_7_2967,samples\line_7_2967.npz,faulted,line,7,7,8,96.49122807017544,100.0,2.0,1
line_8_2968,samples\line_8_2968.npz,faulted,line,8,8,9,96.49122807017544,100.0,1.0,1
line_9_2969,samples\line_9_2969.npz,faulted,line,9,8,10,98.24561403508773,100.0,0.0,1
line_10_2970,samples\line_10_2970.npz,faulted,line,10,8,11,96.49122807017544,100.0,2.0,1
line_11_2971,samples\line_11_2971.npz,faulted,line,11,8,12,98.24561403508773,100.0,1.0,1
line_12_2972,samples\line_12_2972.npz,faulted,line,12,12,13,98.24561403508773,100.0,1.0,1
line_13_2973,samples\line_13_2973.npz,faulted,line,13,12,14,98.24561403508773,100.0,1.0,1
line_14_2974,samples\line_14_2974.npz,faulted,line,14,0,14,98.24561403508773,100.0,2.0,1
line_15_2975,samples\line_15_2975.npz,faulted,line,15,0,15,96.49122807017544,100.0,2.0,1
line_16_2976,samples\line_16_2976.npz,faulted,line,16,0,16,96.49122807017544,100.0,2.0,1
line_17_2977,samples\line_17_2977.npz,faulted,line,17,2,14,98.24561403508773,100.0,1.0,1
line_18_2978,samples\line_18_2978.npz,faulted,line,18,4,5,98.24561403508773,100.0,1.0,1
line_19_2979,samples\line_19_2979.npz,faulted,line,19,6,7,98.24561403508773,100.0,1.0,1
line_20_2980,samples\line_20_2980.npz,faulted,line,20,9,11,98.24561403508773,100.0,1.0,1
line_21_2981,samples\line_21_2981.npz,faulted,line,21,10,12,98.24561403508773,100.0,1.0,1
line_22_2982,samples\line_22_2982.npz,faulted,line,22,11,12,98.24561403508773,100.0,1.0,1
line_23_2983,samples\line_23_2983.npz,faulted,line,23,11,15,98.24561403508773,100.0,1.0,1
line_24_2984,samples\line_24_2984.npz,faulted,line,24,11,16,98.24561403508773,100.0,1.0,1
line_25_2985,samples\line_25_2985.npz,faulted,line,25,13,14,98.24561403508773,100.0,1.0,1
line_26_2986,samples\line_26_2986.npz,faulted,line,26,17,18,98.24561403508773,100.0,1.0,2
line_27_2987,samples\line_27_2987.npz,faulted,line,27,18,19,96.49122807017544,100.0,2.0,2
line_28_2988,samples\line_28_2988.npz,faulted,line,28,20,21,98.24561403508773,100.0,1.0,2
line_29_2989,samples\line_29_2989.npz,faulted,line,29,21,22,98.24561403508773,100.0,1.0,1
line_30_2990,samples\line_30_2990.npz,faulted,line,30,22,23,96.49122807017544,100.0,1.0,1
line_31_2991,samples\line_31_2991.npz,faulted,line,31,25,26,96.49122807017544,100.0,1.0,1
line_32_2992,samples\line_32_2992.npz,faulted,line,32,26,27,98.24561403508773,100.0,1.0,1
line_33_2993,samples\line_33_2993.npz,faulted,line,33,27,28,96.49122807017544,100.0,1.0,1
line_34_2994,samples\line_34_2994.npz,faulted,line,34,24,29,96.49122807017544,100.0,1.0,1
line_35_2995,samples\line_35_2995.npz,faulted,line,35,29,30,98.24561403508773,100.0,1.0,1
line_36_2996,samples\line_36_2996.npz,faulted,line,36,30,31,96.49122807017544,100.0,1.0,1
line_37_2997,samples\line_37_2997.npz,faulted,line,37,31,32,96.49122807017544,100.0,1.0,2
line_38_2998,samples\line_38_2998.npz,faulted,line,38,33,34,98.24561403508773,100.0,1.0,1
line_39_2999,samples\line_39_2999.npz,faulted,line,39,34,35,98.24561403508773,100.0,1.0,1
line_40_3000,samples\line_40_3000.npz,faulted,line,40,35,36,98.24561403508773,100.0,1.0,1
line_41_3001,samples\line_41_3001.npz,faulted,line,41,36,37,98.24561403508773,100.0,1.0,1
line_42_3002,samples\line_42_3002.npz,faulted,line,42,36,38,96.49122807017544,100.0,1.0,1
line_43_3003,samples\line_43_3003.npz,faulted,line,43,35,39,98.24561403508773,100.0,1.0,1
line_44_3004,samples\line_44_3004.npz,faulted,line,44,21,37,96.49122807017544,100.0,1.0,1
line_45_3005,samples\line_45_3005.npz,faulted,line,45,40,41,98.24561403508773,100.0,1.0,1
line_46_3006,samples\line_46_3006.npz,faulted,line,46,40,42,98.24561403508773,100.0,1.0,1
line_47_3007,samples\line_47_3007.npz,faulted,line,47,37,43,96.49122807017544,100.0,1.0,1
line_48_3008,samples\line_48_3008.npz,faulted,line,48,45,46,96.49122807017544,100.0,2.0,1
line_49_3009,samples\line_49_3009.npz,faulted,line,49,46,47,98.24561403508773,100.0,1.0,1
line_50_3010,samples\line_50_3010.npz,faulted,line,50,47,48,98.24561403508773,100.0,1.0,1
line_51_3011,samples\line_51_3011.npz,faulted,line,51,48,49,98.24561403508773,100.0,1.0,1
line_52_3012,samples\line_52_3012.npz,faulted,line,52,49,50,96.49122807017544,100.0,2.0,1
line_53_3013,samples\line_53_3013.npz,faulted,line,53,28,51,98.24561403508773,100.0,1.0,1
line_54_3014,samples\line_54_3014.npz,faulted,line,54,51,52,98.24561403508773,100.0,1.0,1
line_55_3015,samples\line_55_3015.npz,faulted,line,55,52,53,96.49122807017544,100.0,2.0,1
line_56_3016,samples\line_56_3016.npz,faulted,line,56,53,54,98.24561403508773,100.0,1.0,1
line_57_3017,samples\line_57_3017.npz,faulted,line,57,43,44,98.24561403508773,100.0,1.0,1
line_58_3018,samples\line_58_3018.npz,faulted,line,58,55,40,98.24561403508773,100.0,1.0,1
line_59_3019,samples\line_59_3019.npz,faulted,line,59,55,41,96.49122807017544,100.0,0.0,1
line_60_3020,samples\line_60_3020.npz,faulted,line,60,56,55,96.49122807017544,100.0,0.0,1
line_61_3021,samples\line_61_3021.npz,faulted,line,61,37,48,98.24561403508773,100.0,1.0,1
line_62_3022,samples\line_62_3022.npz,faulted,line,62,37,47,96.49122807017544,100.0,2.0,1
trafo_0_3023,samples\trafo_0_3023.npz,faulted,trafo,0,17,3,98.24561403508773,100.0,1.0,1
trafo_1_3024,samples\trafo_1_3024.npz,faulted,trafo,1,17,3,98.24561403508773,100.0,1.0,1
trafo_2_3025,samples\trafo_2_3025.npz,faulted,trafo,2,19,20,98.24561403508773,100.0,1.0,1
trafo_3_3026,samples\trafo_3_3026.npz,faulted,trafo,3,24,23,98.24561403508773,100.0,1.0,1
trafo_4_3027,samples\trafo_4_3027.npz,faulted,trafo,4,24,23,98.24561403508773,100.0,1.0,1
trafo_5_3028,samples\trafo_5_3028.npz,faulted,trafo,5,25,23,98.24561403508773,100.0,1.0,1
trafo_6_3029,samples\trafo_6_3029.npz,faulted,trafo,6,28,6,96.49122807017544,100.0,1.0,1
trafo_7_3030,samples\trafo_7_3030.npz,faulted,trafo,7,31,33,98.24561403508773,100.0,1.0,1
trafo_8_3031,samples\trafo_8_3031.npz,faulted,trafo,8,40,10,98.24561403508773,100.0,1.0,1
trafo_9_3032,samples\trafo_9_3032.npz,faulted,trafo,9,44,14,96.49122807017544,100.0,1.0,1
trafo_10_3033,samples\trafo_10_3033.npz,faulted,trafo,10,45,13,98.24561403508773,100.0,1.0,1
trafo_11_3034,samples\trafo_11_3034.npz,faulted,trafo,11,50,9,98.24561403508773,100.0,1.0,1
trafo_12_3035,samples\trafo_12_3035.npz,faulted,trafo,12,48,12,98.24561403508773,100.0,1.0,1
trafo_13_3036,samples\trafo_13_3036.npz,faulted,trafo,13,42,10,96.49122807017544,100.0,1.0,1
trafo_14_3037,samples\trafo_14_3037.npz,faulted,trafo,14,55,39,96.49122807017544,100.0,0.0,1
trafo_15_3038,samples\trafo_15_3038.npz,faulted,trafo,15,56,38,98.24561403508773,100.0,1.0,1
trafo_16_3039,samples\trafo_16_3039.npz,faulted,trafo,16,54,8,96.49122807017544,100.0,1.0,1
line_0_3040,samples\line_0_3040.npz,faulted,line,0,0,1,96.49122807017544,100.0,2.0,2
line_1_3041,samples\line_1_3041.npz,faulted,line,1,1,2,98.24561403508773,100.0,1.0,2
line_2_3042,samples\line_2_3042.npz,faulted,line,2,2,3,98.24561403508773,100.0,1.0,2
line_3_3043,samples\line_3_3043.npz,faulted,line,3,3,4,96.49122807017544,100.0,2.0,3
line_4_3044,samples\line_4_3044.npz,faulted,line,4,3,5,96.49122807017544,100.0,1.0,2
line_5_3045,samples\line_5_3045.npz,faulted,line,5,5,6,98.24561403508773,100.0,1.0,2
line_6_3046,samples\line_6_3046.npz,faulted,line,6,5,7,98.24561403508773,100.0,1.0,2
line_7_3047,samples\line_7_3047.npz,faulted,line,7,7,8,96.49122807017544,100.0,1.0,2
line_8_3048,samples\line_8_3048.npz,faulted,line,8,8,9,96.49122807017544,100.0,1.0,2
line_9_3049,samples\line_9_3049.npz,faulted,line,9,8,10,98.24561403508773,100.0,1.0,2
line_10_3050,samples\line_10_3050.npz,faulted,line,10,8,11,96.49122807017544,100.0,1.0,2
line_11_3051,samples\line_11_3051.npz,faulted,line,11,8,12,98.24561403508773,100.0,1.0,2
line_12_3052,samples\line_12_3052.npz,faulted,line,12,12,13,98.24561403508773,100.0,1.0,2
line_13_3053,samples\line_13_3053.npz,faulted,line,13,12,14,98.24561403508773,100.0,1.0,2
line_14_3054,samples\line_14_3054.npz,faulted,line,14,0,14,98.24561403508773,100.0,2.0,2
line_15_3055,samples\line_15_3055.npz,faulted,line,15,0,15,96.49122807017544,100.0,2.0,2
line_16_3056,samples\line_16_3056.npz,faulted,line,16,0,16,96.49122807017544,100.0,2.0,2
line_17_3057,samples\line_17_3057.npz,faulted,line,17,2,14,98.24561403508773,100.0,1.0,2
line_18_3058,samples\line_18_3058.npz,faulted,line,18,4,5,98.24561403508773,100.0,1.0,2
line_19_3059,samples\line_19_3059.npz,faulted,line,19,6,7,98.24561403508773,100.0,1.0,2
line_20_3060,samples\line_20_3060.npz,faulted,line,20,9,11,98.24561403508773,100.0,1.0,2
line_21_3061,samples\line_21_3061.npz,faulted,line,21,10,12,98.24561403508773,100.0,1.0,2
line_22_3062,samples\line_22_3062.npz,faulted,line,22,11,12,98.24561403508773,100.0,1.0,2
line_23_3063,samples\line_23_3063.npz,faulted,line,23,11,15,98.24561403508773,100.0,1.0,2
line_24_3064,samples\line_24_3064.npz,faulted,line,24,11,16,98.24561403508773,100.0,1.0,2
line_25_3065,samples\line_25_3065.npz,faulted,line,25,13,14,98.24561403508773,100.0,1.0,2
line_26_3066,samples\line_26_3066.npz,faulted,line,26,17,18,98.24561403508773,100.0,1.0,2
line_27_3067,samples\line_27_3067.npz,faulted,line,27,18,19,96.49122807017544,100.0,2.0,2
line_28_3068,samples\line_28_3068.npz,faulted,line,28,20,21,98.24561403508773,100.0,1.0,2
line_29_3069,samples\line_29_3069.npz,faulted,line,29,21,22,98.24561403508773,100.0,1.0,2
line_30_3070,samples\line_30_3070.npz,faulted,line,30,22,23,96.49122807017544,100.0,2.0,2
line_31_3071,samples\line_31_3071.npz,faulted,line,31,25,26,96.49122807017544,100.0,1.0,2
line_32_3072,samples\line_32_3072.npz,faulted,line,32,26,27,98.24561403508773,100.0,1.0,2
line_33_3073,samples\line_33_3073.npz,faulted,line,33,27,28,96.49122807017544,100.0,1.0,2
line_34_3074,samples\line_34_3074.npz,faulted,line,34,24,29,96.49122807017544,100.0,1.0,2
line_35_3075,samples\line_35_3075.npz,faulted,line,35,29,30,98.24561403508773,100.0,1.0,2
line_36_3076,samples\line_36_3076.npz,faulted,line,36,30,31,96.49122807017544,100.0,1.0,2
line_37_3077,samples\line_37_3077.npz,faulted,line,37,31,32,96.49122807017544,100.0,1.0,3
line_38_3078,samples\line_38_3078.npz,faulted,line,38,33,34,98.24561403508773,100.0,1.0,2
line_39_3079,samples\line_39_3079.npz,faulted,line,39,34,35,98.24561403508773,100.0,1.0,2
line_40_3080,samples\line_40_3080.npz,faulted,line,40,35,36,98.24561403508773,100.0,1.0,2
line_41_3081,samples\line_41_3081.npz,faulted,line,41,36,37,98.24561403508773,100.0,1.0,2
line_42_3082,samples\line_42_3082.npz,faulted,line,42,36,38,96.49122807017544,100.0,1.0,3
line_43_3083,samples\line_43_3083.npz,faulted,line,43,35,39,98.24561403508773,100.0,1.0,2
line_44_3084,samples\line_44_3084.npz,faulted,line,44,21,37,96.49122807017544,100.0,2.0,2
line_45_3085,samples\line_45_3085.npz,faulted,line,45,40,41,98.24561403508773,100.0,1.0,2
line_46_3086,samples\line_46_3086.npz,faulted,line,46,40,42,98.24561403508773,100.0,1.0,2
line_47_3087,samples\line_47_3087.npz,faulted,line,47,37,43,96.49122807017544,100.0,1.0,2
line_48_3088,samples\line_48_3088.npz,faulted,line,48,45,46,96.49122807017544,100.0,2.0,2
line_49_3089,samples\line_49_3089.npz,faulted,line,49,46,47,98.24561403508773,100.0,1.0,2
line_50_3090,samples\line_50_3090.npz,faulted,line,50,47,48,98.24561403508773,100.0,1.0,2
line_51_3091,samples\line_51_3091.npz,faulted,line,51,48,49,98.24561403508773,100.0,1.0,2
line_52_3092,samples\line_52_3092.npz,faulted,line,52,49,50,96.49122807017544,100.0,2.0,2
line_53_3093,samples\line_53_3093.npz,faulted,line,53,28,51,98.24561403508773,100.0,1.0,2
line_54_3094,samples\line_54_3094.npz,faulted,line,54,51,52,96.49122807017544,100.0,1.0,3
line_55_3095,samples\line_55_3095.npz,faulted,line,55,52,53,96.49122807017544,100.0,1.0,3
line_56_3096,samples\line_56_3096.npz,faulted,line,56,53,54,98.24561403508773,100.0,1.0,3
line_57_3097,samples\line_57_3097.npz,faulted,line,57,43,44,98.24561403508773,100.0,1.0,2
line_58_3098,samples\line_58_3098.npz,faulted,line,58,55,40,98.24561403508773,100.0,1.0,2
line_59_3099,samples\line_59_3099.npz,faulted,line,59,55,41,96.49122807017544,100.0,1.0,2
line_60_3100,samples\line_60_3100.npz,faulted,line,60,56,55,96.49122807017544,100.0,1.0,3
line_61_3101,samples\line_61_3101.npz,faulted,line,61,37,48,98.24561403508773,100.0,1.0,2
line_62_3102,samples\line_62_3102.npz,faulted,line,62,37,47,96.49122807017544,100.0,2.0,2
trafo_0_3103,samples\trafo_0_3103.npz,faulted,trafo,0,17,3,98.24561403508773,100.0,1.0,2
trafo_1_3104,samples\trafo_1_3104.npz,faulted,trafo,1,17,3,98.24561403508773,100.0,1.0,2
trafo_2_3105,samples\trafo_2_3105.npz,faulted,trafo,2,19,20,96.49122807017544,100.0,2.0,2
trafo_3_3106,samples\trafo_3_3106.npz,faulted,trafo,3,24,23,98.24561403508773,100.0,1.0,2
trafo_4_3107,samples\trafo_4_3107.npz,faulted,trafo,4,24,23,98.24561403508773,100.0,1.0,2
trafo_5_3108,samples\trafo_5_3108.npz,faulted,trafo,5,25,23,98.24561403508773,100.0,1.0,2
trafo_6_3109,samples\trafo_6_3109.npz,faulted,trafo,6,28,6,96.49122807017544,100.0,1.0,2
trafo_7_3110,samples\trafo_7_3110.npz,faulted,trafo,7,31,33,98.24561403508773,100.0,1.0,2
trafo_8_3111,samples\trafo_8_3111.npz,faulted,trafo,8,40,10,98.24561403508773,100.0,1.0,2
trafo_9_3112,samples\trafo_9_3112.npz,faulted,trafo,9,44,14,96.49122807017544,100.0,1.0,2
trafo_10_3113,samples\trafo_10_3113.npz,faulted,trafo,10,45,13,98.24561403508773,100.0,1.0,2
trafo_11_3114,samples\trafo_11_3114.npz,faulted,trafo,11,50,9,98.24561403508773,100.0,1.0,2
trafo_12_3115,samples\trafo_12_3115.npz,faulted,trafo,12,48,12,98.24561403508773,100.0,1.0,2
trafo_13_3116,samples\trafo_13_3116.npz,faulted,trafo,13,42,10,96.49122807017544,100.0,1.0,2
trafo_14_3117,samples\trafo_14_3117.npz,faulted,trafo,14,55,39,96.49122807017544,100.0,1.0,2
trafo_15_3118,samples\trafo_15_3118.npz,faulted,trafo,15,56,38,98.24561403508773,100.0,1.0,2
trafo_16_3119,samples\trafo_16_3119.npz,faulted,trafo,16,54,8,98.24561403508773,100.0,1.0,2
line_0_3120,samples\line_0_3120.npz,faulted,line,0,0,1,98.24561403508773,100.0,1.0,1
line_1_3121,samples\line_1_3121.npz,faulted,line,1,1,2,98.24561403508773,100.0,1.0,2
line_2_3122,samples\line_2_3122.npz,faulted,line,2,2,3,98.24561403508773,100.0,1.0,1
line_3_3123,samples\line_3_3123.npz,faulted,line,3,3,4,96.49122807017544,100.0,1.0,1
line_4_3124,samples\line_4_3124.npz,faulted,line,4,3,5,96.49122807017544,100.0,2.0,1
line_5_3125,samples\line_5_3125.npz,faulted,line,5,5,6,98.24561403508773,100.0,1.0,1
line_6_3126,samples\line_6_3126.npz,faulted,line,6,5,7,98.24561403508773,100.0,1.0,1
line_7_3127,samples\line_7_3127.npz,faulted,line,7,7,8,96.49122807017544,100.0,2.0,1
line_8_3128,samples\line_8_3128.npz,faulted,line,8,8,9,96.49122807017544,100.0,2.0,1
line_9_3129,samples\line_9_3129.npz,faulted,line,9,8,10,98.24561403508773,100.0,2.0,1
line_10_3130,samples\line_10_3130.npz,faulted,line,10,8,11,96.49122807017544,100.0,2.0,1
line_11_3131,samples\line_11_3131.npz,faulted,line,11,8,12,98.24561403508773,100.0,1.0,1
line_12_3132,samples\line_12_3132.npz,faulted,line,12,12,13,98.24561403508773,100.0,1.0,1
line_13_3133,samples\line_13_3133.npz,faulted,line,13,12,14,98.24561403508773,100.0,1.0,1
line_14_3134,samples\line_14_3134.npz,faulted,line,14,0,14,98.24561403508773,100.0,2.0,1
line_15_3135,samples\line_15_3135.npz,faulted,line,15,0,15,96.49122807017544,100.0,1.0,1
line_16_3136,samples\line_16_3136.npz,faulted,line,16,0,16,96.49122807017544,100.0,1.0,1
line_17_3137,samples\line_17_3137.npz,faulted,line,17,2,14,98.24561403508773,100.0,1.0,1
line_18_3138,samples\line_18_3138.npz,faulted,line,18,4,5,98.24561403508773,100.0,1.0,1
line_19_3139,samples\line_19_3139.npz,faulted,line,19,6,7,98.24561403508773,100.0,1.0,1
line_20_3140,samples\line_20_3140.npz,faulted,line,20,9,11,98.24561403508773,100.0,1.0,1
line_21_3141,samples\line_21_3141.npz,faulted,line,21,10,12,98.24561403508773,100.0,1.0,1
line_22_3142,samples\line_22_3142.npz,faulted,line,22,11,12,98.24561403508773,100.0,1.0,1
line_23_3143,samples\line_23_3143.npz,faulted,line,23,11,15,98.24561403508773,100.0,1.0,1
line_24_3144,samples\line_24_3144.npz,faulted,line,24,11,16,98.24561403508773,100.0,1.0,1
line_25_3145,samples\line_25_3145.npz,faulted,line,25,13,14,98.24561403508773,100.0,1.0,1
line_26_3146,samples\line_26_3146.npz,faulted,line,26,17,18,98.24561403508773,100.0,1.0,1
line_27_3147,samples\line_27_3147.npz,faulted,line,27,18,19,96.49122807017544,100.0,2.0,1
line_28_3148,samples\line_28_3148.npz,faulted,line,28,20,21,98.24561403508773,100.0,1.0,1
line_29_3149,samples\line_29_3149.npz,faulted,line,29,21,22,98.24561403508773,100.0,1.0,1
line_30_3150,samples\line_30_3150.npz,faulted,line,30,22,23,96.49122807017544,100.0,2.0,1
line_31_3151,samples\line_31_3151.npz,faulted,line,31,25,26,96.49122807017544,100.0,1.0,1
line_32_3152,samples\line_32_3152.npz,faulted,line,32,26,27,98.24561403508773,100.0,1.0,1
line_33_3153,samples\line_33_3153.npz,faulted,line,33,27,28,96.49122807017544,100.0,1.0,1
line_34_3154,samples\line_34_3154.npz,faulted,line,34,24,29,96.49122807017544,100.0,1.0,1
line_35_3155,samples\line_35_3155.npz,faulted,line,35,29,30,98.24561403508773,100.0,1.0,1
line_36_3156,samples\line_36_3156.npz,faulted,line,36,30,31,96.49122807017544,100.0,1.0,1
line_37_3157,samples\line_37_3157.npz,faulted,line,37,31,32,96.49122807017544,100.0,1.0,2
line_38_3158,samples\line_38_3158.npz,faulted,line,38,33,34,98.24561403508773,100.0,1.0,1
line_39_3159,samples\line_39_3159.npz,faulted,line,39,34,35,98.24561403508773,100.0,1.0,1
line_40_3160,samples\line_40_3160.npz,faulted,line,40,35,36,98.24561403508773,100.0,1.0,1
line_41_3161,samples\line_41_3161.npz,faulted,line,41,36,37,98.24561403508773,100.0,1.0,1
line_42_3162,samples\line_42_3162.npz,faulted,line,42,36,38,96.49122807017544,100.0,1.0,1
line_43_3163,samples\line_43_3163.npz,faulted,line,43,35,39,98.24561403508773,100.0,1.0,1
line_44_3164,samples\line_44_3164.npz,faulted,line,44,21,37,96.49122807017544,100.0,2.0,1
line_45_3165,samples\line_45_3165.npz,faulted,line,45,40,41,98.24561403508773,100.0,1.0,1
line_46_3166,samples\line_46_3166.npz,faulted,line,46,40,42,98.24561403508773,100.0,1.0,1
line_47_3167,samples\line_47_3167.npz,faulted,line,47,37,43,96.49122807017544,100.0,1.0,1
line_48_3168,samples\line_48_3168.npz,faulted,line,48,45,46,96.49122807017544,100.0,2.0,1
line_49_3169,samples\line_49_3169.npz,faulted,line,49,46,47,98.24561403508773,100.0,1.0,1
line_50_3170,samples\line_50_3170.npz,faulted,line,50,47,48,98.24561403508773,100.0,1.0,1
line_51_3171,samples\line_51_3171.npz,faulted,line,51,48,49,98.24561403508773,100.0,1.0,1
line_52_3172,samples\line_52_3172.npz,faulted,line,52,49,50,96.49122807017544,100.0,2.0,1
line_53_3173,samples\line_53_3173.npz,faulted,line,53,28,51,98.24561403508773,100.0,1.0,1
line_54_3174,samples\line_54_3174.npz,faulted,line,54,51,52,98.24561403508773,100.0,1.0,1
line_55_3175,samples\line_55_3175.npz,faulted,line,55,52,53,96.49122807017544,100.0,2.0,1
line_56_3176,samples\line_56_3176.npz,faulted,line,56,53,54,98.24561403508773,100.0,1.0,1
line_57_3177,samples\line_57_3177.npz,faulted,line,57,43,44,98.24561403508773,100.0,1.0,1
line_58_3178,samples\line_58_3178.npz,faulted,line,58,55,40,98.24561403508773,100.0,1.0,1
line_59_3179,samples\line_59_3179.npz,faulted,line,59,55,41,96.49122807017544,100.0,0.0,1
line_60_3180,samples\line_60_3180.npz,faulted,line,60,56,55,96.49122807017544,100.0,0.0,1
line_61_3181,samples\line_61_3181.npz,faulted,line,61,37,48,98.24561403508773,100.0,1.0,1
line_62_3182,samples\line_62_3182.npz,faulted,line,62,37,47,96.49122807017544,100.0,2.0,1
trafo_0_3183,samples\trafo_0_3183.npz,faulted,trafo,0,17,3,98.24561403508773,100.0,1.0,1
trafo_1_3184,samples\trafo_1_3184.npz,faulted,trafo,1,17,3,98.24561403508773,100.0,1.0,1
trafo_2_3185,samples\trafo_2_3185.npz,faulted,trafo,2,19,20,96.49122807017544,100.0,2.0,1
trafo_3_3186,samples\trafo_3_3186.npz,faulted,trafo,3,24,23,98.24561403508773,100.0,1.0,1
trafo_4_3187,samples\trafo_4_3187.npz,faulted,trafo,4,24,23,98.24561403508773,100.0,1.0,1
trafo_5_3188,samples\trafo_5_3188.npz,faulted,trafo,5,25,23,98.24561403508773,100.0,1.0,1
trafo_6_3189,samples\trafo_6_3189.npz,faulted,trafo,6,28,6,96.49122807017544,100.0,1.0,1
trafo_7_3190,samples\trafo_7_3190.npz,faulted,trafo,7,31,33,98.24561403508773,100.0,1.0,1
trafo_8_3191,samples\trafo_8_3191.npz,faulted,trafo,8,40,10,98.24561403508773,100.0,1.0,1
trafo_9_3192,samples\trafo_9_3192.npz,faulted,trafo,9,44,14,96.49122807017544,100.0,1.0,1
trafo_10_3193,samples\trafo_10_3193.npz,faulted,trafo,10,45,13,98.24561403508773,100.0,1.0,1
trafo_11_3194,samples\trafo_11_3194.npz,faulted,trafo,11,50,9,98.24561403508773,100.0,1.0,1
trafo_12_3195,samples\trafo_12_3195.npz,faulted,trafo,12,48,12,98.24561403508773,100.0,1.0,1
trafo_13_3196,samples\trafo_13_3196.npz,faulted,trafo,13,42,10,96.49122807017544,100.0,1.0,1
trafo_14_3197,samples\trafo_14_3197.npz,faulted,trafo,14,55,39,96.49122807017544,100.0,0.0,1
trafo_15_3198,samples\trafo_15_3198.npz,faulted,trafo,15,56,38,98.24561403508773,100.0,1.0,1
trafo_16_3199,samples\trafo_16_3199.npz,faulted,trafo,16,54,8,96.49122807017544,100.0,2.0,1
line_0_3200,samples\line_0_3200.npz,faulted,line,0,0,1,94.73684210526316,100.0,1.0,2
line_1_3201,samples\line_1_3201.npz,faulted,line,1,1,2,96.49122807017544,100.0,0.0,1
line_2_3202,samples\line_2_3202.npz,faulted,line,2,2,3,96.49122807017544,100.0,0.0,1
line_3_3203,samples\line_3_3203.npz,faulted,line,3,3,4,94.73684210526316,100.0,1.0,1
line_4_3204,samples\line_4_3204.npz,faulted,line,4,3,5,94.73684210526316,100.0,1.0,1
line_5_3205,samples\line_5_3205.npz,faulted,line,5,5,6,96.49122807017544,100.0,0.0,1
line_6_3206,samples\line_6_3206.npz,faulted,line,6,5,7,96.49122807017544,100.0,0.0,1
line_7_3207,samples\line_7_3207.npz,faulted,line,7,7,8,94.73684210526316,100.0,1.0,1
line_8_3208,samples\line_8_3208.npz,faulted,line,8,8,9,94.73684210526316,100.0,1.0,1
line_9_3209,samples\line_9_3209.npz,faulted,line,9,8,10,96.49122807017544,100.0,0.0,1
line_10_3210,samples\line_10_3210.npz,faulted,line,10,8,11,94.73684210526316,100.0,1.0,1
line_11_3211,samples\line_11_3211.npz,faulted,line,11,8,12,96.49122807017544,100.0,0.0,1
line_12_3212,samples\line_12_3212.npz,faulted,line,12,12,13,96.49122807017544,100.0,0.0,1
line_13_3213,samples\line_13_3213.npz,faulted,line,13,12,14,96.49122807017544,100.0,0.0,1
line_14_3214,samples\line_14_3214.npz,faulted,line,14,0,14,96.49122807017544,100.0,0.0,1
line_15_3215,samples\line_15_3215.npz,faulted,line,15,0,15,94.73684210526316,100.0,1.0,1
line_16_3216,samples\line_16_3216.npz,faulted,line,16,0,16,94.73684210526316,100.0,1.0,1
line_17_3217,samples\line_17_3217.npz,faulted,line,17,2,14,96.49122807017544,100.0,0.0,1
line_18_3218,samples\line_18_3218.npz,faulted,line,18,4,5,96.49122807017544,100.0,0.0,1
line_19_3219,samples\line_19_3219.npz,faulted,line,19,6,7,96.49122807017544,100.0,0.0,1
line_20_3220,samples\line_20_3220.npz,faulted,line,20,9,11,96.49122807017544,100.0,0.0,1
line_21_3221,samples\line_21_3221.npz,faulted,line,21,10,12,96.49122807017544,100.0,0.0,1
line_22_3222,samples\line_22_3222.npz,faulted,line,22,11,12,96.49122807017544,100.0,0.0,1
line_23_3223,samples\line_23_3223.npz,faulted,line,23,11,15,96.49122807017544,100.0,0.0,1
line_24_3224,samples\line_24_3224.npz,faulted,line,24,11,16,96.49122807017544,100.0,0.0,1
line_25_3225,samples\line_25_3225.npz,faulted,line,25,13,14,94.73684210526316,100.0,0.0,1
line_26_3226,samples\line_26_3226.npz,faulted,line,26,17,18,96.49122807017544,100.0,0.0,1
line_27_3227,samples\line_27_3227.npz,faulted,line,27,18,19,94.73684210526316,100.0,1.0,1
line_28_3228,samples\line_28_3228.npz,faulted,line,28,20,21,96.49122807017544,100.0,0.0,1
line_29_3229,samples\line_29_3229.npz,faulted,line,29,21,22,96.49122807017544,100.0,0.0,1
line_30_3230,samples\line_30_3230.npz,faulted,line,30,22,23,94.73684210526316,100.0,1.0,1
line_31_3231,samples\line_31_3231.npz,faulted,line,31,25,26,94.73684210526316,100.0,0.0,1
line_32_3232,samples\line_32_3232.npz,faulted,line,32,26,27,96.49122807017544,100.0,0.0,1
line_33_3233,samples\line_33_3233.npz,faulted,line,33,27,28,94.73684210526316,100.0,0.0,1
line_34_3234,samples\line_34_3234.npz,faulted,line,34,24,29,94.73684210526316,100.0,0.0,1
line_35_3235,samples\line_35_3235.npz,faulted,line,35,29,30,96.49122807017544,100.0,0.0,1
line_36_3236,samples\line_36_3236.npz,faulted,line,36,30,31,94.73684210526316,100.0,0.0,1
line_37_3237,samples\line_37_3237.npz,faulted,line,37,31,32,94.73684210526316,100.0,1.0,2
line_38_3238,samples\line_38_3238.npz,faulted,line,38,33,34,96.49122807017544,100.0,0.0,1
line_39_3239,samples\line_39_3239.npz,faulted,line,39,34,35,96.49122807017544,100.0,1.0,1
line_40_3240,samples\line_40_3240.npz,faulted,line,40,35,36,96.49122807017544,100.0,0.0,1
line_41_3241,samples\line_41_3241.npz,faulted,line,41,36,37,96.49122807017544,100.0,0.0,1
line_42_3242,samples\line_42_3242.npz,faulted,line,42,36,38,94.73684210526316,100.0,0.0,1
line_43_3243,samples\line_43_3243.npz,faulted,line,43,35,39,96.49122807017544,100.0,1.0,2
line_44_3244,samples\line_44_3244.npz,faulted,line,44,21,37,94.73684210526316,100.0,1.0,1
line_45_3245,samples\line_45_3245.npz,faulted,line,45,40,41,96.49122807017544,100.0,1.0,1
line_46_3246,samples\line_46_3246.npz,faulted,line,46,40,42,96.49122807017544,100.0,1.0,1
line_47_3247,samples\line_47_3247.npz,faulted,line,47,37,43,96.49122807017544,100.0,0.0,1
line_48_3248,samples\line_48_3248.npz,faulted,line,48,45,46,94.73684210526316,100.0,1.0,2
line_49_3249,samples\line_49_3249.npz,faulted,line,49,46,47,96.49122807017544,100.0,0.0,2
line_50_3250,samples\line_50_3250.npz,faulted,line,50,47,48,96.49122807017544,100.0,0.0,1
line_51_3251,samples\line_51_3251.npz,faulted,line,51,48,49,96.49122807017544,100.0,0.0,2
line_52_3252,samples\line_52_3252.npz,faulted,line,52,49,50,94.73684210526316,100.0,1.0,2
line_53_3253,samples\line_53_3253.npz,faulted,line,53,28,51,96.49122807017544,100.0,0.0,1
line_54_3254,samples\line_54_3254.npz,faulted,line,54,51,52,96.49122807017544,100.0,0.0,1
line_55_3255,samples\line_55_3255.npz,faulted,line,55,52,53,94.73684210526316,100.0,1.0,1
line_56_3256,samples\line_56_3256.npz,faulted,line,56,53,54,96.49122807017544,100.0,0.0,1
line_57_3257,samples\line_57_3257.npz,faulted,line,57,43,44,96.49122807017544,100.0,0.0,2
line_58_3258,samples\line_58_3258.npz,faulted,line,58,55,40,96.49122807017544,100.0,0.0,1
line_59_3259,samples\line_59_3259.npz,faulted,line,59,55,41,94.73684210526316,100.0,0.0,1
line_60_3260,samples\line_60_3260.npz,faulted,line,60,56,55,94.73684210526316,100.0,0.0,1
line_61_3261,samples\line_61_3261.npz,faulted,line,61,37,48,96.49122807017544,100.0,0.0,1
line_62_3262,samples\line_62_3262.npz,faulted,line,62,37,47,94.73684210526316,100.0,0.0,1
trafo_0_3263,samples\trafo_0_3263.npz,faulted,trafo,0,17,3,96.49122807017544,100.0,0.0,1
trafo_1_3264,samples\trafo_1_3264.npz,faulted,trafo,1,17,3,96.49122807017544,100.0,0.0,1
trafo_2_3265,samples\trafo_2_3265.npz,faulted,trafo,2,19,20,94.73684210526316,100.0,1.0,1
trafo_3_3266,samples\trafo_3_3266.npz,faulted,trafo,3,24,23,96.49122807017544,100.0,0.0,1
trafo_4_3267,samples\trafo_4_3267.npz,faulted,trafo,4,24,23,96.49122807017544,100.0,0.0,1
trafo_5_3268,samples\trafo_5_3268.npz,faulted,trafo,5,25,23,96.49122807017544,100.0,0.0,1
trafo_6_3269,samples\trafo_6_3269.npz,faulted,trafo,6,28,6,94.73684210526316,100.0,0.0,1
trafo_7_3270,samples\trafo_7_3270.npz,faulted,trafo,7,31,33,96.49122807017544,100.0,1.0,1
trafo_8_3271,samples\trafo_8_3271.npz,faulted,trafo,8,40,10,96.49122807017544,100.0,0.0,1
trafo_9_3272,samples\trafo_9_3272.npz,faulted,trafo,9,44,14,94.73684210526316,100.0,0.0,2
trafo_10_3273,samples\trafo_10_3273.npz,faulted,trafo,10,45,13,96.49122807017544,100.0,0.0,1
trafo_11_3274,samples\trafo_11_3274.npz,faulted,trafo,11,50,9,96.49122807017544,100.0,0.0,1
trafo_12_3275,samples\trafo_12_3275.npz,faulted,trafo,12,48,12,96.49122807017544,100.0,0.0,1
trafo_13_3276,samples\trafo_13_3276.npz,faulted,trafo,13,42,10,94.73684210526316,100.0,0.0,1
trafo_14_3277,samples\trafo_14_3277.npz,faulted,trafo,14,55,39,96.49122807017544,100.0,0.0,1
trafo_15_3278,samples\trafo_15_3278.npz,faulted,trafo,15,56,38,96.49122807017544,100.0,1.0,1
trafo_16_3279,samples\trafo_16_3279.npz,faulted,trafo,16,54,8,94.73684210526316,100.0,0.0,1
line_0_3280,samples\line_0_3280.npz,faulted,line,0,0,1,96.49122807017544,100.0,1.0,1
line_1_3281,samples\line_1_3281.npz,faulted,line,1,1,2,98.24561403508773,100.0,0.0,1
line_2_3282,samples\line_2_3282.npz,faulted,line,2,2,3,98.24561403508773,100.0,0.0,1
line_3_3283,samples\line_3_3283.npz,faulted,line,3,3,4,96.49122807017544,100.0,1.0,1
line_4_3284,samples\line_4_3284.npz,faulted,line,4,3,5,96.49122807017544,100.0,1.0,1
line_5_3285,samples\line_5_3285.npz,faulted,line,5,5,6,98.24561403508773,100.0,0.0,1
line_6_3286,samples\line_6_3286.npz,faulted,line,6,5,7,98.24561403508773,100.0,0.0,1
line_7_3287,samples\line_7_3287.npz,faulted,line,7,7,8,96.49122807017544,100.0,1.0,1
line_8_3288,samples\line_8_3288.npz,faulted,line,8,8,9,96.49122807017544,100.0,1.0,1
line_9_3289,samples\line_9_3289.npz,faulted,line,9,8,10,98.24561403508773,100.0,1.0,1
line_10_3290,samples\line_10_3290.npz,faulted,line,10,8,11,96.49122807017544,100.0,1.0,1
line_11_3291,samples\line_11_3291.npz,faulted,line,11,8,12,98.24561403508773,100.0,0.0,1
line_12_3292,samples\line_12_3292.npz,faulted,line,12,12,13,98.24561403508773,100.0,0.0,1
line_13_3293,samples\line_13_3293.npz,faulted,line,13,12,14,98.24561403508773,100.0,0.0,1
line_14_3294,samples\line_14_3294.npz,faulted,line,14,0,14,98.24561403508773,100.0,1.0,1
line_15_3295,samples\line_15_3295.npz,faulted,line,15,0,15,96.49122807017544,100.0,1.0,1
line_16_3296,samples\line_16_3296.npz,faulted,line,16,0,16,96.49122807017544,100.0,1.0,1
line_17_3297,samples\line_17_3297.npz,faulted,line,17,2,14,98.24561403508773,100.0,0.0,1
line_18_3298,samples\line_18_3298.npz,faulted,line,18,4,5,98.24561403508773,100.0,0.0,1
line_19_3299,samples\line_19_3299.npz,faulted,line,19,6,7,98.24561403508773,100.0,0.0,1
line_20_3300,samples\line_20_3300.npz,faulted,line,20,9,11,98.24561403508773,100.0,0.0,1
line_21_3301,samples\line_21_3301.npz,faulted,line,21,10,12,98.24561403508773,100.0,0.0,1
line_22_3302,samples\line_22_3302.npz,faulted,line,22,11,12,98.24561403508773,100.0,0.0,1
line_23_3303,samples\line_23_3303.npz,faulted,line,23,11,15,98.24561403508773,100.0,0.0,1
line_24_3304,samples\line_24_3304.npz,faulted,line,24,11,16,98.24561403508773,100.0,0.0,1
line_25_3305,samples\line_25_3305.npz,faulted,line,25,13,14,98.24561403508773,100.0,0.0,1
line_26_3306,samples\line_26_3306.npz,faulted,line,26,17,18,98.24561403508773,100.0,0.0,1
line_27_3307,samples\line_27_3307.npz,faulted,line,27,18,19,96.49122807017544,100.0,1.0,1
line_28_3308,samples\line_28_3308.npz,faulted,line,28,20,21,98.24561403508773,100.0,0.0,1
line_29_3309,samples\line_29_3309.npz,faulted,line,29,21,22,98.24561403508773,100.0,0.0,1
line_30_3310,samples\line_30_3310.npz,faulted,line,30,22,23,96.49122807017544,100.0,1.0,1
line_31_3311,samples\line_31_3311.npz,faulted,line,31,25,26,96.49122807017544,100.0,0.0,1
line_32_3312,samples\line_32_3312.npz,faulted,line,32,26,27,98.24561403508773,100.0,0.0,1
line_33_3313,samples\line_33_3313.npz,faulted,line,33,27,28,96.49122807017544,100.0,0.0,1
line_34_3314,samples\line_34_3314.npz,faulted,line,34,24,29,96.49122807017544,100.0,0.0,2
line_35_3315,samples\line_35_3315.npz,faulted,line,35,29,30,98.24561403508773,100.0,0.0,2
line_36_3316,samples\line_36_3316.npz,faulted,line,36,30,31,96.49122807017544,100.0,0.0,2
line_37_3317,samples\line_37_3317.npz,faulted,line,37,31,32,96.49122807017544,100.0,1.0,2
line_38_3318,samples\line_38_3318.npz,faulted,line,38,33,34,98.24561403508773,100.0,0.0,1
line_39_3319,samples\line_39_3319.npz,faulted,line,39,34,35,98.24561403508773,100.0,0.0,2
line_40_3320,samples\line_40_3320.npz,faulted,line,40,35,36,98.24561403508773,100.0,0.0,1
line_41_3321,samples\line_41_3321.npz,faulted,line,41,36,37,98.24561403508773,100.0,0.0,1
line_42_3322,samples\line_42_3322.npz,faulted,line,42,36,38,96.49122807017544,100.0,0.0,1
line_43_3323,samples\line_43_3323.npz,faulted,line,43,35,39,98.24561403508773,100.0,0.0,1
line_44_3324,samples\line_44_3324.npz,faulted,line,44,21,37,96.49122807017544,100.0,1.0,1
line_45_3325,samples\line_45_3325.npz,faulted,line,45,40,41,98.24561403508773,100.0,0.0,1
line_46_3326,samples\line_46_3326.npz,faulted,line,46,40,42,98.24561403508773,100.0,0.0,2
line_47_3327,samples\line_47_3327.npz,faulted,line,47,37,43,96.49122807017544,100.0,0.0,1
line_48_3328,samples\line_48_3328.npz,faulted,line,48,45,46,96.49122807017544,100.0,1.0,1
line_49_3329,samples\line_49_3329.npz,faulted,line,49,46,47,98.24561403508773,100.0,0.0,1
line_50_3330,samples\line_50_3330.npz,faulted,line,50,47,48,98.24561403508773,100.0,0.0,1
line_51_3331,samples\line_51_3331.npz,faulted,line,51,48,49,98.24561403508773,100.0,0.0,1
line_52_3332,samples\line_52_3332.npz,faulted,line,52,49,50,96.49122807017544,100.0,1.0,1
line_53_3333,samples\line_53_3333.npz,faulted,line,53,28,51,98.24561403508773,100.0,0.0,1
line_54_3334,samples\line_54_3334.npz,faulted,line,54,51,52,98.24561403508773,100.0,0.0,1
line_55_3335,samples\line_55_3335.npz,faulted,line,55,52,53,96.49122807017544,100.0,1.0,1
line_56_3336,samples\line_56_3336.npz,faulted,line,56,53,54,98.24561403508773,100.0,0.0,1
line_57_3337,samples\line_57_3337.npz,faulted,line,57,43,44,98.24561403508773,100.0,0.0,1
line_58_3338,samples\line_58_3338.npz,faulted,line,58,55,40,98.24561403508773,100.0,0.0,1
line_59_3339,samples\line_59_3339.npz,faulted,line,59,55,41,96.49122807017544,100.0,-1.0,1
line_60_3340,samples\line_60_3340.npz,faulted,line,60,56,55,96.49122807017544,100.0,-1.0,1
line_61_3341,samples\line_61_3341.npz,faulted,line,61,37,48,98.24561403508773,100.0,0.0,1
line_62_3342,samples\line_62_3342.npz,faulted,line,62,37,47,96.49122807017544,100.0,1.0,1
trafo_0_3343,samples\trafo_0_3343.npz,faulted,trafo,0,17,3,98.24561403508773,100.0,0.0,1
trafo_1_3344,samples\trafo_1_3344.npz,faulted,trafo,1,17,3,98.24561403508773,100.0,0.0,1
trafo_2_3345,samples\trafo_2_3345.npz,faulted,trafo,2,19,20,96.49122807017544,100.0,1.0,1
trafo_3_3346,samples\trafo_3_3346.npz,faulted,trafo,3,24,23,98.24561403508773,100.0,0.0,1
trafo_4_3347,samples\trafo_4_3347.npz,faulted,trafo,4,24,23,98.24561403508773,100.0,0.0,1
trafo_5_3348,samples\trafo_5_3348.npz,faulted,trafo,5,25,23,98.24561403508773,100.0,0.0,1
trafo_6_3349,samples\trafo_6_3349.npz,faulted,trafo,6,28,6,96.49122807017544,100.0,0.0,1
trafo_7_3350,samples\trafo_7_3350.npz,faulted,trafo,7,31,33,96.49122807017544,100.0,1.0,2
trafo_8_3351,samples\trafo_8_3351.npz,faulted,trafo,8,40,10,98.24561403508773,100.0,0.0,1
trafo_9_3352,samples\trafo_9_3352.npz,faulted,trafo,9,44,14,96.49122807017544,100.0,0.0,1
trafo_10_3353,samples\trafo_10_3353.npz,faulted,trafo,10,45,13,98.24561403508773,100.0,0.0,1
trafo_11_3354,samples\trafo_11_3354.npz,faulted,trafo,11,50,9,98.24561403508773,100.0,0.0,1
trafo_12_3355,samples\trafo_12_3355.npz,faulted,trafo,12,48,12,98.24561403508773,100.0,0.0,1
trafo_13_3356,samples\trafo_13_3356.npz,faulted,trafo,13,42,10,98.24561403508773,100.0,0.0,1
trafo_14_3357,samples\trafo_14_3357.npz,faulted,trafo,14,55,39,96.49122807017544,100.0,-1.0,1
trafo_15_3358,samples\trafo_15_3358.npz,faulted,trafo,15,56,38,98.24561403508773,100.0,0.0,1
trafo_16_3359,samples\trafo_16_3359.npz,faulted,trafo,16,54,8,96.49122807017544,100.0,1.0,1
line_0_3360,samples\line_0_3360.npz,faulted,line,0,0,1,94.73684210526316,100.0,2.0,1
line_1_3361,samples\line_1_3361.npz,faulted,line,1,1,2,96.49122807017544,100.0,1.0,1
line_2_3362,samples\line_2_3362.npz,faulted,line,2,2,3,96.49122807017544,100.0,1.0,1
line_3_3363,samples\line_3_3363.npz,faulted,line,3,3,4,94.73684210526316,100.0,1.0,1
line_4_3364,samples\line_4_3364.npz,faulted,line,4,3,5,94.73684210526316,100.0,1.0,1
line_5_3365,samples\line_5_3365.npz,faulted,line,5,5,6,96.49122807017544,100.0,1.0,1
line_6_3366,samples\line_6_3366.npz,faulted,line,6,5,7,96.49122807017544,100.0,1.0,1
line_7_3367,samples\line_7_3367.npz,faulted,line,7,7,8,94.73684210526316,100.0,1.0,1
line_8_3368,samples\line_8_3368.npz,faulted,line,8,8,9,94.73684210526316,100.0,1.0,1
line_9_3369,samples\line_9_3369.npz,faulted,line,9,8,10,96.49122807017544,100.0,1.0,1
line_10_3370,samples\line_10_3370.npz,faulted,line,10,8,11,94.73684210526316,100.0,1.0,1
line_11_3371,samples\line_11_3371.npz,faulted,line,11,8,12,96.49122807017544,100.0,1.0,1
line_12_3372,samples\line_12_3372.npz,faulted,line,12,12,13,96.49122807017544,100.0,1.0,1
line_13_3373,samples\line_13_3373.npz,faulted,line,13,12,14,96.49122807017544,100.0,1.0,1
line_14_3374,samples\line_14_3374.npz,faulted,line,14,0,14,96.49122807017544,100.0,1.0,1
line_15_3375,samples\line_15_3375.npz,faulted,line,15,0,15,94.73684210526316,100.0,2.0,2
line_16_3376,samples\line_16_3376.npz,faulted,line,16,0,16,94.73684210526316,100.0,2.0,1
line_17_3377,samples\line_17_3377.npz,faulted,line,17,2,14,96.49122807017544,100.0,1.0,1
line_18_3378,samples\line_18_3378.npz,faulted,line,18,4,5,96.49122807017544,100.0,1.0,1
line_19_3379,samples\line_19_3379.npz,faulted,line,19,6,7,96.49122807017544,100.0,1.0,1
line_20_3380,samples\line_20_3380.npz,faulted,line,20,9,11,96.49122807017544,100.0,1.0,1
line_21_3381,samples\line_21_3381.npz,faulted,line,21,10,12,96.49122807017544,100.0,1.0,1
line_22_3382,samples\line_22_3382.npz,faulted,line,22,11,12,96.49122807017544,100.0,1.0,1
line_23_3383,samples\line_23_3383.npz,faulted,line,23,11,15,96.49122807017544,100.0,1.0,1
line_24_3384,samples\line_24_3384.npz,faulted,line,24,11,16,96.49122807017544,100.0,1.0,1
line_25_3385,samples\line_25_3385.npz,faulted,line,25,13,14,96.49122807017544,100.0,1.0,1
line_26_3386,samples\line_26_3386.npz,faulted,line,26,17,18,96.49122807017544,100.0,1.0,1
line_27_3387,samples\line_27_3387.npz,faulted,line,27,18,19,94.73684210526316,100.0,2.0,1
line_28_3388,samples\line_28_3388.npz,faulted,line,28,20,21,96.49122807017544,100.0,1.0,1
line_29_3389,samples\line_29_3389.npz,faulted,line,29,21,22,96.49122807017544,100.0,1.0,1
line_30_3390,samples\line_30_3390.npz,faulted,line,30,22,23,94.73684210526316,100.0,2.0,1
line_31_3391,samples\line_31_3391.npz,faulted,line,31,25,26,94.73684210526316,100.0,1.0,2
line_32_3392,samples\line_32_3392.npz,faulted,line,32,26,27,96.49122807017544,100.0,1.0,2
line_33_3393,samples\line_33_3393.npz,faulted,line,33,27,28,94.73684210526316,100.0,1.0,2
line_34_3394,samples\line_34_3394.npz,faulted,line,34,24,29,94.73684210526316,100.0,1.0,1
line_35_3395,samples\line_35_3395.npz,faulted,line,35,29,30,96.49122807017544,100.0,1.0,1
line_36_3396,samples\line_36_3396.npz,faulted,line,36,30,31,94.73684210526316,100.0,1.0,1
line_37_3397,samples\line_37_3397.npz,faulted,line,37,31,32,94.73684210526316,100.0,1.0,2
line_38_3398,samples\line_38_3398.npz,faulted,line,38,33,34,96.49122807017544,100.0,1.0,1
line_39_3399,samples\line_39_3399.npz,faulted,line,39,34,35,96.49122807017544,100.0,1.0,1
line_40_3400,samples\line_40_3400.npz,faulted,line,40,35,36,96.49122807017544,100.0,1.0,1
line_41_3401,samples\line_41_3401.npz,faulted,line,41,36,37,96.49122807017544,100.0,0.0,1
line_42_3402,samples\line_42_3402.npz,faulted,line,42,36,38,94.73684210526316,100.0,1.0,1
line_43_3403,samples\line_43_3403.npz,faulted,line,43,35,39,96.49122807017544,100.0,1.0,1
line_44_3404,samples\line_44_3404.npz,faulted,line,44,21,37,94.73684210526316,100.0,1.0,1
line_45_3405,samples\line_45_3405.npz,faulted,line,45,40,41,96.49122807017544,100.0,1.0,1
line_46_3406,samples\line_46_3406.npz,faulted,line,46,40,42,96.49122807017544,100.0,1.0,1
line_47_3407,samples\line_47_3407.npz,faulted,line,47,37,43,94.73684210526316,100.0,0.0,1
line_48_3408,samples\line_48_3408.npz,faulted,line,48,45,46,94.73684210526316,100.0,2.0,1
line_49_3409,samples\line_49_3409.npz,faulted,line,49,46,47,96.49122807017544,100.0,1.0,1
line_50_3410,samples\line_50_3410.npz,faulted,line,50,47,48,96.49122807017544,100.0,1.0,1
line_51_3411,samples\line_51_3411.npz,faulted,line,51,48,49,96.49122807017544,100.0,1.0,1
line_52_3412,samples\line_52_3412.npz,faulted,line,52,49,50,94.73684210526316,100.0,2.0,1
line_53_3413,samples\line_53_3413.npz,faulted,line,53,28,51,96.49122807017544,100.0,1.0,2
line_54_3414,samples\line_54_3414.npz,faulted,line,54,51,52,96.49122807017544,100.0,1.0,2
line_55_3415,samples\line_55_3415.npz,faulted,line,55,52,53,94.73684210526316,100.0,1.0,2
line_56_3416,samples\line_56_3416.npz,faulted,line,56,53,54,96.49122807017544,100.0,1.0,2
line_57_3417,samples\line_57_3417.npz,faulted,line,57,43,44,96.49122807017544,100.0,1.0,1
line_58_3418,samples\line_58_3418.npz,faulted,line,58,55,40,96.49122807017544,100.0,1.0,1
line_59_3419,samples\line_59_3419.npz,faulted,line,59,55,41,94.73684210526316,100.0,0.0,1
line_60_3420,samples\line_60_3420.npz,faulted,line,60,56,55,94.73684210526316,100.0,1.0,1
line_61_3421,samples\line_61_3421.npz,faulted,line,61,37,48,96.49122807017544,100.0,1.0,1
line_62_3422,samples\line_62_3422.npz,faulted,line,62,37,47,94.73684210526316,100.0,0.0,1
trafo_0_3423,samples\trafo_0_3423.npz,faulted,trafo,0,17,3,96.49122807017544,100.0,1.0,1
trafo_1_3424,samples\trafo_1_3424.npz,faulted,trafo,1,17,3,96.49122807017544,100.0,1.0,1
trafo_2_3425,samples\trafo_2_3425.npz,faulted,trafo,2,19,20,94.73684210526316,100.0,2.0,1
trafo_3_3426,samples\trafo_3_3426.npz,faulted,trafo,3,24,23,96.49122807017544,100.0,1.0,1
trafo_4_3427,samples\trafo_4_3427.npz,faulted,trafo,4,24,23,96.49122807017544,100.0,1.0,1
trafo_5_3428,samples\trafo_5_3428.npz,faulted,trafo,5,25,23,96.49122807017544,100.0,1.0,2
trafo_6_3429,samples\trafo_6_3429.npz,faulted,trafo,6,28,6,96.49122807017544,100.0,1.0,1
trafo_7_3430,samples\trafo_7_3430.npz,faulted,trafo,7,31,33,96.49122807017544,100.0,1.0,1
trafo_8_3431,samples\trafo_8_3431.npz,faulted,trafo,8,40,10,94.73684210526316,100.0,1.0,1
trafo_9_3432,samples\trafo_9_3432.npz,faulted,trafo,9,44,14,94.73684210526316,100.0,1.0,1
trafo_10_3433,samples\trafo_10_3433.npz,faulted,trafo,10,45,13,96.49122807017544,100.0,1.0,1
trafo_11_3434,samples\trafo_11_3434.npz,faulted,trafo,11,50,9,96.49122807017544,100.0,2.0,1
trafo_12_3435,samples\trafo_12_3435.npz,faulted,trafo,12,48,12,96.49122807017544,100.0,1.0,1
trafo_13_3436,samples\trafo_13_3436.npz,faulted,trafo,13,42,10,94.73684210526316,100.0,1.0,1
trafo_14_3437,samples\trafo_14_3437.npz,faulted,trafo,14,55,39,94.73684210526316,100.0,0.0,1
trafo_15_3438,samples\trafo_15_3438.npz,faulted,trafo,15,56,38,96.49122807017544,100.0,1.0,1
trafo_16_3439,samples\trafo_16_3439.npz,faulted,trafo,16,54,8,96.49122807017544,100.0,1.0,1
line_0_3440,samples\line_0_3440.npz,faulted,line,0,0,1,94.73684210526316,100.0,0.0,1
line_1_3441,samples\line_1_3441.npz,faulted,line,1,1,2,96.49122807017544,100.0,-1.0,1
line_2_3442,samples\line_2_3442.npz,faulted,line,2,2,3,96.49122807017544,100.0,0.0,1
line_3_3443,samples\line_3_3443.npz,faulted,line,3,3,4,94.73684210526316,100.0,0.0,1
line_4_3444,samples\line_4_3444.npz,faulted,line,4,3,5,94.73684210526316,100.0,0.0,1
line_5_3445,samples\line_5_3445.npz,faulted,line,5,5,6,96.49122807017544,100.0,-1.0,1
line_6_3446,samples\line_6_3446.npz,faulted,line,6,5,7,96.49122807017544,100.0,-1.0,1
line_7_3447,samples\line_7_3447.npz,faulted,line,7,7,8,94.73684210526316,100.0,0.0,1
line_8_3448,samples\line_8_3448.npz,faulted,line,8,8,9,94.73684210526316,100.0,0.0,1
line_9_3449,samples\line_9_3449.npz,faulted,line,9,8,10,96.49122807017544,100.0,0.0,1
line_10_3450,samples\line_10_3450.npz,faulted,line,10,8,11,94.73684210526316,100.0,0.0,1
line_11_3451,samples\line_11_3451.npz,faulted,line,11,8,12,96.49122807017544,100.0,0.0,1
line_12_3452,samples\line_12_3452.npz,faulted,line,12,12,13,96.49122807017544,100.0,-1.0,1
line_13_3453,samples\line_13_3453.npz,faulted,line,13,12,14,96.49122807017544,100.0,-1.0,1
line_14_3454,samples\line_14_3454.npz,faulted,line,14,0,14,96.49122807017544,100.0,0.0,1
line_15_3455,samples\line_15_3455.npz,faulted,line,15,0,15,94.73684210526316,100.0,0.0,1
line_16_3456,samples\line_16_3456.npz,faulted,line,16,0,16,94.73684210526316,100.0,0.0,1
line_17_3457,samples\line_17_3457.npz,faulted,line,17,2,14,96.49122807017544,100.0,-1.0,1
line_18_3458,samples\line_18_3458.npz,faulted,line,18,4,5,96.49122807017544,100.0,-1.0,1
line_19_3459,samples\line_19_3459.npz,faulted,line,19,6,7,96.49122807017544,100.0,-1.0,1
line_20_3460,samples\line_20_3460.npz,faulted,line,20,9,11,96.49122807017544,100.0,-1.0,1
line_21_3461,samples\line_21_3461.npz,faulted,line,21,10,12,96.49122807017544,100.0,-1.0,1
line_22_3462,samples\line_22_3462.npz,faulted,line,22,11,12,96.49122807017544,100.0,-1.0,1
line_23_3463,samples\line_23_3463.npz,faulted,line,23,11,15,96.49122807017544,100.0,-1.0,1
line_24_3464,samples\line_24_3464.npz,faulted,line,24,11,16,96.49122807017544,100.0,-1.0,1
line_25_3465,samples\line_25_3465.npz,faulted,line,25,13,14,96.49122807017544,100.0,-1.0,1
line_26_3466,samples\line_26_3466.npz,faulted,line,26,17,18,96.49122807017544,100.0,-1.0,1
line_27_3467,samples\line_27_3467.npz,faulted,line,27,18,19,94.73684210526316,100.0,0.0,1
line_28_3468,samples\line_28_3468.npz,faulted,line,28,20,21,96.49122807017544,100.0,-1.0,1
line_29_3469,samples\line_29_3469.npz,faulted,line,29,21,22,96.49122807017544,100.0,-1.0,1
line_30_3470,samples\line_30_3470.npz,faulted,line,30,22,23,94.73684210526316,100.0,0.0,1
line_31_3471,samples\line_31_3471.npz,faulted,line,31,25,26,94.73684210526316,100.0,-1.0,1
line_32_3472,samples\line_32_3472.npz,faulted,line,32,26,27,96.49122807017544,100.0,-1.0,1
line_33_3473,samples\line_33_3473.npz,faulted,line,33,27,28,94.73684210526316,100.0,-1.0,1
line_34_3474,samples\line_34_3474.npz,faulted,line,34,24,29,94.73684210526316,100.0,-1.0,1
line_35_3475,samples\line_35_3475.npz,faulted,line,35,29,30,96.49122807017544,100.0,-1.0,1
line_36_3476,samples\line_36_3476.npz,faulted,line,36,30,31,94.73684210526316,100.0,-1.0,1
line_37_3477,samples\line_37_3477.npz,faulted,line,37,31,32,94.73684210526316,100.0,0.0,2
line_38_3478,samples\line_38_3478.npz,faulted,line,38,33,34,96.49122807017544,100.0,-1.0,1
line_39_3479,samples\line_39_3479.npz,faulted,line,39,34,35,96.49122807017544,100.0,0.0,1
line_40_3480,samples\line_40_3480.npz,faulted,line,40,35,36,96.49122807017544,100.0,-1.0,1
line_41_3481,samples\line_41_3481.npz,faulted,line,41,36,37,96.49122807017544,100.0,-1.0,1
line_42_3482,samples\line_42_3482.npz,faulted,line,42,36,38,94.73684210526316,100.0,-1.0,2
line_43_3483,samples\line_43_3483.npz,faulted,line,43,35,39,96.49122807017544,100.0,0.0,1
line_44_3484,samples\line_44_3484.npz,faulted,line,44,21,37,94.73684210526316,100.0,0.0,1
line_45_3485,samples\line_45_3485.npz,faulted,line,45,40,41,96.49122807017544,100.0,0.0,1
line_46_3486,samples\line_46_3486.npz,faulted,line,46,40,42,96.49122807017544,100.0,0.0,1
line_47_3487,samples\line_47_3487.npz,faulted,line,47,37,43,94.73684210526316,100.0,-1.0,2
line_48_3488,samples\line_48_3488.npz,faulted,line,48,45,46,94.73684210526316,100.0,0.0,1
line_49_3489,samples\line_49_3489.npz,faulted,line,49,46,47,96.49122807017544,100.0,-1.0,1
line_50_3490,samples\line_50_3490.npz,faulted,line,50,47,48,96.49122807017544,100.0,-1.0,1
line_51_3491,samples\line_51_3491.npz,faulted,line,51,48,49,96.49122807017544,100.0,-1.0,1
line_52_3492,samples\line_52_3492.npz,faulted,line,52,49,50,94.73684210526316,100.0,0.0,1
line_53_3493,samples\line_53_3493.npz,faulted,line,53,28,51,96.49122807017544,100.0,-1.0,1
line_54_3494,samples\line_54_3494.npz,faulted,line,54,51,52,96.49122807017544,100.0,-1.0,1
line_55_3495,samples\line_55_3495.npz,faulted,line,55,52,53,94.73684210526316,100.0,0.0,1
line_56_3496,samples\line_56_3496.npz,faulted,line,56,53,54,96.49122807017544,100.0,-1.0,1
line_57_3497,samples\line_57_3497.npz,faulted,line,57,43,44,96.49122807017544,100.0,-1.0,2
line_58_3498,samples\line_58_3498.npz,faulted,line,58,55,40,96.49122807017544,100.0,0.0,1
line_59_3499,samples\line_59_3499.npz,faulted,line,59,55,41,94.73684210526316,100.0,-1.0,1
line_60_3500,samples\line_60_3500.npz,faulted,line,60,56,55,96.49122807017544,100.0,-1.0,1
line_61_3501,samples\line_61_3501.npz,faulted,line,61,37,48,96.49122807017544,100.0,-1.0,1
line_62_3502,samples\line_62_3502.npz,faulted,line,62,37,47,94.73684210526316,100.0,0.0,1
trafo_0_3503,samples\trafo_0_3503.npz,faulted,trafo,0,17,3,96.49122807017544,100.0,-1.0,1
trafo_1_3504,samples\trafo_1_3504.npz,faulted,trafo,1,17,3,96.49122807017544,100.0,-1.0,1
trafo_2_3505,samples\trafo_2_3505.npz,faulted,trafo,2,19,20,94.73684210526316,100.0,0.0,1
trafo_3_3506,samples\trafo_3_3506.npz,faulted,trafo,3,24,23,96.49122807017544,100.0,-1.0,1
trafo_4_3507,samples\trafo_4_3507.npz,faulted,trafo,4,24,23,96.49122807017544,100.0,-1.0,1
trafo_5_3508,samples\trafo_5_3508.npz,faulted,trafo,5,25,23,96.49122807017544,100.0,-1.0,1
trafo_6_3509,samples\trafo_6_3509.npz,faulted,trafo,6,28,6,94.73684210526316,100.0,-1.0,1
trafo_7_3510,samples\trafo_7_3510.npz,faulted,trafo,7,31,33,96.49122807017544,100.0,0.0,1
trafo_8_3511,samples\trafo_8_3511.npz,faulted,trafo,8,40,10,96.49122807017544,100.0,-1.0,1
trafo_9_3512,samples\trafo_9_3512.npz,faulted,trafo,9,44,14,96.49122807017544,100.0,-1.0,1
trafo_10_3513,samples\trafo_10_3513.npz,faulted,trafo,10,45,13,96.49122807017544,100.0,0.0,1
trafo_11_3514,samples\trafo_11_3514.npz,faulted,trafo,11,50,9,96.49122807017544,100.0,-1.0,1
trafo_12_3515,samples\trafo_12_3515.npz,faulted,trafo,12,48,12,96.49122807017544,100.0,-1.0,1
trafo_13_3516,samples\trafo_13_3516.npz,faulted,trafo,13,42,10,94.73684210526316,100.0,-1.0,1
trafo_14_3517,samples\trafo_14_3517.npz,faulted,trafo,14,55,39,94.73684210526316,100.0,-1.0,1
trafo_15_3518,samples\trafo_15_3518.npz,faulted,trafo,15,56,38,96.49122807017544,100.0,0.0,2
trafo_16_3519,samples\trafo_16_3519.npz,faulted,trafo,16,54,8,94.73684210526316,100.0,0.0,1
line_0_3520,samples\line_0_3520.npz,faulted,line,0,0,1,96.49122807017544,100.0,2.0,1
line_1_3521,samples\line_1_3521.npz,faulted,line,1,1,2,98.24561403508773,100.0,1.0,1
line_2_3522,samples\line_2_3522.npz,faulted,line,2,2,3,98.24561403508773,100.0,1.0,1
line_3_3523,samples\line_3_3523.npz,faulted,line,3,3,4,96.49122807017544,100.0,1.0,1
line_4_3524,samples\line_4_3524.npz,faulted,line,4,3,5,96.49122807017544,100.0,1.0,1
line_5_3525,samples\line_5_3525.npz,faulted,line,5,5,6,98.24561403508773,100.0,1.0,1
line_6_3526,samples\line_6_3526.npz,faulted,line,6,5,7,98.24561403508773,100.0,1.0,1
line_7_3527,samples\line_7_3527.npz,faulted,line,7,7,8,96.49122807017544,100.0,1.0,1
line_8_3528,samples\line_8_3528.npz,faulted,line,8,8,9,96.49122807017544,100.0,1.0,1
line_9_3529,samples\line_9_3529.npz,faulted,line,9,8,10,98.24561403508773,100.0,1.0,1
line_10_3530,samples\line_10_3530.npz,faulted,line,10,8,11,96.49122807017544,100.0,1.0,1
line_11_3531,samples\line_11_3531.npz,faulted,line,11,8,12,98.24561403508773,100.0,1.0,1
line_12_3532,samples\line_12_3532.npz,faulted,line,12,12,13,98.24561403508773,100.0,0.0,1
line_13_3533,samples\line_13_3533.npz,faulted,line,13,12,14,98.24561403508773,100.0,0.0,1
line_14_3534,samples\line_14_3534.npz,faulted,line,14,0,14,98.24561403508773,100.0,1.0,1
line_15_3535,samples\line_15_3535.npz,faulted,line,15,0,15,96.49122807017544,100.0,2.0,1
line_16_3536,samples\line_16_3536.npz,faulted,line,16,0,16,96.49122807017544,100.0,2.0,1
line_17_3537,samples\line_17_3537.npz,faulted,line,17,2,14,98.24561403508773,100.0,1.0,1
line_18_3538,samples\line_18_3538.npz,faulted,line,18,4,5,98.24561403508773,100.0,1.0,1
line_19_3539,samples\line_19_3539.npz,faulted,line,19,6,7,98.24561403508773,100.0,1.0,1
line_20_3540,samples\line_20_3540.npz,faulted,line,20,9,11,98.24561403508773,100.0,1.0,1
line_21_3541,samples\line_21_3541.npz,faulted,line,21,10,12,98.24561403508773,100.0,0.0,1
line_22_3542,samples\line_22_3542.npz,faulted,line,22,11,12,98.24561403508773,100.0,0.0,1
line_23_3543,samples\line_23_3543.npz,faulted,line,23,11,15,98.24561403508773,100.0,1.0,1
line_24_3544,samples\line_24_3544.npz,faulted,line,24,11,16,98.24561403508773,100.0,1.0,1
line_25_3545,samples\line_25_3545.npz,faulted,line,25,13,14,98.24561403508773,100.0,1.0,1
line_26_3546,samples\line_26_3546.npz,faulted,line,26,17,18,98.24561403508773,100.0,1.0,1
line_27_3547,samples\line_27_3547.npz,faulted,line,27,18,19,96.49122807017544,100.0,2.0,1
line_28_3548,samples\line_28_3548.npz,faulted,line,28,20,21,98.24561403508773,100.0,1.0,1
line_29_3549,samples\line_29_3549.npz,faulted,line,29,21,22,98.24561403508773,100.0,1.0,1
line_30_3550,samples\line_30_3550.npz,faulted,line,30,22,23,96.49122807017544,100.0,2.0,1
line_31_3551,samples\line_31_3551.npz,faulted,line,31,25,26,96.49122807017544,100.0,1.0,1
line_32_3552,samples\line_32_3552.npz,faulted,line,32,26,27,98.24561403508773,100.0,1.0,1
line_33_3553,samples\line_33_3553.npz,faulted,line,33,27,28,96.49122807017544,100.0,1.0,1
line_34_3554,samples\line_34_3554.npz,faulted,line,34,24,29,96.49122807017544,100.0,1.0,1
line_35_3555,samples\line_35_3555.npz,faulted,line,35,29,30,98.24561403508773,100.0,1.0,1
line_36_3556,samples\line_36_3556.npz,faulted,line,36,30,31,96.49122807017544,100.0,1.0,1
line_37_3557,samples\line_37_3557.npz,faulted,line,37,31,32,96.49122807017544,100.0,1.0,2
line_38_3558,samples\line_38_3558.npz,faulted,line,38,33,34,98.24561403508773,100.0,1.0,1
line_39_3559,samples\line_39_3559.npz,faulted,line,39,34,35,98.24561403508773,100.0,1.0,1
line_40_3560,samples\line_40_3560.npz,faulted,line,40,35,36,98.24561403508773,100.0,1.0,1
line_41_3561,samples\line_41_3561.npz,faulted,line,41,36,37,98.24561403508773,100.0,1.0,1
line_42_3562,samples\line_42_3562.npz,faulted,line,42,36,38,96.49122807017544,100.0,1.0,1
line_43_3563,samples\line_43_3563.npz,faulted,line,43,35,39,98.24561403508773,100.0,1.0,1
line_44_3564,samples\line_44_3564.npz,faulted,line,44,21,37,96.49122807017544,100.0,1.0,1
line_45_3565,samples\line_45_3565.npz,faulted,line,45,40,41,98.24561403508773,100.0,1.0,1
line_46_3566,samples\line_46_3566.npz,faulted,line,46,40,42,98.24561403508773,100.0,1.0,1
line_47_3567,samples\line_47_3567.npz,faulted,line,47,37,43,96.49122807017544,100.0,1.0,1
line_48_3568,samples\line_48_3568.npz,faulted,line,48,45,46,96.49122807017544,100.0,2.0,1
line_49_3569,samples\line_49_3569.npz,faulted,line,49,46,47,98.24561403508773,100.0,1.0,1
line_50_3570,samples\line_50_3570.npz,faulted,line,50,47,48,98.24561403508773,100.0,1.0,1
line_51_3571,samples\line_51_3571.npz,faulted,line,51,48,49,98.24561403508773,100.0,1.0,1
line_52_3572,samples\line_52_3572.npz,faulted,line,52,49,50,96.49122807017544,100.0,2.0,1
line_53_3573,samples\line_53_3573.npz,faulted,line,53,28,51,98.24561403508773,100.0,1.0,2
line_54_3574,samples\line_54_3574.npz,faulted,line,54,51,52,98.24561403508773,100.0,1.0,2
line_55_3575,samples\line_55_3575.npz,faulted,line,55,52,53,96.49122807017544,100.0,2.0,2
line_56_3576,samples\line_56_3576.npz,faulted,line,56,53,54,98.24561403508773,100.0,2.0,2
line_57_3577,samples\line_57_3577.npz,faulted,line,57,43,44,98.24561403508773,100.0,1.0,1
line_58_3578,samples\line_58_3578.npz,faulted,line,58,55,40,98.24561403508773,100.0,1.0,1
line_59_3579,samples\line_59_3579.npz,faulted,line,59,55,41,96.49122807017544,100.0,2.0,1
line_60_3580,samples\line_60_3580.npz,faulted,line,60,56,55,96.49122807017544,100.0,1.0,1
line_61_3581,samples\line_61_3581.npz,faulted,line,61,37,48,98.24561403508773,100.0,1.0,1
line_62_3582,samples\line_62_3582.npz,faulted,line,62,37,47,96.49122807017544,100.0,1.0,1
trafo_0_3583,samples\trafo_0_3583.npz,faulted,trafo,0,17,3,98.24561403508773,100.0,1.0,1
trafo_1_3584,samples\trafo_1_3584.npz,faulted,trafo,1,17,3,98.24561403508773,100.0,1.0,1
trafo_2_3585,samples\trafo_2_3585.npz,faulted,trafo,2,19,20,96.49122807017544,100.0,2.0,1
trafo_3_3586,samples\trafo_3_3586.npz,faulted,trafo,3,24,23,98.24561403508773,100.0,1.0,1
trafo_4_3587,samples\trafo_4_3587.npz,faulted,trafo,4,24,23,98.24561403508773,100.0,1.0,1
trafo_5_3588,samples\trafo_5_3588.npz,faulted,trafo,5,25,23,98.24561403508773,100.0,1.0,1
trafo_6_3589,samples\trafo_6_3589.npz,faulted,trafo,6,28,6,96.49122807017544,100.0,1.0,1
trafo_7_3590,samples\trafo_7_3590.npz,faulted,trafo,7,31,33,98.24561403508773,100.0,1.0,1
trafo_8_3591,samples\trafo_8_3591.npz,faulted,trafo,8,40,10,98.24561403508773,100.0,1.0,1
trafo_9_3592,samples\trafo_9_3592.npz,faulted,trafo,9,44,14,96.49122807017544,100.0,1.0,1
trafo_10_3593,samples\trafo_10_3593.npz,faulted,trafo,10,45,13,98.24561403508773,100.0,1.0,1
trafo_11_3594,samples\trafo_11_3594.npz,faulted,trafo,11,50,9,98.24561403508773,100.0,1.0,1
trafo_12_3595,samples\trafo_12_3595.npz,faulted,trafo,12,48,12,98.24561403508773,100.0,0.0,1
trafo_13_3596,samples\trafo_13_3596.npz,faulted,trafo,13,42,10,96.49122807017544,100.0,1.0,2
trafo_14_3597,samples\trafo_14_3597.npz,faulted,trafo,14,55,39,96.49122807017544,100.0,1.0,1
trafo_15_3598,samples\trafo_15_3598.npz,faulted,trafo,15,56,38,98.24561403508773,100.0,1.0,1
trafo_16_3599,samples\trafo_16_3599.npz,faulted,trafo,16,54,8,98.24561403508773,100.0,1.0,1
line_0_3600,samples\line_0_3600.npz,faulted,line,0,0,1,94.73684210526316,100.0,2.0,1
line_1_3601,samples\line_1_3601.npz,faulted,line,1,1,2,96.49122807017544,100.0,1.0,1
line_2_3602,samples\line_2_3602.npz,faulted,line,2,2,3,96.49122807017544,100.0,1.0,1
line_3_3603,samples\line_3_3603.npz,faulted,line,3,3,4,94.73684210526316,100.0,2.0,1
line_4_3604,samples\line_4_3604.npz,faulted,line,4,3,5,94.73684210526316,100.0,2.0,1
line_5_3605,samples\line_5_3605.npz,faulted,line,5,5,6,96.49122807017544,100.0,1.0,1
line_6_3606,samples\line_6_3606.npz,faulted,line,6,5,7,96.49122807017544,100.0,1.0,1
line_7_3607,samples\line_7_3607.npz,faulted,line,7,7,8,94.73684210526316,100.0,1.0,1
line_8_3608,samples\line_8_3608.npz,faulted,line,8,8,9,94.73684210526316,100.0,1.0,1
line_9_3609,samples\line_9_3609.npz,faulted,line,9,8,10,96.49122807017544,100.0,1.0,1
line_10_3610,samples\line_10_3610.npz,faulted,line,10,8,11,94.73684210526316,100.0,1.0,1
line_11_3611,samples\line_11_3611.npz,faulted,line,11,8,12,96.49122807017544,100.0,1.0,1
line_12_3612,samples\line_12_3612.npz,faulted,line,12,12,13,96.49122807017544,100.0,1.0,1
line_13_3613,samples\line_13_3613.npz,faulted,line,13,12,14,96.49122807017544,100.0,1.0,1
line_14_3614,samples\line_14_3614.npz,faulted,line,14,0,14,96.49122807017544,100.0,2.0,1
line_15_3615,samples\line_15_3615.npz,faulted,line,15,0,15,94.73684210526316,100.0,2.0,1
line_16_3616,samples\line_16_3616.npz,faulted,line,16,0,16,94.73684210526316,100.0,2.0,1
line_17_3617,samples\line_17_3617.npz,faulted,line,17,2,14,96.49122807017544,100.0,1.0,1
line_18_3618,samples\line_18_3618.npz,faulted,line,18,4,5,96.49122807017544,100.0,1.0,1
line_19_3619,samples\line_19_3619.npz,faulted,line,19,6,7,96.49122807017544,100.0,1.0,1
line_20_3620,samples\line_20_3620.npz,faulted,line,20,9,11,96.49122807017544,100.0,1.0,1
line_21_3621,samples\line_21_3621.npz,faulted,line,21,10,12,96.49122807017544,100.0,1.0,1
line_22_3622,samples\line_22_3622.npz,faulted,line,22,11,12,96.49122807017544,100.0,1.0,1
line_23_3623,samples\line_23_3623.npz,faulted,line,23,11,15,96.49122807017544,100.0,1.0,1
line_24_3624,samples\line_24_3624.npz,faulted,line,24,11,16,96.49122807017544,100.0,1.0,1
line_25_3625,samples\line_25_3625.npz,faulted,line,25,13,14,96.49122807017544,100.0,1.0,1
line_26_3626,samples\line_26_3626.npz,faulted,line,26,17,18,96.49122807017544,100.0,1.0,1
line_27_3627,samples\line_27_3627.npz,faulted,line,27,18,19,94.73684210526316,100.0,1.0,1
line_28_3628,samples\line_28_3628.npz,faulted,line,28,20,21,96.49122807017544,100.0,1.0,1
line_29_3629,samples\line_29_3629.npz,faulted,line,29,21,22,96.49122807017544,100.0,1.0,1
line_30_3630,samples\line_30_3630.npz,faulted,line,30,22,23,94.73684210526316,100.0,1.0,1
line_31_3631,samples\line_31_3631.npz,faulted,line,31,25,26,94.73684210526316,100.0,1.0,1
line_32_3632,samples\line_32_3632.npz,faulted,line,32,26,27,96.49122807017544,100.0,1.0,1
line_33_3633,samples\line_33_3633.npz,faulted,line,33,27,28,94.73684210526316,100.0,1.0,1
line_34_3634,samples\line_34_3634.npz,faulted,line,34,24,29,96.49122807017544,100.0,1.0,1
line_35_3635,samples\line_35_3635.npz,faulted,line,35,29,30,96.49122807017544,100.0,1.0,2
line_36_3636,samples\line_36_3636.npz,faulted,line,36,30,31,94.73684210526316,100.0,1.0,2
line_37_3637,samples\line_37_3637.npz,faulted,line,37,31,32,94.73684210526316,100.0,1.0,2
line_38_3638,samples\line_38_3638.npz,faulted,line,38,33,34,96.49122807017544,100.0,1.0,2
line_39_3639,samples\line_39_3639.npz,faulted,line,39,34,35,96.49122807017544,100.0,1.0,2
line_40_3640,samples\line_40_3640.npz,faulted,line,40,35,36,96.49122807017544,100.0,1.0,1
line_41_3641,samples\line_41_3641.npz,faulted,line,41,36,37,96.49122807017544,100.0,1.0,1
line_42_3642,samples\line_42_3642.npz,faulted,line,42,36,38,94.73684210526316,100.0,1.0,1
line_43_3643,samples\line_43_3643.npz,faulted,line,43,35,39,96.49122807017544,100.0,1.0,1
line_44_3644,samples\line_44_3644.npz,faulted,line,44,21,37,96.49122807017544,100.0,1.0,1
line_45_3645,samples\line_45_3645.npz,faulted,line,45,40,41,96.49122807017544,100.0,1.0,1
line_46_3646,samples\line_46_3646.npz,faulted,line,46,40,42,96.49122807017544,100.0,1.0,1
line_47_3647,samples\line_47_3647.npz,faulted,line,47,37,43,94.73684210526316,100.0,1.0,1
line_48_3648,samples\line_48_3648.npz,faulted,line,48,45,46,94.73684210526316,100.0,2.0,1
line_49_3649,samples\line_49_3649.npz,faulted,line,49,46,47,96.49122807017544,100.0,1.0,1
line_50_3650,samples\line_50_3650.npz,faulted,line,50,47,48,96.49122807017544,100.0,1.0,1
line_51_3651,samples\line_51_3651.npz,faulted,line,51,48,49,96.49122807017544,100.0,1.0,1
line_52_3652,samples\line_52_3652.npz,faulted,line,52,49,50,94.73684210526316,100.0,2.0,1
line_53_3653,samples\line_53_3653.npz,faulted,line,53,28,51,96.49122807017544,100.0,1.0,1
line_54_3654,samples\line_54_3654.npz,faulted,line,54,51,52,96.49122807017544,100.0,1.0,1
line_55_3655,samples\line_55_3655.npz,faulted,line,55,52,53,94.73684210526316,100.0,2.0,1
line_56_3656,samples\line_56_3656.npz,faulted,line,56,53,54,96.49122807017544,100.0,1.0,1
line_57_3657,samples\line_57_3657.npz,faulted,line,57,43,44,96.49122807017544,100.0,1.0,1
line_58_3658,samples\line_58_3658.npz,faulted,line,58,55,40,96.49122807017544,100.0,1.0,1
line_59_3659,samples\line_59_3659.npz,faulted,line,59,55,41,94.73684210526316,100.0,0.0,1
line_60_3660,samples\line_60_3660.npz,faulted,line,60,56,55,94.73684210526316,100.0,0.0,1
line_61_3661,samples\line_61_3661.npz,faulted,line,61,37,48,96.49122807017544,100.0,1.0,1
line_62_3662,samples\line_62_3662.npz,faulted,line,62,37,47,94.73684210526316,100.0,1.0,1
trafo_0_3663,samples\trafo_0_3663.npz,faulted,trafo,0,17,3,94.73684210526316,100.0,1.0,1
trafo_1_3664,samples\trafo_1_3664.npz,faulted,trafo,1,17,3,96.49122807017544,100.0,1.0,1
trafo_2_3665,samples\trafo_2_3665.npz,faulted,trafo,2,19,20,94.73684210526316,100.0,1.0,1
trafo_3_3666,samples\trafo_3_3666.npz,faulted,trafo,3,24,23,96.49122807017544,100.0,1.0,2
trafo_4_3667,samples\trafo_4_3667.npz,faulted,trafo,4,24,23,96.49122807017544,100.0,1.0,1
trafo_5_3668,samples\trafo_5_3668.npz,faulted,trafo,5,25,23,96.49122807017544,100.0,1.0,1
trafo_6_3669,samples\trafo_6_3669.npz,faulted,trafo,6,28,6,94.73684210526316,100.0,1.0,1
trafo_7_3670,samples\trafo_7_3670.npz,faulted,trafo,7,31,33,96.49122807017544,100.0,1.0,2
trafo_8_3671,samples\trafo_8_3671.npz,faulted,trafo,8,40,10,96.49122807017544,100.0,1.0,1
trafo_9_3672,samples\trafo_9_3672.npz,faulted,trafo,9,44,14,94.73684210526316,100.0,1.0,1
trafo_10_3673,samples\trafo_10_3673.npz,faulted,trafo,10,45,13,96.49122807017544,100.0,1.0,1
trafo_11_3674,samples\trafo_11_3674.npz,faulted,trafo,11,50,9,96.49122807017544,100.0,1.0,1
trafo_12_3675,samples\trafo_12_3675.npz,faulted,trafo,12,48,12,96.49122807017544,100.0,1.0,1
trafo_13_3676,samples\trafo_13_3676.npz,faulted,trafo,13,42,10,94.73684210526316,100.0,1.0,1
trafo_14_3677,samples\trafo_14_3677.npz,faulted,trafo,14,55,39,94.73684210526316,100.0,0.0,1
trafo_15_3678,samples\trafo_15_3678.npz,faulted,trafo,15,56,38,96.49122807017544,100.0,1.0,1
trafo_16_3679,samples\trafo_16_3679.npz,faulted,trafo,16,54,8,94.73684210526316,100.0,1.0,1
line_0_3680,samples\line_0_3680.npz,faulted,line,0,0,1,91.2280701754386,100.0,2.0,1
line_1_3681,samples\line_1_3681.npz,faulted,line,1,1,2,92.98245614035088,100.0,1.0,1
line_2_3682,samples\line_2_3682.npz,faulted,line,2,2,3,92.98245614035088,100.0,1.0,1
line_3_3683,samples\line_3_3683.npz,faulted,line,3,3,4,91.2280701754386,100.0,1.0,1
line_4_3684,samples\line_4_3684.npz,faulted,line,4,3,5,91.2280701754386,100.0,1.0,1
line_5_3685,samples\line_5_3685.npz,faulted,line,5,5,6,92.98245614035088,100.0,1.0,1
line_6_3686,samples\line_6_3686.npz,faulted,line,6,5,7,92.98245614035088,100.0,1.0,1
line_7_3687,samples\line_7_3687.npz,faulted,line,7,7,8,91.2280701754386,100.0,1.0,1
line_8_3688,samples\line_8_3688.npz,faulted,line,8,8,9,92.98245614035088,100.0,1.0,1
line_9_3689,samples\line_9_3689.npz,faulted,line,9,8,10,92.98245614035088,100.0,1.0,1
line_10_3690,samples\line_10_3690.npz,faulted,line,10,8,11,91.2280701754386,100.0,1.0,1
line_11_3691,samples\line_11_3691.npz,faulted,line,11,8,12,92.98245614035088,100.0,1.0,1
line_12_3692,samples\line_12_3692.npz,faulted,line,12,12,13,92.98245614035088,100.0,1.0,1
line_13_3693,samples\line_13_3693.npz,faulted,line,13,12,14,92.98245614035088,100.0,1.0,1
line_14_3694,samples\line_14_3694.npz,faulted,line,14,0,14,92.98245614035088,100.0,1.0,1
line_15_3695,samples\line_15_3695.npz,faulted,line,15,0,15,91.2280701754386,100.0,2.0,1
line_16_3696,samples\line_16_3696.npz,faulted,line,16,0,16,91.2280701754386,100.0,2.0,1
line_17_3697,samples\line_17_3697.npz,faulted,line,17,2,14,92.98245614035088,100.0,1.0,1
line_18_3698,samples\line_18_3698.npz,faulted,line,18,4,5,92.98245614035088,100.0,1.0,1
line_19_3699,samples\line_19_3699.npz,faulted,line,19,6,7,92.98245614035088,100.0,1.0,1
line_20_3700,samples\line_20_3700.npz,faulted,line,20,9,11,92.98245614035088,100.0,1.0,1
line_21_3701,samples\line_21_3701.npz,faulted,line,21,10,12,92.98245614035088,100.0,1.0,1
line_22_3702,samples\line_22_3702.npz,faulted,line,22,11,12,92.98245614035088,100.0,2.0,1
line_23_3703,samples\line_23_3703.npz,faulted,line,23,11,15,92.98245614035088,100.0,1.0,1
line_24_3704,samples\line_24_3704.npz,faulted,line,24,11,16,92.98245614035088,100.0,1.0,1
line_25_3705,samples\line_25_3705.npz,faulted,line,25,13,14,91.2280701754386,100.0,1.0,1
line_26_3706,samples\line_26_3706.npz,faulted,line,26,17,18,92.98245614035088,100.0,1.0,1
line_27_3707,samples\line_27_3707.npz,faulted,line,27,18,19,91.2280701754386,100.0,1.0,1
line_28_3708,samples\line_28_3708.npz,faulted,line,28,20,21,92.98245614035088,100.0,1.0,1
line_29_3709,samples\line_29_3709.npz,faulted,line,29,21,22,92.98245614035088,100.0,1.0,1
line_30_3710,samples\line_30_3710.npz,faulted,line,30,22,23,91.2280701754386,100.0,1.0,1
line_31_3711,samples\line_31_3711.npz,faulted,line,31,25,26,91.2280701754386,100.0,1.0,1
line_32_3712,samples\line_32_3712.npz,faulted,line,32,26,27,92.98245614035088,100.0,1.0,1
line_33_3713,samples\line_33_3713.npz,faulted,line,33,27,28,91.2280701754386,100.0,1.0,1
line_34_3714,samples\line_34_3714.npz,faulted,line,34,24,29,91.2280701754386,100.0,1.0,1
line_35_3715,samples\line_35_3715.npz,faulted,line,35,29,30,92.98245614035088,100.0,1.0,1
line_36_3716,samples\line_36_3716.npz,faulted,line,36,30,31,91.2280701754386,100.0,1.0,1
line_37_3717,samples\line_37_3717.npz,faulted,line,37,31,32,91.2280701754386,100.0,1.0,2
line_38_3718,samples\line_38_3718.npz,faulted,line,38,33,34,92.98245614035088,100.0,1.0,1
line_39_3719,samples\line_39_3719.npz,faulted,line,39,34,35,92.98245614035088,100.0,1.0,1
line_40_3720,samples\line_40_3720.npz,faulted,line,40,35,36,92.98245614035088,100.0,2.0,1
line_41_3721,samples\line_41_3721.npz,faulted,line,41,36,37,92.98245614035088,100.0,2.0,1
line_42_3722,samples\line_42_3722.npz,faulted,line,42,36,38,91.2280701754386,100.0,2.0,1
line_43_3723,samples\line_43_3723.npz,faulted,line,43,35,39,92.98245614035088,100.0,1.0,1
line_44_3724,samples\line_44_3724.npz,faulted,line,44,21,37,92.98245614035088,100.0,1.0,1
line_45_3725,samples\line_45_3725.npz,faulted,line,45,40,41,92.98245614035088,100.0,1.0,1
line_46_3726,samples\line_46_3726.npz,faulted,line,46,40,42,92.98245614035088,100.0,1.0,2
line_47_3727,samples\line_47_3727.npz,faulted,line,47,37,43,91.2280701754386,100.0,1.0,1
line_48_3728,samples\line_48_3728.npz,faulted,line,48,45,46,91.2280701754386,100.0,3.0,2
line_49_3729,samples\line_49_3729.npz,faulted,line,49,46,47,92.98245614035088,100.0,2.0,2
line_50_3730,samples\line_50_3730.npz,faulted,line,50,47,48,92.98245614035088,100.0,1.0,1
line_51_3731,samples\line_51_3731.npz,faulted,line,51,48,49,92.98245614035088,100.0,1.0,1
line_52_3732,samples\line_52_3732.npz,faulted,line,52,49,50,91.2280701754386,100.0,2.0,1
line_53_3733,samples\line_53_3733.npz,faulted,line,53,28,51,92.98245614035088,100.0,1.0,2
line_54_3734,samples\line_54_3734.npz,faulted,line,54,51,52,92.98245614035088,100.0,1.0,2
line_55_3735,samples\line_55_3735.npz,faulted,line,55,52,53,91.2280701754386,100.0,2.0,2
line_56_3736,samples\line_56_3736.npz,faulted,line,56,53,54,92.98245614035088,100.0,2.0,2
line_57_3737,samples\line_57_3737.npz,faulted,line,57,43,44,92.98245614035088,100.0,2.0,1
line_58_3738,samples\line_58_3738.npz,faulted,line,58,55,40,92.98245614035088,100.0,1.0,1
line_59_3739,samples\line_59_3739.npz,faulted,line,59,55,41,91.2280701754386,100.0,1.0,1
line_60_3740,samples\line_60_3740.npz,faulted,line,60,56,55,91.2280701754386,100.0,1.0,1
line_61_3741,samples\line_61_3741.npz,faulted,line,61,37,48,92.98245614035088,100.0,1.0,1
line_62_3742,samples\line_62_3742.npz,faulted,line,62,37,47,91.2280701754386,100.0,1.0,1
trafo_0_3743,samples\trafo_0_3743.npz,faulted,trafo,0,17,3,92.98245614035088,100.0,1.0,1
trafo_1_3744,samples\trafo_1_3744.npz,faulted,trafo,1,17,3,92.98245614035088,100.0,1.0,1
trafo_2_3745,samples\trafo_2_3745.npz,faulted,trafo,2,19,20,91.2280701754386,100.0,1.0,1
trafo_3_3746,samples\trafo_3_3746.npz,faulted,trafo,3,24,23,92.98245614035088,100.0,1.0,1
trafo_4_3747,samples\trafo_4_3747.npz,faulted,trafo,4,24,23,92.98245614035088,100.0,1.0,1
trafo_5_3748,samples\trafo_5_3748.npz,faulted,trafo,5,25,23,92.98245614035088,100.0,0.0,1
trafo_6_3749,samples\trafo_6_3749.npz,faulted,trafo,6,28,6,91.2280701754386,100.0,1.0,1
trafo_7_3750,samples\trafo_7_3750.npz,faulted,trafo,7,31,33,92.98245614035088,100.0,1.0,1
trafo_8_3751,samples\trafo_8_3751.npz,faulted,trafo,8,40,10,92.98245614035088,100.0,1.0,1
trafo_9_3752,samples\trafo_9_3752.npz,faulted,trafo,9,44,14,91.2280701754386,100.0,1.0,1
trafo_10_3753,samples\trafo_10_3753.npz,faulted,trafo,10,45,13,92.98245614035088,100.0,1.0,1
trafo_11_3754,samples\trafo_11_3754.npz,faulted,trafo,11,50,9,92.98245614035088,100.0,2.0,1
trafo_12_3755,samples\trafo_12_3755.npz,faulted,trafo,12,48,12,92.98245614035088,100.0,1.0,1
trafo_13_3756,samples\trafo_13_3756.npz,faulted,trafo,13,42,10,92.98245614035088,100.0,1.0,1
trafo_14_3757,samples\trafo_14_3757.npz,faulted,trafo,14,55,39,91.2280701754386,100.0,1.0,1
trafo_15_3758,samples\trafo_15_3758.npz,faulted,trafo,15,56,38,92.98245614035088,100.0,1.0,1
trafo_16_3759,samples\trafo_16_3759.npz,faulted,trafo,16,54,8,92.98245614035088,100.0,1.0,1
line_0_3760,samples\line_0_3760.npz,faulted,line,0,0,1,98.24561403508773,100.0,2.0,1
line_1_3761,samples\line_1_3761.npz,faulted,line,1,1,2,100.0,100.0,1.0,1
line_2_3762,samples\line_2_3762.npz,faulted,line,2,2,3,100.0,100.0,1.0,1
line_3_3763,samples\line_3_3763.npz,faulted,line,3,3,4,98.24561403508773,100.0,1.0,1
line_4_3764,samples\line_4_3764.npz,faulted,line,4,3,5,98.24561403508773,100.0,1.0,1
line_5_3765,samples\line_5_3765.npz,faulted,line,5,5,6,100.0,100.0,1.0,1
line_6_3766,samples\line_6_3766.npz,faulted,line,6,5,7,100.0,100.0,1.0,1
line_7_3767,samples\line_7_3767.npz,faulted,line,7,7,8,98.24561403508773,100.0,1.0,1
line_8_3768,samples\line_8_3768.npz,faulted,line,8,8,9,98.24561403508773,100.0,1.0,1
line_9_3769,samples\line_9_3769.npz,faulted,line,9,8,10,100.0,100.0,1.0,1
line_10_3770,samples\line_10_3770.npz,faulted,line,10,8,11,98.24561403508773,100.0,1.0,1
line_11_3771,samples\line_11_3771.npz,faulted,line,11,8,12,100.0,100.0,0.0,1
line_12_3772,samples\line_12_3772.npz,faulted,line,12,12,13,100.0,100.0,-1.0,1
line_13_3773,samples\line_13_3773.npz,faulted,line,13,12,14,100.0,100.0,-1.0,1
line_14_3774,samples\line_14_3774.npz,faulted,line,14,0,14,100.0,100.0,1.0,1
line_15_3775,samples\line_15_3775.npz,faulted,line,15,0,15,98.24561403508773,100.0,2.0,1
line_16_3776,samples\line_16_3776.npz,faulted,line,16,0,16,98.24561403508773,100.0,2.0,1
line_17_3777,samples\line_17_3777.npz,faulted,line,17,2,14,100.0,100.0,1.0,1
line_18_3778,samples\line_18_3778.npz,faulted,line,18,4,5,100.0,100.0,1.0,1
line_19_3779,samples\line_19_3779.npz,faulted,line,19,6,7,100.0,100.0,1.0,1
line_20_3780,samples\line_20_3780.npz,faulted,line,20,9,11,100.0,100.0,1.0,1
line_21_3781,samples\line_21_3781.npz,faulted,line,21,10,12,100.0,100.0,-1.0,1
line_22_3782,samples\line_22_3782.npz,faulted,line,22,11,12,100.0,100.0,-1.0,1
line_23_3783,samples\line_23_3783.npz,faulted,line,23,11,15,100.0,100.0,1.0,1
line_24_3784,samples\line_24_3784.npz,faulted,line,24,11,16,100.0,100.0,1.0,1
line_25_3785,samples\line_25_3785.npz,faulted,line,25,13,14,100.0,100.0,1.0,1
line_26_3786,samples\line_26_3786.npz,faulted,line,26,17,18,100.0,100.0,1.0,1
line_27_3787,samples\line_27_3787.npz,faulted,line,27,18,19,98.24561403508773,100.0,2.0,1
line_28_3788,samples\line_28_3788.npz,faulted,line,28,20,21,100.0,100.0,1.0,1
line_29_3789,samples\line_29_3789.npz,faulted,line,29,21,22,100.0,100.0,1.0,1
line_30_3790,samples\line_30_3790.npz,faulted,line,30,22,23,98.24561403508773,100.0,2.0,1
line_31_3791,samples\line_31_3791.npz,faulted,line,31,25,26,98.24561403508773,100.0,1.0,1
line_32_3792,samples\line_32_3792.npz,faulted,line,32,26,27,100.0,100.0,1.0,1
line_33_3793,samples\line_33_3793.npz,faulted,line,33,27,28,98.24561403508773,100.0,1.0,1
line_34_3794,samples\line_34_3794.npz,faulted,line,34,24,29,98.24561403508773,100.0,1.0,1
line_35_3795,samples\line_35_3795.npz,faulted,line,35,29,30,100.0,100.0,1.0,1
line_36_3796,samples\line_36_3796.npz,faulted,line,36,30,31,98.24561403508773,100.0,1.0,1
line_37_3797,samples\line_37_3797.npz,faulted,line,37,31,32,98.24561403508773,100.0,1.0,2
line_38_3798,samples\line_38_3798.npz,faulted,line,38,33,34,100.0,100.0,1.0,1
line_39_3799,samples\line_39_3799.npz,faulted,line,39,34,35,100.0,100.0,1.0,1
line_40_3800,samples\line_40_3800.npz,faulted,line,40,35,36,100.0,100.0,1.0,1
line_41_3801,samples\line_41_3801.npz,faulted,line,41,36,37,100.0,100.0,1.0,1
line_42_3802,samples\line_42_3802.npz,faulted,line,42,36,38,98.24561403508773,100.0,1.0,1
line_43_3803,samples\line_43_3803.npz,faulted,line,43,35,39,100.0,100.0,1.0,1
line_44_3804,samples\line_44_3804.npz,faulted,line,44,21,37,98.24561403508773,100.0,1.0,1
line_45_3805,samples\line_45_3805.npz,faulted,line,45,40,41,100.0,100.0,1.0,1
line_46_3806,samples\line_46_3806.npz,faulted,line,46,40,42,100.0,100.0,1.0,1
line_47_3807,samples\line_47_3807.npz,faulted,line,47,37,43,98.24561403508773,100.0,1.0,1
line_48_3808,samples\line_48_3808.npz,faulted,line,48,45,46,98.24561403508773,100.0,2.0,1
line_49_3809,samples\line_49_3809.npz,faulted,line,49,46,47,100.0,100.0,1.0,1
line_50_3810,samples\line_50_3810.npz,faulted,line,50,47,48,100.0,100.0,1.0,1
line_51_3811,samples\line_51_3811.npz,faulted,line,51,48,49,100.0,100.0,1.0,1
line_52_3812,samples\line_52_3812.npz,faulted,line,52,49,50,98.24561403508773,100.0,2.0,1
line_53_3813,samples\line_53_3813.npz,faulted,line,53,28,51,100.0,100.0,1.0,1
line_54_3814,samples\line_54_3814.npz,faulted,line,54,51,52,100.0,100.0,1.0,1
line_55_3815,samples\line_55_3815.npz,faulted,line,55,52,53,98.24561403508773,100.0,2.0,1
line_56_3816,samples\line_56_3816.npz,faulted,line,56,53,54,100.0,100.0,1.0,1
line_57_3817,samples\line_57_3817.npz,faulted,line,57,43,44,100.0,100.0,1.0,1
line_58_3818,samples\line_58_3818.npz,faulted,line,58,55,40,100.0,100.0,1.0,1
line_59_3819,samples\line_59_3819.npz,faulted,line,59,55,41,98.24561403508773,100.0,0.0,1
line_60_3820,samples\line_60_3820.npz,faulted,line,60,56,55,98.24561403508773,100.0,0.0,1
line_61_3821,samples\line_61_3821.npz,faulted,line,61,37,48,100.0,100.0,1.0,1
line_62_3822,samples\line_62_3822.npz,faulted,line,62,37,47,98.24561403508773,100.0,1.0,1
trafo_0_3823,samples\trafo_0_3823.npz,faulted,trafo,0,17,3,98.24561403508773,100.0,1.0,1
trafo_1_3824,samples\trafo_1_3824.npz,faulted,trafo,1,17,3,100.0,100.0,1.0,1
trafo_2_3825,samples\trafo_2_3825.npz,faulted,trafo,2,19,20,98.24561403508773,100.0,2.0,1
trafo_3_3826,samples\trafo_3_3826.npz,faulted,trafo,3,24,23,100.0,100.0,1.0,1
trafo_4_3827,samples\trafo_4_3827.npz,faulted,trafo,4,24,23,100.0,100.0,1.0,1
trafo_5_3828,samples\trafo_5_3828.npz,faulted,trafo,5,25,23,100.0,100.0,1.0,1
trafo_6_3829,samples\trafo_6_3829.npz,faulted,trafo,6,28,6,98.24561403508773,100.0,1.0,1
trafo_7_3830,samples\trafo_7_3830.npz,faulted,trafo,7,31,33,100.0,100.0,1.0,1
trafo_8_3831,samples\trafo_8_3831.npz,faulted,trafo,8,40,10,100.0,100.0,1.0,1
trafo_9_3832,samples\trafo_9_3832.npz,faulted,trafo,9,44,14,98.24561403508773,100.0,1.0,1
trafo_10_3833,samples\trafo_10_3833.npz,faulted,trafo,10,45,13,100.0,100.0,1.0,1
trafo_11_3834,samples\trafo_11_3834.npz,faulted,trafo,11,50,9,100.0,100.0,1.0,1
trafo_12_3835,samples\trafo_12_3835.npz,faulted,trafo,12,48,12,100.0,100.0,-1.0,1
trafo_13_3836,samples\trafo_13_3836.npz,faulted,trafo,13,42,10,98.24561403508773,100.0,1.0,1
trafo_14_3837,samples\trafo_14_3837.npz,faulted,trafo,14,55,39,98.24561403508773,100.0,0.0,1
trafo_15_3838,samples\trafo_15_3838.npz,faulted,trafo,15,56,38,100.0,100.0,1.0,1
trafo_16_3839,samples\trafo_16_3839.npz,faulted,trafo,16,54,8,98.24561403508773,100.0,1.0,1
line_0_3840,samples\line_0_3840.npz,faulted,line,0,0,1,98.24561403508773,100.0,1.0,1
line_1_3841,samples\line_1_3841.npz,faulted,line,1,1,2,100.0,100.0,0.0,1
line_2_3842,samples\line_2_3842.npz,faulted,line,2,2,3,100.0,100.0,0.0,1
line_3_3843,samples\line_3_3843.npz,faulted,line,3,3,4,98.24561403508773,100.0,1.0,1
line_4_3844,samples\line_4_3844.npz,faulted,line,4,3,5,98.24561403508773,100.0,1.0,1
line_5_3845,samples\line_5_3845.npz,faulted,line,5,5,6,100.0,100.0,0.0,1
line_6_3846,samples\line_6_3846.npz,faulted,line,6,5,7,100.0,100.0,0.0,1
line_7_3847,samples\line_7_3847.npz,faulted,line,7,7,8,98.24561403508773,100.0,1.0,1
line_8_3848,samples\line_8_3848.npz,faulted,line,8,8,9,98.24561403508773,100.0,1.0,1
line_9_3849,samples\line_9_3849.npz,faulted,line,9,8,10,100.0,100.0,1.0,1
line_10_3850,samples\line_10_3850.npz,faulted,line,10,8,11,98.24561403508773,100.0,1.0,1
line_11_3851,samples\line_11_3851.npz,faulted,line,11,8,12,100.0,100.0,0.0,1
line_12_3852,samples\line_12_3852.npz,faulted,line,12,12,13,100.0,100.0,0.0,1
line_13_3853,samples\line_13_3853.npz,faulted,line,13,12,14,100.0,100.0,0.0,1
line_14_3854,samples\line_14_3854.npz,faulted,line,14,0,14,100.0,100.0,1.0,1
line_15_3855,samples\line_15_3855.npz,faulted,line,15,0,15,98.24561403508773,100.0,1.0,1
line_16_3856,samples\line_16_3856.npz,faulted,line,16,0,16,98.24561403508773,100.0,1.0,1
line_17_3857,samples\line_17_3857.npz,faulted,line,17,2,14,100.0,100.0,0.0,1
line_18_3858,samples\line_18_3858.npz,faulted,line,18,4,5,100.0,100.0,0.0,1
line_19_3859,samples\line_19_3859.npz,faulted,line,19,6,7,100.0,100.0,0.0,1
line_20_3860,samples\line_20_3860.npz,faulted,line,20,9,11,100.0,100.0,0.0,1
line_21_3861,samples\line_21_3861.npz,faulted,line,21,10,12,100.0,100.0,0.0,1
line_22_3862,samples\line_22_3862.npz,faulted,line,22,11,12,100.0,100.0,0.0,1
line_23_3863,samples\line_23_3863.npz,faulted,line,23,11,15,100.0,100.0,0.0,1
line_24_3864,samples\line_24_3864.npz,faulted,line,24,11,16,100.0,100.0,0.0,1
line_25_3865,samples\line_25_3865.npz,faulted,line,25,13,14,100.0,100.0,0.0,1
line_26_3866,samples\line_26_3866.npz,faulted,line,26,17,18,100.0,100.0,0.0,1
line_27_3867,samples\line_27_3867.npz,faulted,line,27,18,19,98.24561403508773,100.0,1.0,1
line_28_3868,samples\line_28_3868.npz,faulted,line,28,20,21,100.0,100.0,0.0,1
line_29_3869,samples\line_29_3869.npz,faulted,line,29,21,22,100.0,100.0,0.0,1
line_30_3870,samples\line_30_3870.npz,faulted,line,30,22,23,98.24561403508773,100.0,1.0,1
line_31_3871,samples\line_31_3871.npz,faulted,line,31,25,26,98.24561403508773,100.0,0.0,1
line_32_3872,samples\line_32_3872.npz,faulted,line,32,26,27,100.0,100.0,0.0,1
line_33_3873,samples\line_33_3873.npz,faulted,line,33,27,28,98.24561403508773,100.0,0.0,1
line_34_3874,samples\line_34_3874.npz,faulted,line,34,24,29,98.24561403508773,100.0,0.0,2
line_35_3875,samples\line_35_3875.npz,faulted,line,35,29,30,100.0,100.0,0.0,2
line_36_3876,samples\line_36_3876.npz,faulted,line,36,30,31,98.24561403508773,100.0,0.0,2
line_37_3877,samples\line_37_3877.npz,faulted,line,37,31,32,98.24561403508773,100.0,0.0,2
line_38_3878,samples\line_38_3878.npz,faulted,line,38,33,34,100.0,100.0,0.0,2
line_39_3879,samples\line_39_3879.npz,faulted,line,39,34,35,100.0,100.0,0.0,1
line_40_3880,samples\line_40_3880.npz,faulted,line,40,35,36,98.24561403508773,100.0,1.0,1
line_41_3881,samples\line_41_3881.npz,faulted,line,41,36,37,100.0,100.0,0.0,1
line_42_3882,samples\line_42_3882.npz,faulted,line,42,36,38,98.24561403508773,100.0,1.0,2
line_43_3883,samples\line_43_3883.npz,faulted,line,43,35,39,100.0,100.0,0.0,1
line_44_3884,samples\line_44_3884.npz,faulted,line,44,21,37,98.24561403508773,100.0,1.0,1
line_45_3885,samples\line_45_3885.npz,faulted,line,45,40,41,100.0,100.0,0.0,1
line_46_3886,samples\line_46_3886.npz,faulted,line,46,40,42,100.0,100.0,0.0,1
line_47_3887,samples\line_47_3887.npz,faulted,line,47,37,43,98.24561403508773,100.0,0.0,1
line_48_3888,samples\line_48_3888.npz,faulted,line,48,45,46,98.24561403508773,100.0,1.0,1
line_49_3889,samples\line_49_3889.npz,faulted,line,49,46,47,100.0,100.0,0.0,1
line_50_3890,samples\line_50_3890.npz,faulted,line,50,47,48,100.0,100.0,0.0,1
line_51_3891,samples\line_51_3891.npz,faulted,line,51,48,49,100.0,100.0,0.0,1
line_52_3892,samples\line_52_3892.npz,faulted,line,52,49,50,98.24561403508773,100.0,1.0,1
line_53_3893,samples\line_53_3893.npz,faulted,line,53,28,51,100.0,100.0,0.0,1
line_54_3894,samples\line_54_3894.npz,faulted,line,54,51,52,100.0,100.0,0.0,1
line_55_3895,samples\line_55_3895.npz,faulted,line,55,52,53,98.24561403508773,100.0,1.0,1
line_56_3896,samples\line_56_3896.npz,faulted,line,56,53,54,100.0,100.0,0.0,1
line_57_3897,samples\line_57_3897.npz,faulted,line,57,43,44,100.0,100.0,0.0,1
line_58_3898,samples\line_58_3898.npz,faulted,line,58,55,40,100.0,100.0,0.0,1
line_59_3899,samples\line_59_3899.npz,faulted,line,59,55,41,98.24561403508773,100.0,1.0,1
line_60_3900,samples\line_60_3900.npz,faulted,line,60,56,55,98.24561403508773,100.0,1.0,2
line_61_3901,samples\line_61_3901.npz,faulted,line,61,37,48,100.0,100.0,0.0,1
line_62_3902,samples\line_62_3902.npz,faulted,line,62,37,47,98.24561403508773,100.0,1.0,1
trafo_0_3903,samples\trafo_0_3903.npz,faulted,trafo,0,17,3,100.0,100.0,0.0,1
trafo_1_3904,samples\trafo_1_3904.npz,faulted,trafo,1,17,3,100.0,100.0,0.0,1
trafo_2_3905,samples\trafo_2_3905.npz,faulted,trafo,2,19,20,98.24561403508773,100.0,1.0,1
trafo_3_3906,samples\trafo_3_3906.npz,faulted,trafo,3,24,23,100.0,100.0,0.0,1
trafo_4_3907,samples\trafo_4_3907.npz,faulted,trafo,4,24,23,100.0,100.0,0.0,1
trafo_5_3908,samples\trafo_5_3908.npz,faulted,trafo,5,25,23,100.0,100.0,0.0,1
trafo_6_3909,samples\trafo_6_3909.npz,faulted,trafo,6,28,6,98.24561403508773,100.0,0.0,1
trafo_7_3910,samples\trafo_7_3910.npz,faulted,trafo,7,31,33,100.0,100.0,0.0,2
trafo_8_3911,samples\trafo_8_3911.npz,faulted,trafo,8,40,10,100.0,100.0,0.0,1
trafo_9_3912,samples\trafo_9_3912.npz,faulted,trafo,9,44,14,98.24561403508773,100.0,0.0,1
trafo_10_3913,samples\trafo_10_3913.npz,faulted,trafo,10,45,13,100.0,100.0,0.0,1
trafo_11_3914,samples\trafo_11_3914.npz,faulted,trafo,11,50,9,100.0,100.0,0.0,1
trafo_12_3915,samples\trafo_12_3915.npz,faulted,trafo,12,48,12,100.0,100.0,0.0,1
trafo_13_3916,samples\trafo_13_3916.npz,faulted,trafo,13,42,10,98.24561403508773,100.0,0.0,1
trafo_14_3917,samples\trafo_14_3917.npz,faulted,trafo,14,55,39,98.24561403508773,100.0,1.0,1
trafo_15_3918,samples\trafo_15_3918.npz,faulted,trafo,15,56,38,100.0,100.0,0.0,1
trafo_16_3919,samples\trafo_16_3919.npz,faulted,trafo,16,54,8,98.24561403508773,100.0,1.0,1
line_0_3920,samples\line_0_3920.npz,faulted,line,0,0,1,96.49122807017544,100.0,1.0,1
line_1_3921,samples\line_1_3921.npz,faulted,line,1,1,2,98.24561403508773,100.0,0.0,1
line_2_3922,samples\line_2_3922.npz,faulted,line,2,2,3,98.24561403508773,100.0,0.0,1
line_3_3923,samples\line_3_3923.npz,faulted,line,3,3,4,96.49122807017544,100.0,1.0,1
line_4_3924,samples\line_4_3924.npz,faulted,line,4,3,5,96.49122807017544,100.0,1.0,1
line_5_3925,samples\line_5_3925.npz,faulted,line,5,5,6,98.24561403508773,100.0,0.0,1
line_6_3926,samples\line_6_3926.npz,faulted,line,6,5,7,98.24561403508773,100.0,0.0,1
line_7_3927,samples\line_7_3927.npz,faulted,line,7,7,8,96.49122807017544,100.0,0.0,1
line_8_3928,samples\line_8_3928.npz,faulted,line,8,8,9,96.49122807017544,100.0,0.0,1
line_9_3929,samples\line_9_3929.npz,faulted,line,9,8,10,98.24561403508773,100.0,0.0,1
line_10_3930,samples\line_10_3930.npz,faulted,line,10,8,11,96.49122807017544,100.0,1.0,1
line_11_3931,samples\line_11_3931.npz,faulted,line,11,8,12,98.24561403508773,100.0,0.0,1
line_12_3932,samples\line_12_3932.npz,faulted,line,12,12,13,98.24561403508773,100.0,0.0,1
line_13_3933,samples\line_13_3933.npz,faulted,line,13,12,14,98.24561403508773,100.0,0.0,1
line_14_3934,samples\line_14_3934.npz,faulted,line,14,0,14,98.24561403508773,100.0,1.0,1
line_15_3935,samples\line_15_3935.npz,faulted,line,15,0,15,96.49122807017544,100.0,1.0,1
line_16_3936,samples\line_16_3936.npz,faulted,line,16,0,16,96.49122807017544,100.0,1.0,1
line_17_3937,samples\line_17_3937.npz,faulted,line,17,2,14,98.24561403508773,100.0,0.0,1
line_18_3938,samples\line_18_3938.npz,faulted,line,18,4,5,98.24561403508773,100.0,0.0,1
line_19_3939,samples\line_19_3939.npz,faulted,line,19,6,7,98.24561403508773,100.0,0.0,1
line_20_3940,samples\line_20_3940.npz,faulted,line,20,9,11,98.24561403508773,100.0,0.0,1
line_21_3941,samples\line_21_3941.npz,faulted,line,21,10,12,98.24561403508773,100.0,0.0,1
line_22_3942,samples\line_22_3942.npz,faulted,line,22,11,12,98.24561403508773,100.0,0.0,1
line_23_3943,samples\line_23_3943.npz,faulted,line,23,11,15,98.24561403508773,100.0,0.0,1
line_24_3944,samples\line_24_3944.npz,faulted,line,24,11,16,98.24561403508773,100.0,0.0,1
line_25_3945,samples\line_25_3945.npz,faulted,line,25,13,14,98.24561403508773,100.0,0.0,1
line_26_3946,samples\line_26_3946.npz,faulted,line,26,17,18,98.24561403508773,100.0,0.0,1
line_27_3947,samples\line_27_3947.npz,faulted,line,27,18,19,96.49122807017544,100.0,1.0,1
line_28_3948,samples\line_28_3948.npz,faulted,line,28,20,21,98.24561403508773,100.0,0.0,1
line_29_3949,samples\line_29_3949.npz,faulted,line,29,21,22,98.24561403508773,100.0,0.0,1
line_30_3950,samples\line_30_3950.npz,faulted,line,30,22,23,96.49122807017544,100.0,1.0,1
line_31_3951,samples\line_31_3951.npz,faulted,line,31,25,26,96.49122807017544,100.0,0.0,1
line_32_3952,samples\line_32_3952.npz,faulted,line,32,26,27,98.24561403508773,100.0,0.0,1
line_33_3953,samples\line_33_3953.npz,faulted,line,33,27,28,96.49122807017544,100.0,0.0,1
line_34_3954,samples\line_34_3954.npz,faulted,line,34,24,29,96.49122807017544,100.0,0.0,1
line_35_3955,samples\line_35_3955.npz,faulted,line,35,29,30,98.24561403508773,100.0,0.0,1
line_36_3956,samples\line_36_3956.npz,faulted,line,36,30,31,96.49122807017544,100.0,0.0,1
line_37_3957,samples\line_37_3957.npz,faulted,line,37,31,32,96.49122807017544,100.0,0.0,2
line_38_3958,samples\line_38_3958.npz,faulted,line,38,33,34,98.24561403508773,100.0,0.0,1
line_39_3959,samples\line_39_3959.npz,faulted,line,39,34,35,98.24561403508773,100.0,0.0,1
line_40_3960,samples\line_40_3960.npz,faulted,line,40,35,36,98.24561403508773,100.0,0.0,1
line_41_3961,samples\line_41_3961.npz,faulted,line,41,36,37,98.24561403508773,100.0,0.0,1
line_42_3962,samples\line_42_3962.npz,faulted,line,42,36,38,96.49122807017544,100.0,0.0,1
line_43_3963,samples\line_43_3963.npz,faulted,line,43,35,39,98.24561403508773,100.0,0.0,1
line_44_3964,samples\line_44_3964.npz,faulted,line,44,21,37,96.49122807017544,100.0,1.0,1
line_45_3965,samples\line_45_3965.npz,faulted,line,45,40,41,98.24561403508773,100.0,0.0,1
line_46_3966,samples\line_46_3966.npz,faulted,line,46,40,42,98.24561403508773,100.0,0.0,1
line_47_3967,samples\line_47_3967.npz,faulted,line,47,37,43,96.49122807017544,100.0,0.0,1
line_48_3968,samples\line_48_3968.npz,faulted,line,48,45,46,96.49122807017544,100.0,1.0,1
line_49_3969,samples\line_49_3969.npz,faulted,line,49,46,47,98.24561403508773,100.0,0.0,1
line_50_3970,samples\line_50_3970.npz,faulted,line,50,47,48,98.24561403508773,100.0,0.0,1
line_51_3971,samples\line_51_3971.npz,faulted,line,51,48,49,98.24561403508773,100.0,0.0,1
line_52_3972,samples\line_52_3972.npz,faulted,line,52,49,50,96.49122807017544,100.0,1.0,1
line_53_3973,samples\line_53_3973.npz,faulted,line,53,28,51,98.24561403508773,100.0,1.0,2
line_54_3974,samples\line_54_3974.npz,faulted,line,54,51,52,98.24561403508773,100.0,0.0,2
line_55_3975,samples\line_55_3975.npz,faulted,line,55,52,53,96.49122807017544,100.0,1.0,2
line_56_3976,samples\line_56_3976.npz,faulted,line,56,53,54,98.24561403508773,100.0,1.0,2
line_57_3977,samples\line_57_3977.npz,faulted,line,57,43,44,98.24561403508773,100.0,0.0,1
line_58_3978,samples\line_58_3978.npz,faulted,line,58,55,40,98.24561403508773,100.0,0.0,1
line_59_3979,samples\line_59_3979.npz,faulted,line,59,55,41,96.49122807017544,100.0,-1.0,1
line_60_3980,samples\line_60_3980.npz,faulted,line,60,56,55,96.49122807017544,100.0,-1.0,1
line_61_3981,samples\line_61_3981.npz,faulted,line,61,37,48,98.24561403508773,100.0,0.0,1
line_62_3982,samples\line_62_3982.npz,faulted,line,62,37,47,96.49122807017544,100.0,1.0,1
trafo_0_3983,samples\trafo_0_3983.npz,faulted,trafo,0,17,3,98.24561403508773,100.0,0.0,1
trafo_1_3984,samples\trafo_1_3984.npz,faulted,trafo,1,17,3,98.24561403508773,100.0,0.0,1
trafo_2_3985,samples\trafo_2_3985.npz,faulted,trafo,2,19,20,96.49122807017544,100.0,1.0,1
trafo_3_3986,samples\trafo_3_3986.npz,faulted,trafo,3,24,23,98.24561403508773,100.0,0.0,1
trafo_4_3987,samples\trafo_4_3987.npz,faulted,trafo,4,24,23,98.24561403508773,100.0,0.0,1
trafo_5_3988,samples\trafo_5_3988.npz,faulted,trafo,5,25,23,98.24561403508773,100.0,0.0,1
trafo_6_3989,samples\trafo_6_3989.npz,faulted,trafo,6,28,6,96.49122807017544,100.0,1.0,1
trafo_7_3990,samples\trafo_7_3990.npz,faulted,trafo,7,31,33,98.24561403508773,100.0,0.0,1
trafo_8_3991,samples\trafo_8_3991.npz,faulted,trafo,8,40,10,98.24561403508773,100.0,0.0,1
trafo_9_3992,samples\trafo_9_3992.npz,faulted,trafo,9,44,14,96.49122807017544,100.0,0.0,1
trafo_10_3993,samples\trafo_10_3993.npz,faulted,trafo,10,45,13,98.24561403508773,100.0,0.0,1
trafo_11_3994,samples\trafo_11_3994.npz,faulted,trafo,11,50,9,98.24561403508773,100.0,0.0,1
trafo_12_3995,samples\trafo_12_3995.npz,faulted,trafo,12,48,12,98.24561403508773,100.0,0.0,1
trafo_13_3996,samples\trafo_13_3996.npz,faulted,trafo,13,42,10,96.49122807017544,100.0,0.0,1
trafo_14_3997,samples\trafo_14_3997.npz,faulted,trafo,14,55,39,96.49122807017544,100.0,-1.0,1
trafo_15_3998,samples\trafo_15_3998.npz,faulted,trafo,15,56,38,98.24561403508773,100.0,0.0,1
trafo_16_3999,samples\trafo_16_3999.npz,faulted,trafo,16,54,8,98.24561403508773,100.0,0.0,1
