sample_id,file,scenario_type,kind,idx,failed_u,failed_v,coverage_fixed_%,coverage_reopt_%,delta_pmus,components
intact,samples\intact.npz,intact,,,,,100.0,100.0,0.0,1
line_0_0,samples\line_0_0.npz,faulted,line,0,0,1,99.15254237288136,100.0,1.0,1
line_1_1,samples\line_1_1.npz,faulted,line,1,0,2,99.15254237288136,100.0,1.0,1
line_2_2,samples\line_2_2.npz,faulted,line,2,3,4,99.15254237288136,100.0,1.0,1
line_3_3,samples\line_3_3.npz,faulted,line,3,2,4,99.15254237288136,100.0,1.0,1
line_4_4,samples\line_4_4.npz,faulted,line,4,4,5,98.30508474576273,100.0,2.0,1
line_5_5,samples\line_5_5.npz,faulted,line,5,5,6,99.15254237288136,100.0,1.0,1
line_6_6,samples\line_6_6.npz,faulted,line,6,7,8,99.15254237288136,100.0,1.0,2
line_7_7,samples\line_7_7.npz,faulted,line,7,8,9,98.30508474576273,100.0,2.0,2
line_8_8,samples\line_8_8.npz,faulted,line,8,3,10,99.15254237288136,100.0,1.0,1
line_9_9,samples\line_9_9.npz,faulted,line,9,4,10,99.15254237288136,100.0,1.0,1
line_10_10,samples\line_10_10.npz,faulted,line,10,10,11,99.15254237288136,100.0,1.0,1
line_11_11,samples\line_11_11.npz,faulted,line,11,1,11,99.15254237288136,100.0,1.0,1
line_12_12,samples\line_12_12.npz,faulted,line,12,2,11,99.15254237288136,100.0,1.0,1
line_13_13,samples\line_13_13.npz,faulted,line,13,6,11,98.30508474576273,100.0,2.0,1
line_14_14,samples\line_14_14.npz,faulted,line,14,10,12,98.30508474576273,100.0,1.0,1
line_15_15,samples\line_15_15.npz,faulted,line,15,11,13,98.30508474576273,100.0,0.0,1
line_16_16,samples\line_16_16.npz,faulted,line,16,12,14,99.15254237288136,100.0,1.0,1
line_17_17,samples\line_17_17.npz,faulted,line,17,13,14,99.15254237288136,100.0,1.0,1
line_18_18,samples\line_18_18.npz,faulted,line,18,11,15,99.15254237288136,100.0,1.0,1
line_19_19,samples\line_19_19.npz,faulted,line,19,14,16,98.30508474576273,100.0,0.0,1
line_20_20,samples\line_20_20.npz,faulted,line,20,15,16,99.15254237288136,100.0,1.0,1
line_21_21,samples\line_21_21.npz,faulted,line,21,16,17,98.30508474576273,100.0,0.0,1
line_22_22,samples\line_22_22.npz,faulted,line,22,17,18,99.15254237288136,100.0,1.0,1
line_23_23,samples\line_23_23.npz,faulted,line,23,18,19,99.15254237288136,100.0,1.0,1
line_24_24,samples\line_24_24.npz,faulted,line,24,14,18,99.15254237288136,100.0,1.0,1
line_25_25,samples\line_25_25.npz,faulted,line,25,19,20,98.30508474576273,100.0,2.0,1
line_26_26,samples\line_26_26.npz,faulted,line,26,20,21,99.15254237288136,100.0,1.0,1
line_27_27,samples\line_27_27.npz,faulted,line,27,21,22,98.30508474576273,100.0,2.0,1
line_28_28,samples\line_28_28.npz,faulted,line,28,22,23,98.30508474576273,100.0,1.0,1
line_29_29,samples\line_29_29.npz,faulted,line,29,22,24,99.15254237288136,100.0,1.0,1
line_30_30,samples\line_30_30.npz,faulted,line,30,24,26,99.15254237288136,100.0,1.0,1
line_31_31,samples\line_31_31.npz,faulted,line,31,26,27,99.15254237288136,100.0,0.0,1
line_32_32,samples\line_32_32.npz,faulted,line,32,27,28,98.30508474576273,100.0,1.0,1
line_33_33,samples\line_33_33.npz,faulted,line,33,7,29,99.15254237288136,100.0,1.0,1
line_34_34,samples\line_34_34.npz,faulted,line,34,25,29,99.15254237288136,100.0,1.0,1
line_35_35,samples\line_35_35.npz,faulted,line,35,16,30,99.15254237288136,100.0,0.0,1
line_36_36,samples\line_36_36.npz,faulted,line,36,28,30,99.15254237288136,100.0,1.0,1
line_37_37,samples\line_37_37.npz,faulted,line,37,22,31,99.15254237288136,100.0,1.0,1
line_38_38,samples\line_38_38.npz,faulted,line,38,30,31,99.15254237288136,100.0,1.0,1
line_39_39,samples\line_39_39.npz,faulted,line,39,26,31,99.15254237288136,100.0,1.0,1
line_40_40,samples\line_40_40.npz,faulted,line,40,14,32,99.15254237288136,100.0,1.0,1
line_41_41,samples\line_41_41.npz,faulted,line,41,18,33,99.15254237288136,100.0,1.0,1
line_42_42,samples\line_42_42.npz,faulted,line,42,34,35,99.15254237288136,100.0,1.0,1
line_43_43,samples\line_43_43.npz,faulted,line,43,34,36,98.30508474576273,100.0,2.0,1
line_44_44,samples\line_44_44.npz,faulted,line,44,32,36,98.30508474576273,100.0,1.0,1
line_45_45,samples\line_45_45.npz,faulted,line,45,33,35,98.30508474576273,100.0,2.0,1
line_46_46,samples\line_46_46.npz,faulted,line,46,33,36,99.15254237288136,100.0,1.0,1
line_47_47,samples\line_47_47.npz,faulted,line,47,36,38,99.15254237288136,100.0,1.0,1
line_48_48,samples\line_48_48.npz,faulted,line,48,36,39,99.15254237288136,100.0,1.0,1
line_49_49,samples\line_49_49.npz,faulted,line,49,29,37,99.15254237288136,100.0,1.0,1
line_50_50,samples\line_50_50.npz,faulted,line,50,38,39,99.15254237288136,100.0,1.0,1
line_51_51,samples\line_51_51.npz,faulted,line,51,39,40,98.30508474576273,100.0,1.0,1
line_52_52,samples\line_52_52.npz,faulted,line,52,39,41,99.15254237288136,100.0,1.0,1
line_53_53,samples\line_53_53.npz,faulted,line,53,40,41,99.15254237288136,100.0,1.0,1
line_54_54,samples\line_54_54.npz,faulted,line,54,42,43,99.15254237288136,100.0,1.0,1
line_55_55,samples\line_55_55.npz,faulted,line,55,33,42,98.30508474576273,100.0,2.0,1
line_56_56,samples\line_56_56.npz,faulted,line,56,43,44,98.30508474576273,100.0,2.0,1
line_57_57,samples\line_57_57.npz,faulted,line,57,44,45,98.30508474576273,100.0,2.0,1
line_58_58,samples\line_58_58.npz,faulted,line,58,45,46,99.15254237288136,100.0,1.0,1
line_59_59,samples\line_59_59.npz,faulted,line,59,45,47,99.15254237288136,100.0,1.0,1
line_60_60,samples\line_60_60.npz,faulted,line,60,46,48,98.30508474576273,100.0,2.0,1
line_61_61,samples\line_61_61.npz,faulted,line,61,41,48,99.15254237288136,100.0,1.0,1
line_62_62,samples\line_62_62.npz,faulted,line,62,41,48,99.15254237288136,100.0,1.0,1
line_63_63,samples\line_63_63.npz,faulted,line,63,44,48,99.15254237288136,100.0,2.0,1
line_64_64,samples\line_64_64.npz,faulted,line,64,47,48,98.30508474576273,100.0,2.0,1
line_65_65,samples\line_65_65.npz,faulted,line,65,48,49,99.15254237288136,100.0,1.0,1
line_66_66,samples\line_66_66.npz,faulted,line,66,48,50,99.15254237288136,100.0,1.0,1
line_67_67,samples\line_67_67.npz,faulted,line,67,50,51,99.15254237288136,100.0,0.0,1
line_68_68,samples\line_68_68.npz,faulted,line,68,51,52,98.30508474576273,100.0,1.0,1
line_69_69,samples\line_69_69.npz,faulted,line,69,52,53,99.15254237288136,100.0,1.0,1
line_70_70,samples\line_70_70.npz,faulted,line,70,48,53,99.15254237288136,100.0,1.0,1
line_71_71,samples\line_71_71.npz,faulted,line,71,48,53,99.15254237288136,100.0,1.0,1
line_72_72,samples\line_72_72.npz,faulted,line,72,53,54,99.15254237288136,100.0,1.0,1
line_73_73,samples\line_73_73.npz,faulted,line,73,53,55,99.15254237288136,100.0,1.0,1
line_74_74,samples\line_74_74.npz,faulted,line,74,54,55,99.15254237288136,100.0,1.0,1
line_75_75,samples\line_75_75.npz,faulted,line,75,55,56,99.15254237288136,100.0,1.0,1
line_76_76,samples\line_76_76.npz,faulted,line,76,49,56,98.30508474576273,100.0,1.0,1
line_77_77,samples\line_77_77.npz,faulted,line,77,55,57,99.15254237288136,100.0,1.0,1
line_78_78,samples\line_78_78.npz,faulted,line,78,50,57,98.30508474576273,100.0,0.0,1
line_79_79,samples\line_79_79.npz,faulted,line,79,53,58,99.15254237288136,100.0,1.0,1
line_80_80,samples\line_80_80.npz,faulted,line,80,55,58,99.15254237288136,100.0,1.0,1
line_81_81,samples\line_81_81.npz,faulted,line,81,55,58,99.15254237288136,100.0,1.0,1
line_82_82,samples\line_82_82.npz,faulted,line,82,54,58,98.30508474576273,100.0,1.0,1
line_83_83,samples\line_83_83.npz,faulted,line,83,58,59,99.15254237288136,100.0,1.0,1
line_84_84,samples\line_84_84.npz,faulted,line,84,58,60,99.15254237288136,100.0,1.0,1
line_85_85,samples\line_85_85.npz,faulted,line,85,59,60,99.15254237288136,100.0,1.0,1
line_86_86,samples\line_86_86.npz,faulted,line,86,59,61,99.15254237288136,100.0,1.0,1
line_87_87,samples\line_87_87.npz,faulted,line,87,60,61,99.15254237288136,100.0,1.0,1
line_88_88,samples\line_88_88.npz,faulted,line,88,62,63,99.15254237288136,100.0,1.0,1
line_89_89,samples\line_89_89.npz,faulted,line,89,37,64,99.15254237288136,100.0,1.0,1
line_90_90,samples\line_90_90.npz,faulted,line,90,63,64,99.15254237288136,100.0,2.0,1
line_91_91,samples\line_91_91.npz,faulted,line,91,48,65,99.15254237288136,100.0,1.0,1
line_92_92,samples\line_92_92.npz,faulted,line,92,48,65,99.15254237288136,100.0,1.0,1
line_93_93,samples\line_93_93.npz,faulted,line,93,61,65,99.15254237288136,100.0,1.0,1
line_94_94,samples\line_94_94.npz,faulted,line,94,61,66,98.30508474576273,100.0,1.0,1
line_95_95,samples\line_95_95.npz,faulted,line,95,65,66,99.15254237288136,100.0,1.0,1
line_96_96,samples\line_96_96.npz,faulted,line,96,46,68,99.15254237288136,100.0,1.0,1
line_97_97,samples\line_97_97.npz,faulted,line,97,48,68,99.15254237288136,100.0,1.0,1
line_98_98,samples\line_98_98.npz,faulted,line,98,68,69,99.15254237288136,100.0,1.0,1
line_99_99,samples\line_99_99.npz,faulted,line,99,23,69,99.15254237288136,100.0,1.0,1
line_100_100,samples\line_100_100.npz,faulted,line,100,69,70,99.15254237288136,100.0,0.0,1
line_101_101,samples\line_101_101.npz,faulted,line,101,23,71,99.15254237288136,100.0,1.0,1
line_102_102,samples\line_102_102.npz,faulted,line,102,70,71,98.30508474576273,100.0,2.0,1
line_103_103,samples\line_103_103.npz,faulted,line,103,70,72,98.30508474576273,100.0,2.0,2
line_104_104,samples\line_104_104.npz,faulted,line,104,69,73,99.15254237288136,100.0,0.0,1
line_105_105,samples\line_105_105.npz,faulted,line,105,69,74,99.15254237288136,100.0,0.0,1
line_106_106,samples\line_106_106.npz,faulted,line,106,68,74,99.15254237288136,100.0,1.0,1
line_107_107,samples\line_107_107.npz,faulted,line,107,73,74,98.30508474576273,100.0,1.0,1
line_108_108,samples\line_108_108.npz,faulted,line,108,75,76,98.30508474576273,100.0,1.0,1
line_109_109,samples\line_109_109.npz,faulted,line,109,68,76,99.15254237288136,100.0,1.0,1
line_110_110,samples\line_110_110.npz,faulted,line,110,74,76,99.15254237288136,100.0,1.0,1
line_111_111,samples\line_111_111.npz,faulted,line,111,76,77,98.30508474576273,100.0,1.0,1
line_112_112,samples\line_112_112.npz,faulted,line,112,77,78,99.15254237288136,100.0,1.0,1
line_113_113,samples\line_113_113.npz,faulted,line,113,76,79,99.15254237288136,100.0,1.0,1
line_114_114,samples\line_114_114.npz,faulted,line,114,76,79,99.15254237288136,100.0,1.0,1
line_115_115,samples\line_115_115.npz,faulted,line,115,78,79,98.30508474576273,100.0,1.0,1
line_116_116,samples\line_116_116.npz,faulted,line,116,76,81,98.30508474576273,100.0,1.0,1
line_117_117,samples\line_117_117.npz,faulted,line,117,81,82,99.15254237288136,100.0,1.0,1
line_118_118,samples\line_118_118.npz,faulted,line,118,82,83,99.15254237288136,100.0,1.0,1
line_119_119,samples\line_119_119.npz,faulted,line,119,82,84,98.30508474576273,100.0,2.0,1
line_120_120,samples\line_120_120.npz,faulted,line,120,83,84,98.30508474576273,100.0,2.0,1
line_121_121,samples\line_121_121.npz,faulted,line,121,84,85,99.15254237288136,100.0,1.0,2
line_122_122,samples\line_122_122.npz,faulted,line,122,84,87,99.15254237288136,100.0,1.0,1
line_123_123,samples\line_123_123.npz,faulted,line,123,84,88,99.15254237288136,100.0,1.0,1
line_124_124,samples\line_124_124.npz,faulted,line,124,87,88,99.15254237288136,100.0,1.0,1
line_125_125,samples\line_125_125.npz,faulted,line,125,88,89,99.15254237288136,100.0,1.0,1
line_126_126,samples\line_126_126.npz,faulted,line,126,88,89,99.15254237288136,100.0,1.0,1
line_127_127,samples\line_127_127.npz,faulted,line,127,89,90,99.15254237288136,100.0,1.0,1
line_128_128,samples\line_128_128.npz,faulted,line,128,88,91,99.15254237288136,100.0,1.0,1
line_129_129,samples\line_129_129.npz,faulted,line,129,88,91,99.15254237288136,100.0,1.0,1
line_130_130,samples\line_130_130.npz,faulted,line,130,90,91,98.30508474576273,100.0,1.0,1
line_131_131,samples\line_131_131.npz,faulted,line,131,91,92,99.15254237288136,100.0,1.0,1
line_132_132,samples\line_132_132.npz,faulted,line,132,91,93,99.15254237288136,100.0,1.0,1
line_133_133,samples\line_133_133.npz,faulted,line,133,92,93,99.15254237288136,100.0,1.0,1
line_134_134,samples\line_134_134.npz,faulted,line,134,93,94,98.30508474576273,100.0,1.0,1
line_135_135,samples\line_135_135.npz,faulted,line,135,79,95,99.15254237288136,100.0,0.0,1
line_136_136,samples\line_136_136.npz,faulted,line,136,81,95,99.15254237288136,100.0,1.0,1
line_137_137,samples\line_137_137.npz,faulted,line,137,93,95,99.15254237288136,100.0,1.0,1
line_138_138,samples\line_138_138.npz,faulted,line,138,79,96,98.30508474576273,100.0,0.0,1
line_139_139,samples\line_139_139.npz,faulted,line,139,79,97,99.15254237288136,100.0,0.0,1
line_140_140,samples\line_140_140.npz,faulted,line,140,79,98,99.15254237288136,100.0,0.0,1
line_141_141,samples\line_141_141.npz,faulted,line,141,91,99,99.15254237288136,100.0,1.0,1
line_142_142,samples\line_142_142.npz,faulted,line,142,93,99,99.15254237288136,100.0,1.0,1
line_143_143,samples\line_143_143.npz,faulted,line,143,94,95,99.15254237288136,100.0,1.0,1
line_144_144,samples\line_144_144.npz,faulted,line,144,95,96,99.15254237288136,100.0,1.0,1
line_145_145,samples\line_145_145.npz,faulted,line,145,97,99,99.15254237288136,100.0,1.0,1
line_146_146,samples\line_146_146.npz,faulted,line,146,98,99,99.15254237288136,100.0,1.0,1
line_147_147,samples\line_147_147.npz,faulted,line,147,99,100,98.30508474576273,100.0,1.0,1
line_148_148,samples\line_148_148.npz,faulted,line,148,91,101,98.30508474576273,100.0,1.0,1
line_149_149,samples\line_149_149.npz,faulted,line,149,100,101,99.15254237288136,100.0,1.0,1
line_150_150,samples\line_150_150.npz,faulted,line,150,99,102,99.15254237288136,100.0,1.0,1
line_151_151,samples\line_151_151.npz,faulted,line,151,99,103,99.15254237288136,100.0,1.0,1
line_152_152,samples\line_152_152.npz,faulted,line,152,102,103,99.15254237288136,100.0,1.0,1
line_153_153,samples\line_153_153.npz,faulted,line,153,102,104,99.15254237288136,100.0,1.0,1
line_154_154,samples\line_154_154.npz,faulted,line,154,99,105,99.15254237288136,100.0,1.0,1
line_155_155,samples\line_155_155.npz,faulted,line,155,103,104,99.15254237288136,100.0,1.0,1
line_156_156,samples\line_156_156.npz,faulted,line,156,104,105,99.15254237288136,100.0,1.0,1
line_157_157,samples\line_157_157.npz,faulted,line,157,104,106,98.30508474576273,100.0,2.0,1
line_158_158,samples\line_158_158.npz,faulted,line,158,104,107,98.30508474576273,100.0,2.0,1
line_159_159,samples\line_159_159.npz,faulted,line,159,105,106,99.15254237288136,100.0,1.0,1
line_160_160,samples\line_160_160.npz,faulted,line,160,107,108,99.15254237288136,100.0,1.0,1
line_161_161,samples\line_161_161.npz,faulted,line,161,102,109,99.15254237288136,100.0,1.0,1
line_162_162,samples\line_162_162.npz,faulted,line,162,108,109,98.30508474576273,100.0,2.0,1
line_163_163,samples\line_163_163.npz,faulted,line,163,109,110,98.30508474576273,100.0,2.0,2
line_164_164,samples\line_164_164.npz,faulted,line,164,109,111,98.30508474576273,100.0,2.0,2
line_165_165,samples\line_165_165.npz,faulted,line,165,16,112,99.15254237288136,100.0,0.0,1
line_166_166,samples\line_166_166.npz,faulted,line,166,31,112,99.15254237288136,100.0,1.0,1
line_167_167,samples\line_167_167.npz,faulted,line,167,31,113,98.30508474576273,100.0,1.0,1
line_168_168,samples\line_168_168.npz,faulted,line,168,26,114,98.30508474576273,100.0,0.0,1
line_169_169,samples\line_169_169.npz,faulted,line,169,113,114,99.15254237288136,100.0,1.0,1
line_170_170,samples\line_170_170.npz,faulted,line,170,11,116,98.30508474576273,100.0,2.0,2
line_171_171,samples\line_171_171.npz,faulted,line,171,74,117,98.30508474576273,100.0,1.0,1
line_172_172,samples\line_172_172.npz,faulted,line,172,75,117,99.15254237288136,100.0,1.0,1
trafo_0_173,samples\trafo_0_173.npz,faulted,trafo,0,7,4,99.15254237288136,100.0,1.0,1
trafo_1_174,samples\trafo_1_174.npz,faulted,trafo,1,25,24,98.30508474576273,100.0,1.0,1
trafo_2_175,samples\trafo_2_175.npz,faulted,trafo,2,29,16,98.30508474576273,100.0,0.0,1
trafo_3_176,samples\trafo_3_176.npz,faulted,trafo,3,37,36,99.15254237288136,100.0,1.0,1
trafo_4_177,samples\trafo_4_177.npz,faulted,trafo,4,62,58,98.30508474576273,100.0,1.0,1
trafo_5_178,samples\trafo_5_178.npz,faulted,trafo,5,63,60,98.30508474576273,100.0,1.0,1
trafo_6_179,samples\trafo_6_179.npz,faulted,trafo,6,64,65,99.15254237288136,100.0,1.0,1
trafo_7_180,samples\trafo_7_180.npz,faulted,trafo,7,64,67,98.30508474576273,100.0,1.0,1
trafo_8_181,samples\trafo_8_181.npz,faulted,trafo,8,67,68,99.15254237288136,100.0,1.0,1
trafo_9_182,samples\trafo_9_182.npz,faulted,trafo,9,80,67,99.15254237288136,100.0,1.0,1
trafo_10_183,samples\trafo_10_183.npz,faulted,trafo,10,80,79,99.15254237288136,100.0,0.0,1
trafo_11_184,samples\trafo_11_184.npz,faulted,trafo,11,86,85,98.30508474576273,100.0,1.0,2
trafo_12_185,samples\trafo_12_185.npz,faulted,trafo,12,115,67,98.30508474576273,100.0,1.0,2
line_0_186,samples\line_0_186.npz,faulted,line,0,0,1,98.30508474576273,100.0,0.0,2
line_1_187,samples\line_1_187.npz,faulted,line,1,0,2,98.30508474576273,100.0,0.0,2
line_2_188,samples\line_2_188.npz,faulted,line,2,3,4,98.30508474576273,100.0,0.0,2
line_3_189,samples\line_3_189.npz,faulted,line,3,2,4,98.30508474576273,100.0,0.0,2
line_4_190,samples\line_4_190.npz,faulted,line,4,4,5,97.45762711864408,100.0,1.0,2
line_5_191,samples\line_5_191.npz,faulted,line,5,5,6,98.30508474576273,100.0,0.0,2
line_6_192,samples\line_6_192.npz,faulted,line,6,7,8,98.30508474576273,100.0,0.0,3
line_7_193,samples\line_7_193.npz,faulted,line,7,8,9,97.45762711864408,100.0,1.0,3
line_8_194,samples\line_8_194.npz,faulted,line,8,3,10,98.30508474576273,100.0,0.0,2
line_9_195,samples\line_9_195.npz,faulted,line,9,4,10,98.30508474576273,100.0,0.0,2
line_10_196,samples\line_10_196.npz,faulted,line,10,10,11,98.30508474576273,100.0,0.0,2
line_11_197,samples\line_11_197.npz,faulted,line,11,1,11,98.30508474576273,100.0,0.0,2
line_12_198,samples\line_12_198.npz,faulted,line,12,2,11,98.30508474576273,100.0,0.0,2
line_13_199,samples\line_13_199.npz,faulted,line,13,6,11,97.45762711864408,100.0,1.0,2
line_14_200,samples\line_14_200.npz,faulted,line,14,10,12,97.45762711864408,100.0,0.0,2
line_15_201,samples\line_15_201.npz,faulted,line,15,11,13,97.45762711864408,100.0,0.0,2
line_16_202,samples\line_16_202.npz,faulted,line,16,12,14,98.30508474576273,100.0,0.0,2
line_17_203,samples\line_17_203.npz,faulted,line,17,13,14,98.30508474576273,100.0,0.0,2
line_18_204,samples\line_18_204.npz,faulted,line,18,11,15,98.30508474576273,100.0,0.0,2
line_19_205,samples\line_19_205.npz,faulted,line,19,14,16,97.45762711864408,100.0,0.0,2
line_20_206,samples\line_20_206.npz,faulted,line,20,15,16,98.30508474576273,100.0,0.0,2
line_21_207,samples\line_21_207.npz,faulted,line,21,16,17,97.45762711864408,100.0,0.0,2
line_22_208,samples\line_22_208.npz,faulted,line,22,17,18,98.30508474576273,100.0,0.0,2
line_23_209,samples\line_23_209.npz,faulted,line,23,18,19,98.30508474576273,100.0,0.0,2
line_24_210,samples\line_24_210.npz,faulted,line,24,14,18,98.30508474576273,100.0,0.0,2
line_25_211,samples\line_25_211.npz,faulted,line,25,19,20,97.45762711864408,100.0,1.0,2
line_26_212,samples\line_26_212.npz,faulted,line,26,20,21,98.30508474576273,100.0,0.0,2
line_27_213,samples\line_27_213.npz,faulted,line,27,21,22,97.45762711864408,100.0,2.0,2
line_28_214,samples\line_28_214.npz,faulted,line,28,22,23,97.45762711864408,100.0,1.0,2
line_29_215,samples\line_29_215.npz,faulted,line,29,22,24,98.30508474576273,100.0,2.0,2
line_30_216,samples\line_30_216.npz,faulted,line,30,24,26,98.30508474576273,100.0,0.0,2
line_31_217,samples\line_31_217.npz,faulted,line,31,26,27,98.30508474576273,100.0,-1.0,2
line_32_218,samples\line_32_218.npz,faulted,line,32,27,28,97.45762711864408,100.0,0.0,2
line_33_219,samples\line_33_219.npz,faulted,line,33,7,29,98.30508474576273,100.0,0.0,2
line_34_220,samples\line_34_220.npz,faulted,line,34,25,29,98.30508474576273,100.0,0.0,2
line_35_221,samples\line_35_221.npz,faulted,line,35,16,30,98.30508474576273,100.0,0.0,2
line_36_222,samples\line_36_222.npz,faulted,line,36,28,30,98.30508474576273,100.0,0.0,2
line_37_223,samples\line_37_223.npz,faulted,line,37,22,31,98.30508474576273,100.0,2.0,2
line_38_224,samples\line_38_224.npz,faulted,line,38,30,31,98.30508474576273,100.0,0.0,2
line_39_225,samples\line_39_225.npz,faulted,line,39,26,31,98.30508474576273,100.0,0.0,2
line_40_226,samples\line_40_226.npz,faulted,line,40,14,32,98.30508474576273,100.0,0.0,2
line_41_227,samples\line_41_227.npz,faulted,line,41,18,33,98.30508474576273,100.0,0.0,2
line_42_228,samples\line_42_228.npz,faulted,line,42,34,35,98.30508474576273,100.0,0.0,2
line_43_229,samples\line_43_229.npz,faulted,line,43,34,36,97.45762711864408,100.0,1.0,2
line_44_230,samples\line_44_230.npz,faulted,line,44,32,36,97.45762711864408,100.0,0.0,2
line_45_231,samples\line_45_231.npz,faulted,line,45,33,35,97.45762711864408,100.0,1.0,2
line_46_232,samples\line_46_232.npz,faulted,line,46,33,36,98.30508474576273,100.0,0.0,2
line_47_233,samples\line_47_233.npz,faulted,line,47,36,38,98.30508474576273,100.0,1.0,2
line_48_234,samples\line_48_234.npz,faulted,line,48,36,39,98.30508474576273,100.0,0.0,2
line_49_235,samples\line_49_235.npz,faulted,line,49,29,37,98.30508474576273,100.0,0.0,2
line_50_236,samples\line_50_236.npz,faulted,line,50,38,39,98.30508474576273,100.0,0.0,2
line_51_237,samples\line_51_237.npz,faulted,line,51,39,40,98.30508474576273,100.0,0.0,2
line_52_238,samples\line_52_238.npz,faulted,line,52,39,41,98.30508474576273,100.0,0.0,2
line_53_239,samples\line_53_239.npz,faulted,line,53,40,41,98.30508474576273,100.0,0.0,3
line_54_240,samples\line_54_240.npz,faulted,line,54,42,43,98.30508474576273,100.0,0.0,2
line_55_241,samples\line_55_241.npz,faulted,line,55,33,42,97.45762711864408,100.0,1.0,2
line_56_242,samples\line_56_242.npz,faulted,line,56,43,44,97.45762711864408,100.0,1.0,2
line_57_243,samples\line_57_243.npz,faulted,line,57,44,45,97.45762711864408,100.0,1.0,2
line_58_244,samples\line_58_244.npz,faulted,line,58,45,46,98.30508474576273,100.0,0.0,2
line_59_245,samples\line_59_245.npz,faulted,line,59,45,47,98.30508474576273,100.0,0.0,2
line_60_246,samples\line_60_246.npz,faulted,line,60,46,48,97.45762711864408,100.0,1.0,2
line_61_247,samples\line_61_247.npz,faulted,line,61,41,48,98.30508474576273,100.0,0.0,2
line_62_248,samples\line_62_248.npz,faulted,line,62,41,48,98.30508474576273,100.0,0.0,2
line_63_249,samples\line_63_249.npz,faulted,line,63,44,48,98.30508474576273,100.0,1.0,2
line_64_250,samples\line_64_250.npz,faulted,line,64,47,48,97.45762711864408,100.0,1.0,2
line_65_251,samples\line_65_251.npz,faulted,line,65,48,49,98.30508474576273,100.0,0.0,2
line_66_252,samples\line_66_252.npz,faulted,line,66,48,50,98.30508474576273,100.0,0.0,2
line_67_253,samples\line_67_253.npz,faulted,line,67,50,51,98.30508474576273,100.0,-1.0,2
line_68_254,samples\line_68_254.npz,faulted,line,68,51,52,97.45762711864408,100.0,0.0,2
line_69_255,samples\line_69_255.npz,faulted,line,69,52,53,98.30508474576273,100.0,0.0,2
line_70_256,samples\line_70_256.npz,faulted,line,70,48,53,98.30508474576273,100.0,0.0,2
line_71_257,samples\line_71_257.npz,faulted,line,71,48,53,98.30508474576273,100.0,0.0,2
line_72_258,samples\line_72_258.npz,faulted,line,72,53,54,98.30508474576273,100.0,0.0,2
line_73_259,samples\line_73_259.npz,faulted,line,73,53,55,98.30508474576273,100.0,0.0,2
line_74_260,samples\line_74_260.npz,faulted,line,74,54,55,98.30508474576273,100.0,0.0,2
line_75_261,samples\line_75_261.npz,faulted,line,75,55,56,98.30508474576273,100.0,0.0,2
line_76_262,samples\line_76_262.npz,faulted,line,76,49,56,97.45762711864408,100.0,0.0,2
line_77_263,samples\line_77_263.npz,faulted,line,77,55,57,98.30508474576273,100.0,0.0,2
line_78_264,samples\line_78_264.npz,faulted,line,78,50,57,97.45762711864408,100.0,-1.0,2
line_79_265,samples\line_79_265.npz,faulted,line,79,53,58,98.30508474576273,100.0,0.0,2
line_80_266,samples\line_80_266.npz,faulted,line,80,55,58,98.30508474576273,100.0,0.0,2
line_81_267,samples\line_81_267.npz,faulted,line,81,55,58,98.30508474576273,100.0,0.0,2
line_82_268,samples\line_82_268.npz,faulted,line,82,54,58,97.45762711864408,100.0,-1.0,2
line_83_269,samples\line_83_269.npz,faulted,line,83,58,59,98.30508474576273,100.0,-1.0,2
line_84_270,samples\line_84_270.npz,faulted,line,84,58,60,98.30508474576273,100.0,-1.0,2
line_85_271,samples\line_85_271.npz,faulted,line,85,59,60,98.30508474576273,100.0,0.0,2
line_86_272,samples\line_86_272.npz,faulted,line,86,59,61,98.30508474576273,100.0,0.0,2
line_87_273,samples\line_87_273.npz,faulted,line,87,60,61,98.30508474576273,100.0,0.0,2
line_88_274,samples\line_88_274.npz,faulted,line,88,62,63,98.30508474576273,100.0,0.0,2
line_89_275,samples\line_89_275.npz,faulted,line,89,37,64,98.30508474576273,100.0,0.0,2
line_90_276,samples\line_90_276.npz,faulted,line,90,63,64,98.30508474576273,100.0,0.0,2
line_91_277,samples\line_91_277.npz,faulted,line,91,48,65,98.30508474576273,100.0,0.0,2
line_92_278,samples\line_92_278.npz,faulted,line,92,48,65,98.30508474576273,100.0,0.0,2
line_93_279,samples\line_93_279.npz,faulted,line,93,61,65,98.30508474576273,100.0,0.0,2
line_94_280,samples\line_94_280.npz,faulted,line,94,61,66,97.45762711864408,100.0,0.0,2
line_95_281,samples\line_95_281.npz,faulted,line,95,65,66,98.30508474576273,100.0,1.0,2
line_96_282,samples\line_96_282.npz,faulted,line,96,46,68,98.30508474576273,100.0,0.0,2
line_97_283,samples\line_97_283.npz,faulted,line,97,48,68,98.30508474576273,100.0,0.0,2
line_98_284,samples\line_98_284.npz,faulted,line,98,68,69,98.30508474576273,100.0,0.0,2
line_99_285,samples\line_99_285.npz,faulted,line,99,23,69,98.30508474576273,100.0,0.0,2
line_100_286,samples\line_100_286.npz,faulted,line,100,69,70,98.30508474576273,100.0,0.0,2
line_101_287,samples\line_101_287.npz,faulted,line,101,23,71,98.30508474576273,100.0,0.0,2
line_102_288,samples\line_102_288.npz,faulted,line,102,70,71,97.45762711864408,100.0,2.0,2
line_103_289,samples\line_103_289.npz,faulted,line,103,70,72,97.45762711864408,100.0,2.0,3
line_104_290,samples\line_104_290.npz,faulted,line,104,69,73,98.30508474576273,100.0,0.0,2
line_105_291,samples\line_105_291.npz,faulted,line,105,69,74,98.30508474576273,100.0,0.0,2
line_106_292,samples\line_106_292.npz,faulted,line,106,68,74,98.30508474576273,100.0,0.0,2
line_107_293,samples\line_107_293.npz,faulted,line,107,73,74,97.45762711864408,100.0,1.0,2
line_108_294,samples\line_108_294.npz,faulted,line,108,75,76,97.45762711864408,100.0,0.0,2
line_109_295,samples\line_109_295.npz,faulted,line,109,68,76,98.30508474576273,100.0,0.0,2
line_110_296,samples\line_110_296.npz,faulted,line,110,74,76,98.30508474576273,100.0,1.0,2
line_111_297,samples\line_111_297.npz,faulted,line,111,76,77,97.45762711864408,100.0,0.0,2
line_112_298,samples\line_112_298.npz,faulted,line,112,77,78,98.30508474576273,100.0,0.0,2
line_113_299,samples\line_113_299.npz,faulted,line,113,76,79,98.30508474576273,100.0,0.0,2
line_114_300,samples\line_114_300.npz,faulted,line,114,76,79,98.30508474576273,100.0,0.0,2
line_115_301,samples\line_115_301.npz,faulted,line,115,78,79,97.45762711864408,100.0,0.0,2
line_116_302,samples\line_116_302.npz,faulted,line,116,76,81,97.45762711864408,100.0,0.0,2
line_117_303,samples\line_117_303.npz,faulted,line,117,81,82,98.30508474576273,100.0,0.0,2
line_118_304,samples\line_118_304.npz,faulted,line,118,82,83,98.30508474576273,100.0,0.0,2
line_119_305,samples\line_119_305.npz,faulted,line,119,82,84,97.45762711864408,100.0,1.0,2
line_120_306,samples\line_120_306.npz,faulted,line,120,83,84,97.45762711864408,100.0,1.0,2
line_121_307,samples\line_121_307.npz,faulted,line,121,84,85,98.30508474576273,100.0,0.0,3
line_122_308,samples\line_122_308.npz,faulted,line,122,84,87,98.30508474576273,100.0,0.0,2
line_123_309,samples\line_123_309.npz,faulted,line,123,84,88,98.30508474576273,100.0,0.0,2
line_124_310,samples\line_124_310.npz,faulted,line,124,87,88,98.30508474576273,100.0,0.0,2
line_125_311,samples\line_125_311.npz,faulted,line,125,88,89,98.30508474576273,100.0,0.0,2
line_126_312,samples\line_126_312.npz,faulted,line,126,88,89,98.30508474576273,100.0,0.0,2
line_127_313,samples\line_127_313.npz,faulted,line,127,89,90,98.30508474576273,100.0,0.0,2
line_128_314,samples\line_128_314.npz,faulted,line,128,88,91,98.30508474576273,100.0,0.0,2
line_129_315,samples\line_129_315.npz,faulted,line,129,88,91,98.30508474576273,100.0,0.0,2
line_130_316,samples\line_130_316.npz,faulted,line,130,90,91,97.45762711864408,100.0,0.0,2
line_131_317,samples\line_131_317.npz,faulted,line,131,91,92,98.30508474576273,100.0,0.0,2
line_132_318,samples\line_132_318.npz,faulted,line,132,91,93,98.30508474576273,100.0,0.0,2
line_133_319,samples\line_133_319.npz,faulted,line,133,92,93,98.30508474576273,100.0,0.0,2
line_134_320,samples\line_134_320.npz,faulted,line,134,93,94,97.45762711864408,100.0,0.0,2
line_135_321,samples\line_135_321.npz,faulted,line,135,79,95,98.30508474576273,100.0,0.0,2
line_136_322,samples\line_136_322.npz,faulted,line,136,81,95,98.30508474576273,100.0,0.0,2
line_137_323,samples\line_137_323.npz,faulted,line,137,93,95,97.45762711864408,100.0,0.0,2
line_138_324,samples\line_138_324.npz,faulted,line,138,79,96,97.45762711864408,100.0,0.0,2
line_139_325,samples\line_139_325.npz,faulted,line,139,79,97,98.30508474576273,100.0,0.0,2
line_140_326,samples\line_140_326.npz,faulted,line,140,79,98,98.30508474576273,100.0,0.0,2
line_141_327,samples\line_141_327.npz,faulted,line,141,91,99,98.30508474576273,100.0,0.0,2
line_142_328,samples\line_142_328.npz,faulted,line,142,93,99,98.30508474576273,100.0,0.0,2
line_143_329,samples\line_143_329.npz,faulted,line,143,94,95,98.30508474576273,100.0,0.0,2
line_144_330,samples\line_144_330.npz,faulted,line,144,95,96,98.30508474576273,100.0,0.0,2
line_145_331,samples\line_145_331.npz,faulted,line,145,97,99,98.30508474576273,100.0,0.0,2
line_146_332,samples\line_146_332.npz,faulted,line,146,98,99,98.30508474576273,100.0,0.0,2
line_147_333,samples\line_147_333.npz,faulted,line,147,99,100,97.45762711864408,100.0,1.0,2
line_148_334,samples\line_148_334.npz,faulted,line,148,91,101,97.45762711864408,100.0,0.0,2
line_149_335,samples\line_149_335.npz,faulted,line,149,100,101,98.30508474576273,100.0,0.0,2
line_150_336,samples\line_150_336.npz,faulted,line,150,99,102,98.30508474576273,100.0,0.0,2
line_151_337,samples\line_151_337.npz,faulted,line,151,99,103,98.30508474576273,100.0,0.0,2
line_152_338,samples\line_152_338.npz,faulted,line,152,102,103,98.30508474576273,100.0,0.0,2
line_153_339,samples\line_153_339.npz,faulted,line,153,102,104,98.30508474576273,100.0,0.0,2
line_154_340,samples\line_154_340.npz,faulted,line,154,99,105,98.30508474576273,100.0,0.0,2
line_155_341,samples\line_155_341.npz,faulted,line,155,103,104,98.30508474576273,100.0,0.0,2
line_156_342,samples\line_156_342.npz,faulted,line,156,104,105,98.30508474576273,100.0,0.0,2
line_157_343,samples\line_157_343.npz,faulted,line,157,104,106,97.45762711864408,100.0,1.0,2
line_158_344,samples\line_158_344.npz,faulted,line,158,104,107,97.45762711864408,100.0,1.0,2
line_159_345,samples\line_159_345.npz,faulted,line,159,105,106,98.30508474576273,100.0,0.0,2
line_160_346,samples\line_160_346.npz,faulted,line,160,107,108,98.30508474576273,100.0,0.0,2
line_161_347,samples\line_161_347.npz,faulted,line,161,102,109,98.30508474576273,100.0,0.0,2
line_162_348,samples\line_162_348.npz,faulted,line,162,108,109,97.45762711864408,100.0,1.0,2
line_163_349,samples\line_163_349.npz,faulted,line,163,109,110,97.45762711864408,100.0,1.0,3
line_164_350,samples\line_164_350.npz,faulted,line,164,109,111,97.45762711864408,100.0,1.0,3
line_165_351,samples\line_165_351.npz,faulted,line,165,16,112,98.30508474576273,100.0,0.0,2
line_166_352,samples\line_166_352.npz,faulted,line,166,31,112,98.30508474576273,100.0,0.0,2
line_167_353,samples\line_167_353.npz,faulted,line,167,31,113,97.45762711864408,100.0,0.0,2
line_168_354,samples\line_168_354.npz,faulted,line,168,26,114,97.45762711864408,100.0,-1.0,2
line_169_355,samples\line_169_355.npz,faulted,line,169,113,114,98.30508474576273,100.0,0.0,2
line_170_356,samples\line_170_356.npz,faulted,line,170,11,116,97.45762711864408,100.0,1.0,3
line_171_357,samples\line_171_357.npz,faulted,line,171,74,117,97.45762711864408,100.0,1.0,2
line_172_358,samples\line_172_358.npz,faulted,line,172,75,117,98.30508474576273,100.0,0.0,2
trafo_0_359,samples\trafo_0_359.npz,faulted,trafo,0,7,4,98.30508474576273,100.0,0.0,2
trafo_1_360,samples\trafo_1_360.npz,faulted,trafo,1,25,24,97.45762711864408,100.0,0.0,2
trafo_2_361,samples\trafo_2_361.npz,faulted,trafo,2,29,16,97.45762711864408,100.0,0.0,2
trafo_3_362,samples\trafo_3_362.npz,faulted,trafo,3,37,36,97.45762711864408,100.0,0.0,2
trafo_4_363,samples\trafo_4_363.npz,faulted,trafo,4,62,58,97.45762711864408,100.0,-1.0,2
trafo_5_364,samples\trafo_5_364.npz,faulted,trafo,5,63,60,97.45762711864408,100.0,0.0,2
trafo_6_365,samples\trafo_6_365.npz,faulted,trafo,6,64,65,98.30508474576273,100.0,1.0,2
trafo_7_366,samples\trafo_7_366.npz,faulted,trafo,7,64,67,98.30508474576273,100.0,0.0,2
trafo_8_367,samples\trafo_8_367.npz,faulted,trafo,8,67,68,98.30508474576273,100.0,0.0,2
trafo_9_368,samples\trafo_9_368.npz,faulted,trafo,9,80,67,97.45762711864408,100.0,1.0,3
trafo_10_369,samples\trafo_10_369.npz,faulted,trafo,10,80,79,98.30508474576273,100.0,0.0,2
trafo_11_370,samples\trafo_11_370.npz,faulted,trafo,11,86,85,97.45762711864408,100.0,0.0,3
trafo_12_371,samples\trafo_12_371.npz,faulted,trafo,12,115,67,97.45762711864408,100.0,1.0,3
line_0_372,samples\line_0_372.npz,faulted,line,0,0,1,99.15254237288136,100.0,0.0,1
line_1_373,samples\line_1_373.npz,faulted,line,1,0,2,99.15254237288136,100.0,0.0,1
line_2_374,samples\line_2_374.npz,faulted,line,2,3,4,99.15254237288136,100.0,0.0,1
line_3_375,samples\line_3_375.npz,faulted,line,3,2,4,99.15254237288136,100.0,0.0,1
line_4_376,samples\line_4_376.npz,faulted,line,4,4,5,98.30508474576273,100.0,1.0,1
line_5_377,samples\line_5_377.npz,faulted,line,5,5,6,99.15254237288136,100.0,0.0,1
line_6_378,samples\line_6_378.npz,faulted,line,6,7,8,99.15254237288136,100.0,0.0,2
line_7_379,samples\line_7_379.npz,faulted,line,7,8,9,98.30508474576273,100.0,1.0,2
line_8_380,samples\line_8_380.npz,faulted,line,8,3,10,99.15254237288136,100.0,0.0,1
line_9_381,samples\line_9_381.npz,faulted,line,9,4,10,99.15254237288136,100.0,0.0,1
line_10_382,samples\line_10_382.npz,faulted,line,10,10,11,99.15254237288136,100.0,0.0,1
line_11_383,samples\line_11_383.npz,faulted,line,11,1,11,99.15254237288136,100.0,0.0,1
line_12_384,samples\line_12_384.npz,faulted,line,12,2,11,99.15254237288136,100.0,0.0,1
line_13_385,samples\line_13_385.npz,faulted,line,13,6,11,98.30508474576273,100.0,1.0,1
line_14_386,samples\line_14_386.npz,faulted,line,14,10,12,98.30508474576273,100.0,0.0,1
line_15_387,samples\line_15_387.npz,faulted,line,15,11,13,98.30508474576273,100.0,0.0,1
line_16_388,samples\line_16_388.npz,faulted,line,16,12,14,99.15254237288136,100.0,0.0,1
line_17_389,samples\line_17_389.npz,faulted,line,17,13,14,99.15254237288136,100.0,0.0,1
line_18_390,samples\line_18_390.npz,faulted,line,18,11,15,99.15254237288136,100.0,0.0,1
line_19_391,samples\line_19_391.npz,faulted,line,19,14,16,98.30508474576273,100.0,0.0,1
line_20_392,samples\line_20_392.npz,faulted,line,20,15,16,99.15254237288136,100.0,0.0,1
line_21_393,samples\line_21_393.npz,faulted,line,21,16,17,98.30508474576273,100.0,0.0,1
line_22_394,samples\line_22_394.npz,faulted,line,22,17,18,99.15254237288136,100.0,0.0,1
line_23_395,samples\line_23_395.npz,faulted,line,23,18,19,99.15254237288136,100.0,0.0,1
line_24_396,samples\line_24_396.npz,faulted,line,24,14,18,99.15254237288136,100.0,0.0,1
line_25_397,samples\line_25_397.npz,faulted,line,25,19,20,98.30508474576273,100.0,1.0,1
line_26_398,samples\line_26_398.npz,faulted,line,26,20,21,99.15254237288136,100.0,0.0,1
line_27_399,samples\line_27_399.npz,faulted,line,27,21,22,98.30508474576273,100.0,2.0,1
line_28_400,samples\line_28_400.npz,faulted,line,28,22,23,98.30508474576273,100.0,1.0,1
line_29_401,samples\line_29_401.npz,faulted,line,29,22,24,99.15254237288136,100.0,2.0,1
line_30_402,samples\line_30_402.npz,faulted,line,30,24,26,99.15254237288136,100.0,0.0,1
line_31_403,samples\line_31_403.npz,faulted,line,31,26,27,99.15254237288136,100.0,-1.0,1
line_32_404,samples\line_32_404.npz,faulted,line,32,27,28,98.30508474576273,100.0,0.0,1
line_33_405,samples\line_33_405.npz,faulted,line,33,7,29,99.15254237288136,100.0,0.0,1
line_34_406,samples\line_34_406.npz,faulted,line,34,25,29,99.15254237288136,100.0,0.0,1
line_35_407,samples\line_35_407.npz,faulted,line,35,16,30,99.15254237288136,100.0,0.0,1
line_36_408,samples\line_36_408.npz,faulted,line,36,28,30,99.15254237288136,100.0,0.0,1
line_37_409,samples\line_37_409.npz,faulted,line,37,22,31,99.15254237288136,100.0,2.0,1
line_38_410,samples\line_38_410.npz,faulted,line,38,30,31,99.15254237288136,100.0,0.0,1
line_39_411,samples\line_39_411.npz,faulted,line,39,26,31,99.15254237288136,100.0,0.0,1
line_40_412,samples\line_40_412.npz,faulted,line,40,14,32,99.15254237288136,100.0,0.0,1
line_41_413,samples\line_41_413.npz,faulted,line,41,18,33,99.15254237288136,100.0,0.0,1
line_42_414,samples\line_42_414.npz,faulted,line,42,34,35,99.15254237288136,100.0,0.0,1
line_43_415,samples\line_43_415.npz,faulted,line,43,34,36,98.30508474576273,100.0,1.0,2
line_44_416,samples\line_44_416.npz,faulted,line,44,32,36,98.30508474576273,100.0,0.0,1
line_45_417,samples\line_45_417.npz,faulted,line,45,33,35,98.30508474576273,100.0,1.0,2
line_46_418,samples\line_46_418.npz,faulted,line,46,33,36,99.15254237288136,100.0,0.0,1
line_47_419,samples\line_47_419.npz,faulted,line,47,36,38,99.15254237288136,100.0,0.0,1
line_48_420,samples\line_48_420.npz,faulted,line,48,36,39,99.15254237288136,100.0,0.0,1
line_49_421,samples\line_49_421.npz,faulted,line,49,29,37,99.15254237288136,100.0,0.0,1
line_50_422,samples\line_50_422.npz,faulted,line,50,38,39,99.15254237288136,100.0,0.0,1
line_51_423,samples\line_51_423.npz,faulted,line,51,39,40,98.30508474576273,100.0,0.0,1
line_52_424,samples\line_52_424.npz,faulted,line,52,39,41,99.15254237288136,100.0,0.0,1
line_53_425,samples\line_53_425.npz,faulted,line,53,40,41,99.15254237288136,100.0,0.0,1
line_54_426,samples\line_54_426.npz,faulted,line,54,42,43,99.15254237288136,100.0,0.0,1
line_55_427,samples\line_55_427.npz,faulted,line,55,33,42,98.30508474576273,100.0,1.0,1
line_56_428,samples\line_56_428.npz,faulted,line,56,43,44,98.30508474576273,100.0,1.0,1
line_57_429,samples\line_57_429.npz,faulted,line,57,44,45,98.30508474576273,100.0,1.0,1
line_58_430,samples\line_58_430.npz,faulted,line,58,45,46,99.15254237288136,100.0,0.0,1
line_59_431,samples\line_59_431.npz,faulted,line,59,45,47,99.15254237288136,100.0,0.0,1
line_60_432,samples\line_60_432.npz,faulted,line,60,46,48,98.30508474576273,100.0,1.0,1
line_61_433,samples\line_61_433.npz,faulted,line,61,41,48,99.15254237288136,100.0,0.0,1
line_62_434,samples\line_62_434.npz,faulted,line,62,41,48,99.15254237288136,100.0,0.0,1
line_63_435,samples\line_63_435.npz,faulted,line,63,44,48,99.15254237288136,100.0,1.0,1
line_64_436,samples\line_64_436.npz,faulted,line,64,47,48,98.30508474576273,100.0,1.0,1
line_65_437,samples\line_65_437.npz,faulted,line,65,48,49,99.15254237288136,100.0,0.0,1
line_66_438,samples\line_66_438.npz,faulted,line,66,48,50,99.15254237288136,100.0,0.0,1
line_67_439,samples\line_67_439.npz,faulted,line,67,50,51,99.15254237288136,100.0,-1.0,1
line_68_440,samples\line_68_440.npz,faulted,line,68,51,52,98.30508474576273,100.0,0.0,1
line_69_441,samples\line_69_441.npz,faulted,line,69,52,53,99.15254237288136,100.0,0.0,1
line_70_442,samples\line_70_442.npz,faulted,line,70,48,53,99.15254237288136,100.0,0.0,1
line_71_443,samples\line_71_443.npz,faulted,line,71,48,53,99.15254237288136,100.0,0.0,1
line_72_444,samples\line_72_444.npz,faulted,line,72,53,54,99.15254237288136,100.0,0.0,1
line_73_445,samples\line_73_445.npz,faulted,line,73,53,55,99.15254237288136,100.0,0.0,1
line_74_446,samples\line_74_446.npz,faulted,line,74,54,55,99.15254237288136,100.0,0.0,1
line_75_447,samples\line_75_447.npz,faulted,line,75,55,56,99.15254237288136,100.0,0.0,1
line_76_448,samples\line_76_448.npz,faulted,line,76,49,56,98.30508474576273,100.0,0.0,1
line_77_449,samples\line_77_449.npz,faulted,line,77,55,57,99.15254237288136,100.0,0.0,1
line_78_450,samples\line_78_450.npz,faulted,line,78,50,57,98.30508474576273,100.0,-1.0,1
line_79_451,samples\line_79_451.npz,faulted,line,79,53,58,99.15254237288136,100.0,0.0,1
line_80_452,samples\line_80_452.npz,faulted,line,80,55,58,99.15254237288136,100.0,0.0,1
line_81_453,samples\line_81_453.npz,faulted,line,81,55,58,99.15254237288136,100.0,0.0,1
line_82_454,samples\line_82_454.npz,faulted,line,82,54,58,98.30508474576273,100.0,-1.0,1
line_83_455,samples\line_83_455.npz,faulted,line,83,58,59,99.15254237288136,100.0,-1.0,1
line_84_456,samples\line_84_456.npz,faulted,line,84,58,60,99.15254237288136,100.0,-1.0,1
line_85_457,samples\line_85_457.npz,faulted,line,85,59,60,99.15254237288136,100.0,0.0,1
line_86_458,samples\line_86_458.npz,faulted,line,86,59,61,99.15254237288136,100.0,0.0,1
line_87_459,samples\line_87_459.npz,faulted,line,87,60,61,99.15254237288136,100.0,0.0,1
line_88_460,samples\line_88_460.npz,faulted,line,88,62,63,99.15254237288136,100.0,0.0,1
line_89_461,samples\line_89_461.npz,faulted,line,89,37,64,99.15254237288136,100.0,0.0,1
line_90_462,samples\line_90_462.npz,faulted,line,90,63,64,99.15254237288136,100.0,0.0,1
line_91_463,samples\line_91_463.npz,faulted,line,91,48,65,99.15254237288136,100.0,0.0,1
line_92_464,samples\line_92_464.npz,faulted,line,92,48,65,99.15254237288136,100.0,0.0,1
line_93_465,samples\line_93_465.npz,faulted,line,93,61,65,99.15254237288136,100.0,0.0,1
line_94_466,samples\line_94_466.npz,faulted,line,94,61,66,98.30508474576273,100.0,0.0,1
line_95_467,samples\line_95_467.npz,faulted,line,95,65,66,99.15254237288136,100.0,0.0,1
line_96_468,samples\line_96_468.npz,faulted,line,96,46,68,99.15254237288136,100.0,0.0,1
line_97_469,samples\line_97_469.npz,faulted,line,97,48,68,99.15254237288136,100.0,0.0,1
line_98_470,samples\line_98_470.npz,faulted,line,98,68,69,99.15254237288136,100.0,0.0,1
line_99_471,samples\line_99_471.npz,faulted,line,99,23,69,99.15254237288136,100.0,0.0,1
line_100_472,samples\line_100_472.npz,faulted,line,100,69,70,99.15254237288136,100.0,0.0,1
line_101_473,samples\line_101_473.npz,faulted,line,101,23,71,99.15254237288136,100.0,0.0,1
line_102_474,samples\line_102_474.npz,faulted,line,102,70,71,98.30508474576273,100.0,2.0,1
line_103_475,samples\line_103_475.npz,faulted,line,103,70,72,98.30508474576273,100.0,2.0,2
line_104_476,samples\line_104_476.npz,faulted,line,104,69,73,99.15254237288136,100.0,0.0,1
line_105_477,samples\line_105_477.npz,faulted,line,105,69,74,99.15254237288136,100.0,0.0,1
line_106_478,samples\line_106_478.npz,faulted,line,106,68,74,99.15254237288136,100.0,0.0,1
line_107_479,samples\line_107_479.npz,faulted,line,107,73,74,98.30508474576273,100.0,1.0,1
line_108_480,samples\line_108_480.npz,faulted,line,108,75,76,98.30508474576273,100.0,1.0,1
line_109_481,samples\line_109_481.npz,faulted,line,109,68,76,99.15254237288136,100.0,0.0,1
line_110_482,samples\line_110_482.npz,faulted,line,110,74,76,99.15254237288136,100.0,1.0,1
line_111_483,samples\line_111_483.npz,faulted,line,111,76,77,98.30508474576273,100.0,1.0,1
line_112_484,samples\line_112_484.npz,faulted,line,112,77,78,99.15254237288136,100.0,0.0,1
line_113_485,samples\line_113_485.npz,faulted,line,113,76,79,99.15254237288136,100.0,0.0,1
line_114_486,samples\line_114_486.npz,faulted,line,114,76,79,99.15254237288136,100.0,0.0,1
line_115_487,samples\line_115_487.npz,faulted,line,115,78,79,98.30508474576273,100.0,1.0,1
line_116_488,samples\line_116_488.npz,faulted,line,116,76,81,98.30508474576273,100.0,1.0,1
line_117_489,samples\line_117_489.npz,faulted,line,117,81,82,99.15254237288136,100.0,0.0,1
line_118_490,samples\line_118_490.npz,faulted,line,118,82,83,99.15254237288136,100.0,0.0,1
line_119_491,samples\line_119_491.npz,faulted,line,119,82,84,98.30508474576273,100.0,1.0,1
line_120_492,samples\line_120_492.npz,faulted,line,120,83,84,98.30508474576273,100.0,1.0,1
line_121_493,samples\line_121_493.npz,faulted,line,121,84,85,99.15254237288136,100.0,0.0,2
line_122_494,samples\line_122_494.npz,faulted,line,122,84,87,99.15254237288136,100.0,0.0,1
line_123_495,samples\line_123_495.npz,faulted,line,123,84,88,99.15254237288136,100.0,0.0,1
line_124_496,samples\line_124_496.npz,faulted,line,124,87,88,99.15254237288136,100.0,0.0,1
line_125_497,samples\line_125_497.npz,faulted,line,125,88,89,99.15254237288136,100.0,0.0,1
line_126_498,samples\line_126_498.npz,faulted,line,126,88,89,98.30508474576273,100.0,0.0,1
line_127_499,samples\line_127_499.npz,faulted,line,127,89,90,99.15254237288136,100.0,0.0,1
line_128_500,samples\line_128_500.npz,faulted,line,128,88,91,99.15254237288136,100.0,0.0,1
line_129_501,samples\line_129_501.npz,faulted,line,129,88,91,99.15254237288136,100.0,0.0,1
line_130_502,samples\line_130_502.npz,faulted,line,130,90,91,98.30508474576273,100.0,0.0,1
line_131_503,samples\line_131_503.npz,faulted,line,131,91,92,99.15254237288136,100.0,0.0,1
line_132_504,samples\line_132_504.npz,faulted,line,132,91,93,99.15254237288136,100.0,0.0,1
line_133_505,samples\line_133_505.npz,faulted,line,133,92,93,99.15254237288136,100.0,0.0,1
line_134_506,samples\line_134_506.npz,faulted,line,134,93,94,98.30508474576273,100.0,0.0,1
line_135_507,samples\line_135_507.npz,faulted,line,135,79,95,99.15254237288136,100.0,0.0,1
line_136_508,samples\line_136_508.npz,faulted,line,136,81,95,99.15254237288136,100.0,0.0,1
line_137_509,samples\line_137_509.npz,faulted,line,137,93,95,99.15254237288136,100.0,0.0,1
line_138_510,samples\line_138_510.npz,faulted,line,138,79,96,98.30508474576273,100.0,0.0,1
line_139_511,samples\line_139_511.npz,faulted,line,139,79,97,99.15254237288136,100.0,0.0,1
line_140_512,samples\line_140_512.npz,faulted,line,140,79,98,99.15254237288136,100.0,0.0,1
line_141_513,samples\line_141_513.npz,faulted,line,141,91,99,99.15254237288136,100.0,1.0,1
line_142_514,samples\line_142_514.npz,faulted,line,142,93,99,99.15254237288136,100.0,1.0,1
line_143_515,samples\line_143_515.npz,faulted,line,143,94,95,99.15254237288136,100.0,0.0,1
line_144_516,samples\line_144_516.npz,faulted,line,144,95,96,99.15254237288136,100.0,0.0,1
line_145_517,samples\line_145_517.npz,faulted,line,145,97,99,99.15254237288136,100.0,1.0,1
line_146_518,samples\line_146_518.npz,faulted,line,146,98,99,99.15254237288136,100.0,1.0,1
line_147_519,samples\line_147_519.npz,faulted,line,147,99,100,98.30508474576273,100.0,1.0,1
line_148_520,samples\line_148_520.npz,faulted,line,148,91,101,98.30508474576273,100.0,0.0,1
line_149_521,samples\line_149_521.npz,faulted,line,149,100,101,99.15254237288136,100.0,0.0,1
line_150_522,samples\line_150_522.npz,faulted,line,150,99,102,99.15254237288136,100.0,1.0,1
line_151_523,samples\line_151_523.npz,faulted,line,151,99,103,99.15254237288136,100.0,1.0,1
line_152_524,samples\line_152_524.npz,faulted,line,152,102,103,99.15254237288136,100.0,0.0,1
line_153_525,samples\line_153_525.npz,faulted,line,153,102,104,99.15254237288136,100.0,0.0,1
line_154_526,samples\line_154_526.npz,faulted,line,154,99,105,99.15254237288136,100.0,1.0,1
line_155_527,samples\line_155_527.npz,faulted,line,155,103,104,99.15254237288136,100.0,0.0,1
line_156_528,samples\line_156_528.npz,faulted,line,156,104,105,99.15254237288136,100.0,0.0,1
line_157_529,samples\line_157_529.npz,faulted,line,157,104,106,98.30508474576273,100.0,1.0,1
line_158_530,samples\line_158_530.npz,faulted,line,158,104,107,98.30508474576273,100.0,1.0,1
line_159_531,samples\line_159_531.npz,faulted,line,159,105,106,99.15254237288136,100.0,0.0,1
line_160_532,samples\line_160_532.npz,faulted,line,160,107,108,99.15254237288136,100.0,0.0,1
line_161_533,samples\line_161_533.npz,faulted,line,161,102,109,99.15254237288136,100.0,0.0,1
line_162_534,samples\line_162_534.npz,faulted,line,162,108,109,98.30508474576273,100.0,1.0,1
line_163_535,samples\line_163_535.npz,faulted,line,163,109,110,98.30508474576273,100.0,1.0,2
line_164_536,samples\line_164_536.npz,faulted,line,164,109,111,98.30508474576273,100.0,1.0,2
line_165_537,samples\line_165_537.npz,faulted,line,165,16,112,99.15254237288136,100.0,0.0,1
line_166_538,samples\line_166_538.npz,faulted,line,166,31,112,99.15254237288136,100.0,0.0,1
line_167_539,samples\line_167_539.npz,faulted,line,167,31,113,98.30508474576273,100.0,0.0,1
line_168_540,samples\line_168_540.npz,faulted,line,168,26,114,98.30508474576273,100.0,-1.0,1
line_169_541,samples\line_169_541.npz,faulted,line,169,113,114,99.15254237288136,100.0,0.0,1
line_170_542,samples\line_170_542.npz,faulted,line,170,11,116,98.30508474576273,100.0,1.0,2
line_171_543,samples\line_171_543.npz,faulted,line,171,74,117,98.30508474576273,100.0,1.0,1
line_172_544,samples\line_172_544.npz,faulted,line,172,75,117,99.15254237288136,100.0,0.0,1
trafo_0_545,samples\trafo_0_545.npz,faulted,trafo,0,7,4,99.15254237288136,100.0,0.0,1
trafo_1_546,samples\trafo_1_546.npz,faulted,trafo,1,25,24,98.30508474576273,100.0,0.0,1
trafo_2_547,samples\trafo_2_547.npz,faulted,trafo,2,29,16,98.30508474576273,100.0,0.0,1
trafo_3_548,samples\trafo_3_548.npz,faulted,trafo,3,37,36,99.15254237288136,100.0,0.0,1
trafo_4_549,samples\trafo_4_549.npz,faulted,trafo,4,62,58,98.30508474576273,100.0,-1.0,1
trafo_5_550,samples\trafo_5_550.npz,faulted,trafo,5,63,60,98.30508474576273,100.0,0.0,1
trafo_6_551,samples\trafo_6_551.npz,faulted,trafo,6,64,65,99.15254237288136,100.0,0.0,1
trafo_7_552,samples\trafo_7_552.npz,faulted,trafo,7,64,67,98.30508474576273,100.0,0.0,1
trafo_8_553,samples\trafo_8_553.npz,faulted,trafo,8,67,68,99.15254237288136,100.0,0.0,1
trafo_9_554,samples\trafo_9_554.npz,faulted,trafo,9,80,67,99.15254237288136,100.0,0.0,1
trafo_10_555,samples\trafo_10_555.npz,faulted,trafo,10,80,79,99.15254237288136,100.0,0.0,1
trafo_11_556,samples\trafo_11_556.npz,faulted,trafo,11,86,85,98.30508474576273,100.0,0.0,2
trafo_12_557,samples\trafo_12_557.npz,faulted,trafo,12,115,67,98.30508474576273,100.0,0.0,2
line_0_558,samples\line_0_558.npz,faulted,line,0,0,1,98.30508474576273,100.0,1.0,2
line_1_559,samples\line_1_559.npz,faulted,line,1,0,2,98.30508474576273,100.0,1.0,2
line_2_560,samples\line_2_560.npz,faulted,line,2,3,4,98.30508474576273,100.0,1.0,2
line_3_561,samples\line_3_561.npz,faulted,line,3,2,4,98.30508474576273,100.0,1.0,2
line_4_562,samples\line_4_562.npz,faulted,line,4,4,5,97.45762711864408,100.0,2.0,2
line_5_563,samples\line_5_563.npz,faulted,line,5,5,6,98.30508474576273,100.0,1.0,2
line_6_564,samples\line_6_564.npz,faulted,line,6,7,8,98.30508474576273,100.0,1.0,3
line_7_565,samples\line_7_565.npz,faulted,line,7,8,9,97.45762711864408,100.0,2.0,3
line_8_566,samples\line_8_566.npz,faulted,line,8,3,10,98.30508474576273,100.0,1.0,2
line_9_567,samples\line_9_567.npz,faulted,line,9,4,10,98.30508474576273,100.0,1.0,2
line_10_568,samples\line_10_568.npz,faulted,line,10,10,11,98.30508474576273,100.0,1.0,2
line_11_569,samples\line_11_569.npz,faulted,line,11,1,11,98.30508474576273,100.0,1.0,2
line_12_570,samples\line_12_570.npz,faulted,line,12,2,11,98.30508474576273,100.0,1.0,2
line_13_571,samples\line_13_571.npz,faulted,line,13,6,11,97.45762711864408,100.0,2.0,2
line_14_572,samples\line_14_572.npz,faulted,line,14,10,12,97.45762711864408,100.0,1.0,2
line_15_573,samples\line_15_573.npz,faulted,line,15,11,13,97.45762711864408,100.0,1.0,2
line_16_574,samples\line_16_574.npz,faulted,line,16,12,14,98.30508474576273,100.0,1.0,2
line_17_575,samples\line_17_575.npz,faulted,line,17,13,14,98.30508474576273,100.0,1.0,2
line_18_576,samples\line_18_576.npz,faulted,line,18,11,15,98.30508474576273,100.0,1.0,2
line_19_577,samples\line_19_577.npz,faulted,line,19,14,16,97.45762711864408,100.0,1.0,2
line_20_578,samples\line_20_578.npz,faulted,line,20,15,16,98.30508474576273,100.0,1.0,2
line_21_579,samples\line_21_579.npz,faulted,line,21,16,17,97.45762711864408,100.0,1.0,2
line_22_580,samples\line_22_580.npz,faulted,line,22,17,18,98.30508474576273,100.0,1.0,2
line_23_581,samples\line_23_581.npz,faulted,line,23,18,19,98.30508474576273,100.0,1.0,2
line_24_582,samples\line_24_582.npz,faulted,line,24,14,18,98.30508474576273,100.0,1.0,2
line_25_583,samples\line_25_583.npz,faulted,line,25,19,20,97.45762711864408,100.0,2.0,2
line_26_584,samples\line_26_584.npz,faulted,line,26,20,21,98.30508474576273,100.0,1.0,2
line_27_585,samples\line_27_585.npz,faulted,line,27,21,22,97.45762711864408,100.0,3.0,2
line_28_586,samples\line_28_586.npz,faulted,line,28,22,23,97.45762711864408,100.0,2.0,2
line_29_587,samples\line_29_587.npz,faulted,line,29,22,24,98.30508474576273,100.0,3.0,2
line_30_588,samples\line_30_588.npz,faulted,line,30,24,26,98.30508474576273,100.0,1.0,2
line_31_589,samples\line_31_589.npz,faulted,line,31,26,27,98.30508474576273,100.0,0.0,2
line_32_590,samples\line_32_590.npz,faulted,line,32,27,28,97.45762711864408,100.0,1.0,2
line_33_591,samples\line_33_591.npz,faulted,line,33,7,29,98.30508474576273,100.0,1.0,2
line_34_592,samples\line_34_592.npz,faulted,line,34,25,29,98.30508474576273,100.0,1.0,2
line_35_593,samples\line_35_593.npz,faulted,line,35,16,30,98.30508474576273,100.0,1.0,2
line_36_594,samples\line_36_594.npz,faulted,line,36,28,30,98.30508474576273,100.0,1.0,2
line_37_595,samples\line_37_595.npz,faulted,line,37,22,31,98.30508474576273,100.0,3.0,2
line_38_596,samples\line_38_596.npz,faulted,line,38,30,31,98.30508474576273,100.0,1.0,2
line_39_597,samples\line_39_597.npz,faulted,line,39,26,31,98.30508474576273,100.0,1.0,2
line_40_598,samples\line_40_598.npz,faulted,line,40,14,32,98.30508474576273,100.0,1.0,2
line_41_599,samples\line_41_599.npz,faulted,line,41,18,33,98.30508474576273,100.0,1.0,2
line_42_600,samples\line_42_600.npz,faulted,line,42,34,35,98.30508474576273,100.0,1.0,2
line_43_601,samples\line_43_601.npz,faulted,line,43,34,36,97.45762711864408,100.0,2.0,2
line_44_602,samples\line_44_602.npz,faulted,line,44,32,36,97.45762711864408,100.0,1.0,2
line_45_603,samples\line_45_603.npz,faulted,line,45,33,35,97.45762711864408,100.0,2.0,2
line_46_604,samples\line_46_604.npz,faulted,line,46,33,36,98.30508474576273,100.0,1.0,2
line_47_605,samples\line_47_605.npz,faulted,line,47,36,38,98.30508474576273,100.0,1.0,2
line_48_606,samples\line_48_606.npz,faulted,line,48,36,39,98.30508474576273,100.0,1.0,2
line_49_607,samples\line_49_607.npz,faulted,line,49,29,37,98.30508474576273,100.0,1.0,2
line_50_608,samples\line_50_608.npz,faulted,line,50,38,39,98.30508474576273,100.0,1.0,2
line_51_609,samples\line_51_609.npz,faulted,line,51,39,40,97.45762711864408,100.0,1.0,2
line_52_610,samples\line_52_610.npz,faulted,line,52,39,41,98.30508474576273,100.0,1.0,2
line_53_611,samples\line_53_611.npz,faulted,line,53,40,41,98.30508474576273,100.0,1.0,2
line_54_612,samples\line_54_612.npz,faulted,line,54,42,43,98.30508474576273,100.0,1.0,2
line_55_613,samples\line_55_613.npz,faulted,line,55,33,42,97.45762711864408,100.0,2.0,2
line_56_614,samples\line_56_614.npz,faulted,line,56,43,44,97.45762711864408,100.0,2.0,2
line_57_615,samples\line_57_615.npz,faulted,line,57,44,45,97.45762711864408,100.0,2.0,2
line_58_616,samples\line_58_616.npz,faulted,line,58,45,46,98.30508474576273,100.0,1.0,2
line_59_617,samples\line_59_617.npz,faulted,line,59,45,47,98.30508474576273,100.0,1.0,2
line_60_618,samples\line_60_618.npz,faulted,line,60,46,48,97.45762711864408,100.0,2.0,2
line_61_619,samples\line_61_619.npz,faulted,line,61,41,48,98.30508474576273,100.0,1.0,2
line_62_620,samples\line_62_620.npz,faulted,line,62,41,48,98.30508474576273,100.0,1.0,2
line_63_621,samples\line_63_621.npz,faulted,line,63,44,48,98.30508474576273,100.0,2.0,2
line_64_622,samples\line_64_622.npz,faulted,line,64,47,48,97.45762711864408,100.0,2.0,2
line_65_623,samples\line_65_623.npz,faulted,line,65,48,49,98.30508474576273,100.0,1.0,2
line_66_624,samples\line_66_624.npz,faulted,line,66,48,50,98.30508474576273,100.0,1.0,2
line_67_625,samples\line_67_625.npz,faulted,line,67,50,51,98.30508474576273,100.0,0.0,2
line_68_626,samples\line_68_626.npz,faulted,line,68,51,52,97.45762711864408,100.0,1.0,2
line_69_627,samples\line_69_627.npz,faulted,line,69,52,53,98.30508474576273,100.0,1.0,2
line_70_628,samples\line_70_628.npz,faulted,line,70,48,53,98.30508474576273,100.0,1.0,2
line_71_629,samples\line_71_629.npz,faulted,line,71,48,53,98.30508474576273,100.0,1.0,2
line_72_630,samples\line_72_630.npz,faulted,line,72,53,54,98.30508474576273,100.0,1.0,2
line_73_631,samples\line_73_631.npz,faulted,line,73,53,55,98.30508474576273,100.0,1.0,2
line_74_632,samples\line_74_632.npz,faulted,line,74,54,55,98.30508474576273,100.0,1.0,2
line_75_633,samples\line_75_633.npz,faulted,line,75,55,56,98.30508474576273,100.0,1.0,2
line_76_634,samples\line_76_634.npz,faulted,line,76,49,56,97.45762711864408,100.0,1.0,2
line_77_635,samples\line_77_635.npz,faulted,line,77,55,57,98.30508474576273,100.0,1.0,2
line_78_636,samples\line_78_636.npz,faulted,line,78,50,57,97.45762711864408,100.0,0.0,2
line_79_637,samples\line_79_637.npz,faulted,line,79,53,58,98.30508474576273,100.0,1.0,2
line_80_638,samples\line_80_638.npz,faulted,line,80,55,58,98.30508474576273,100.0,1.0,2
line_81_639,samples\line_81_639.npz,faulted,line,81,55,58,98.30508474576273,100.0,1.0,2
line_82_640,samples\line_82_640.npz,faulted,line,82,54,58,97.45762711864408,100.0,0.0,2
line_83_641,samples\line_83_641.npz,faulted,line,83,58,59,98.30508474576273,100.0,0.0,2
line_84_642,samples\line_84_642.npz,faulted,line,84,58,60,98.30508474576273,100.0,0.0,2
line_85_643,samples\line_85_643.npz,faulted,line,85,59,60,98.30508474576273,100.0,1.0,2
line_86_644,samples\line_86_644.npz,faulted,line,86,59,61,98.30508474576273,100.0,1.0,2
line_87_645,samples\line_87_645.npz,faulted,line,87,60,61,98.30508474576273,100.0,1.0,2
line_88_646,samples\line_88_646.npz,faulted,line,88,62,63,98.30508474576273,100.0,1.0,2
line_89_647,samples\line_89_647.npz,faulted,line,89,37,64,98.30508474576273,100.0,1.0,2
line_90_648,samples\line_90_648.npz,faulted,line,90,63,64,98.30508474576273,100.0,1.0,2
line_91_649,samples\line_91_649.npz,faulted,line,91,48,65,98.30508474576273,100.0,1.0,2
line_92_650,samples\line_92_650.npz,faulted,line,92,48,65,98.30508474576273,100.0,1.0,2
line_93_651,samples\line_93_651.npz,faulted,line,93,61,65,98.30508474576273,100.0,1.0,2
line_94_652,samples\line_94_652.npz,faulted,line,94,61,66,97.45762711864408,100.0,1.0,2
line_95_653,samples\line_95_653.npz,faulted,line,95,65,66,98.30508474576273,100.0,1.0,2
line_96_654,samples\line_96_654.npz,faulted,line,96,46,68,98.30508474576273,100.0,1.0,2
line_97_655,samples\line_97_655.npz,faulted,line,97,48,68,98.30508474576273,100.0,1.0,2
line_98_656,samples\line_98_656.npz,faulted,line,98,68,69,98.30508474576273,100.0,1.0,2
line_99_657,samples\line_99_657.npz,faulted,line,99,23,69,98.30508474576273,100.0,1.0,2
line_100_658,samples\line_100_658.npz,faulted,line,100,69,70,98.30508474576273,100.0,1.0,2
line_101_659,samples\line_101_659.npz,faulted,line,101,23,71,98.30508474576273,100.0,1.0,2
line_102_660,samples\line_102_660.npz,faulted,line,102,70,71,97.45762711864408,100.0,3.0,2
line_103_661,samples\line_103_661.npz,faulted,line,103,70,72,97.45762711864408,100.0,3.0,3
line_104_662,samples\line_104_662.npz,faulted,line,104,69,73,98.30508474576273,100.0,1.0,2
line_105_663,samples\line_105_663.npz,faulted,line,105,69,74,98.30508474576273,100.0,1.0,2
line_106_664,samples\line_106_664.npz,faulted,line,106,68,74,98.30508474576273,100.0,1.0,2
line_107_665,samples\line_107_665.npz,faulted,line,107,73,74,97.45762711864408,100.0,2.0,2
line_108_666,samples\line_108_666.npz,faulted,line,108,75,76,97.45762711864408,100.0,1.0,2
line_109_667,samples\line_109_667.npz,faulted,line,109,68,76,98.30508474576273,100.0,1.0,2
line_110_668,samples\line_110_668.npz,faulted,line,110,74,76,98.30508474576273,100.0,2.0,2
line_111_669,samples\line_111_669.npz,faulted,line,111,76,77,97.45762711864408,100.0,1.0,2
line_112_670,samples\line_112_670.npz,faulted,line,112,77,78,98.30508474576273,100.0,1.0,2
line_113_671,samples\line_113_671.npz,faulted,line,113,76,79,98.30508474576273,100.0,1.0,2
line_114_672,samples\line_114_672.npz,faulted,line,114,76,79,98.30508474576273,100.0,1.0,2
line_115_673,samples\line_115_673.npz,faulted,line,115,78,79,97.45762711864408,100.0,1.0,2
line_116_674,samples\line_116_674.npz,faulted,line,116,76,81,97.45762711864408,100.0,1.0,2
line_117_675,samples\line_117_675.npz,faulted,line,117,81,82,98.30508474576273,100.0,1.0,2
line_118_676,samples\line_118_676.npz,faulted,line,118,82,83,98.30508474576273,100.0,1.0,2
line_119_677,samples\line_119_677.npz,faulted,line,119,82,84,97.45762711864408,100.0,2.0,2
line_120_678,samples\line_120_678.npz,faulted,line,120,83,84,97.45762711864408,100.0,2.0,2
line_121_679,samples\line_121_679.npz,faulted,line,121,84,85,98.30508474576273,100.0,1.0,3
line_122_680,samples\line_122_680.npz,faulted,line,122,84,87,98.30508474576273,100.0,1.0,2
line_123_681,samples\line_123_681.npz,faulted,line,123,84,88,98.30508474576273,100.0,1.0,2
line_124_682,samples\line_124_682.npz,faulted,line,124,87,88,98.30508474576273,100.0,1.0,2
line_125_683,samples\line_125_683.npz,faulted,line,125,88,89,98.30508474576273,100.0,1.0,2
line_126_684,samples\line_126_684.npz,faulted,line,126,88,89,98.30508474576273,100.0,1.0,2
line_127_685,samples\line_127_685.npz,faulted,line,127,89,90,98.30508474576273,100.0,1.0,2
line_128_686,samples\line_128_686.npz,faulted,line,128,88,91,98.30508474576273,100.0,1.0,2
line_129_687,samples\line_129_687.npz,faulted,line,129,88,91,98.30508474576273,100.0,1.0,2
line_130_688,samples\line_130_688.npz,faulted,line,130,90,91,97.45762711864408,100.0,1.0,2
line_131_689,samples\line_131_689.npz,faulted,line,131,91,92,98.30508474576273,100.0,1.0,2
line_132_690,samples\line_132_690.npz,faulted,line,132,91,93,98.30508474576273,100.0,1.0,2
line_133_691,samples\line_133_691.npz,faulted,line,133,92,93,98.30508474576273,100.0,1.0,2
line_134_692,samples\line_134_692.npz,faulted,line,134,93,94,97.45762711864408,100.0,1.0,2
line_135_693,samples\line_135_693.npz,faulted,line,135,79,95,98.30508474576273,100.0,1.0,2
line_136_694,samples\line_136_694.npz,faulted,line,136,81,95,98.30508474576273,100.0,1.0,2
line_137_695,samples\line_137_695.npz,faulted,line,137,93,95,98.30508474576273,100.0,1.0,2
line_138_696,samples\line_138_696.npz,faulted,line,138,79,96,97.45762711864408,100.0,1.0,2
line_139_697,samples\line_139_697.npz,faulted,line,139,79,97,98.30508474576273,100.0,1.0,2
line_140_698,samples\line_140_698.npz,faulted,line,140,79,98,98.30508474576273,100.0,1.0,2
line_141_699,samples\line_141_699.npz,faulted,line,141,91,99,98.30508474576273,100.0,1.0,2
line_142_700,samples\line_142_700.npz,faulted,line,142,93,99,98.30508474576273,100.0,1.0,2
line_143_701,samples\line_143_701.npz,faulted,line,143,94,95,98.30508474576273,100.0,1.0,2
line_144_702,samples\line_144_702.npz,faulted,line,144,95,96,98.30508474576273,100.0,1.0,2
line_145_703,samples\line_145_703.npz,faulted,line,145,97,99,98.30508474576273,100.0,1.0,2
line_146_704,samples\line_146_704.npz,faulted,line,146,98,99,98.30508474576273,100.0,1.0,2
line_147_705,samples\line_147_705.npz,faulted,line,147,99,100,97.45762711864408,100.0,2.0,2
line_148_706,samples\line_148_706.npz,faulted,line,148,91,101,97.45762711864408,100.0,1.0,2
line_149_707,samples\line_149_707.npz,faulted,line,149,100,101,98.30508474576273,100.0,1.0,2
line_150_708,samples\line_150_708.npz,faulted,line,150,99,102,98.30508474576273,100.0,1.0,2
line_151_709,samples\line_151_709.npz,faulted,line,151,99,103,98.30508474576273,100.0,1.0,2
line_152_710,samples\line_152_710.npz,faulted,line,152,102,103,98.30508474576273,100.0,1.0,2
line_153_711,samples\line_153_711.npz,faulted,line,153,102,104,98.30508474576273,100.0,1.0,2
line_154_712,samples\line_154_712.npz,faulted,line,154,99,105,98.30508474576273,100.0,1.0,2
line_155_713,samples\line_155_713.npz,faulted,line,155,103,104,98.30508474576273,100.0,1.0,2
line_156_714,samples\line_156_714.npz,faulted,line,156,104,105,98.30508474576273,100.0,1.0,2
line_157_715,samples\line_157_715.npz,faulted,line,157,104,106,97.45762711864408,100.0,2.0,2
line_158_716,samples\line_158_716.npz,faulted,line,158,104,107,97.45762711864408,100.0,2.0,2
line_159_717,samples\line_159_717.npz,faulted,line,159,105,106,98.30508474576273,100.0,1.0,2
line_160_718,samples\line_160_718.npz,faulted,line,160,107,108,98.30508474576273,100.0,1.0,2
line_161_719,samples\line_161_719.npz,faulted,line,161,102,109,98.30508474576273,100.0,1.0,2
line_162_720,samples\line_162_720.npz,faulted,line,162,108,109,97.45762711864408,100.0,2.0,2
line_163_721,samples\line_163_721.npz,faulted,line,163,109,110,97.45762711864408,100.0,2.0,3
line_164_722,samples\line_164_722.npz,faulted,line,164,109,111,98.30508474576273,100.0,1.0,2
line_165_723,samples\line_165_723.npz,faulted,line,165,16,112,98.30508474576273,100.0,1.0,2
line_166_724,samples\line_166_724.npz,faulted,line,166,31,112,98.30508474576273,100.0,1.0,2
line_167_725,samples\line_167_725.npz,faulted,line,167,31,113,97.45762711864408,100.0,1.0,2
line_168_726,samples\line_168_726.npz,faulted,line,168,26,114,97.45762711864408,100.0,0.0,2
line_169_727,samples\line_169_727.npz,faulted,line,169,113,114,98.30508474576273,100.0,1.0,2
line_170_728,samples\line_170_728.npz,faulted,line,170,11,116,97.45762711864408,100.0,2.0,3
line_171_729,samples\line_171_729.npz,faulted,line,171,74,117,97.45762711864408,100.0,2.0,2
line_172_730,samples\line_172_730.npz,faulted,line,172,75,117,98.30508474576273,100.0,1.0,2
trafo_0_731,samples\trafo_0_731.npz,faulted,trafo,0,7,4,98.30508474576273,100.0,1.0,2
trafo_1_732,samples\trafo_1_732.npz,faulted,trafo,1,25,24,97.45762711864408,100.0,1.0,2
trafo_2_733,samples\trafo_2_733.npz,faulted,trafo,2,29,16,97.45762711864408,100.0,1.0,2
trafo_3_734,samples\trafo_3_734.npz,faulted,trafo,3,37,36,98.30508474576273,100.0,1.0,2
trafo_4_735,samples\trafo_4_735.npz,faulted,trafo,4,62,58,97.45762711864408,100.0,0.0,3
trafo_5_736,samples\trafo_5_736.npz,faulted,trafo,5,63,60,97.45762711864408,100.0,1.0,2
trafo_6_737,samples\trafo_6_737.npz,faulted,trafo,6,64,65,98.30508474576273,100.0,1.0,2
trafo_7_738,samples\trafo_7_738.npz,faulted,trafo,7,64,67,97.45762711864408,100.0,1.0,3
trafo_8_739,samples\trafo_8_739.npz,faulted,trafo,8,67,68,98.30508474576273,100.0,1.0,2
trafo_9_740,samples\trafo_9_740.npz,faulted,trafo,9,80,67,97.45762711864408,100.0,2.0,3
trafo_10_741,samples\trafo_10_741.npz,faulted,trafo,10,80,79,98.30508474576273,100.0,1.0,2
trafo_11_742,samples\trafo_11_742.npz,faulted,trafo,11,86,85,97.45762711864408,100.0,1.0,3
trafo_12_743,samples\trafo_12_743.npz,faulted,trafo,12,115,67,97.45762711864408,100.0,2.0,3
line_0_744,samples\line_0_744.npz,faulted,line,0,0,1,98.30508474576273,100.0,0.0,1
line_1_745,samples\line_1_745.npz,faulted,line,1,0,2,98.30508474576273,100.0,0.0,1
line_2_746,samples\line_2_746.npz,faulted,line,2,3,4,98.30508474576273,100.0,0.0,1
line_3_747,samples\line_3_747.npz,faulted,line,3,2,4,98.30508474576273,100.0,0.0,1
line_4_748,samples\line_4_748.npz,faulted,line,4,4,5,97.45762711864408,100.0,1.0,1
line_5_749,samples\line_5_749.npz,faulted,line,5,5,6,98.30508474576273,100.0,0.0,1
line_6_750,samples\line_6_750.npz,faulted,line,6,7,8,98.30508474576273,100.0,0.0,2
line_7_751,samples\line_7_751.npz,faulted,line,7,8,9,97.45762711864408,100.0,1.0,2
line_8_752,samples\line_8_752.npz,faulted,line,8,3,10,98.30508474576273,100.0,0.0,1
line_9_753,samples\line_9_753.npz,faulted,line,9,4,10,98.30508474576273,100.0,0.0,1
line_10_754,samples\line_10_754.npz,faulted,line,10,10,11,98.30508474576273,100.0,0.0,1
line_11_755,samples\line_11_755.npz,faulted,line,11,1,11,98.30508474576273,100.0,0.0,1
line_12_756,samples\line_12_756.npz,faulted,line,12,2,11,98.30508474576273,100.0,0.0,1
line_13_757,samples\line_13_757.npz,faulted,line,13,6,11,97.45762711864408,100.0,1.0,1
line_14_758,samples\line_14_758.npz,faulted,line,14,10,12,97.45762711864408,100.0,0.0,1
line_15_759,samples\line_15_759.npz,faulted,line,15,11,13,97.45762711864408,100.0,0.0,1
line_16_760,samples\line_16_760.npz,faulted,line,16,12,14,98.30508474576273,100.0,0.0,1
line_17_761,samples\line_17_761.npz,faulted,line,17,13,14,98.30508474576273,100.0,0.0,1
line_18_762,samples\line_18_762.npz,faulted,line,18,11,15,98.30508474576273,100.0,0.0,1
line_19_763,samples\line_19_763.npz,faulted,line,19,14,16,97.45762711864408,100.0,0.0,1
line_20_764,samples\line_20_764.npz,faulted,line,20,15,16,98.30508474576273,100.0,0.0,1
line_21_765,samples\line_21_765.npz,faulted,line,21,16,17,97.45762711864408,100.0,1.0,1
line_22_766,samples\line_22_766.npz,faulted,line,22,17,18,98.30508474576273,100.0,0.0,1
line_23_767,samples\line_23_767.npz,faulted,line,23,18,19,98.30508474576273,100.0,0.0,1
line_24_768,samples\line_24_768.npz,faulted,line,24,14,18,98.30508474576273,100.0,0.0,1
line_25_769,samples\line_25_769.npz,faulted,line,25,19,20,97.45762711864408,100.0,1.0,1
line_26_770,samples\line_26_770.npz,faulted,line,26,20,21,98.30508474576273,100.0,0.0,1
line_27_771,samples\line_27_771.npz,faulted,line,27,21,22,97.45762711864408,100.0,2.0,1
line_28_772,samples\line_28_772.npz,faulted,line,28,22,23,97.45762711864408,100.0,1.0,1
line_29_773,samples\line_29_773.npz,faulted,line,29,22,24,98.30508474576273,100.0,2.0,1
line_30_774,samples\line_30_774.npz,faulted,line,30,24,26,98.30508474576273,100.0,0.0,1
line_31_775,samples\line_31_775.npz,faulted,line,31,26,27,98.30508474576273,100.0,-1.0,1
line_32_776,samples\line_32_776.npz,faulted,line,32,27,28,97.45762711864408,100.0,0.0,1
line_33_777,samples\line_33_777.npz,faulted,line,33,7,29,98.30508474576273,100.0,0.0,1
line_34_778,samples\line_34_778.npz,faulted,line,34,25,29,98.30508474576273,100.0,0.0,2
line_35_779,samples\line_35_779.npz,faulted,line,35,16,30,98.30508474576273,100.0,1.0,1
line_36_780,samples\line_36_780.npz,faulted,line,36,28,30,98.30508474576273,100.0,0.0,1
line_37_781,samples\line_37_781.npz,faulted,line,37,22,31,98.30508474576273,100.0,2.0,1
line_38_782,samples\line_38_782.npz,faulted,line,38,30,31,98.30508474576273,100.0,0.0,1
line_39_783,samples\line_39_783.npz,faulted,line,39,26,31,98.30508474576273,100.0,0.0,1
line_40_784,samples\line_40_784.npz,faulted,line,40,14,32,98.30508474576273,100.0,0.0,1
line_41_785,samples\line_41_785.npz,faulted,line,41,18,33,98.30508474576273,100.0,0.0,1
line_42_786,samples\line_42_786.npz,faulted,line,42,34,35,98.30508474576273,100.0,0.0,1
line_43_787,samples\line_43_787.npz,faulted,line,43,34,36,97.45762711864408,100.0,1.0,1
line_44_788,samples\line_44_788.npz,faulted,line,44,32,36,97.45762711864408,100.0,0.0,1
line_45_789,samples\line_45_789.npz,faulted,line,45,33,35,97.45762711864408,100.0,1.0,1
line_46_790,samples\line_46_790.npz,faulted,line,46,33,36,98.30508474576273,100.0,0.0,1
line_47_791,samples\line_47_791.npz,faulted,line,47,36,38,98.30508474576273,100.0,0.0,1
line_48_792,samples\line_48_792.npz,faulted,line,48,36,39,98.30508474576273,100.0,0.0,1
line_49_793,samples\line_49_793.npz,faulted,line,49,29,37,98.30508474576273,100.0,0.0,1
line_50_794,samples\line_50_794.npz,faulted,line,50,38,39,98.30508474576273,100.0,0.0,1
line_51_795,samples\line_51_795.npz,faulted,line,51,39,40,97.45762711864408,100.0,0.0,1
line_52_796,samples\line_52_796.npz,faulted,line,52,39,41,98.30508474576273,100.0,0.0,1
line_53_797,samples\line_53_797.npz,faulted,line,53,40,41,98.30508474576273,100.0,0.0,1
line_54_798,samples\line_54_798.npz,faulted,line,54,42,43,98.30508474576273,100.0,0.0,1
line_55_799,samples\line_55_799.npz,faulted,line,55,33,42,97.45762711864408,100.0,1.0,1
line_56_800,samples\line_56_800.npz,faulted,line,56,43,44,97.45762711864408,100.0,1.0,1
line_57_801,samples\line_57_801.npz,faulted,line,57,44,45,97.45762711864408,100.0,1.0,1
line_58_802,samples\line_58_802.npz,faulted,line,58,45,46,98.30508474576273,100.0,0.0,1
line_59_803,samples\line_59_803.npz,faulted,line,59,45,47,98.30508474576273,100.0,0.0,1
line_60_804,samples\line_60_804.npz,faulted,line,60,46,48,97.45762711864408,100.0,1.0,1
line_61_805,samples\line_61_805.npz,faulted,line,61,41,48,98.30508474576273,100.0,0.0,1
line_62_806,samples\line_62_806.npz,faulted,line,62,41,48,98.30508474576273,100.0,0.0,1
line_63_807,samples\line_63_807.npz,faulted,line,63,44,48,98.30508474576273,100.0,1.0,1
line_64_808,samples\line_64_808.npz,faulted,line,64,47,48,97.45762711864408,100.0,1.0,1
line_65_809,samples\line_65_809.npz,faulted,line,65,48,49,98.30508474576273,100.0,0.0,1
line_66_810,samples\line_66_810.npz,faulted,line,66,48,50,98.30508474576273,100.0,0.0,1
line_67_811,samples\line_67_811.npz,faulted,line,67,50,51,98.30508474576273,100.0,-1.0,1
line_68_812,samples\line_68_812.npz,faulted,line,68,51,52,97.45762711864408,100.0,0.0,1
line_69_813,samples\line_69_813.npz,faulted,line,69,52,53,98.30508474576273,100.0,0.0,1
line_70_814,samples\line_70_814.npz,faulted,line,70,48,53,98.30508474576273,100.0,0.0,1
line_71_815,samples\line_71_815.npz,faulted,line,71,48,53,98.30508474576273,100.0,0.0,1
line_72_816,samples\line_72_816.npz,faulted,line,72,53,54,98.30508474576273,100.0,0.0,1
line_73_817,samples\line_73_817.npz,faulted,line,73,53,55,98.30508474576273,100.0,0.0,1
line_74_818,samples\line_74_818.npz,faulted,line,74,54,55,98.30508474576273,100.0,0.0,1
line_75_819,samples\line_75_819.npz,faulted,line,75,55,56,98.30508474576273,100.0,0.0,1
line_76_820,samples\line_76_820.npz,faulted,line,76,49,56,97.45762711864408,100.0,0.0,1
line_77_821,samples\line_77_821.npz,faulted,line,77,55,57,98.30508474576273,100.0,0.0,1
line_78_822,samples\line_78_822.npz,faulted,line,78,50,57,97.45762711864408,100.0,-1.0,1
line_79_823,samples\line_79_823.npz,faulted,line,79,53,58,98.30508474576273,100.0,0.0,1
line_80_824,samples\line_80_824.npz,faulted,line,80,55,58,98.30508474576273,100.0,0.0,1
line_81_825,samples\line_81_825.npz,faulted,line,81,55,58,98.30508474576273,100.0,0.0,1
line_82_826,samples\line_82_826.npz,faulted,line,82,54,58,97.45762711864408,100.0,-1.0,1
line_83_827,samples\line_83_827.npz,faulted,line,83,58,59,98.30508474576273,100.0,-1.0,1
line_84_828,samples\line_84_828.npz,faulted,line,84,58,60,98.30508474576273,100.0,-1.0,1
line_85_829,samples\line_85_829.npz,faulted,line,85,59,60,98.30508474576273,100.0,0.0,1
line_86_830,samples\line_86_830.npz,faulted,line,86,59,61,98.30508474576273,100.0,0.0,1
line_87_831,samples\line_87_831.npz,faulted,line,87,60,61,98.30508474576273,100.0,0.0,1
line_88_832,samples\line_88_832.npz,faulted,line,88,62,63,98.30508474576273,100.0,0.0,1
line_89_833,samples\line_89_833.npz,faulted,line,89,37,64,98.30508474576273,100.0,0.0,1
line_90_834,samples\line_90_834.npz,faulted,line,90,63,64,98.30508474576273,100.0,0.0,1
line_91_835,samples\line_91_835.npz,faulted,line,91,48,65,98.30508474576273,100.0,0.0,1
line_92_836,samples\line_92_836.npz,faulted,line,92,48,65,98.30508474576273,100.0,0.0,1
line_93_837,samples\line_93_837.npz,faulted,line,93,61,65,98.30508474576273,100.0,0.0,1
line_94_838,samples\line_94_838.npz,faulted,line,94,61,66,97.45762711864408,100.0,0.0,1
line_95_839,samples\line_95_839.npz,faulted,line,95,65,66,98.30508474576273,100.0,0.0,1
line_96_840,samples\line_96_840.npz,faulted,line,96,46,68,98.30508474576273,100.0,0.0,1
line_97_841,samples\line_97_841.npz,faulted,line,97,48,68,98.30508474576273,100.0,0.0,1
line_98_842,samples\line_98_842.npz,faulted,line,98,68,69,98.30508474576273,100.0,0.0,1
line_99_843,samples\line_99_843.npz,faulted,line,99,23,69,98.30508474576273,100.0,0.0,1
line_100_844,samples\line_100_844.npz,faulted,line,100,69,70,98.30508474576273,100.0,0.0,1
line_101_845,samples\line_101_845.npz,faulted,line,101,23,71,98.30508474576273,100.0,0.0,1
line_102_846,samples\line_102_846.npz,faulted,line,102,70,71,97.45762711864408,100.0,2.0,1
line_103_847,samples\line_103_847.npz,faulted,line,103,70,72,97.45762711864408,100.0,2.0,2
line_104_848,samples\line_104_848.npz,faulted,line,104,69,73,98.30508474576273,100.0,0.0,1
line_105_849,samples\line_105_849.npz,faulted,line,105,69,74,98.30508474576273,100.0,0.0,1
line_106_850,samples\line_106_850.npz,faulted,line,106,68,74,98.30508474576273,100.0,0.0,1
line_107_851,samples\line_107_851.npz,faulted,line,107,73,74,97.45762711864408,100.0,1.0,1
line_108_852,samples\line_108_852.npz,faulted,line,108,75,76,97.45762711864408,100.0,0.0,1
line_109_853,samples\line_109_853.npz,faulted,line,109,68,76,98.30508474576273,100.0,0.0,1
line_110_854,samples\line_110_854.npz,faulted,line,110,74,76,98.30508474576273,100.0,1.0,1
line_111_855,samples\line_111_855.npz,faulted,line,111,76,77,97.45762711864408,100.0,0.0,1
line_112_856,samples\line_112_856.npz,faulted,line,112,77,78,98.30508474576273,100.0,0.0,1
line_113_857,samples\line_113_857.npz,faulted,line,113,76,79,98.30508474576273,100.0,0.0,1
line_114_858,samples\line_114_858.npz,faulted,line,114,76,79,98.30508474576273,100.0,0.0,1
line_115_859,samples\line_115_859.npz,faulted,line,115,78,79,97.45762711864408,100.0,1.0,1
line_116_860,samples\line_116_860.npz,faulted,line,116,76,81,97.45762711864408,100.0,0.0,1
line_117_861,samples\line_117_861.npz,faulted,line,117,81,82,98.30508474576273,100.0,0.0,1
line_118_862,samples\line_118_862.npz,faulted,line,118,82,83,98.30508474576273,100.0,0.0,1
line_119_863,samples\line_119_863.npz,faulted,line,119,82,84,97.45762711864408,100.0,1.0,1
line_120_864,samples\line_120_864.npz,faulted,line,120,83,84,97.45762711864408,100.0,1.0,1
line_121_865,samples\line_121_865.npz,faulted,line,121,84,85,98.30508474576273,100.0,0.0,2
line_122_866,samples\line_122_866.npz,faulted,line,122,84,87,98.30508474576273,100.0,1.0,1
line_123_867,samples\line_123_867.npz,faulted,line,123,84,88,98.30508474576273,100.0,0.0,1
line_124_868,samples\line_124_868.npz,faulted,line,124,87,88,98.30508474576273,100.0,0.0,1
line_125_869,samples\line_125_869.npz,faulted,line,125,88,89,98.30508474576273,100.0,0.0,1
line_126_870,samples\line_126_870.npz,faulted,line,126,88,89,98.30508474576273,100.0,0.0,1
line_127_871,samples\line_127_871.npz,faulted,line,127,89,90,98.30508474576273,100.0,1.0,2
line_128_872,samples\line_128_872.npz,faulted,line,128,88,91,98.30508474576273,100.0,0.0,1
line_129_873,samples\line_129_873.npz,faulted,line,129,88,91,98.30508474576273,100.0,0.0,1
line_130_874,samples\line_130_874.npz,faulted,line,130,90,91,98.30508474576273,100.0,0.0,1
line_131_875,samples\line_131_875.npz,faulted,line,131,91,92,98.30508474576273,100.0,0.0,1
line_132_876,samples\line_132_876.npz,faulted,line,132,91,93,98.30508474576273,100.0,0.0,1
line_133_877,samples\line_133_877.npz,faulted,line,133,92,93,98.30508474576273,100.0,0.0,1
line_134_878,samples\line_134_878.npz,faulted,line,134,93,94,97.45762711864408,100.0,0.0,1
line_135_879,samples\line_135_879.npz,faulted,line,135,79,95,98.30508474576273,100.0,0.0,1
line_136_880,samples\line_136_880.npz,faulted,line,136,81,95,98.30508474576273,100.0,0.0,1
line_137_881,samples\line_137_881.npz,faulted,line,137,93,95,98.30508474576273,100.0,0.0,1
line_138_882,samples\line_138_882.npz,faulted,line,138,79,96,97.45762711864408,100.0,1.0,1
line_139_883,samples\line_139_883.npz,faulted,line,139,79,97,98.30508474576273,100.0,0.0,1
line_140_884,samples\line_140_884.npz,faulted,line,140,79,98,98.30508474576273,100.0,0.0,1
line_141_885,samples\line_141_885.npz,faulted,line,141,91,99,98.30508474576273,100.0,0.0,1
line_142_886,samples\line_142_886.npz,faulted,line,142,93,99,98.30508474576273,100.0,1.0,1
line_143_887,samples\line_143_887.npz,faulted,line,143,94,95,98.30508474576273,100.0,0.0,1
line_144_888,samples\line_144_888.npz,faulted,line,144,95,96,98.30508474576273,100.0,0.0,1
line_145_889,samples\line_145_889.npz,faulted,line,145,97,99,98.30508474576273,100.0,1.0,1
line_146_890,samples\line_146_890.npz,faulted,line,146,98,99,98.30508474576273,100.0,1.0,1
line_147_891,samples\line_147_891.npz,faulted,line,147,99,100,97.45762711864408,100.0,1.0,1
line_148_892,samples\line_148_892.npz,faulted,line,148,91,101,97.45762711864408,100.0,0.0,1
line_149_893,samples\line_149_893.npz,faulted,line,149,100,101,98.30508474576273,100.0,0.0,1
line_150_894,samples\line_150_894.npz,faulted,line,150,99,102,98.30508474576273,100.0,0.0,1
line_151_895,samples\line_151_895.npz,faulted,line,151,99,103,98.30508474576273,100.0,1.0,1
line_152_896,samples\line_152_896.npz,faulted,line,152,102,103,98.30508474576273,100.0,0.0,1
line_153_897,samples\line_153_897.npz,faulted,line,153,102,104,98.30508474576273,100.0,0.0,1
line_154_898,samples\line_154_898.npz,faulted,line,154,99,105,98.30508474576273,100.0,1.0,1
line_155_899,samples\line_155_899.npz,faulted,line,155,103,104,98.30508474576273,100.0,0.0,1
line_156_900,samples\line_156_900.npz,faulted,line,156,104,105,98.30508474576273,100.0,0.0,1
line_157_901,samples\line_157_901.npz,faulted,line,157,104,106,97.45762711864408,100.0,1.0,1
line_158_902,samples\line_158_902.npz,faulted,line,158,104,107,97.45762711864408,100.0,1.0,1
line_159_903,samples\line_159_903.npz,faulted,line,159,105,106,98.30508474576273,100.0,0.0,1
line_160_904,samples\line_160_904.npz,faulted,line,160,107,108,98.30508474576273,100.0,0.0,1
line_161_905,samples\line_161_905.npz,faulted,line,161,102,109,98.30508474576273,100.0,0.0,1
line_162_906,samples\line_162_906.npz,faulted,line,162,108,109,97.45762711864408,100.0,1.0,1
line_163_907,samples\line_163_907.npz,faulted,line,163,109,110,97.45762711864408,100.0,1.0,2
line_164_908,samples\line_164_908.npz,faulted,line,164,109,111,97.45762711864408,100.0,1.0,2
line_165_909,samples\line_165_909.npz,faulted,line,165,16,112,98.30508474576273,100.0,1.0,1
line_166_910,samples\line_166_910.npz,faulted,line,166,31,112,98.30508474576273,100.0,0.0,1
line_167_911,samples\line_167_911.npz,faulted,line,167,31,113,97.45762711864408,100.0,0.0,1
line_168_912,samples\line_168_912.npz,faulted,line,168,26,114,97.45762711864408,100.0,-1.0,1
line_169_913,samples\line_169_913.npz,faulted,line,169,113,114,98.30508474576273,100.0,0.0,1
line_170_914,samples\line_170_914.npz,faulted,line,170,11,116,97.45762711864408,100.0,1.0,2
line_171_915,samples\line_171_915.npz,faulted,line,171,74,117,97.45762711864408,100.0,1.0,1
line_172_916,samples\line_172_916.npz,faulted,line,172,75,117,98.30508474576273,100.0,0.0,1
trafo_0_917,samples\trafo_0_917.npz,faulted,trafo,0,7,4,98.30508474576273,100.0,0.0,1
trafo_1_918,samples\trafo_1_918.npz,faulted,trafo,1,25,24,98.30508474576273,100.0,0.0,1
trafo_2_919,samples\trafo_2_919.npz,faulted,trafo,2,29,16,97.45762711864408,100.0,1.0,1
trafo_3_920,samples\trafo_3_920.npz,faulted,trafo,3,37,36,97.45762711864408,100.0,0.0,1
trafo_4_921,samples\trafo_4_921.npz,faulted,trafo,4,62,58,97.45762711864408,100.0,-1.0,1
trafo_5_922,samples\trafo_5_922.npz,faulted,trafo,5,63,60,97.45762711864408,100.0,0.0,1
trafo_6_923,samples\trafo_6_923.npz,faulted,trafo,6,64,65,98.30508474576273,100.0,0.0,1
trafo_7_924,samples\trafo_7_924.npz,faulted,trafo,7,64,67,97.45762711864408,100.0,1.0,1
trafo_8_925,samples\trafo_8_925.npz,faulted,trafo,8,67,68,98.30508474576273,100.0,0.0,1
trafo_9_926,samples\trafo_9_926.npz,faulted,trafo,9,80,67,97.45762711864408,100.0,1.0,2
trafo_10_927,samples\trafo_10_927.npz,faulted,trafo,10,80,79,98.30508474576273,100.0,0.0,1
trafo_11_928,samples\trafo_11_928.npz,faulted,trafo,11,86,85,97.45762711864408,100.0,0.0,2
trafo_12_929,samples\trafo_12_929.npz,faulted,trafo,12,115,67,97.45762711864408,100.0,1.0,2
line_0_930,samples\line_0_930.npz,faulted,line,0,0,1,99.15254237288136,100.0,2.0,1
line_1_931,samples\line_1_931.npz,faulted,line,1,0,2,99.15254237288136,100.0,2.0,1
line_2_932,samples\line_2_932.npz,faulted,line,2,3,4,99.15254237288136,100.0,2.0,1
line_3_933,samples\line_3_933.npz,faulted,line,3,2,4,99.15254237288136,100.0,2.0,1
line_4_934,samples\line_4_934.npz,faulted,line,4,4,5,98.30508474576273,100.0,3.0,1
line_5_935,samples\line_5_935.npz,faulted,line,5,5,6,99.15254237288136,100.0,2.0,1
line_6_936,samples\line_6_936.npz,faulted,line,6,7,8,99.15254237288136,100.0,2.0,2
line_7_937,samples\line_7_937.npz,faulted,line,7,8,9,98.30508474576273,100.0,3.0,2
line_8_938,samples\line_8_938.npz,faulted,line,8,3,10,99.15254237288136,100.0,2.0,1
line_9_939,samples\line_9_939.npz,faulted,line,9,4,10,99.15254237288136,100.0,2.0,1
line_10_940,samples\line_10_940.npz,faulted,line,10,10,11,99.15254237288136,100.0,2.0,1
line_11_941,samples\line_11_941.npz,faulted,line,11,1,11,99.15254237288136,100.0,2.0,1
line_12_942,samples\line_12_942.npz,faulted,line,12,2,11,99.15254237288136,100.0,2.0,1
line_13_943,samples\line_13_943.npz,faulted,line,13,6,11,98.30508474576273,100.0,3.0,1
line_14_944,samples\line_14_944.npz,faulted,line,14,10,12,98.30508474576273,100.0,2.0,1
line_15_945,samples\line_15_945.npz,faulted,line,15,11,13,98.30508474576273,100.0,2.0,1
line_16_946,samples\line_16_946.npz,faulted,line,16,12,14,99.15254237288136,100.0,2.0,1
line_17_947,samples\line_17_947.npz,faulted,line,17,13,14,99.15254237288136,100.0,2.0,1
line_18_948,samples\line_18_948.npz,faulted,line,18,11,15,99.15254237288136,100.0,2.0,1
line_19_949,samples\line_19_949.npz,faulted,line,19,14,16,98.30508474576273,100.0,1.0,1
line_20_950,samples\line_20_950.npz,faulted,line,20,15,16,99.15254237288136,100.0,2.0,1
line_21_951,samples\line_21_951.npz,faulted,line,21,16,17,98.30508474576273,100.0,1.0,1
line_22_952,samples\line_22_952.npz,faulted,line,22,17,18,99.15254237288136,100.0,2.0,1
line_23_953,samples\line_23_953.npz,faulted,line,23,18,19,99.15254237288136,100.0,2.0,1
line_24_954,samples\line_24_954.npz,faulted,line,24,14,18,99.15254237288136,100.0,2.0,1
line_25_955,samples\line_25_955.npz,faulted,line,25,19,20,98.30508474576273,100.0,3.0,1
line_26_956,samples\line_26_956.npz,faulted,line,26,20,21,99.15254237288136,100.0,2.0,1
line_27_957,samples\line_27_957.npz,faulted,line,27,21,22,98.30508474576273,100.0,2.0,1
line_28_958,samples\line_28_958.npz,faulted,line,28,22,23,98.30508474576273,100.0,2.0,1
line_29_959,samples\line_29_959.npz,faulted,line,29,22,24,99.15254237288136,100.0,2.0,1
line_30_960,samples\line_30_960.npz,faulted,line,30,24,26,99.15254237288136,100.0,2.0,1
line_31_961,samples\line_31_961.npz,faulted,line,31,26,27,99.15254237288136,100.0,1.0,1
line_32_962,samples\line_32_962.npz,faulted,line,32,27,28,98.30508474576273,100.0,2.0,1
line_33_963,samples\line_33_963.npz,faulted,line,33,7,29,99.15254237288136,100.0,2.0,1
line_34_964,samples\line_34_964.npz,faulted,line,34,25,29,99.15254237288136,100.0,2.0,1
line_35_965,samples\line_35_965.npz,faulted,line,35,16,30,99.15254237288136,100.0,1.0,1
line_36_966,samples\line_36_966.npz,faulted,line,36,28,30,99.15254237288136,100.0,2.0,1
line_37_967,samples\line_37_967.npz,faulted,line,37,22,31,99.15254237288136,100.0,2.0,1
line_38_968,samples\line_38_968.npz,faulted,line,38,30,31,99.15254237288136,100.0,2.0,1
line_39_969,samples\line_39_969.npz,faulted,line,39,26,31,99.15254237288136,100.0,2.0,1
line_40_970,samples\line_40_970.npz,faulted,line,40,14,32,99.15254237288136,100.0,2.0,1
line_41_971,samples\line_41_971.npz,faulted,line,41,18,33,99.15254237288136,100.0,2.0,1
line_42_972,samples\line_42_972.npz,faulted,line,42,34,35,99.15254237288136,100.0,2.0,1
line_43_973,samples\line_43_973.npz,faulted,line,43,34,36,98.30508474576273,100.0,3.0,1
line_44_974,samples\line_44_974.npz,faulted,line,44,32,36,98.30508474576273,100.0,2.0,1
line_45_975,samples\line_45_975.npz,faulted,line,45,33,35,98.30508474576273,100.0,3.0,1
line_46_976,samples\line_46_976.npz,faulted,line,46,33,36,99.15254237288136,100.0,2.0,1
line_47_977,samples\line_47_977.npz,faulted,line,47,36,38,99.15254237288136,100.0,2.0,1
line_48_978,samples\line_48_978.npz,faulted,line,48,36,39,99.15254237288136,100.0,2.0,1
line_49_979,samples\line_49_979.npz,faulted,line,49,29,37,99.15254237288136,100.0,2.0,1
line_50_980,samples\line_50_980.npz,faulted,line,50,38,39,99.15254237288136,100.0,2.0,1
line_51_981,samples\line_51_981.npz,faulted,line,51,39,40,98.30508474576273,100.0,2.0,1
line_52_982,samples\line_52_982.npz,faulted,line,52,39,41,99.15254237288136,100.0,2.0,1
line_53_983,samples\line_53_983.npz,faulted,line,53,40,41,99.15254237288136,100.0,2.0,1
line_54_984,samples\line_54_984.npz,faulted,line,54,42,43,99.15254237288136,100.0,2.0,1
line_55_985,samples\line_55_985.npz,faulted,line,55,33,42,98.30508474576273,100.0,3.0,1
line_56_986,samples\line_56_986.npz,faulted,line,56,43,44,98.30508474576273,100.0,3.0,1
line_57_987,samples\line_57_987.npz,faulted,line,57,44,45,98.30508474576273,100.0,3.0,1
line_58_988,samples\line_58_988.npz,faulted,line,58,45,46,99.15254237288136,100.0,2.0,1
line_59_989,samples\line_59_989.npz,faulted,line,59,45,47,99.15254237288136,100.0,2.0,1
line_60_990,samples\line_60_990.npz,faulted,line,60,46,48,98.30508474576273,100.0,3.0,1
line_61_991,samples\line_61_991.npz,faulted,line,61,41,48,99.15254237288136,100.0,2.0,1
line_62_992,samples\line_62_992.npz,faulted,line,62,41,48,99.15254237288136,100.0,2.0,1
line_63_993,samples\line_63_993.npz,faulted,line,63,44,48,99.15254237288136,100.0,3.0,1
line_64_994,samples\line_64_994.npz,faulted,line,64,47,48,98.30508474576273,100.0,3.0,1
line_65_995,samples\line_65_995.npz,faulted,line,65,48,49,99.15254237288136,100.0,2.0,1
line_66_996,samples\line_66_996.npz,faulted,line,66,48,50,99.15254237288136,100.0,2.0,1
line_67_997,samples\line_67_997.npz,faulted,line,67,50,51,99.15254237288136,100.0,1.0,1
line_68_998,samples\line_68_998.npz,faulted,line,68,51,52,98.30508474576273,100.0,2.0,1
line_69_999,samples\line_69_999.npz,faulted,line,69,52,53,99.15254237288136,100.0,2.0,1
line_70_1000,samples\line_70_1000.npz,faulted,line,70,48,53,99.15254237288136,100.0,2.0,1
line_71_1001,samples\line_71_1001.npz,faulted,line,71,48,53,99.15254237288136,100.0,2.0,1
line_72_1002,samples\line_72_1002.npz,faulted,line,72,53,54,99.15254237288136,100.0,2.0,1
line_73_1003,samples\line_73_1003.npz,faulted,line,73,53,55,99.15254237288136,100.0,2.0,1
line_74_1004,samples\line_74_1004.npz,faulted,line,74,54,55,99.15254237288136,100.0,2.0,1
line_75_1005,samples\line_75_1005.npz,faulted,line,75,55,56,99.15254237288136,100.0,2.0,1
line_76_1006,samples\line_76_1006.npz,faulted,line,76,49,56,98.30508474576273,100.0,2.0,1
line_77_1007,samples\line_77_1007.npz,faulted,line,77,55,57,99.15254237288136,100.0,2.0,1
line_78_1008,samples\line_78_1008.npz,faulted,line,78,50,57,98.30508474576273,100.0,1.0,1
line_79_1009,samples\line_79_1009.npz,faulted,line,79,53,58,99.15254237288136,100.0,2.0,1
line_80_1010,samples\line_80_1010.npz,faulted,line,80,55,58,99.15254237288136,100.0,2.0,1
line_81_1011,samples\line_81_1011.npz,faulted,line,81,55,58,99.15254237288136,100.0,2.0,1
line_82_1012,samples\line_82_1012.npz,faulted,line,82,54,58,98.30508474576273,100.0,1.0,1
line_83_1013,samples\line_83_1013.npz,faulted,line,83,58,59,99.15254237288136,100.0,1.0,1
line_84_1014,samples\line_84_1014.npz,faulted,line,84,58,60,99.15254237288136,100.0,1.0,1
line_85_1015,samples\line_85_1015.npz,faulted,line,85,59,60,99.15254237288136,100.0,2.0,1
line_86_1016,samples\line_86_1016.npz,faulted,line,86,59,61,99.15254237288136,100.0,2.0,1
line_87_1017,samples\line_87_1017.npz,faulted,line,87,60,61,99.15254237288136,100.0,2.0,1
line_88_1018,samples\line_88_1018.npz,faulted,line,88,62,63,99.15254237288136,100.0,2.0,1
line_89_1019,samples\line_89_1019.npz,faulted,line,89,37,64,99.15254237288136,100.0,2.0,1
line_90_1020,samples\line_90_1020.npz,faulted,line,90,63,64,99.15254237288136,100.0,2.0,1
line_91_1021,samples\line_91_1021.npz,faulted,line,91,48,65,99.15254237288136,100.0,2.0,1
line_92_1022,samples\line_92_1022.npz,faulted,line,92,48,65,99.15254237288136,100.0,2.0,1
line_93_1023,samples\line_93_1023.npz,faulted,line,93,61,65,99.15254237288136,100.0,2.0,1
line_94_1024,samples\line_94_1024.npz,faulted,line,94,61,66,98.30508474576273,100.0,2.0,1
line_95_1025,samples\line_95_1025.npz,faulted,line,95,65,66,99.15254237288136,100.0,2.0,1
line_96_1026,samples\line_96_1026.npz,faulted,line,96,46,68,99.15254237288136,100.0,2.0,1
line_97_1027,samples\line_97_1027.npz,faulted,line,97,48,68,99.15254237288136,100.0,2.0,1
line_98_1028,samples\line_98_1028.npz,faulted,line,98,68,69,99.15254237288136,100.0,2.0,1
line_99_1029,samples\line_99_1029.npz,faulted,line,99,23,69,99.15254237288136,100.0,2.0,1
line_100_1030,samples\line_100_1030.npz,faulted,line,100,69,70,99.15254237288136,100.0,1.0,2
line_101_1031,samples\line_101_1031.npz,faulted,line,101,23,71,99.15254237288136,100.0,2.0,2
line_102_1032,samples\line_102_1032.npz,faulted,line,102,70,71,99.15254237288136,100.0,2.0,1
line_103_1033,samples\line_103_1033.npz,faulted,line,103,70,72,98.30508474576273,100.0,2.0,2
line_104_1034,samples\line_104_1034.npz,faulted,line,104,69,73,99.15254237288136,100.0,1.0,1
line_105_1035,samples\line_105_1035.npz,faulted,line,105,69,74,99.15254237288136,100.0,2.0,1
line_106_1036,samples\line_106_1036.npz,faulted,line,106,68,74,99.15254237288136,100.0,2.0,1
line_107_1037,samples\line_107_1037.npz,faulted,line,107,73,74,98.30508474576273,100.0,2.0,1
line_108_1038,samples\line_108_1038.npz,faulted,line,108,75,76,98.30508474576273,100.0,2.0,1
line_109_1039,samples\line_109_1039.npz,faulted,line,109,68,76,99.15254237288136,100.0,2.0,1
line_110_1040,samples\line_110_1040.npz,faulted,line,110,74,76,99.15254237288136,100.0,2.0,1
line_111_1041,samples\line_111_1041.npz,faulted,line,111,76,77,98.30508474576273,100.0,2.0,1
line_112_1042,samples\line_112_1042.npz,faulted,line,112,77,78,99.15254237288136,100.0,2.0,1
line_113_1043,samples\line_113_1043.npz,faulted,line,113,76,79,99.15254237288136,100.0,2.0,1
line_114_1044,samples\line_114_1044.npz,faulted,line,114,76,79,99.15254237288136,100.0,2.0,1
line_115_1045,samples\line_115_1045.npz,faulted,line,115,78,79,98.30508474576273,100.0,2.0,1
line_116_1046,samples\line_116_1046.npz,faulted,line,116,76,81,98.30508474576273,100.0,2.0,1
line_117_1047,samples\line_117_1047.npz,faulted,line,117,81,82,99.15254237288136,100.0,2.0,1
line_118_1048,samples\line_118_1048.npz,faulted,line,118,82,83,99.15254237288136,100.0,2.0,1
line_119_1049,samples\line_119_1049.npz,faulted,line,119,82,84,98.30508474576273,100.0,3.0,1
line_120_1050,samples\line_120_1050.npz,faulted,line,120,83,84,98.30508474576273,100.0,3.0,1
line_121_1051,samples\line_121_1051.npz,faulted,line,121,84,85,99.15254237288136,100.0,2.0,2
line_122_1052,samples\line_122_1052.npz,faulted,line,122,84,87,99.15254237288136,100.0,2.0,1
line_123_1053,samples\line_123_1053.npz,faulted,line,123,84,88,99.15254237288136,100.0,2.0,1
line_124_1054,samples\line_124_1054.npz,faulted,line,124,87,88,99.15254237288136,100.0,2.0,1
line_125_1055,samples\line_125_1055.npz,faulted,line,125,88,89,99.15254237288136,100.0,2.0,1
line_126_1056,samples\line_126_1056.npz,faulted,line,126,88,89,99.15254237288136,100.0,2.0,1
line_127_1057,samples\line_127_1057.npz,faulted,line,127,89,90,99.15254237288136,100.0,2.0,1
line_128_1058,samples\line_128_1058.npz,faulted,line,128,88,91,99.15254237288136,100.0,2.0,1
line_129_1059,samples\line_129_1059.npz,faulted,line,129,88,91,99.15254237288136,100.0,2.0,1
line_130_1060,samples\line_130_1060.npz,faulted,line,130,90,91,98.30508474576273,100.0,2.0,1
line_131_1061,samples\line_131_1061.npz,faulted,line,131,91,92,99.15254237288136,100.0,2.0,1
line_132_1062,samples\line_132_1062.npz,faulted,line,132,91,93,99.15254237288136,100.0,2.0,1
line_133_1063,samples\line_133_1063.npz,faulted,line,133,92,93,99.15254237288136,100.0,2.0,1
line_134_1064,samples\line_134_1064.npz,faulted,line,134,93,94,98.30508474576273,100.0,2.0,1
line_135_1065,samples\line_135_1065.npz,faulted,line,135,79,95,99.15254237288136,100.0,2.0,1
line_136_1066,samples\line_136_1066.npz,faulted,line,136,81,95,99.15254237288136,100.0,2.0,1
line_137_1067,samples\line_137_1067.npz,faulted,line,137,93,95,99.15254237288136,100.0,2.0,1
line_138_1068,samples\line_138_1068.npz,faulted,line,138,79,96,98.30508474576273,100.0,2.0,1
line_139_1069,samples\line_139_1069.npz,faulted,line,139,79,97,99.15254237288136,100.0,2.0,1
line_140_1070,samples\line_140_1070.npz,faulted,line,140,79,98,99.15254237288136,100.0,2.0,1
line_141_1071,samples\line_141_1071.npz,faulted,line,141,91,99,99.15254237288136,100.0,2.0,1
line_142_1072,samples\line_142_1072.npz,faulted,line,142,93,99,99.15254237288136,100.0,2.0,1
line_143_1073,samples\line_143_1073.npz,faulted,line,143,94,95,99.15254237288136,100.0,2.0,1
line_144_1074,samples\line_144_1074.npz,faulted,line,144,95,96,99.15254237288136,100.0,2.0,1
line_145_1075,samples\line_145_1075.npz,faulted,line,145,97,99,99.15254237288136,100.0,2.0,1
line_146_1076,samples\line_146_1076.npz,faulted,line,146,98,99,99.15254237288136,100.0,2.0,1
line_147_1077,samples\line_147_1077.npz,faulted,line,147,99,100,98.30508474576273,100.0,2.0,1
line_148_1078,samples\line_148_1078.npz,faulted,line,148,91,101,98.30508474576273,100.0,2.0,1
line_149_1079,samples\line_149_1079.npz,faulted,line,149,100,101,99.15254237288136,100.0,2.0,1
line_150_1080,samples\line_150_1080.npz,faulted,line,150,99,102,99.15254237288136,100.0,2.0,1
line_151_1081,samples\line_151_1081.npz,faulted,line,151,99,103,99.15254237288136,100.0,2.0,1
line_152_1082,samples\line_152_1082.npz,faulted,line,152,102,103,99.15254237288136,100.0,2.0,1
line_153_1083,samples\line_153_1083.npz,faulted,line,153,102,104,99.15254237288136,100.0,2.0,1
line_154_1084,samples\line_154_1084.npz,faulted,line,154,99,105,99.15254237288136,100.0,2.0,1
line_155_1085,samples\line_155_1085.npz,faulted,line,155,103,104,99.15254237288136,100.0,2.0,1
line_156_1086,samples\line_156_1086.npz,faulted,line,156,104,105,99.15254237288136,100.0,2.0,1
line_157_1087,samples\line_157_1087.npz,faulted,line,157,104,106,98.30508474576273,100.0,3.0,1
line_158_1088,samples\line_158_1088.npz,faulted,line,158,104,107,98.30508474576273,100.0,3.0,1
line_159_1089,samples\line_159_1089.npz,faulted,line,159,105,106,99.15254237288136,100.0,2.0,1
line_160_1090,samples\line_160_1090.npz,faulted,line,160,107,108,99.15254237288136,100.0,2.0,1
line_161_1091,samples\line_161_1091.npz,faulted,line,161,102,109,99.15254237288136,100.0,2.0,1
line_162_1092,samples\line_162_1092.npz,faulted,line,162,108,109,98.30508474576273,100.0,3.0,1
line_163_1093,samples\line_163_1093.npz,faulted,line,163,109,110,98.30508474576273,100.0,3.0,2
line_164_1094,samples\line_164_1094.npz,faulted,line,164,109,111,98.30508474576273,100.0,3.0,2
line_165_1095,samples\line_165_1095.npz,faulted,line,165,16,112,99.15254237288136,100.0,1.0,1
line_166_1096,samples\line_166_1096.npz,faulted,line,166,31,112,99.15254237288136,100.0,2.0,1
line_167_1097,samples\line_167_1097.npz,faulted,line,167,31,113,98.30508474576273,100.0,2.0,1
line_168_1098,samples\line_168_1098.npz,faulted,line,168,26,114,98.30508474576273,100.0,1.0,1
line_169_1099,samples\line_169_1099.npz,faulted,line,169,113,114,99.15254237288136,100.0,2.0,1
line_170_1100,samples\line_170_1100.npz,faulted,line,170,11,116,98.30508474576273,100.0,3.0,2
line_171_1101,samples\line_171_1101.npz,faulted,line,171,74,117,98.30508474576273,100.0,2.0,1
line_172_1102,samples\line_172_1102.npz,faulted,line,172,75,117,99.15254237288136,100.0,2.0,1
trafo_0_1103,samples\trafo_0_1103.npz,faulted,trafo,0,7,4,99.15254237288136,100.0,2.0,1
trafo_1_1104,samples\trafo_1_1104.npz,faulted,trafo,1,25,24,98.30508474576273,100.0,2.0,1
trafo_2_1105,samples\trafo_2_1105.npz,faulted,trafo,2,29,16,98.30508474576273,100.0,1.0,1
trafo_3_1106,samples\trafo_3_1106.npz,faulted,trafo,3,37,36,98.30508474576273,100.0,2.0,1
trafo_4_1107,samples\trafo_4_1107.npz,faulted,trafo,4,62,58,98.30508474576273,100.0,1.0,1
trafo_5_1108,samples\trafo_5_1108.npz,faulted,trafo,5,63,60,98.30508474576273,100.0,2.0,1
trafo_6_1109,samples\trafo_6_1109.npz,faulted,trafo,6,64,65,99.15254237288136,100.0,2.0,1
trafo_7_1110,samples\trafo_7_1110.npz,faulted,trafo,7,64,67,98.30508474576273,100.0,3.0,1
trafo_8_1111,samples\trafo_8_1111.npz,faulted,trafo,8,67,68,99.15254237288136,100.0,2.0,1
trafo_9_1112,samples\trafo_9_1112.npz,faulted,trafo,9,80,67,99.15254237288136,100.0,2.0,1
trafo_10_1113,samples\trafo_10_1113.npz,faulted,trafo,10,80,79,99.15254237288136,100.0,2.0,1
trafo_11_1114,samples\trafo_11_1114.npz,faulted,trafo,11,86,85,98.30508474576273,100.0,2.0,2
trafo_12_1115,samples\trafo_12_1115.npz,faulted,trafo,12,115,67,98.30508474576273,100.0,2.0,2
line_0_1116,samples\line_0_1116.npz,faulted,line,0,0,1,97.45762711864408,100.0,1.0,2
line_1_1117,samples\line_1_1117.npz,faulted,line,1,0,2,97.45762711864408,100.0,1.0,2
line_2_1118,samples\line_2_1118.npz,faulted,line,2,3,4,97.45762711864408,100.0,1.0,2
line_3_1119,samples\line_3_1119.npz,faulted,line,3,2,4,97.45762711864408,100.0,1.0,2
line_4_1120,samples\line_4_1120.npz,faulted,line,4,4,5,96.61016949152544,100.0,2.0,2
line_5_1121,samples\line_5_1121.npz,faulted,line,5,5,6,97.45762711864408,100.0,1.0,2
line_6_1122,samples\line_6_1122.npz,faulted,line,6,7,8,97.45762711864408,100.0,1.0,3
line_7_1123,samples\line_7_1123.npz,faulted,line,7,8,9,96.61016949152544,100.0,2.0,3
line_8_1124,samples\line_8_1124.npz,faulted,line,8,3,10,97.45762711864408,100.0,1.0,2
line_9_1125,samples\line_9_1125.npz,faulted,line,9,4,10,97.45762711864408,100.0,1.0,2
line_10_1126,samples\line_10_1126.npz,faulted,line,10,10,11,97.45762711864408,100.0,1.0,2
line_11_1127,samples\line_11_1127.npz,faulted,line,11,1,11,97.45762711864408,100.0,1.0,2
line_12_1128,samples\line_12_1128.npz,faulted,line,12,2,11,97.45762711864408,100.0,1.0,2
line_13_1129,samples\line_13_1129.npz,faulted,line,13,6,11,96.61016949152544,100.0,2.0,2
line_14_1130,samples\line_14_1130.npz,faulted,line,14,10,12,96.61016949152544,100.0,1.0,2
line_15_1131,samples\line_15_1131.npz,faulted,line,15,11,13,96.61016949152544,100.0,1.0,2
line_16_1132,samples\line_16_1132.npz,faulted,line,16,12,14,97.45762711864408,100.0,1.0,2
line_17_1133,samples\line_17_1133.npz,faulted,line,17,13,14,97.45762711864408,100.0,1.0,2
line_18_1134,samples\line_18_1134.npz,faulted,line,18,11,15,97.45762711864408,100.0,1.0,2
line_19_1135,samples\line_19_1135.npz,faulted,line,19,14,16,96.61016949152544,100.0,1.0,2
line_20_1136,samples\line_20_1136.npz,faulted,line,20,15,16,97.45762711864408,100.0,1.0,2
line_21_1137,samples\line_21_1137.npz,faulted,line,21,16,17,96.61016949152544,100.0,1.0,2
line_22_1138,samples\line_22_1138.npz,faulted,line,22,17,18,97.45762711864408,100.0,1.0,2
line_23_1139,samples\line_23_1139.npz,faulted,line,23,18,19,97.45762711864408,100.0,1.0,2
line_24_1140,samples\line_24_1140.npz,faulted,line,24,14,18,97.45762711864408,100.0,1.0,2
line_25_1141,samples\line_25_1141.npz,faulted,line,25,19,20,96.61016949152544,100.0,2.0,2
line_26_1142,samples\line_26_1142.npz,faulted,line,26,20,21,97.45762711864408,100.0,1.0,2
line_27_1143,samples\line_27_1143.npz,faulted,line,27,21,22,96.61016949152544,100.0,2.0,2
line_28_1144,samples\line_28_1144.npz,faulted,line,28,22,23,96.61016949152544,100.0,1.0,2
line_29_1145,samples\line_29_1145.npz,faulted,line,29,22,24,97.45762711864408,100.0,2.0,2
line_30_1146,samples\line_30_1146.npz,faulted,line,30,24,26,97.45762711864408,100.0,1.0,2
line_31_1147,samples\line_31_1147.npz,faulted,line,31,26,27,97.45762711864408,100.0,0.0,2
line_32_1148,samples\line_32_1148.npz,faulted,line,32,27,28,96.61016949152544,100.0,1.0,2
line_33_1149,samples\line_33_1149.npz,faulted,line,33,7,29,97.45762711864408,100.0,1.0,2
line_34_1150,samples\line_34_1150.npz,faulted,line,34,25,29,97.45762711864408,100.0,1.0,2
line_35_1151,samples\line_35_1151.npz,faulted,line,35,16,30,97.45762711864408,100.0,1.0,2
line_36_1152,samples\line_36_1152.npz,faulted,line,36,28,30,97.45762711864408,100.0,1.0,2
line_37_1153,samples\line_37_1153.npz,faulted,line,37,22,31,97.45762711864408,100.0,2.0,2
line_38_1154,samples\line_38_1154.npz,faulted,line,38,30,31,97.45762711864408,100.0,1.0,2
line_39_1155,samples\line_39_1155.npz,faulted,line,39,26,31,97.45762711864408,100.0,1.0,2
line_40_1156,samples\line_40_1156.npz,faulted,line,40,14,32,97.45762711864408,100.0,1.0,2
line_41_1157,samples\line_41_1157.npz,faulted,line,41,18,33,97.45762711864408,100.0,1.0,2
line_42_1158,samples\line_42_1158.npz,faulted,line,42,34,35,97.45762711864408,100.0,1.0,2
line_43_1159,samples\line_43_1159.npz,faulted,line,43,34,36,96.61016949152544,100.0,1.0,2
line_44_1160,samples\line_44_1160.npz,faulted,line,44,32,36,96.61016949152544,100.0,1.0,2
line_45_1161,samples\line_45_1161.npz,faulted,line,45,33,35,96.61016949152544,100.0,2.0,2
line_46_1162,samples\line_46_1162.npz,faulted,line,46,33,36,97.45762711864408,100.0,1.0,2
line_47_1163,samples\line_47_1163.npz,faulted,line,47,36,38,97.45762711864408,100.0,1.0,2
line_48_1164,samples\line_48_1164.npz,faulted,line,48,36,39,97.45762711864408,100.0,1.0,2
line_49_1165,samples\line_49_1165.npz,faulted,line,49,29,37,97.45762711864408,100.0,1.0,2
line_50_1166,samples\line_50_1166.npz,faulted,line,50,38,39,96.61016949152544,100.0,2.0,3
line_51_1167,samples\line_51_1167.npz,faulted,line,51,39,40,96.61016949152544,100.0,2.0,2
line_52_1168,samples\line_52_1168.npz,faulted,line,52,39,41,97.45762711864408,100.0,1.0,2
line_53_1169,samples\line_53_1169.npz,faulted,line,53,40,41,97.45762711864408,100.0,1.0,2
line_54_1170,samples\line_54_1170.npz,faulted,line,54,42,43,97.45762711864408,100.0,1.0,2
line_55_1171,samples\line_55_1171.npz,faulted,line,55,33,42,96.61016949152544,100.0,2.0,2
line_56_1172,samples\line_56_1172.npz,faulted,line,56,43,44,96.61016949152544,100.0,2.0,2
line_57_1173,samples\line_57_1173.npz,faulted,line,57,44,45,96.61016949152544,100.0,2.0,2
line_58_1174,samples\line_58_1174.npz,faulted,line,58,45,46,97.45762711864408,100.0,1.0,2
line_59_1175,samples\line_59_1175.npz,faulted,line,59,45,47,97.45762711864408,100.0,1.0,2
line_60_1176,samples\line_60_1176.npz,faulted,line,60,46,48,96.61016949152544,100.0,2.0,2
line_61_1177,samples\line_61_1177.npz,faulted,line,61,41,48,97.45762711864408,100.0,1.0,2
line_62_1178,samples\line_62_1178.npz,faulted,line,62,41,48,97.45762711864408,100.0,1.0,2
line_63_1179,samples\line_63_1179.npz,faulted,line,63,44,48,97.45762711864408,100.0,1.0,2
line_64_1180,samples\line_64_1180.npz,faulted,line,64,47,48,96.61016949152544,100.0,2.0,2
line_65_1181,samples\line_65_1181.npz,faulted,line,65,48,49,97.45762711864408,100.0,1.0,2
line_66_1182,samples\line_66_1182.npz,faulted,line,66,48,50,97.45762711864408,100.0,1.0,2
line_67_1183,samples\line_67_1183.npz,faulted,line,67,50,51,97.45762711864408,100.0,0.0,2
line_68_1184,samples\line_68_1184.npz,faulted,line,68,51,52,96.61016949152544,100.0,1.0,2
line_69_1185,samples\line_69_1185.npz,faulted,line,69,52,53,97.45762711864408,100.0,1.0,2
line_70_1186,samples\line_70_1186.npz,faulted,line,70,48,53,97.45762711864408,100.0,1.0,2
line_71_1187,samples\line_71_1187.npz,faulted,line,71,48,53,97.45762711864408,100.0,1.0,2
line_72_1188,samples\line_72_1188.npz,faulted,line,72,53,54,97.45762711864408,100.0,1.0,2
line_73_1189,samples\line_73_1189.npz,faulted,line,73,53,55,97.45762711864408,100.0,1.0,2
line_74_1190,samples\line_74_1190.npz,faulted,line,74,54,55,97.45762711864408,100.0,1.0,2
line_75_1191,samples\line_75_1191.npz,faulted,line,75,55,56,97.45762711864408,100.0,1.0,2
line_76_1192,samples\line_76_1192.npz,faulted,line,76,49,56,96.61016949152544,100.0,1.0,2
line_77_1193,samples\line_77_1193.npz,faulted,line,77,55,57,97.45762711864408,100.0,1.0,2
line_78_1194,samples\line_78_1194.npz,faulted,line,78,50,57,96.61016949152544,100.0,0.0,2
line_79_1195,samples\line_79_1195.npz,faulted,line,79,53,58,97.45762711864408,100.0,1.0,2
line_80_1196,samples\line_80_1196.npz,faulted,line,80,55,58,97.45762711864408,100.0,1.0,2
line_81_1197,samples\line_81_1197.npz,faulted,line,81,55,58,97.45762711864408,100.0,1.0,2
line_82_1198,samples\line_82_1198.npz,faulted,line,82,54,58,96.61016949152544,100.0,0.0,2
line_83_1199,samples\line_83_1199.npz,faulted,line,83,58,59,97.45762711864408,100.0,0.0,2
line_84_1200,samples\line_84_1200.npz,faulted,line,84,58,60,97.45762711864408,100.0,0.0,2
line_85_1201,samples\line_85_1201.npz,faulted,line,85,59,60,97.45762711864408,100.0,1.0,2
line_86_1202,samples\line_86_1202.npz,faulted,line,86,59,61,97.45762711864408,100.0,1.0,2
line_87_1203,samples\line_87_1203.npz,faulted,line,87,60,61,97.45762711864408,100.0,1.0,2
line_88_1204,samples\line_88_1204.npz,faulted,line,88,62,63,97.45762711864408,100.0,1.0,2
line_89_1205,samples\line_89_1205.npz,faulted,line,89,37,64,97.45762711864408,100.0,1.0,2
line_90_1206,samples\line_90_1206.npz,faulted,line,90,63,64,97.45762711864408,100.0,1.0,2
line_91_1207,samples\line_91_1207.npz,faulted,line,91,48,65,97.45762711864408,100.0,1.0,2
line_92_1208,samples\line_92_1208.npz,faulted,line,92,48,65,97.45762711864408,100.0,1.0,2
line_93_1209,samples\line_93_1209.npz,faulted,line,93,61,65,97.45762711864408,100.0,1.0,2
line_94_1210,samples\line_94_1210.npz,faulted,line,94,61,66,96.61016949152544,100.0,1.0,2
line_95_1211,samples\line_95_1211.npz,faulted,line,95,65,66,97.45762711864408,100.0,1.0,2
line_96_1212,samples\line_96_1212.npz,faulted,line,96,46,68,97.45762711864408,100.0,1.0,2
line_97_1213,samples\line_97_1213.npz,faulted,line,97,48,68,97.45762711864408,100.0,1.0,2
line_98_1214,samples\line_98_1214.npz,faulted,line,98,68,69,97.45762711864408,100.0,1.0,2
line_99_1215,samples\line_99_1215.npz,faulted,line,99,23,69,97.45762711864408,100.0,1.0,2
line_100_1216,samples\line_100_1216.npz,faulted,line,100,69,70,97.45762711864408,100.0,1.0,2
line_101_1217,samples\line_101_1217.npz,faulted,line,101,23,71,97.45762711864408,100.0,1.0,2
line_102_1218,samples\line_102_1218.npz,faulted,line,102,70,71,96.61016949152544,100.0,3.0,2
line_103_1219,samples\line_103_1219.npz,faulted,line,103,70,72,96.61016949152544,100.0,3.0,3
line_104_1220,samples\line_104_1220.npz,faulted,line,104,69,73,97.45762711864408,100.0,1.0,2
line_105_1221,samples\line_105_1221.npz,faulted,line,105,69,74,97.45762711864408,100.0,1.0,2
line_106_1222,samples\line_106_1222.npz,faulted,line,106,68,74,97.45762711864408,100.0,1.0,2
line_107_1223,samples\line_107_1223.npz,faulted,line,107,73,74,96.61016949152544,100.0,2.0,2
line_108_1224,samples\line_108_1224.npz,faulted,line,108,75,76,96.61016949152544,100.0,2.0,2
line_109_1225,samples\line_109_1225.npz,faulted,line,109,68,76,97.45762711864408,100.0,1.0,2
line_110_1226,samples\line_110_1226.npz,faulted,line,110,74,76,97.45762711864408,100.0,2.0,2
line_111_1227,samples\line_111_1227.npz,faulted,line,111,76,77,96.61016949152544,100.0,2.0,2
line_112_1228,samples\line_112_1228.npz,faulted,line,112,77,78,97.45762711864408,100.0,1.0,2
line_113_1229,samples\line_113_1229.npz,faulted,line,113,76,79,97.45762711864408,100.0,1.0,2
line_114_1230,samples\line_114_1230.npz,faulted,line,114,76,79,97.45762711864408,100.0,1.0,2
line_115_1231,samples\line_115_1231.npz,faulted,line,115,78,79,96.61016949152544,100.0,2.0,2
line_116_1232,samples\line_116_1232.npz,faulted,line,116,76,81,96.61016949152544,100.0,2.0,2
line_117_1233,samples\line_117_1233.npz,faulted,line,117,81,82,97.45762711864408,100.0,1.0,2
line_118_1234,samples\line_118_1234.npz,faulted,line,118,82,83,97.45762711864408,100.0,1.0,2
line_119_1235,samples\line_119_1235.npz,faulted,line,119,82,84,96.61016949152544,100.0,2.0,2
line_120_1236,samples\line_120_1236.npz,faulted,line,120,83,84,96.61016949152544,100.0,2.0,2
line_121_1237,samples\line_121_1237.npz,faulted,line,121,84,85,97.45762711864408,100.0,2.0,3
line_122_1238,samples\line_122_1238.npz,faulted,line,122,84,87,97.45762711864408,100.0,1.0,2
line_123_1239,samples\line_123_1239.npz,faulted,line,123,84,88,97.45762711864408,100.0,1.0,2
line_124_1240,samples\line_124_1240.npz,faulted,line,124,87,88,97.45762711864408,100.0,1.0,2
line_125_1241,samples\line_125_1241.npz,faulted,line,125,88,89,97.45762711864408,100.0,1.0,2
line_126_1242,samples\line_126_1242.npz,faulted,line,126,88,89,97.45762711864408,100.0,1.0,2
line_127_1243,samples\line_127_1243.npz,faulted,line,127,89,90,97.45762711864408,100.0,1.0,2
line_128_1244,samples\line_128_1244.npz,faulted,line,128,88,91,97.45762711864408,100.0,1.0,2
line_129_1245,samples\line_129_1245.npz,faulted,line,129,88,91,97.45762711864408,100.0,1.0,2
line_130_1246,samples\line_130_1246.npz,faulted,line,130,90,91,96.61016949152544,100.0,1.0,2
line_131_1247,samples\line_131_1247.npz,faulted,line,131,91,92,97.45762711864408,100.0,1.0,2
line_132_1248,samples\line_132_1248.npz,faulted,line,132,91,93,97.45762711864408,100.0,1.0,2
line_133_1249,samples\line_133_1249.npz,faulted,line,133,92,93,97.45762711864408,100.0,1.0,2
line_134_1250,samples\line_134_1250.npz,faulted,line,134,93,94,96.61016949152544,100.0,1.0,2
line_135_1251,samples\line_135_1251.npz,faulted,line,135,79,95,97.45762711864408,100.0,1.0,2
line_136_1252,samples\line_136_1252.npz,faulted,line,136,81,95,97.45762711864408,100.0,1.0,2
line_137_1253,samples\line_137_1253.npz,faulted,line,137,93,95,97.45762711864408,100.0,1.0,2
line_138_1254,samples\line_138_1254.npz,faulted,line,138,79,96,96.61016949152544,100.0,1.0,2
line_139_1255,samples\line_139_1255.npz,faulted,line,139,79,97,97.45762711864408,100.0,1.0,2
line_140_1256,samples\line_140_1256.npz,faulted,line,140,79,98,97.45762711864408,100.0,1.0,2
line_141_1257,samples\line_141_1257.npz,faulted,line,141,91,99,97.45762711864408,100.0,2.0,2
line_142_1258,samples\line_142_1258.npz,faulted,line,142,93,99,97.45762711864408,100.0,2.0,2
line_143_1259,samples\line_143_1259.npz,faulted,line,143,94,95,97.45762711864408,100.0,1.0,2
line_144_1260,samples\line_144_1260.npz,faulted,line,144,95,96,97.45762711864408,100.0,1.0,2
line_145_1261,samples\line_145_1261.npz,faulted,line,145,97,99,97.45762711864408,100.0,2.0,2
line_146_1262,samples\line_146_1262.npz,faulted,line,146,98,99,97.45762711864408,100.0,2.0,2
line_147_1263,samples\line_147_1263.npz,faulted,line,147,99,100,96.61016949152544,100.0,2.0,2
line_148_1264,samples\line_148_1264.npz,faulted,line,148,91,101,96.61016949152544,100.0,1.0,2
line_149_1265,samples\line_149_1265.npz,faulted,line,149,100,101,97.45762711864408,100.0,1.0,2
line_150_1266,samples\line_150_1266.npz,faulted,line,150,99,102,97.45762711864408,100.0,2.0,2
line_151_1267,samples\line_151_1267.npz,faulted,line,151,99,103,97.45762711864408,100.0,2.0,2
line_152_1268,samples\line_152_1268.npz,faulted,line,152,102,103,97.45762711864408,100.0,1.0,2
line_153_1269,samples\line_153_1269.npz,faulted,line,153,102,104,97.45762711864408,100.0,1.0,2
line_154_1270,samples\line_154_1270.npz,faulted,line,154,99,105,97.45762711864408,100.0,2.0,2
line_155_1271,samples\line_155_1271.npz,faulted,line,155,103,104,97.45762711864408,100.0,1.0,2
line_156_1272,samples\line_156_1272.npz,faulted,line,156,104,105,97.45762711864408,100.0,1.0,2
line_157_1273,samples\line_157_1273.npz,faulted,line,157,104,106,97.45762711864408,100.0,1.0,2
line_158_1274,samples\line_158_1274.npz,faulted,line,158,104,107,96.61016949152544,100.0,1.0,2
line_159_1275,samples\line_159_1275.npz,faulted,line,159,105,106,97.45762711864408,100.0,1.0,3
line_160_1276,samples\line_160_1276.npz,faulted,line,160,107,108,97.45762711864408,100.0,1.0,2
line_161_1277,samples\line_161_1277.npz,faulted,line,161,102,109,97.45762711864408,100.0,1.0,2
line_162_1278,samples\line_162_1278.npz,faulted,line,162,108,109,96.61016949152544,100.0,1.0,2
line_163_1279,samples\line_163_1279.npz,faulted,line,163,109,110,96.61016949152544,100.0,2.0,3
line_164_1280,samples\line_164_1280.npz,faulted,line,164,109,111,96.61016949152544,100.0,2.0,3
line_165_1281,samples\line_165_1281.npz,faulted,line,165,16,112,97.45762711864408,100.0,1.0,2
line_166_1282,samples\line_166_1282.npz,faulted,line,166,31,112,97.45762711864408,100.0,1.0,2
line_167_1283,samples\line_167_1283.npz,faulted,line,167,31,113,96.61016949152544,100.0,1.0,2
line_168_1284,samples\line_168_1284.npz,faulted,line,168,26,114,96.61016949152544,100.0,0.0,2
line_169_1285,samples\line_169_1285.npz,faulted,line,169,113,114,97.45762711864408,100.0,1.0,2
line_170_1286,samples\line_170_1286.npz,faulted,line,170,11,116,96.61016949152544,100.0,2.0,3
line_171_1287,samples\line_171_1287.npz,faulted,line,171,74,117,96.61016949152544,100.0,2.0,2
line_172_1288,samples\line_172_1288.npz,faulted,line,172,75,117,97.45762711864408,100.0,1.0,2
trafo_0_1289,samples\trafo_0_1289.npz,faulted,trafo,0,7,4,97.45762711864408,100.0,1.0,2
trafo_1_1290,samples\trafo_1_1290.npz,faulted,trafo,1,25,24,96.61016949152544,100.0,1.0,2
trafo_2_1291,samples\trafo_2_1291.npz,faulted,trafo,2,29,16,96.61016949152544,100.0,1.0,2
trafo_3_1292,samples\trafo_3_1292.npz,faulted,trafo,3,37,36,97.45762711864408,100.0,1.0,2
trafo_4_1293,samples\trafo_4_1293.npz,faulted,trafo,4,62,58,96.61016949152544,100.0,0.0,2
trafo_5_1294,samples\trafo_5_1294.npz,faulted,trafo,5,63,60,96.61016949152544,100.0,1.0,2
trafo_6_1295,samples\trafo_6_1295.npz,faulted,trafo,6,64,65,97.45762711864408,100.0,1.0,2
trafo_7_1296,samples\trafo_7_1296.npz,faulted,trafo,7,64,67,96.61016949152544,100.0,1.0,2
trafo_8_1297,samples\trafo_8_1297.npz,faulted,trafo,8,67,68,97.45762711864408,100.0,1.0,2
trafo_9_1298,samples\trafo_9_1298.npz,faulted,trafo,9,80,67,97.45762711864408,100.0,1.0,2
trafo_10_1299,samples\trafo_10_1299.npz,faulted,trafo,10,80,79,97.45762711864408,100.0,1.0,2
trafo_11_1300,samples\trafo_11_1300.npz,faulted,trafo,11,86,85,97.45762711864408,100.0,1.0,2
trafo_12_1301,samples\trafo_12_1301.npz,faulted,trafo,12,115,67,96.61016949152544,100.0,1.0,3
line_0_1302,samples\line_0_1302.npz,faulted,line,0,0,1,100.0,100.0,0.0,1
line_1_1303,samples\line_1_1303.npz,faulted,line,1,0,2,100.0,100.0,0.0,1
line_2_1304,samples\line_2_1304.npz,faulted,line,2,3,4,100.0,100.0,0.0,1
line_3_1305,samples\line_3_1305.npz,faulted,line,3,2,4,100.0,100.0,0.0,1
line_4_1306,samples\line_4_1306.npz,faulted,line,4,4,5,99.15254237288136,100.0,1.0,1
line_5_1307,samples\line_5_1307.npz,faulted,line,5,5,6,100.0,100.0,0.0,1
line_6_1308,samples\line_6_1308.npz,faulted,line,6,7,8,100.0,100.0,0.0,2
line_7_1309,samples\line_7_1309.npz,faulted,line,7,8,9,99.15254237288136,100.0,1.0,2
line_8_1310,samples\line_8_1310.npz,faulted,line,8,3,10,100.0,100.0,0.0,1
line_9_1311,samples\line_9_1311.npz,faulted,line,9,4,10,100.0,100.0,0.0,1
line_10_1312,samples\line_10_1312.npz,faulted,line,10,10,11,100.0,100.0,0.0,1
line_11_1313,samples\line_11_1313.npz,faulted,line,11,1,11,100.0,100.0,0.0,1
line_12_1314,samples\line_12_1314.npz,faulted,line,12,2,11,100.0,100.0,0.0,1
line_13_1315,samples\line_13_1315.npz,faulted,line,13,6,11,99.15254237288136,100.0,1.0,1
line_14_1316,samples\line_14_1316.npz,faulted,line,14,10,12,99.15254237288136,100.0,0.0,1
line_15_1317,samples\line_15_1317.npz,faulted,line,15,11,13,99.15254237288136,100.0,0.0,1
line_16_1318,samples\line_16_1318.npz,faulted,line,16,12,14,100.0,100.0,0.0,1
line_17_1319,samples\line_17_1319.npz,faulted,line,17,13,14,100.0,100.0,0.0,1
line_18_1320,samples\line_18_1320.npz,faulted,line,18,11,15,100.0,100.0,0.0,1
line_19_1321,samples\line_19_1321.npz,faulted,line,19,14,16,99.15254237288136,100.0,0.0,1
line_20_1322,samples\line_20_1322.npz,faulted,line,20,15,16,100.0,100.0,0.0,1
line_21_1323,samples\line_21_1323.npz,faulted,line,21,16,17,99.15254237288136,100.0,0.0,1
line_22_1324,samples\line_22_1324.npz,faulted,line,22,17,18,100.0,100.0,0.0,1
line_23_1325,samples\line_23_1325.npz,faulted,line,23,18,19,100.0,100.0,0.0,1
line_24_1326,samples\line_24_1326.npz,faulted,line,24,14,18,100.0,100.0,0.0,1
line_25_1327,samples\line_25_1327.npz,faulted,line,25,19,20,99.15254237288136,100.0,1.0,1
line_26_1328,samples\line_26_1328.npz,faulted,line,26,20,21,100.0,100.0,0.0,1
line_27_1329,samples\line_27_1329.npz,faulted,line,27,21,22,99.15254237288136,100.0,2.0,1
line_28_1330,samples\line_28_1330.npz,faulted,line,28,22,23,99.15254237288136,100.0,1.0,1
line_29_1331,samples\line_29_1331.npz,faulted,line,29,22,24,100.0,100.0,2.0,1
line_30_1332,samples\line_30_1332.npz,faulted,line,30,24,26,100.0,100.0,0.0,1
line_31_1333,samples\line_31_1333.npz,faulted,line,31,26,27,100.0,100.0,-1.0,1
line_32_1334,samples\line_32_1334.npz,faulted,line,32,27,28,99.15254237288136,100.0,0.0,1
line_33_1335,samples\line_33_1335.npz,faulted,line,33,7,29,100.0,100.0,0.0,1
line_34_1336,samples\line_34_1336.npz,faulted,line,34,25,29,100.0,100.0,0.0,1
line_35_1337,samples\line_35_1337.npz,faulted,line,35,16,30,100.0,100.0,0.0,1
line_36_1338,samples\line_36_1338.npz,faulted,line,36,28,30,100.0,100.0,0.0,1
line_37_1339,samples\line_37_1339.npz,faulted,line,37,22,31,100.0,100.0,2.0,1
line_38_1340,samples\line_38_1340.npz,faulted,line,38,30,31,100.0,100.0,0.0,1
line_39_1341,samples\line_39_1341.npz,faulted,line,39,26,31,100.0,100.0,0.0,1
line_40_1342,samples\line_40_1342.npz,faulted,line,40,14,32,100.0,100.0,0.0,1
line_41_1343,samples\line_41_1343.npz,faulted,line,41,18,33,100.0,100.0,0.0,1
line_42_1344,samples\line_42_1344.npz,faulted,line,42,34,35,100.0,100.0,0.0,1
line_43_1345,samples\line_43_1345.npz,faulted,line,43,34,36,99.15254237288136,100.0,1.0,1
line_44_1346,samples\line_44_1346.npz,faulted,line,44,32,36,99.15254237288136,100.0,0.0,1
line_45_1347,samples\line_45_1347.npz,faulted,line,45,33,35,99.15254237288136,100.0,1.0,1
line_46_1348,samples\line_46_1348.npz,faulted,line,46,33,36,100.0,100.0,0.0,1
line_47_1349,samples\line_47_1349.npz,faulted,line,47,36,38,100.0,100.0,0.0,1
line_48_1350,samples\line_48_1350.npz,faulted,line,48,36,39,100.0,100.0,0.0,1
line_49_1351,samples\line_49_1351.npz,faulted,line,49,29,37,100.0,100.0,0.0,1
line_50_1352,samples\line_50_1352.npz,faulted,line,50,38,39,100.0,100.0,0.0,1
line_51_1353,samples\line_51_1353.npz,faulted,line,51,39,40,99.15254237288136,100.0,0.0,1
line_52_1354,samples\line_52_1354.npz,faulted,line,52,39,41,100.0,100.0,0.0,1
line_53_1355,samples\line_53_1355.npz,faulted,line,53,40,41,100.0,100.0,0.0,1
line_54_1356,samples\line_54_1356.npz,faulted,line,54,42,43,100.0,100.0,0.0,1
line_55_1357,samples\line_55_1357.npz,faulted,line,55,33,42,99.15254237288136,100.0,1.0,1
line_56_1358,samples\line_56_1358.npz,faulted,line,56,43,44,99.15254237288136,100.0,1.0,1
line_57_1359,samples\line_57_1359.npz,faulted,line,57,44,45,99.15254237288136,100.0,1.0,1
line_58_1360,samples\line_58_1360.npz,faulted,line,58,45,46,100.0,100.0,0.0,1
line_59_1361,samples\line_59_1361.npz,faulted,line,59,45,47,100.0,100.0,0.0,1
line_60_1362,samples\line_60_1362.npz,faulted,line,60,46,48,99.15254237288136,100.0,1.0,1
line_61_1363,samples\line_61_1363.npz,faulted,line,61,41,48,100.0,100.0,0.0,1
line_62_1364,samples\line_62_1364.npz,faulted,line,62,41,48,100.0,100.0,0.0,1
line_63_1365,samples\line_63_1365.npz,faulted,line,63,44,48,100.0,100.0,1.0,1
line_64_1366,samples\line_64_1366.npz,faulted,line,64,47,48,99.15254237288136,100.0,1.0,1
line_65_1367,samples\line_65_1367.npz,faulted,line,65,48,49,100.0,100.0,0.0,1
line_66_1368,samples\line_66_1368.npz,faulted,line,66,48,50,100.0,100.0,0.0,1
line_67_1369,samples\line_67_1369.npz,faulted,line,67,50,51,100.0,100.0,0.0,1
line_68_1370,samples\line_68_1370.npz,faulted,line,68,51,52,99.15254237288136,100.0,0.0,1
line_69_1371,samples\line_69_1371.npz,faulted,line,69,52,53,100.0,100.0,0.0,1
line_70_1372,samples\line_70_1372.npz,faulted,line,70,48,53,100.0,100.0,0.0,1
line_71_1373,samples\line_71_1373.npz,faulted,line,71,48,53,100.0,100.0,0.0,1
line_72_1374,samples\line_72_1374.npz,faulted,line,72,53,54,100.0,100.0,0.0,1
line_73_1375,samples\line_73_1375.npz,faulted,line,73,53,55,100.0,100.0,0.0,1
line_74_1376,samples\line_74_1376.npz,faulted,line,74,54,55,100.0,100.0,0.0,1
line_75_1377,samples\line_75_1377.npz,faulted,line,75,55,56,100.0,100.0,0.0,2
line_76_1378,samples\line_76_1378.npz,faulted,line,76,49,56,99.15254237288136,100.0,1.0,2
line_77_1379,samples\line_77_1379.npz,faulted,line,77,55,57,100.0,100.0,0.0,1
line_78_1380,samples\line_78_1380.npz,faulted,line,78,50,57,99.15254237288136,100.0,0.0,1
line_79_1381,samples\line_79_1381.npz,faulted,line,79,53,58,100.0,100.0,0.0,1
line_80_1382,samples\line_80_1382.npz,faulted,line,80,55,58,100.0,100.0,0.0,1
line_81_1383,samples\line_81_1383.npz,faulted,line,81,55,58,100.0,100.0,0.0,1
line_82_1384,samples\line_82_1384.npz,faulted,line,82,54,58,99.15254237288136,100.0,0.0,1
line_83_1385,samples\line_83_1385.npz,faulted,line,83,58,59,100.0,100.0,0.0,1
line_84_1386,samples\line_84_1386.npz,faulted,line,84,58,60,100.0,100.0,0.0,1
line_85_1387,samples\line_85_1387.npz,faulted,line,85,59,60,100.0,100.0,0.0,1
line_86_1388,samples\line_86_1388.npz,faulted,line,86,59,61,100.0,100.0,0.0,1
line_87_1389,samples\line_87_1389.npz,faulted,line,87,60,61,100.0,100.0,0.0,1
line_88_1390,samples\line_88_1390.npz,faulted,line,88,62,63,100.0,100.0,0.0,1
line_89_1391,samples\line_89_1391.npz,faulted,line,89,37,64,100.0,100.0,0.0,1
line_90_1392,samples\line_90_1392.npz,faulted,line,90,63,64,100.0,100.0,0.0,1
line_91_1393,samples\line_91_1393.npz,faulted,line,91,48,65,100.0,100.0,0.0,1
line_92_1394,samples\line_92_1394.npz,faulted,line,92,48,65,100.0,100.0,0.0,1
line_93_1395,samples\line_93_1395.npz,faulted,line,93,61,65,100.0,100.0,0.0,1
line_94_1396,samples\line_94_1396.npz,faulted,line,94,61,66,99.15254237288136,100.0,0.0,1
line_95_1397,samples\line_95_1397.npz,faulted,line,95,65,66,100.0,100.0,0.0,1
line_96_1398,samples\line_96_1398.npz,faulted,line,96,46,68,100.0,100.0,0.0,1
line_97_1399,samples\line_97_1399.npz,faulted,line,97,48,68,100.0,100.0,0.0,1
line_98_1400,samples\line_98_1400.npz,faulted,line,98,68,69,100.0,100.0,0.0,1
line_99_1401,samples\line_99_1401.npz,faulted,line,99,23,69,100.0,100.0,0.0,1
line_100_1402,samples\line_100_1402.npz,faulted,line,100,69,70,100.0,100.0,0.0,1
line_101_1403,samples\line_101_1403.npz,faulted,line,101,23,71,100.0,100.0,0.0,1
line_102_1404,samples\line_102_1404.npz,faulted,line,102,70,71,99.15254237288136,100.0,2.0,1
line_103_1405,samples\line_103_1405.npz,faulted,line,103,70,72,99.15254237288136,100.0,2.0,2
line_104_1406,samples\line_104_1406.npz,faulted,line,104,69,73,100.0,100.0,0.0,1
line_105_1407,samples\line_105_1407.npz,faulted,line,105,69,74,100.0,100.0,0.0,1
line_106_1408,samples\line_106_1408.npz,faulted,line,106,68,74,100.0,100.0,0.0,1
line_107_1409,samples\line_107_1409.npz,faulted,line,107,73,74,99.15254237288136,100.0,1.0,1
line_108_1410,samples\line_108_1410.npz,faulted,line,108,75,76,99.15254237288136,100.0,1.0,1
line_109_1411,samples\line_109_1411.npz,faulted,line,109,68,76,100.0,100.0,0.0,1
line_110_1412,samples\line_110_1412.npz,faulted,line,110,74,76,100.0,100.0,1.0,1
line_111_1413,samples\line_111_1413.npz,faulted,line,111,76,77,99.15254237288136,100.0,1.0,1
line_112_1414,samples\line_112_1414.npz,faulted,line,112,77,78,100.0,100.0,0.0,1
line_113_1415,samples\line_113_1415.npz,faulted,line,113,76,79,100.0,100.0,0.0,1
line_114_1416,samples\line_114_1416.npz,faulted,line,114,76,79,100.0,100.0,0.0,1
line_115_1417,samples\line_115_1417.npz,faulted,line,115,78,79,99.15254237288136,100.0,0.0,1
line_116_1418,samples\line_116_1418.npz,faulted,line,116,76,81,99.15254237288136,100.0,1.0,1
line_117_1419,samples\line_117_1419.npz,faulted,line,117,81,82,100.0,100.0,0.0,1
line_118_1420,samples\line_118_1420.npz,faulted,line,118,82,83,100.0,100.0,0.0,1
line_119_1421,samples\line_119_1421.npz,faulted,line,119,82,84,99.15254237288136,100.0,1.0,1
line_120_1422,samples\line_120_1422.npz,faulted,line,120,83,84,99.15254237288136,100.0,1.0,1
line_121_1423,samples\line_121_1423.npz,faulted,line,121,84,85,100.0,100.0,0.0,2
line_122_1424,samples\line_122_1424.npz,faulted,line,122,84,87,100.0,100.0,0.0,1
line_123_1425,samples\line_123_1425.npz,faulted,line,123,84,88,100.0,100.0,0.0,1
line_124_1426,samples\line_124_1426.npz,faulted,line,124,87,88,100.0,100.0,0.0,1
line_125_1427,samples\line_125_1427.npz,faulted,line,125,88,89,100.0,100.0,0.0,1
line_126_1428,samples\line_126_1428.npz,faulted,line,126,88,89,100.0,100.0,0.0,1
line_127_1429,samples\line_127_1429.npz,faulted,line,127,89,90,100.0,100.0,0.0,1
line_128_1430,samples\line_128_1430.npz,faulted,line,128,88,91,100.0,100.0,0.0,1
line_129_1431,samples\line_129_1431.npz,faulted,line,129,88,91,100.0,100.0,0.0,1
line_130_1432,samples\line_130_1432.npz,faulted,line,130,90,91,99.15254237288136,100.0,0.0,1
line_131_1433,samples\line_131_1433.npz,faulted,line,131,91,92,100.0,100.0,0.0,1
line_132_1434,samples\line_132_1434.npz,faulted,line,132,91,93,100.0,100.0,0.0,1
line_133_1435,samples\line_133_1435.npz,faulted,line,133,92,93,100.0,100.0,0.0,1
line_134_1436,samples\line_134_1436.npz,faulted,line,134,93,94,99.15254237288136,100.0,0.0,1
line_135_1437,samples\line_135_1437.npz,faulted,line,135,79,95,100.0,100.0,0.0,1
line_136_1438,samples\line_136_1438.npz,faulted,line,136,81,95,100.0,100.0,0.0,1
line_137_1439,samples\line_137_1439.npz,faulted,line,137,93,95,100.0,100.0,0.0,1
line_138_1440,samples\line_138_1440.npz,faulted,line,138,79,96,99.15254237288136,100.0,0.0,1
line_139_1441,samples\line_139_1441.npz,faulted,line,139,79,97,100.0,100.0,0.0,1
line_140_1442,samples\line_140_1442.npz,faulted,line,140,79,98,100.0,100.0,0.0,1
line_141_1443,samples\line_141_1443.npz,faulted,line,141,91,99,100.0,100.0,1.0,1
line_142_1444,samples\line_142_1444.npz,faulted,line,142,93,99,100.0,100.0,1.0,1
line_143_1445,samples\line_143_1445.npz,faulted,line,143,94,95,100.0,100.0,0.0,1
line_144_1446,samples\line_144_1446.npz,faulted,line,144,95,96,100.0,100.0,0.0,1
line_145_1447,samples\line_145_1447.npz,faulted,line,145,97,99,100.0,100.0,1.0,1
line_146_1448,samples\line_146_1448.npz,faulted,line,146,98,99,100.0,100.0,1.0,1
line_147_1449,samples\line_147_1449.npz,faulted,line,147,99,100,99.15254237288136,100.0,1.0,1
line_148_1450,samples\line_148_1450.npz,faulted,line,148,91,101,99.15254237288136,100.0,0.0,1
line_149_1451,samples\line_149_1451.npz,faulted,line,149,100,101,100.0,100.0,0.0,1
line_150_1452,samples\line_150_1452.npz,faulted,line,150,99,102,100.0,100.0,1.0,1
line_151_1453,samples\line_151_1453.npz,faulted,line,151,99,103,100.0,100.0,1.0,1
line_152_1454,samples\line_152_1454.npz,faulted,line,152,102,103,100.0,100.0,0.0,1
line_153_1455,samples\line_153_1455.npz,faulted,line,153,102,104,100.0,100.0,0.0,1
line_154_1456,samples\line_154_1456.npz,faulted,line,154,99,105,100.0,100.0,1.0,1
line_155_1457,samples\line_155_1457.npz,faulted,line,155,103,104,100.0,100.0,0.0,1
line_156_1458,samples\line_156_1458.npz,faulted,line,156,104,105,100.0,100.0,0.0,1
line_157_1459,samples\line_157_1459.npz,faulted,line,157,104,106,99.15254237288136,100.0,1.0,1
line_158_1460,samples\line_158_1460.npz,faulted,line,158,104,107,99.15254237288136,100.0,1.0,1
line_159_1461,samples\line_159_1461.npz,faulted,line,159,105,106,100.0,100.0,0.0,1
line_160_1462,samples\line_160_1462.npz,faulted,line,160,107,108,100.0,100.0,0.0,1
line_161_1463,samples\line_161_1463.npz,faulted,line,161,102,109,100.0,100.0,0.0,1
line_162_1464,samples\line_162_1464.npz,faulted,line,162,108,109,99.15254237288136,100.0,1.0,1
line_163_1465,samples\line_163_1465.npz,faulted,line,163,109,110,99.15254237288136,100.0,1.0,2
line_164_1466,samples\line_164_1466.npz,faulted,line,164,109,111,99.15254237288136,100.0,1.0,2
line_165_1467,samples\line_165_1467.npz,faulted,line,165,16,112,100.0,100.0,0.0,1
line_166_1468,samples\line_166_1468.npz,faulted,line,166,31,112,100.0,100.0,0.0,1
line_167_1469,samples\line_167_1469.npz,faulted,line,167,31,113,99.15254237288136,100.0,0.0,1
line_168_1470,samples\line_168_1470.npz,faulted,line,168,26,114,99.15254237288136,100.0,-1.0,1
line_169_1471,samples\line_169_1471.npz,faulted,line,169,113,114,100.0,100.0,0.0,1
line_170_1472,samples\line_170_1472.npz,faulted,line,170,11,116,99.15254237288136,100.0,1.0,2
line_171_1473,samples\line_171_1473.npz,faulted,line,171,74,117,99.15254237288136,100.0,1.0,1
line_172_1474,samples\line_172_1474.npz,faulted,line,172,75,117,100.0,100.0,0.0,1
trafo_0_1475,samples\trafo_0_1475.npz,faulted,trafo,0,7,4,100.0,100.0,0.0,1
trafo_1_1476,samples\trafo_1_1476.npz,faulted,trafo,1,25,24,99.15254237288136,100.0,0.0,1
trafo_2_1477,samples\trafo_2_1477.npz,faulted,trafo,2,29,16,99.15254237288136,100.0,0.0,1
trafo_3_1478,samples\trafo_3_1478.npz,faulted,trafo,3,37,36,99.15254237288136,100.0,0.0,1
trafo_4_1479,samples\trafo_4_1479.npz,faulted,trafo,4,62,58,99.15254237288136,100.0,0.0,1
trafo_5_1480,samples\trafo_5_1480.npz,faulted,trafo,5,63,60,99.15254237288136,100.0,0.0,1
trafo_6_1481,samples\trafo_6_1481.npz,faulted,trafo,6,64,65,100.0,100.0,0.0,1
trafo_7_1482,samples\trafo_7_1482.npz,faulted,trafo,7,64,67,99.15254237288136,100.0,1.0,1
trafo_8_1483,samples\trafo_8_1483.npz,faulted,trafo,8,67,68,100.0,100.0,0.0,1
trafo_9_1484,samples\trafo_9_1484.npz,faulted,trafo,9,80,67,100.0,100.0,0.0,1
trafo_10_1485,samples\trafo_10_1485.npz,faulted,trafo,10,80,79,100.0,100.0,0.0,1
trafo_11_1486,samples\trafo_11_1486.npz,faulted,trafo,11,86,85,99.15254237288136,100.0,0.0,2
trafo_12_1487,samples\trafo_12_1487.npz,faulted,trafo,12,115,67,99.15254237288136,100.0,0.0,2
line_0_1488,samples\line_0_1488.npz,faulted,line,0,0,1,99.15254237288136,100.0,0.0,2
line_1_1489,samples\line_1_1489.npz,faulted,line,1,0,2,99.15254237288136,100.0,0.0,2
line_2_1490,samples\line_2_1490.npz,faulted,line,2,3,4,99.15254237288136,100.0,0.0,2
line_3_1491,samples\line_3_1491.npz,faulted,line,3,2,4,99.15254237288136,100.0,0.0,2
line_4_1492,samples\line_4_1492.npz,faulted,line,4,4,5,98.30508474576273,100.0,1.0,2
line_5_1493,samples\line_5_1493.npz,faulted,line,5,5,6,99.15254237288136,100.0,0.0,2
line_6_1494,samples\line_6_1494.npz,faulted,line,6,7,8,99.15254237288136,100.0,0.0,3
line_7_1495,samples\line_7_1495.npz,faulted,line,7,8,9,98.30508474576273,100.0,1.0,3
line_8_1496,samples\line_8_1496.npz,faulted,line,8,3,10,99.15254237288136,100.0,0.0,2
line_9_1497,samples\line_9_1497.npz,faulted,line,9,4,10,99.15254237288136,100.0,0.0,2
line_10_1498,samples\line_10_1498.npz,faulted,line,10,10,11,99.15254237288136,100.0,0.0,2
line_11_1499,samples\line_11_1499.npz,faulted,line,11,1,11,99.15254237288136,100.0,0.0,2
line_12_1500,samples\line_12_1500.npz,faulted,line,12,2,11,99.15254237288136,100.0,0.0,2
line_13_1501,samples\line_13_1501.npz,faulted,line,13,6,11,98.30508474576273,100.0,1.0,2
line_14_1502,samples\line_14_1502.npz,faulted,line,14,10,12,98.30508474576273,100.0,0.0,2
line_15_1503,samples\line_15_1503.npz,faulted,line,15,11,13,98.30508474576273,100.0,0.0,2
line_16_1504,samples\line_16_1504.npz,faulted,line,16,12,14,99.15254237288136,100.0,0.0,2
line_17_1505,samples\line_17_1505.npz,faulted,line,17,13,14,99.15254237288136,100.0,0.0,2
line_18_1506,samples\line_18_1506.npz,faulted,line,18,11,15,99.15254237288136,100.0,0.0,2
line_19_1507,samples\line_19_1507.npz,faulted,line,19,14,16,98.30508474576273,100.0,0.0,2
line_20_1508,samples\line_20_1508.npz,faulted,line,20,15,16,99.15254237288136,100.0,0.0,2
line_21_1509,samples\line_21_1509.npz,faulted,line,21,16,17,98.30508474576273,100.0,0.0,2
line_22_1510,samples\line_22_1510.npz,faulted,line,22,17,18,99.15254237288136,100.0,0.0,2
line_23_1511,samples\line_23_1511.npz,faulted,line,23,18,19,99.15254237288136,100.0,0.0,2
line_24_1512,samples\line_24_1512.npz,faulted,line,24,14,18,99.15254237288136,100.0,0.0,2
line_25_1513,samples\line_25_1513.npz,faulted,line,25,19,20,98.30508474576273,100.0,1.0,2
line_26_1514,samples\line_26_1514.npz,faulted,line,26,20,21,99.15254237288136,100.0,0.0,2
line_27_1515,samples\line_27_1515.npz,faulted,line,27,21,22,98.30508474576273,100.0,1.0,2
line_28_1516,samples\line_28_1516.npz,faulted,line,28,22,23,98.30508474576273,100.0,0.0,2
line_29_1517,samples\line_29_1517.npz,faulted,line,29,22,24,99.15254237288136,100.0,1.0,2
line_30_1518,samples\line_30_1518.npz,faulted,line,30,24,26,99.15254237288136,100.0,0.0,2
line_31_1519,samples\line_31_1519.npz,faulted,line,31,26,27,99.15254237288136,100.0,-1.0,2
line_32_1520,samples\line_32_1520.npz,faulted,line,32,27,28,98.30508474576273,100.0,0.0,2
line_33_1521,samples\line_33_1521.npz,faulted,line,33,7,29,99.15254237288136,100.0,0.0,2
line_34_1522,samples\line_34_1522.npz,faulted,line,34,25,29,99.15254237288136,100.0,0.0,2
line_35_1523,samples\line_35_1523.npz,faulted,line,35,16,30,99.15254237288136,100.0,0.0,2
line_36_1524,samples\line_36_1524.npz,faulted,line,36,28,30,99.15254237288136,100.0,0.0,2
line_37_1525,samples\line_37_1525.npz,faulted,line,37,22,31,99.15254237288136,100.0,1.0,2
line_38_1526,samples\line_38_1526.npz,faulted,line,38,30,31,99.15254237288136,100.0,0.0,2
line_39_1527,samples\line_39_1527.npz,faulted,line,39,26,31,99.15254237288136,100.0,0.0,2
line_40_1528,samples\line_40_1528.npz,faulted,line,40,14,32,99.15254237288136,100.0,0.0,2
line_41_1529,samples\line_41_1529.npz,faulted,line,41,18,33,99.15254237288136,100.0,0.0,2
line_42_1530,samples\line_42_1530.npz,faulted,line,42,34,35,99.15254237288136,100.0,0.0,2
line_43_1531,samples\line_43_1531.npz,faulted,line,43,34,36,98.30508474576273,100.0,1.0,2
line_44_1532,samples\line_44_1532.npz,faulted,line,44,32,36,98.30508474576273,100.0,0.0,2
line_45_1533,samples\line_45_1533.npz,faulted,line,45,33,35,98.30508474576273,100.0,2.0,2
line_46_1534,samples\line_46_1534.npz,faulted,line,46,33,36,99.15254237288136,100.0,0.0,2
line_47_1535,samples\line_47_1535.npz,faulted,line,47,36,38,99.15254237288136,100.0,0.0,2
line_48_1536,samples\line_48_1536.npz,faulted,line,48,36,39,99.15254237288136,100.0,0.0,2
line_49_1537,samples\line_49_1537.npz,faulted,line,49,29,37,99.15254237288136,100.0,0.0,2
line_50_1538,samples\line_50_1538.npz,faulted,line,50,38,39,99.15254237288136,100.0,0.0,2
line_51_1539,samples\line_51_1539.npz,faulted,line,51,39,40,98.30508474576273,100.0,0.0,2
line_52_1540,samples\line_52_1540.npz,faulted,line,52,39,41,99.15254237288136,100.0,0.0,2
line_53_1541,samples\line_53_1541.npz,faulted,line,53,40,41,99.15254237288136,100.0,0.0,2
line_54_1542,samples\line_54_1542.npz,faulted,line,54,42,43,99.15254237288136,100.0,0.0,2
line_55_1543,samples\line_55_1543.npz,faulted,line,55,33,42,98.30508474576273,100.0,2.0,2
line_56_1544,samples\line_56_1544.npz,faulted,line,56,43,44,98.30508474576273,100.0,1.0,2
line_57_1545,samples\line_57_1545.npz,faulted,line,57,44,45,98.30508474576273,100.0,1.0,2
line_58_1546,samples\line_58_1546.npz,faulted,line,58,45,46,99.15254237288136,100.0,0.0,2
line_59_1547,samples\line_59_1547.npz,faulted,line,59,45,47,99.15254237288136,100.0,0.0,2
line_60_1548,samples\line_60_1548.npz,faulted,line,60,46,48,98.30508474576273,100.0,1.0,2
line_61_1549,samples\line_61_1549.npz,faulted,line,61,41,48,99.15254237288136,100.0,0.0,2
line_62_1550,samples\line_62_1550.npz,faulted,line,62,41,48,99.15254237288136,100.0,0.0,2
line_63_1551,samples\line_63_1551.npz,faulted,line,63,44,48,99.15254237288136,100.0,0.0,2
line_64_1552,samples\line_64_1552.npz,faulted,line,64,47,48,98.30508474576273,100.0,1.0,2
line_65_1553,samples\line_65_1553.npz,faulted,line,65,48,49,99.15254237288136,100.0,0.0,2
line_66_1554,samples\line_66_1554.npz,faulted,line,66,48,50,99.15254237288136,100.0,0.0,2
line_67_1555,samples\line_67_1555.npz,faulted,line,67,50,51,99.15254237288136,100.0,-1.0,2
line_68_1556,samples\line_68_1556.npz,faulted,line,68,51,52,98.30508474576273,100.0,0.0,2
line_69_1557,samples\line_69_1557.npz,faulted,line,69,52,53,99.15254237288136,100.0,0.0,2
line_70_1558,samples\line_70_1558.npz,faulted,line,70,48,53,99.15254237288136,100.0,0.0,2
line_71_1559,samples\line_71_1559.npz,faulted,line,71,48,53,99.15254237288136,100.0,0.0,2
line_72_1560,samples\line_72_1560.npz,faulted,line,72,53,54,99.15254237288136,100.0,0.0,2
line_73_1561,samples\line_73_1561.npz,faulted,line,73,53,55,99.15254237288136,100.0,0.0,2
line_74_1562,samples\line_74_1562.npz,faulted,line,74,54,55,99.15254237288136,100.0,0.0,2
line_75_1563,samples\line_75_1563.npz,faulted,line,75,55,56,99.15254237288136,100.0,0.0,2
line_76_1564,samples\line_76_1564.npz,faulted,line,76,49,56,98.30508474576273,100.0,0.0,2
line_77_1565,samples\line_77_1565.npz,faulted,line,77,55,57,99.15254237288136,100.0,0.0,2
line_78_1566,samples\line_78_1566.npz,faulted,line,78,50,57,98.30508474576273,100.0,-1.0,2
line_79_1567,samples\line_79_1567.npz,faulted,line,79,53,58,99.15254237288136,100.0,0.0,2
line_80_1568,samples\line_80_1568.npz,faulted,line,80,55,58,99.15254237288136,100.0,0.0,2
line_81_1569,samples\line_81_1569.npz,faulted,line,81,55,58,99.15254237288136,100.0,0.0,2
line_82_1570,samples\line_82_1570.npz,faulted,line,82,54,58,98.30508474576273,100.0,-1.0,2
line_83_1571,samples\line_83_1571.npz,faulted,line,83,58,59,99.15254237288136,100.0,-1.0,2
line_84_1572,samples\line_84_1572.npz,faulted,line,84,58,60,99.15254237288136,100.0,-1.0,2
line_85_1573,samples\line_85_1573.npz,faulted,line,85,59,60,99.15254237288136,100.0,0.0,2
line_86_1574,samples\line_86_1574.npz,faulted,line,86,59,61,99.15254237288136,100.0,0.0,2
line_87_1575,samples\line_87_1575.npz,faulted,line,87,60,61,99.15254237288136,100.0,0.0,2
line_88_1576,samples\line_88_1576.npz,faulted,line,88,62,63,99.15254237288136,100.0,0.0,2
line_89_1577,samples\line_89_1577.npz,faulted,line,89,37,64,99.15254237288136,100.0,0.0,2
line_90_1578,samples\line_90_1578.npz,faulted,line,90,63,64,99.15254237288136,100.0,0.0,2
line_91_1579,samples\line_91_1579.npz,faulted,line,91,48,65,99.15254237288136,100.0,0.0,2
line_92_1580,samples\line_92_1580.npz,faulted,line,92,48,65,99.15254237288136,100.0,0.0,2
line_93_1581,samples\line_93_1581.npz,faulted,line,93,61,65,99.15254237288136,100.0,0.0,2
line_94_1582,samples\line_94_1582.npz,faulted,line,94,61,66,98.30508474576273,100.0,0.0,2
line_95_1583,samples\line_95_1583.npz,faulted,line,95,65,66,99.15254237288136,100.0,0.0,2
line_96_1584,samples\line_96_1584.npz,faulted,line,96,46,68,99.15254237288136,100.0,0.0,2
line_97_1585,samples\line_97_1585.npz,faulted,line,97,48,68,99.15254237288136,100.0,0.0,2
line_98_1586,samples\line_98_1586.npz,faulted,line,98,68,69,99.15254237288136,100.0,0.0,2
line_99_1587,samples\line_99_1587.npz,faulted,line,99,23,69,99.15254237288136,100.0,0.0,2
line_100_1588,samples\line_100_1588.npz,faulted,line,100,69,70,99.15254237288136,100.0,0.0,2
line_101_1589,samples\line_101_1589.npz,faulted,line,101,23,71,99.15254237288136,100.0,0.0,2
line_102_1590,samples\line_102_1590.npz,faulted,line,102,70,71,98.30508474576273,100.0,2.0,2
line_103_1591,samples\line_103_1591.npz,faulted,line,103,70,72,98.30508474576273,100.0,2.0,3
line_104_1592,samples\line_104_1592.npz,faulted,line,104,69,73,99.15254237288136,100.0,0.0,2
line_105_1593,samples\line_105_1593.npz,faulted,line,105,69,74,99.15254237288136,100.0,0.0,2
line_106_1594,samples\line_106_1594.npz,faulted,line,106,68,74,99.15254237288136,100.0,0.0,2
line_107_1595,samples\line_107_1595.npz,faulted,line,107,73,74,98.30508474576273,100.0,1.0,2
line_108_1596,samples\line_108_1596.npz,faulted,line,108,75,76,98.30508474576273,100.0,1.0,2
line_109_1597,samples\line_109_1597.npz,faulted,line,109,68,76,99.15254237288136,100.0,0.0,2
line_110_1598,samples\line_110_1598.npz,faulted,line,110,74,76,99.15254237288136,100.0,1.0,2
line_111_1599,samples\line_111_1599.npz,faulted,line,111,76,77,98.30508474576273,100.0,1.0,2
line_112_1600,samples\line_112_1600.npz,faulted,line,112,77,78,99.15254237288136,100.0,0.0,2
line_113_1601,samples\line_113_1601.npz,faulted,line,113,76,79,99.15254237288136,100.0,0.0,2
line_114_1602,samples\line_114_1602.npz,faulted,line,114,76,79,99.15254237288136,100.0,0.0,2
line_115_1603,samples\line_115_1603.npz,faulted,line,115,78,79,98.30508474576273,100.0,0.0,2
line_116_1604,samples\line_116_1604.npz,faulted,line,116,76,81,98.30508474576273,100.0,1.0,2
line_117_1605,samples\line_117_1605.npz,faulted,line,117,81,82,99.15254237288136,100.0,0.0,2
line_118_1606,samples\line_118_1606.npz,faulted,line,118,82,83,99.15254237288136,100.0,0.0,2
line_119_1607,samples\line_119_1607.npz,faulted,line,119,82,84,98.30508474576273,100.0,1.0,2
line_120_1608,samples\line_120_1608.npz,faulted,line,120,83,84,98.30508474576273,100.0,1.0,2
line_121_1609,samples\line_121_1609.npz,faulted,line,121,84,85,99.15254237288136,100.0,1.0,3
line_122_1610,samples\line_122_1610.npz,faulted,line,122,84,87,99.15254237288136,100.0,0.0,2
line_123_1611,samples\line_123_1611.npz,faulted,line,123,84,88,99.15254237288136,100.0,0.0,2
line_124_1612,samples\line_124_1612.npz,faulted,line,124,87,88,99.15254237288136,100.0,0.0,2
line_125_1613,samples\line_125_1613.npz,faulted,line,125,88,89,99.15254237288136,100.0,0.0,2
line_126_1614,samples\line_126_1614.npz,faulted,line,126,88,89,99.15254237288136,100.0,0.0,2
line_127_1615,samples\line_127_1615.npz,faulted,line,127,89,90,99.15254237288136,100.0,0.0,2
line_128_1616,samples\line_128_1616.npz,faulted,line,128,88,91,99.15254237288136,100.0,0.0,2
line_129_1617,samples\line_129_1617.npz,faulted,line,129,88,91,99.15254237288136,100.0,0.0,2
line_130_1618,samples\line_130_1618.npz,faulted,line,130,90,91,98.30508474576273,100.0,0.0,2
line_131_1619,samples\line_131_1619.npz,faulted,line,131,91,92,99.15254237288136,100.0,0.0,2
line_132_1620,samples\line_132_1620.npz,faulted,line,132,91,93,99.15254237288136,100.0,0.0,2
line_133_1621,samples\line_133_1621.npz,faulted,line,133,92,93,99.15254237288136,100.0,0.0,2
line_134_1622,samples\line_134_1622.npz,faulted,line,134,93,94,98.30508474576273,100.0,0.0,2
line_135_1623,samples\line_135_1623.npz,faulted,line,135,79,95,99.15254237288136,100.0,0.0,2
line_136_1624,samples\line_136_1624.npz,faulted,line,136,81,95,99.15254237288136,100.0,0.0,2
line_137_1625,samples\line_137_1625.npz,faulted,line,137,93,95,99.15254237288136,100.0,0.0,2
line_138_1626,samples\line_138_1626.npz,faulted,line,138,79,96,98.30508474576273,100.0,0.0,2
line_139_1627,samples\line_139_1627.npz,faulted,line,139,79,97,99.15254237288136,100.0,0.0,2
line_140_1628,samples\line_140_1628.npz,faulted,line,140,79,98,99.15254237288136,100.0,0.0,2
line_141_1629,samples\line_141_1629.npz,faulted,line,141,91,99,99.15254237288136,100.0,1.0,2
line_142_1630,samples\line_142_1630.npz,faulted,line,142,93,99,99.15254237288136,100.0,1.0,2
line_143_1631,samples\line_143_1631.npz,faulted,line,143,94,95,99.15254237288136,100.0,0.0,2
line_144_1632,samples\line_144_1632.npz,faulted,line,144,95,96,99.15254237288136,100.0,0.0,2
line_145_1633,samples\line_145_1633.npz,faulted,line,145,97,99,99.15254237288136,100.0,1.0,2
line_146_1634,samples\line_146_1634.npz,faulted,line,146,98,99,99.15254237288136,100.0,1.0,2
line_147_1635,samples\line_147_1635.npz,faulted,line,147,99,100,98.30508474576273,100.0,1.0,2
line_148_1636,samples\line_148_1636.npz,faulted,line,148,91,101,98.30508474576273,100.0,0.0,2
line_149_1637,samples\line_149_1637.npz,faulted,line,149,100,101,99.15254237288136,100.0,0.0,2
line_150_1638,samples\line_150_1638.npz,faulted,line,150,99,102,99.15254237288136,100.0,1.0,2
line_151_1639,samples\line_151_1639.npz,faulted,line,151,99,103,99.15254237288136,100.0,1.0,2
line_152_1640,samples\line_152_1640.npz,faulted,line,152,102,103,99.15254237288136,100.0,0.0,2
line_153_1641,samples\line_153_1641.npz,faulted,line,153,102,104,99.15254237288136,100.0,0.0,2
line_154_1642,samples\line_154_1642.npz,faulted,line,154,99,105,99.15254237288136,100.0,1.0,2
line_155_1643,samples\line_155_1643.npz,faulted,line,155,103,104,99.15254237288136,100.0,0.0,2
line_156_1644,samples\line_156_1644.npz,faulted,line,156,104,105,99.15254237288136,100.0,0.0,2
line_157_1645,samples\line_157_1645.npz,faulted,line,157,104,106,98.30508474576273,100.0,1.0,2
line_158_1646,samples\line_158_1646.npz,faulted,line,158,104,107,98.30508474576273,100.0,1.0,2
line_159_1647,samples\line_159_1647.npz,faulted,line,159,105,106,99.15254237288136,100.0,0.0,2
line_160_1648,samples\line_160_1648.npz,faulted,line,160,107,108,99.15254237288136,100.0,0.0,2
line_161_1649,samples\line_161_1649.npz,faulted,line,161,102,109,99.15254237288136,100.0,0.0,2
line_162_1650,samples\line_162_1650.npz,faulted,line,162,108,109,98.30508474576273,100.0,1.0,2
line_163_1651,samples\line_163_1651.npz,faulted,line,163,109,110,98.30508474576273,100.0,1.0,3
line_164_1652,samples\line_164_1652.npz,faulted,line,164,109,111,98.30508474576273,100.0,1.0,3
line_165_1653,samples\line_165_1653.npz,faulted,line,165,16,112,99.15254237288136,100.0,0.0,2
line_166_1654,samples\line_166_1654.npz,faulted,line,166,31,112,99.15254237288136,100.0,0.0,2
line_167_1655,samples\line_167_1655.npz,faulted,line,167,31,113,98.30508474576273,100.0,0.0,2
line_168_1656,samples\line_168_1656.npz,faulted,line,168,26,114,98.30508474576273,100.0,-1.0,2
line_169_1657,samples\line_169_1657.npz,faulted,line,169,113,114,99.15254237288136,100.0,0.0,2
line_170_1658,samples\line_170_1658.npz,faulted,line,170,11,116,98.30508474576273,100.0,1.0,3
line_171_1659,samples\line_171_1659.npz,faulted,line,171,74,117,98.30508474576273,100.0,1.0,2
line_172_1660,samples\line_172_1660.npz,faulted,line,172,75,117,99.15254237288136,100.0,0.0,2
trafo_0_1661,samples\trafo_0_1661.npz,faulted,trafo,0,7,4,99.15254237288136,100.0,0.0,2
trafo_1_1662,samples\trafo_1_1662.npz,faulted,trafo,1,25,24,98.30508474576273,100.0,0.0,2
trafo_2_1663,samples\trafo_2_1663.npz,faulted,trafo,2,29,16,98.30508474576273,100.0,0.0,2
trafo_3_1664,samples\trafo_3_1664.npz,faulted,trafo,3,37,36,98.30508474576273,100.0,0.0,2
trafo_4_1665,samples\trafo_4_1665.npz,faulted,trafo,4,62,58,98.30508474576273,100.0,-1.0,2
trafo_5_1666,samples\trafo_5_1666.npz,faulted,trafo,5,63,60,98.30508474576273,100.0,0.0,2
trafo_6_1667,samples\trafo_6_1667.npz,faulted,trafo,6,64,65,99.15254237288136,100.0,0.0,2
trafo_7_1668,samples\trafo_7_1668.npz,faulted,trafo,7,64,67,98.30508474576273,100.0,0.0,2
trafo_8_1669,samples\trafo_8_1669.npz,faulted,trafo,8,67,68,99.15254237288136,100.0,0.0,2
trafo_9_1670,samples\trafo_9_1670.npz,faulted,trafo,9,80,67,99.15254237288136,100.0,0.0,2
trafo_10_1671,samples\trafo_10_1671.npz,faulted,trafo,10,80,79,99.15254237288136,100.0,0.0,2
trafo_11_1672,samples\trafo_11_1672.npz,faulted,trafo,11,86,85,99.15254237288136,100.0,0.0,2
trafo_12_1673,samples\trafo_12_1673.npz,faulted,trafo,12,115,67,98.30508474576273,100.0,0.0,3
line_0_1674,samples\line_0_1674.npz,faulted,line,0,0,1,97.45762711864408,100.0,0.0,1
line_1_1675,samples\line_1_1675.npz,faulted,line,1,0,2,97.45762711864408,100.0,0.0,1
line_2_1676,samples\line_2_1676.npz,faulted,line,2,3,4,97.45762711864408,100.0,2.0,1
line_3_1677,samples\line_3_1677.npz,faulted,line,3,2,4,97.45762711864408,100.0,0.0,1
line_4_1678,samples\line_4_1678.npz,faulted,line,4,4,5,96.61016949152544,100.0,2.0,1
line_5_1679,samples\line_5_1679.npz,faulted,line,5,5,6,97.45762711864408,100.0,0.0,1
line_6_1680,samples\line_6_1680.npz,faulted,line,6,7,8,97.45762711864408,100.0,0.0,2
line_7_1681,samples\line_7_1681.npz,faulted,line,7,8,9,96.61016949152544,100.0,1.0,2
line_8_1682,samples\line_8_1682.npz,faulted,line,8,3,10,97.45762711864408,100.0,0.0,1
line_9_1683,samples\line_9_1683.npz,faulted,line,9,4,10,97.45762711864408,100.0,0.0,1
line_10_1684,samples\line_10_1684.npz,faulted,line,10,10,11,97.45762711864408,100.0,0.0,1
line_11_1685,samples\line_11_1685.npz,faulted,line,11,1,11,97.45762711864408,100.0,0.0,1
line_12_1686,samples\line_12_1686.npz,faulted,line,12,2,11,97.45762711864408,100.0,0.0,1
line_13_1687,samples\line_13_1687.npz,faulted,line,13,6,11,96.61016949152544,100.0,1.0,1
line_14_1688,samples\line_14_1688.npz,faulted,line,14,10,12,96.61016949152544,100.0,0.0,1
line_15_1689,samples\line_15_1689.npz,faulted,line,15,11,13,96.61016949152544,100.0,0.0,1
line_16_1690,samples\line_16_1690.npz,faulted,line,16,12,14,97.45762711864408,100.0,0.0,1
line_17_1691,samples\line_17_1691.npz,faulted,line,17,13,14,97.45762711864408,100.0,0.0,1
line_18_1692,samples\line_18_1692.npz,faulted,line,18,11,15,97.45762711864408,100.0,1.0,1
line_19_1693,samples\line_19_1693.npz,faulted,line,19,14,16,96.61016949152544,100.0,0.0,1
line_20_1694,samples\line_20_1694.npz,faulted,line,20,15,16,97.45762711864408,100.0,0.0,1
line_21_1695,samples\line_21_1695.npz,faulted,line,21,16,17,96.61016949152544,100.0,0.0,1
line_22_1696,samples\line_22_1696.npz,faulted,line,22,17,18,97.45762711864408,100.0,1.0,1
line_23_1697,samples\line_23_1697.npz,faulted,line,23,18,19,97.45762711864408,100.0,1.0,2
line_24_1698,samples\line_24_1698.npz,faulted,line,24,14,18,97.45762711864408,100.0,0.0,1
line_25_1699,samples\line_25_1699.npz,faulted,line,25,19,20,97.45762711864408,100.0,0.0,1
line_26_1700,samples\line_26_1700.npz,faulted,line,26,20,21,97.45762711864408,100.0,1.0,2
line_27_1701,samples\line_27_1701.npz,faulted,line,27,21,22,96.61016949152544,100.0,0.0,2
line_28_1702,samples\line_28_1702.npz,faulted,line,28,22,23,96.61016949152544,100.0,0.0,1
line_29_1703,samples\line_29_1703.npz,faulted,line,29,22,24,97.45762711864408,100.0,0.0,1
line_30_1704,samples\line_30_1704.npz,faulted,line,30,24,26,97.45762711864408,100.0,0.0,1
line_31_1705,samples\line_31_1705.npz,faulted,line,31,26,27,97.45762711864408,100.0,0.0,1
line_32_1706,samples\line_32_1706.npz,faulted,line,32,27,28,96.61016949152544,100.0,0.0,1
line_33_1707,samples\line_33_1707.npz,faulted,line,33,7,29,97.45762711864408,100.0,0.0,1
line_34_1708,samples\line_34_1708.npz,faulted,line,34,25,29,97.45762711864408,100.0,1.0,1
line_35_1709,samples\line_35_1709.npz,faulted,line,35,16,30,97.45762711864408,100.0,0.0,1
line_36_1710,samples\line_36_1710.npz,faulted,line,36,28,30,97.45762711864408,100.0,0.0,1
line_37_1711,samples\line_37_1711.npz,faulted,line,37,22,31,97.45762711864408,100.0,2.0,1
line_38_1712,samples\line_38_1712.npz,faulted,line,38,30,31,97.45762711864408,100.0,2.0,1
line_39_1713,samples\line_39_1713.npz,faulted,line,39,26,31,97.45762711864408,100.0,1.0,1
line_40_1714,samples\line_40_1714.npz,faulted,line,40,14,32,97.45762711864408,100.0,0.0,1
line_41_1715,samples\line_41_1715.npz,faulted,line,41,18,33,97.45762711864408,100.0,0.0,1
line_42_1716,samples\line_42_1716.npz,faulted,line,42,34,35,97.45762711864408,100.0,0.0,1
line_43_1717,samples\line_43_1717.npz,faulted,line,43,34,36,96.61016949152544,100.0,0.0,1
line_44_1718,samples\line_44_1718.npz,faulted,line,44,32,36,96.61016949152544,100.0,0.0,1
line_45_1719,samples\line_45_1719.npz,faulted,line,45,33,35,96.61016949152544,100.0,1.0,1
line_46_1720,samples\line_46_1720.npz,faulted,line,46,33,36,97.45762711864408,100.0,0.0,1
line_47_1721,samples\line_47_1721.npz,faulted,line,47,36,38,97.45762711864408,100.0,0.0,1
line_48_1722,samples\line_48_1722.npz,faulted,line,48,36,39,97.45762711864408,100.0,0.0,1
line_49_1723,samples\line_49_1723.npz,faulted,line,49,29,37,97.45762711864408,100.0,0.0,1
line_50_1724,samples\line_50_1724.npz,faulted,line,50,38,39,97.45762711864408,100.0,0.0,1
line_51_1725,samples\line_51_1725.npz,faulted,line,51,39,40,96.61016949152544,100.0,0.0,1
line_52_1726,samples\line_52_1726.npz,faulted,line,52,39,41,97.45762711864408,100.0,0.0,1
line_53_1727,samples\line_53_1727.npz,faulted,line,53,40,41,97.45762711864408,100.0,0.0,1
line_54_1728,samples\line_54_1728.npz,faulted,line,54,42,43,97.45762711864408,100.0,0.0,1
line_55_1729,samples\line_55_1729.npz,faulted,line,55,33,42,96.61016949152544,100.0,1.0,1
line_56_1730,samples\line_56_1730.npz,faulted,line,56,43,44,96.61016949152544,100.0,1.0,1
line_57_1731,samples\line_57_1731.npz,faulted,line,57,44,45,96.61016949152544,100.0,1.0,1
line_58_1732,samples\line_58_1732.npz,faulted,line,58,45,46,97.45762711864408,100.0,0.0,1
line_59_1733,samples\line_59_1733.npz,faulted,line,59,45,47,97.45762711864408,100.0,0.0,1
line_60_1734,samples\line_60_1734.npz,faulted,line,60,46,48,96.61016949152544,100.0,1.0,1
line_61_1735,samples\line_61_1735.npz,faulted,line,61,41,48,97.45762711864408,100.0,0.0,1
line_62_1736,samples\line_62_1736.npz,faulted,line,62,41,48,97.45762711864408,100.0,0.0,1
line_63_1737,samples\line_63_1737.npz,faulted,line,63,44,48,97.45762711864408,100.0,1.0,1
line_64_1738,samples\line_64_1738.npz,faulted,line,64,47,48,96.61016949152544,100.0,1.0,1
line_65_1739,samples\line_65_1739.npz,faulted,line,65,48,49,97.45762711864408,100.0,0.0,1
line_66_1740,samples\line_66_1740.npz,faulted,line,66,48,50,97.45762711864408,100.0,0.0,1
line_67_1741,samples\line_67_1741.npz,faulted,line,67,50,51,97.45762711864408,100.0,-1.0,1
line_68_1742,samples\line_68_1742.npz,faulted,line,68,51,52,96.61016949152544,100.0,0.0,1
line_69_1743,samples\line_69_1743.npz,faulted,line,69,52,53,97.45762711864408,100.0,0.0,1
line_70_1744,samples\line_70_1744.npz,faulted,line,70,48,53,97.45762711864408,100.0,0.0,1
line_71_1745,samples\line_71_1745.npz,faulted,line,71,48,53,97.45762711864408,100.0,0.0,1
line_72_1746,samples\line_72_1746.npz,faulted,line,72,53,54,97.45762711864408,100.0,0.0,1
line_73_1747,samples\line_73_1747.npz,faulted,line,73,53,55,97.45762711864408,100.0,0.0,1
line_74_1748,samples\line_74_1748.npz,faulted,line,74,54,55,97.45762711864408,100.0,0.0,1
line_75_1749,samples\line_75_1749.npz,faulted,line,75,55,56,97.45762711864408,100.0,0.0,1
line_76_1750,samples\line_76_1750.npz,faulted,line,76,49,56,96.61016949152544,100.0,0.0,1
line_77_1751,samples\line_77_1751.npz,faulted,line,77,55,57,97.45762711864408,100.0,0.0,1
line_78_1752,samples\line_78_1752.npz,faulted,line,78,50,57,96.61016949152544,100.0,-1.0,1
line_79_1753,samples\line_79_1753.npz,faulted,line,79,53,58,97.45762711864408,100.0,0.0,1
line_80_1754,samples\line_80_1754.npz,faulted,line,80,55,58,97.45762711864408,100.0,0.0,1
line_81_1755,samples\line_81_1755.npz,faulted,line,81,55,58,97.45762711864408,100.0,0.0,1
line_82_1756,samples\line_82_1756.npz,faulted,line,82,54,58,96.61016949152544,100.0,0.0,1
line_83_1757,samples\line_83_1757.npz,faulted,line,83,58,59,97.45762711864408,100.0,0.0,1
line_84_1758,samples\line_84_1758.npz,faulted,line,84,58,60,97.45762711864408,100.0,0.0,1
line_85_1759,samples\line_85_1759.npz,faulted,line,85,59,60,97.45762711864408,100.0,0.0,1
line_86_1760,samples\line_86_1760.npz,faulted,line,86,59,61,97.45762711864408,100.0,0.0,1
line_87_1761,samples\line_87_1761.npz,faulted,line,87,60,61,97.45762711864408,100.0,0.0,1
line_88_1762,samples\line_88_1762.npz,faulted,line,88,62,63,97.45762711864408,100.0,0.0,1
line_89_1763,samples\line_89_1763.npz,faulted,line,89,37,64,97.45762711864408,100.0,1.0,1
line_90_1764,samples\line_90_1764.npz,faulted,line,90,63,64,97.45762711864408,100.0,1.0,1
line_91_1765,samples\line_91_1765.npz,faulted,line,91,48,65,97.45762711864408,100.0,0.0,1
line_92_1766,samples\line_92_1766.npz,faulted,line,92,48,65,97.45762711864408,100.0,0.0,1
line_93_1767,samples\line_93_1767.npz,faulted,line,93,61,65,97.45762711864408,100.0,0.0,1
line_94_1768,samples\line_94_1768.npz,faulted,line,94,61,66,96.61016949152544,100.0,0.0,1
line_95_1769,samples\line_95_1769.npz,faulted,line,95,65,66,97.45762711864408,100.0,0.0,1
line_96_1770,samples\line_96_1770.npz,faulted,line,96,46,68,97.45762711864408,100.0,0.0,1
line_97_1771,samples\line_97_1771.npz,faulted,line,97,48,68,97.45762711864408,100.0,0.0,1
line_98_1772,samples\line_98_1772.npz,faulted,line,98,68,69,97.45762711864408,100.0,0.0,1
line_99_1773,samples\line_99_1773.npz,faulted,line,99,23,69,97.45762711864408,100.0,1.0,1
line_100_1774,samples\line_100_1774.npz,faulted,line,100,69,70,97.45762711864408,100.0,1.0,1
line_101_1775,samples\line_101_1775.npz,faulted,line,101,23,71,97.45762711864408,100.0,0.0,1
line_102_1776,samples\line_102_1776.npz,faulted,line,102,70,71,96.61016949152544,100.0,1.0,1
line_103_1777,samples\line_103_1777.npz,faulted,line,103,70,72,96.61016949152544,100.0,1.0,2
line_104_1778,samples\line_104_1778.npz,faulted,line,104,69,73,97.45762711864408,100.0,1.0,1
line_105_1779,samples\line_105_1779.npz,faulted,line,105,69,74,97.45762711864408,100.0,0.0,1
line_106_1780,samples\line_106_1780.npz,faulted,line,106,68,74,97.45762711864408,100.0,0.0,1
line_107_1781,samples\line_107_1781.npz,faulted,line,107,73,74,96.61016949152544,100.0,0.0,1
line_108_1782,samples\line_108_1782.npz,faulted,line,108,75,76,96.61016949152544,100.0,0.0,1
line_109_1783,samples\line_109_1783.npz,faulted,line,109,68,76,97.45762711864408,100.0,0.0,1
line_110_1784,samples\line_110_1784.npz,faulted,line,110,74,76,97.45762711864408,100.0,0.0,1
line_111_1785,samples\line_111_1785.npz,faulted,line,111,76,77,96.61016949152544,100.0,0.0,1
line_112_1786,samples\line_112_1786.npz,faulted,line,112,77,78,97.45762711864408,100.0,0.0,1
line_113_1787,samples\line_113_1787.npz,faulted,line,113,76,79,97.45762711864408,100.0,0.0,1
line_114_1788,samples\line_114_1788.npz,faulted,line,114,76,79,97.45762711864408,100.0,0.0,1
line_115_1789,samples\line_115_1789.npz,faulted,line,115,78,79,96.61016949152544,100.0,1.0,1
line_116_1790,samples\line_116_1790.npz,faulted,line,116,76,81,96.61016949152544,100.0,0.0,1
line_117_1791,samples\line_117_1791.npz,faulted,line,117,81,82,97.45762711864408,100.0,0.0,1
line_118_1792,samples\line_118_1792.npz,faulted,line,118,82,83,97.45762711864408,100.0,0.0,1
line_119_1793,samples\line_119_1793.npz,faulted,line,119,82,84,96.61016949152544,100.0,1.0,1
line_120_1794,samples\line_120_1794.npz,faulted,line,120,83,84,96.61016949152544,100.0,1.0,1
line_121_1795,samples\line_121_1795.npz,faulted,line,121,84,85,97.45762711864408,100.0,0.0,2
line_122_1796,samples\line_122_1796.npz,faulted,line,122,84,87,97.45762711864408,100.0,0.0,1
line_123_1797,samples\line_123_1797.npz,faulted,line,123,84,88,97.45762711864408,100.0,0.0,1
line_124_1798,samples\line_124_1798.npz,faulted,line,124,87,88,97.45762711864408,100.0,0.0,1
line_125_1799,samples\line_125_1799.npz,faulted,line,125,88,89,97.45762711864408,100.0,0.0,1
line_126_1800,samples\line_126_1800.npz,faulted,line,126,88,89,97.45762711864408,100.0,0.0,1
line_127_1801,samples\line_127_1801.npz,faulted,line,127,89,90,97.45762711864408,100.0,0.0,1
line_128_1802,samples\line_128_1802.npz,faulted,line,128,88,91,97.45762711864408,100.0,0.0,1
line_129_1803,samples\line_129_1803.npz,faulted,line,129,88,91,97.45762711864408,100.0,0.0,1
line_130_1804,samples\line_130_1804.npz,faulted,line,130,90,91,96.61016949152544,100.0,0.0,1
line_131_1805,samples\line_131_1805.npz,faulted,line,131,91,92,97.45762711864408,100.0,0.0,1
line_132_1806,samples\line_132_1806.npz,faulted,line,132,91,93,97.45762711864408,100.0,0.0,1
line_133_1807,samples\line_133_1807.npz,faulted,line,133,92,93,97.45762711864408,100.0,0.0,1
line_134_1808,samples\line_134_1808.npz,faulted,line,134,93,94,96.61016949152544,100.0,0.0,1
line_135_1809,samples\line_135_1809.npz,faulted,line,135,79,95,97.45762711864408,100.0,0.0,1
line_136_1810,samples\line_136_1810.npz,faulted,line,136,81,95,97.45762711864408,100.0,0.0,1
line_137_1811,samples\line_137_1811.npz,faulted,line,137,93,95,97.45762711864408,100.0,0.0,1
line_138_1812,samples\line_138_1812.npz,faulted,line,138,79,96,96.61016949152544,100.0,0.0,1
line_139_1813,samples\line_139_1813.npz,faulted,line,139,79,97,97.45762711864408,100.0,0.0,1
line_140_1814,samples\line_140_1814.npz,faulted,line,140,79,98,97.45762711864408,100.0,0.0,1
line_141_1815,samples\line_141_1815.npz,faulted,line,141,91,99,97.45762711864408,100.0,0.0,1
line_142_1816,samples\line_142_1816.npz,faulted,line,142,93,99,97.45762711864408,100.0,0.0,1
line_143_1817,samples\line_143_1817.npz,faulted,line,143,94,95,97.45762711864408,100.0,0.0,1
line_144_1818,samples\line_144_1818.npz,faulted,line,144,95,96,97.45762711864408,100.0,0.0,1
line_145_1819,samples\line_145_1819.npz,faulted,line,145,97,99,97.45762711864408,100.0,0.0,1
line_146_1820,samples\line_146_1820.npz,faulted,line,146,98,99,97.45762711864408,100.0,0.0,1
line_147_1821,samples\line_147_1821.npz,faulted,line,147,99,100,96.61016949152544,100.0,0.0,1
line_148_1822,samples\line_148_1822.npz,faulted,line,148,91,101,96.61016949152544,100.0,0.0,1
line_149_1823,samples\line_149_1823.npz,faulted,line,149,100,101,97.45762711864408,100.0,0.0,1
line_150_1824,samples\line_150_1824.npz,faulted,line,150,99,102,97.45762711864408,100.0,0.0,1
line_151_1825,samples\line_151_1825.npz,faulted,line,151,99,103,97.45762711864408,100.0,0.0,1
line_152_1826,samples\line_152_1826.npz,faulted,line,152,102,103,97.45762711864408,100.0,0.0,1
line_153_1827,samples\line_153_1827.npz,faulted,line,153,102,104,97.45762711864408,100.0,0.0,1
line_154_1828,samples\line_154_1828.npz,faulted,line,154,99,105,97.45762711864408,100.0,0.0,1
line_155_1829,samples\line_155_1829.npz,faulted,line,155,103,104,97.45762711864408,100.0,0.0,1
line_156_1830,samples\line_156_1830.npz,faulted,line,156,104,105,97.45762711864408,100.0,0.0,1
line_157_1831,samples\line_157_1831.npz,faulted,line,157,104,106,96.61016949152544,100.0,1.0,1
line_158_1832,samples\line_158_1832.npz,faulted,line,158,104,107,96.61016949152544,100.0,1.0,1
line_159_1833,samples\line_159_1833.npz,faulted,line,159,105,106,97.45762711864408,100.0,0.0,1
line_160_1834,samples\line_160_1834.npz,faulted,line,160,107,108,97.45762711864408,100.0,0.0,1
line_161_1835,samples\line_161_1835.npz,faulted,line,161,102,109,97.45762711864408,100.0,0.0,1
line_162_1836,samples\line_162_1836.npz,faulted,line,162,108,109,96.61016949152544,100.0,1.0,1
line_163_1837,samples\line_163_1837.npz,faulted,line,163,109,110,96.61016949152544,100.0,1.0,2
line_164_1838,samples\line_164_1838.npz,faulted,line,164,109,111,96.61016949152544,100.0,1.0,2
line_165_1839,samples\line_165_1839.npz,faulted,line,165,16,112,97.45762711864408,100.0,0.0,1
line_166_1840,samples\line_166_1840.npz,faulted,line,166,31,112,96.61016949152544,100.0,3.0,2
line_167_1841,samples\line_167_1841.npz,faulted,line,167,31,113,96.61016949152544,100.0,3.0,1
line_168_1842,samples\line_168_1842.npz,faulted,line,168,26,114,96.61016949152544,100.0,0.0,1
line_169_1843,samples\line_169_1843.npz,faulted,line,169,113,114,97.45762711864408,100.0,0.0,1
line_170_1844,samples\line_170_1844.npz,faulted,line,170,11,116,96.61016949152544,100.0,1.0,2
line_171_1845,samples\line_171_1845.npz,faulted,line,171,74,117,96.61016949152544,100.0,0.0,1
line_172_1846,samples\line_172_1846.npz,faulted,line,172,75,117,97.45762711864408,100.0,0.0,1
trafo_0_1847,samples\trafo_0_1847.npz,faulted,trafo,0,7,4,97.45762711864408,100.0,0.0,1
trafo_1_1848,samples\trafo_1_1848.npz,faulted,trafo,1,25,24,96.61016949152544,100.0,1.0,1
trafo_2_1849,samples\trafo_2_1849.npz,faulted,trafo,2,29,16,97.45762711864408,100.0,0.0,1
trafo_3_1850,samples\trafo_3_1850.npz,faulted,trafo,3,37,36,97.45762711864408,100.0,0.0,1
trafo_4_1851,samples\trafo_4_1851.npz,faulted,trafo,4,62,58,96.61016949152544,100.0,0.0,1
trafo_5_1852,samples\trafo_5_1852.npz,faulted,trafo,5,63,60,96.61016949152544,100.0,0.0,1
trafo_6_1853,samples\trafo_6_1853.npz,faulted,trafo,6,64,65,97.45762711864408,100.0,0.0,1
trafo_7_1854,samples\trafo_7_1854.npz,faulted,trafo,7,64,67,96.61016949152544,100.0,0.0,1
trafo_8_1855,samples\trafo_8_1855.npz,faulted,trafo,8,67,68,97.45762711864408,100.0,0.0,1
trafo_9_1856,samples\trafo_9_1856.npz,faulted,trafo,9,80,67,97.45762711864408,100.0,0.0,1
trafo_10_1857,samples\trafo_10_1857.npz,faulted,trafo,10,80,79,97.45762711864408,100.0,0.0,1
trafo_11_1858,samples\trafo_11_1858.npz,faulted,trafo,11,86,85,96.61016949152544,100.0,0.0,2
trafo_12_1859,samples\trafo_12_1859.npz,faulted,trafo,12,115,67,96.61016949152544,100.0,0.0,2
line_0_1860,samples\line_0_1860.npz,faulted,line,0,0,1,98.30508474576273,100.0,2.0,1
line_1_1861,samples\line_1_1861.npz,faulted,line,1,0,2,98.30508474576273,100.0,2.0,1
line_2_1862,samples\line_2_1862.npz,faulted,line,2,3,4,98.30508474576273,100.0,2.0,1
line_3_1863,samples\line_3_1863.npz,faulted,line,3,2,4,98.30508474576273,100.0,2.0,1
line_4_1864,samples\line_4_1864.npz,faulted,line,4,4,5,97.45762711864408,100.0,3.0,1
line_5_1865,samples\line_5_1865.npz,faulted,line,5,5,6,98.30508474576273,100.0,2.0,1
line_6_1866,samples\line_6_1866.npz,faulted,line,6,7,8,98.30508474576273,100.0,2.0,2
line_7_1867,samples\line_7_1867.npz,faulted,line,7,8,9,97.45762711864408,100.0,3.0,2
line_8_1868,samples\line_8_1868.npz,faulted,line,8,3,10,98.30508474576273,100.0,2.0,1
line_9_1869,samples\line_9_1869.npz,faulted,line,9,4,10,98.30508474576273,100.0,2.0,1
line_10_1870,samples\line_10_1870.npz,faulted,line,10,10,11,98.30508474576273,100.0,2.0,1
line_11_1871,samples\line_11_1871.npz,faulted,line,11,1,11,98.30508474576273,100.0,2.0,1
line_12_1872,samples\line_12_1872.npz,faulted,line,12,2,11,98.30508474576273,100.0,2.0,1
line_13_1873,samples\line_13_1873.npz,faulted,line,13,6,11,97.45762711864408,100.0,3.0,1
line_14_1874,samples\line_14_1874.npz,faulted,line,14,10,12,97.45762711864408,100.0,2.0,1
line_15_1875,samples\line_15_1875.npz,faulted,line,15,11,13,97.45762711864408,100.0,1.0,1
line_16_1876,samples\line_16_1876.npz,faulted,line,16,12,14,98.30508474576273,100.0,2.0,1
line_17_1877,samples\line_17_1877.npz,faulted,line,17,13,14,98.30508474576273,100.0,2.0,1
line_18_1878,samples\line_18_1878.npz,faulted,line,18,11,15,98.30508474576273,100.0,2.0,1
line_19_1879,samples\line_19_1879.npz,faulted,line,19,14,16,97.45762711864408,100.0,1.0,1
line_20_1880,samples\line_20_1880.npz,faulted,line,20,15,16,98.30508474576273,100.0,2.0,1
line_21_1881,samples\line_21_1881.npz,faulted,line,21,16,17,97.45762711864408,100.0,2.0,1
line_22_1882,samples\line_22_1882.npz,faulted,line,22,17,18,98.30508474576273,100.0,2.0,1
line_23_1883,samples\line_23_1883.npz,faulted,line,23,18,19,98.30508474576273,100.0,1.0,1
line_24_1884,samples\line_24_1884.npz,faulted,line,24,14,18,98.30508474576273,100.0,2.0,1
line_25_1885,samples\line_25_1885.npz,faulted,line,25,19,20,97.45762711864408,100.0,2.0,1
line_26_1886,samples\line_26_1886.npz,faulted,line,26,20,21,98.30508474576273,100.0,2.0,1
line_27_1887,samples\line_27_1887.npz,faulted,line,27,21,22,97.45762711864408,100.0,2.0,1
line_28_1888,samples\line_28_1888.npz,faulted,line,28,22,23,97.45762711864408,100.0,1.0,1
line_29_1889,samples\line_29_1889.npz,faulted,line,29,22,24,98.30508474576273,100.0,2.0,1
line_30_1890,samples\line_30_1890.npz,faulted,line,30,24,26,98.30508474576273,100.0,0.0,1
line_31_1891,samples\line_31_1891.npz,faulted,line,31,26,27,98.30508474576273,100.0,0.0,1
line_32_1892,samples\line_32_1892.npz,faulted,line,32,27,28,97.45762711864408,100.0,2.0,1
line_33_1893,samples\line_33_1893.npz,faulted,line,33,7,29,98.30508474576273,100.0,2.0,1
line_34_1894,samples\line_34_1894.npz,faulted,line,34,25,29,98.30508474576273,100.0,2.0,1
line_35_1895,samples\line_35_1895.npz,faulted,line,35,16,30,98.30508474576273,100.0,2.0,1
line_36_1896,samples\line_36_1896.npz,faulted,line,36,28,30,98.30508474576273,100.0,2.0,1
line_37_1897,samples\line_37_1897.npz,faulted,line,37,22,31,98.30508474576273,100.0,2.0,1
line_38_1898,samples\line_38_1898.npz,faulted,line,38,30,31,98.30508474576273,100.0,2.0,1
line_39_1899,samples\line_39_1899.npz,faulted,line,39,26,31,98.30508474576273,100.0,0.0,1
line_40_1900,samples\line_40_1900.npz,faulted,line,40,14,32,98.30508474576273,100.0,2.0,1
line_41_1901,samples\line_41_1901.npz,faulted,line,41,18,33,98.30508474576273,100.0,2.0,1
line_42_1902,samples\line_42_1902.npz,faulted,line,42,34,35,98.30508474576273,100.0,2.0,1
line_43_1903,samples\line_43_1903.npz,faulted,line,43,34,36,97.45762711864408,100.0,2.0,1
line_44_1904,samples\line_44_1904.npz,faulted,line,44,32,36,97.45762711864408,100.0,1.0,1
line_45_1905,samples\line_45_1905.npz,faulted,line,45,33,35,97.45762711864408,100.0,3.0,1
line_46_1906,samples\line_46_1906.npz,faulted,line,46,33,36,98.30508474576273,100.0,1.0,1
line_47_1907,samples\line_47_1907.npz,faulted,line,47,36,38,97.45762711864408,100.0,2.0,2
line_48_1908,samples\line_48_1908.npz,faulted,line,48,36,39,98.30508474576273,100.0,1.0,1
line_49_1909,samples\line_49_1909.npz,faulted,line,49,29,37,98.30508474576273,100.0,2.0,1
line_50_1910,samples\line_50_1910.npz,faulted,line,50,38,39,98.30508474576273,100.0,2.0,1
line_51_1911,samples\line_51_1911.npz,faulted,line,51,39,40,97.45762711864408,100.0,2.0,1
line_52_1912,samples\line_52_1912.npz,faulted,line,52,39,41,98.30508474576273,100.0,2.0,1
line_53_1913,samples\line_53_1913.npz,faulted,line,53,40,41,98.30508474576273,100.0,2.0,1
line_54_1914,samples\line_54_1914.npz,faulted,line,54,42,43,98.30508474576273,100.0,2.0,1
line_55_1915,samples\line_55_1915.npz,faulted,line,55,33,42,97.45762711864408,100.0,3.0,1
line_56_1916,samples\line_56_1916.npz,faulted,line,56,43,44,97.45762711864408,100.0,3.0,1
line_57_1917,samples\line_57_1917.npz,faulted,line,57,44,45,97.45762711864408,100.0,3.0,1
line_58_1918,samples\line_58_1918.npz,faulted,line,58,45,46,98.30508474576273,100.0,2.0,1
line_59_1919,samples\line_59_1919.npz,faulted,line,59,45,47,98.30508474576273,100.0,2.0,1
line_60_1920,samples\line_60_1920.npz,faulted,line,60,46,48,97.45762711864408,100.0,3.0,1
line_61_1921,samples\line_61_1921.npz,faulted,line,61,41,48,98.30508474576273,100.0,2.0,1
line_62_1922,samples\line_62_1922.npz,faulted,line,62,41,48,98.30508474576273,100.0,2.0,1
line_63_1923,samples\line_63_1923.npz,faulted,line,63,44,48,98.30508474576273,100.0,3.0,1
line_64_1924,samples\line_64_1924.npz,faulted,line,64,47,48,97.45762711864408,100.0,3.0,1
line_65_1925,samples\line_65_1925.npz,faulted,line,65,48,49,98.30508474576273,100.0,2.0,1
line_66_1926,samples\line_66_1926.npz,faulted,line,66,48,50,98.30508474576273,100.0,2.0,1
line_67_1927,samples\line_67_1927.npz,faulted,line,67,50,51,98.30508474576273,100.0,1.0,1
line_68_1928,samples\line_68_1928.npz,faulted,line,68,51,52,97.45762711864408,100.0,2.0,1
line_69_1929,samples\line_69_1929.npz,faulted,line,69,52,53,98.30508474576273,100.0,2.0,1
line_70_1930,samples\line_70_1930.npz,faulted,line,70,48,53,98.30508474576273,100.0,2.0,1
line_71_1931,samples\line_71_1931.npz,faulted,line,71,48,53,98.30508474576273,100.0,2.0,1
line_72_1932,samples\line_72_1932.npz,faulted,line,72,53,54,98.30508474576273,100.0,2.0,1
line_73_1933,samples\line_73_1933.npz,faulted,line,73,53,55,98.30508474576273,100.0,2.0,1
line_74_1934,samples\line_74_1934.npz,faulted,line,74,54,55,98.30508474576273,100.0,2.0,1
line_75_1935,samples\line_75_1935.npz,faulted,line,75,55,56,98.30508474576273,100.0,2.0,1
line_76_1936,samples\line_76_1936.npz,faulted,line,76,49,56,97.45762711864408,100.0,2.0,1
line_77_1937,samples\line_77_1937.npz,faulted,line,77,55,57,98.30508474576273,100.0,2.0,1
line_78_1938,samples\line_78_1938.npz,faulted,line,78,50,57,97.45762711864408,100.0,1.0,1
line_79_1939,samples\line_79_1939.npz,faulted,line,79,53,58,98.30508474576273,100.0,2.0,1
line_80_1940,samples\line_80_1940.npz,faulted,line,80,55,58,98.30508474576273,100.0,2.0,1
line_81_1941,samples\line_81_1941.npz,faulted,line,81,55,58,98.30508474576273,100.0,2.0,1
line_82_1942,samples\line_82_1942.npz,faulted,line,82,54,58,97.45762711864408,100.0,2.0,1
line_83_1943,samples\line_83_1943.npz,faulted,line,83,58,59,98.30508474576273,100.0,2.0,1
line_84_1944,samples\line_84_1944.npz,faulted,line,84,58,60,98.30508474576273,100.0,2.0,1
line_85_1945,samples\line_85_1945.npz,faulted,line,85,59,60,98.30508474576273,100.0,2.0,1
line_86_1946,samples\line_86_1946.npz,faulted,line,86,59,61,98.30508474576273,100.0,2.0,1
line_87_1947,samples\line_87_1947.npz,faulted,line,87,60,61,98.30508474576273,100.0,2.0,1
line_88_1948,samples\line_88_1948.npz,faulted,line,88,62,63,98.30508474576273,100.0,2.0,1
line_89_1949,samples\line_89_1949.npz,faulted,line,89,37,64,98.30508474576273,100.0,2.0,1
line_90_1950,samples\line_90_1950.npz,faulted,line,90,63,64,98.30508474576273,100.0,3.0,1
line_91_1951,samples\line_91_1951.npz,faulted,line,91,48,65,98.30508474576273,100.0,2.0,1
line_92_1952,samples\line_92_1952.npz,faulted,line,92,48,65,98.30508474576273,100.0,2.0,1
line_93_1953,samples\line_93_1953.npz,faulted,line,93,61,65,98.30508474576273,100.0,2.0,1
line_94_1954,samples\line_94_1954.npz,faulted,line,94,61,66,97.45762711864408,100.0,2.0,1
line_95_1955,samples\line_95_1955.npz,faulted,line,95,65,66,98.30508474576273,100.0,2.0,1
line_96_1956,samples\line_96_1956.npz,faulted,line,96,46,68,98.30508474576273,100.0,2.0,1
line_97_1957,samples\line_97_1957.npz,faulted,line,97,48,68,98.30508474576273,100.0,2.0,1
line_98_1958,samples\line_98_1958.npz,faulted,line,98,68,69,98.30508474576273,100.0,2.0,1
line_99_1959,samples\line_99_1959.npz,faulted,line,99,23,69,98.30508474576273,100.0,0.0,1
line_100_1960,samples\line_100_1960.npz,faulted,line,100,69,70,98.30508474576273,100.0,1.0,1
line_101_1961,samples\line_101_1961.npz,faulted,line,101,23,71,98.30508474576273,100.0,1.0,1
line_102_1962,samples\line_102_1962.npz,faulted,line,102,70,71,97.45762711864408,100.0,2.0,1
line_103_1963,samples\line_103_1963.npz,faulted,line,103,70,72,97.45762711864408,100.0,2.0,2
line_104_1964,samples\line_104_1964.npz,faulted,line,104,69,73,98.30508474576273,100.0,1.0,1
line_105_1965,samples\line_105_1965.npz,faulted,line,105,69,74,98.30508474576273,100.0,2.0,1
line_106_1966,samples\line_106_1966.npz,faulted,line,106,68,74,98.30508474576273,100.0,2.0,1
line_107_1967,samples\line_107_1967.npz,faulted,line,107,73,74,97.45762711864408,100.0,2.0,1
line_108_1968,samples\line_108_1968.npz,faulted,line,108,75,76,97.45762711864408,100.0,1.0,1
line_109_1969,samples\line_109_1969.npz,faulted,line,109,68,76,98.30508474576273,100.0,2.0,1
line_110_1970,samples\line_110_1970.npz,faulted,line,110,74,76,98.30508474576273,100.0,1.0,1
line_111_1971,samples\line_111_1971.npz,faulted,line,111,76,77,97.45762711864408,100.0,1.0,1
line_112_1972,samples\line_112_1972.npz,faulted,line,112,77,78,98.30508474576273,100.0,2.0,1
line_113_1973,samples\line_113_1973.npz,faulted,line,113,76,79,98.30508474576273,100.0,2.0,1
line_114_1974,samples\line_114_1974.npz,faulted,line,114,76,79,98.30508474576273,100.0,2.0,1
line_115_1975,samples\line_115_1975.npz,faulted,line,115,78,79,97.45762711864408,100.0,3.0,1
line_116_1976,samples\line_116_1976.npz,faulted,line,116,76,81,97.45762711864408,100.0,1.0,1
line_117_1977,samples\line_117_1977.npz,faulted,line,117,81,82,98.30508474576273,100.0,2.0,1
line_118_1978,samples\line_118_1978.npz,faulted,line,118,82,83,98.30508474576273,100.0,2.0,1
line_119_1979,samples\line_119_1979.npz,faulted,line,119,82,84,97.45762711864408,100.0,3.0,1
line_120_1980,samples\line_120_1980.npz,faulted,line,120,83,84,97.45762711864408,100.0,3.0,1
line_121_1981,samples\line_121_1981.npz,faulted,line,121,84,85,98.30508474576273,100.0,2.0,2
line_122_1982,samples\line_122_1982.npz,faulted,line,122,84,87,98.30508474576273,100.0,2.0,1
line_123_1983,samples\line_123_1983.npz,faulted,line,123,84,88,98.30508474576273,100.0,2.0,1
line_124_1984,samples\line_124_1984.npz,faulted,line,124,87,88,98.30508474576273,100.0,2.0,1
line_125_1985,samples\line_125_1985.npz,faulted,line,125,88,89,98.30508474576273,100.0,2.0,1
line_126_1986,samples\line_126_1986.npz,faulted,line,126,88,89,98.30508474576273,100.0,2.0,1
line_127_1987,samples\line_127_1987.npz,faulted,line,127,89,90,98.30508474576273,100.0,2.0,1
line_128_1988,samples\line_128_1988.npz,faulted,line,128,88,91,98.30508474576273,100.0,2.0,1
line_129_1989,samples\line_129_1989.npz,faulted,line,129,88,91,98.30508474576273,100.0,2.0,1
line_130_1990,samples\line_130_1990.npz,faulted,line,130,90,91,97.45762711864408,100.0,2.0,1
line_131_1991,samples\line_131_1991.npz,faulted,line,131,91,92,98.30508474576273,100.0,3.0,1
line_132_1992,samples\line_132_1992.npz,faulted,line,132,91,93,98.30508474576273,100.0,2.0,1
line_133_1993,samples\line_133_1993.npz,faulted,line,133,92,93,98.30508474576273,100.0,2.0,1
line_134_1994,samples\line_134_1994.npz,faulted,line,134,93,94,97.45762711864408,100.0,2.0,1
line_135_1995,samples\line_135_1995.npz,faulted,line,135,79,95,98.30508474576273,100.0,2.0,1
line_136_1996,samples\line_136_1996.npz,faulted,line,136,81,95,98.30508474576273,100.0,2.0,1
line_137_1997,samples\line_137_1997.npz,faulted,line,137,93,95,98.30508474576273,100.0,2.0,1
line_138_1998,samples\line_138_1998.npz,faulted,line,138,79,96,98.30508474576273,100.0,2.0,1
line_139_1999,samples\line_139_1999.npz,faulted,line,139,79,97,98.30508474576273,100.0,2.0,1
line_140_2000,samples\line_140_2000.npz,faulted,line,140,79,98,98.30508474576273,100.0,2.0,1
line_141_2001,samples\line_141_2001.npz,faulted,line,141,91,99,98.30508474576273,100.0,2.0,1
line_142_2002,samples\line_142_2002.npz,faulted,line,142,93,99,98.30508474576273,100.0,2.0,1
line_143_2003,samples\line_143_2003.npz,faulted,line,143,94,95,98.30508474576273,100.0,3.0,1
line_144_2004,samples\line_144_2004.npz,faulted,line,144,95,96,98.30508474576273,100.0,3.0,2
line_145_2005,samples\line_145_2005.npz,faulted,line,145,97,99,98.30508474576273,100.0,2.0,1
line_146_2006,samples\line_146_2006.npz,faulted,line,146,98,99,98.30508474576273,100.0,2.0,1
line_147_2007,samples\line_147_2007.npz,faulted,line,147,99,100,97.45762711864408,100.0,3.0,1
line_148_2008,samples\line_148_2008.npz,faulted,line,148,91,101,97.45762711864408,100.0,3.0,1
line_149_2009,samples\line_149_2009.npz,faulted,line,149,100,101,98.30508474576273,100.0,2.0,1
line_150_2010,samples\line_150_2010.npz,faulted,line,150,99,102,98.30508474576273,100.0,2.0,1
line_151_2011,samples\line_151_2011.npz,faulted,line,151,99,103,98.30508474576273,100.0,2.0,1
line_152_2012,samples\line_152_2012.npz,faulted,line,152,102,103,98.30508474576273,100.0,2.0,1
line_153_2013,samples\line_153_2013.npz,faulted,line,153,102,104,98.30508474576273,100.0,2.0,1
line_154_2014,samples\line_154_2014.npz,faulted,line,154,99,105,98.30508474576273,100.0,2.0,1
line_155_2015,samples\line_155_2015.npz,faulted,line,155,103,104,98.30508474576273,100.0,2.0,1
line_156_2016,samples\line_156_2016.npz,faulted,line,156,104,105,98.30508474576273,100.0,2.0,1
line_157_2017,samples\line_157_2017.npz,faulted,line,157,104,106,97.45762711864408,100.0,3.0,1
line_158_2018,samples\line_158_2018.npz,faulted,line,158,104,107,97.45762711864408,100.0,3.0,1
line_159_2019,samples\line_159_2019.npz,faulted,line,159,105,106,98.30508474576273,100.0,2.0,1
line_160_2020,samples\line_160_2020.npz,faulted,line,160,107,108,98.30508474576273,100.0,2.0,1
line_161_2021,samples\line_161_2021.npz,faulted,line,161,102,109,98.30508474576273,100.0,2.0,1
line_162_2022,samples\line_162_2022.npz,faulted,line,162,108,109,97.45762711864408,100.0,3.0,1
line_163_2023,samples\line_163_2023.npz,faulted,line,163,109,110,97.45762711864408,100.0,3.0,2
line_164_2024,samples\line_164_2024.npz,faulted,line,164,109,111,97.45762711864408,100.0,3.0,2
line_165_2025,samples\line_165_2025.npz,faulted,line,165,16,112,98.30508474576273,100.0,2.0,1
line_166_2026,samples\line_166_2026.npz,faulted,line,166,31,112,98.30508474576273,100.0,2.0,1
line_167_2027,samples\line_167_2027.npz,faulted,line,167,31,113,97.45762711864408,100.0,2.0,1
line_168_2028,samples\line_168_2028.npz,faulted,line,168,26,114,97.45762711864408,100.0,0.0,1
line_169_2029,samples\line_169_2029.npz,faulted,line,169,113,114,98.30508474576273,100.0,2.0,1
line_170_2030,samples\line_170_2030.npz,faulted,line,170,11,116,97.45762711864408,100.0,3.0,2
line_171_2031,samples\line_171_2031.npz,faulted,line,171,74,117,97.45762711864408,100.0,2.0,1
line_172_2032,samples\line_172_2032.npz,faulted,line,172,75,117,98.30508474576273,100.0,2.0,1
trafo_0_2033,samples\trafo_0_2033.npz,faulted,trafo,0,7,4,98.30508474576273,100.0,2.0,1
trafo_1_2034,samples\trafo_1_2034.npz,faulted,trafo,1,25,24,97.45762711864408,100.0,2.0,1
trafo_2_2035,samples\trafo_2_2035.npz,faulted,trafo,2,29,16,97.45762711864408,100.0,3.0,1
trafo_3_2036,samples\trafo_3_2036.npz,faulted,trafo,3,37,36,98.30508474576273,100.0,2.0,1
trafo_4_2037,samples\trafo_4_2037.npz,faulted,trafo,4,62,58,97.45762711864408,100.0,2.0,1
trafo_5_2038,samples\trafo_5_2038.npz,faulted,trafo,5,63,60,97.45762711864408,100.0,2.0,1
trafo_6_2039,samples\trafo_6_2039.npz,faulted,trafo,6,64,65,98.30508474576273,100.0,2.0,1
trafo_7_2040,samples\trafo_7_2040.npz,faulted,trafo,7,64,67,97.45762711864408,100.0,2.0,2
trafo_8_2041,samples\trafo_8_2041.npz,faulted,trafo,8,67,68,98.30508474576273,100.0,2.0,1
trafo_9_2042,samples\trafo_9_2042.npz,faulted,trafo,9,80,67,98.30508474576273,100.0,2.0,1
trafo_10_2043,samples\trafo_10_2043.npz,faulted,trafo,10,80,79,97.45762711864408,100.0,3.0,2
trafo_11_2044,samples\trafo_11_2044.npz,faulted,trafo,11,86,85,97.45762711864408,100.0,2.0,2
trafo_12_2045,samples\trafo_12_2045.npz,faulted,trafo,12,115,67,97.45762711864408,100.0,2.0,2
line_0_2046,samples\line_0_2046.npz,faulted,line,0,0,1,97.45762711864408,100.0,1.0,2
line_1_2047,samples\line_1_2047.npz,faulted,line,1,0,2,97.45762711864408,100.0,1.0,2
line_2_2048,samples\line_2_2048.npz,faulted,line,2,3,4,97.45762711864408,100.0,1.0,2
line_3_2049,samples\line_3_2049.npz,faulted,line,3,2,4,97.45762711864408,100.0,1.0,2
line_4_2050,samples\line_4_2050.npz,faulted,line,4,4,5,96.61016949152544,100.0,2.0,2
line_5_2051,samples\line_5_2051.npz,faulted,line,5,5,6,97.45762711864408,100.0,1.0,2
line_6_2052,samples\line_6_2052.npz,faulted,line,6,7,8,97.45762711864408,100.0,1.0,3
line_7_2053,samples\line_7_2053.npz,faulted,line,7,8,9,96.61016949152544,100.0,2.0,3
line_8_2054,samples\line_8_2054.npz,faulted,line,8,3,10,97.45762711864408,100.0,1.0,2
line_9_2055,samples\line_9_2055.npz,faulted,line,9,4,10,97.45762711864408,100.0,1.0,2
line_10_2056,samples\line_10_2056.npz,faulted,line,10,10,11,97.45762711864408,100.0,1.0,2
line_11_2057,samples\line_11_2057.npz,faulted,line,11,1,11,97.45762711864408,100.0,1.0,2
line_12_2058,samples\line_12_2058.npz,faulted,line,12,2,11,97.45762711864408,100.0,1.0,2
line_13_2059,samples\line_13_2059.npz,faulted,line,13,6,11,96.61016949152544,100.0,2.0,2
line_14_2060,samples\line_14_2060.npz,faulted,line,14,10,12,96.61016949152544,100.0,1.0,2
line_15_2061,samples\line_15_2061.npz,faulted,line,15,11,13,96.61016949152544,100.0,1.0,2
line_16_2062,samples\line_16_2062.npz,faulted,line,16,12,14,97.45762711864408,100.0,1.0,2
line_17_2063,samples\line_17_2063.npz,faulted,line,17,13,14,97.45762711864408,100.0,1.0,2
line_18_2064,samples\line_18_2064.npz,faulted,line,18,11,15,97.45762711864408,100.0,1.0,2
line_19_2065,samples\line_19_2065.npz,faulted,line,19,14,16,96.61016949152544,100.0,1.0,2
line_20_2066,samples\line_20_2066.npz,faulted,line,20,15,16,97.45762711864408,100.0,1.0,2
line_21_2067,samples\line_21_2067.npz,faulted,line,21,16,17,96.61016949152544,100.0,1.0,2
line_22_2068,samples\line_22_2068.npz,faulted,line,22,17,18,97.45762711864408,100.0,1.0,2
line_23_2069,samples\line_23_2069.npz,faulted,line,23,18,19,97.45762711864408,100.0,1.0,2
line_24_2070,samples\line_24_2070.npz,faulted,line,24,14,18,97.45762711864408,100.0,1.0,2
line_25_2071,samples\line_25_2071.npz,faulted,line,25,19,20,96.61016949152544,100.0,2.0,2
line_26_2072,samples\line_26_2072.npz,faulted,line,26,20,21,97.45762711864408,100.0,1.0,2
line_27_2073,samples\line_27_2073.npz,faulted,line,27,21,22,96.61016949152544,100.0,3.0,2
line_28_2074,samples\line_28_2074.npz,faulted,line,28,22,23,96.61016949152544,100.0,2.0,2
line_29_2075,samples\line_29_2075.npz,faulted,line,29,22,24,97.45762711864408,100.0,3.0,2
line_30_2076,samples\line_30_2076.npz,faulted,line,30,24,26,97.45762711864408,100.0,1.0,2
line_31_2077,samples\line_31_2077.npz,faulted,line,31,26,27,97.45762711864408,100.0,0.0,2
line_32_2078,samples\line_32_2078.npz,faulted,line,32,27,28,96.61016949152544,100.0,1.0,2
line_33_2079,samples\line_33_2079.npz,faulted,line,33,7,29,97.45762711864408,100.0,1.0,2
line_34_2080,samples\line_34_2080.npz,faulted,line,34,25,29,97.45762711864408,100.0,1.0,2
line_35_2081,samples\line_35_2081.npz,faulted,line,35,16,30,97.45762711864408,100.0,1.0,2
line_36_2082,samples\line_36_2082.npz,faulted,line,36,28,30,97.45762711864408,100.0,1.0,2
line_37_2083,samples\line_37_2083.npz,faulted,line,37,22,31,97.45762711864408,100.0,3.0,2
line_38_2084,samples\line_38_2084.npz,faulted,line,38,30,31,97.45762711864408,100.0,1.0,2
line_39_2085,samples\line_39_2085.npz,faulted,line,39,26,31,97.45762711864408,100.0,1.0,2
line_40_2086,samples\line_40_2086.npz,faulted,line,40,14,32,97.45762711864408,100.0,1.0,2
line_41_2087,samples\line_41_2087.npz,faulted,line,41,18,33,97.45762711864408,100.0,1.0,2
line_42_2088,samples\line_42_2088.npz,faulted,line,42,34,35,97.45762711864408,100.0,1.0,2
line_43_2089,samples\line_43_2089.npz,faulted,line,43,34,36,96.61016949152544,100.0,2.0,3
line_44_2090,samples\line_44_2090.npz,faulted,line,44,32,36,96.61016949152544,100.0,1.0,2
line_45_2091,samples\line_45_2091.npz,faulted,line,45,33,35,96.61016949152544,100.0,2.0,3
line_46_2092,samples\line_46_2092.npz,faulted,line,46,33,36,97.45762711864408,100.0,1.0,2
line_47_2093,samples\line_47_2093.npz,faulted,line,47,36,38,97.45762711864408,100.0,1.0,2
line_48_2094,samples\line_48_2094.npz,faulted,line,48,36,39,97.45762711864408,100.0,1.0,2
line_49_2095,samples\line_49_2095.npz,faulted,line,49,29,37,97.45762711864408,100.0,1.0,2
line_50_2096,samples\line_50_2096.npz,faulted,line,50,38,39,97.45762711864408,100.0,1.0,2
line_51_2097,samples\line_51_2097.npz,faulted,line,51,39,40,96.61016949152544,100.0,1.0,2
line_52_2098,samples\line_52_2098.npz,faulted,line,52,39,41,97.45762711864408,100.0,1.0,2
line_53_2099,samples\line_53_2099.npz,faulted,line,53,40,41,97.45762711864408,100.0,1.0,2
line_54_2100,samples\line_54_2100.npz,faulted,line,54,42,43,97.45762711864408,100.0,1.0,2
line_55_2101,samples\line_55_2101.npz,faulted,line,55,33,42,96.61016949152544,100.0,2.0,2
line_56_2102,samples\line_56_2102.npz,faulted,line,56,43,44,96.61016949152544,100.0,2.0,2
line_57_2103,samples\line_57_2103.npz,faulted,line,57,44,45,96.61016949152544,100.0,2.0,2
line_58_2104,samples\line_58_2104.npz,faulted,line,58,45,46,97.45762711864408,100.0,1.0,2
line_59_2105,samples\line_59_2105.npz,faulted,line,59,45,47,97.45762711864408,100.0,1.0,2
line_60_2106,samples\line_60_2106.npz,faulted,line,60,46,48,96.61016949152544,100.0,1.0,2
line_61_2107,samples\line_61_2107.npz,faulted,line,61,41,48,97.45762711864408,100.0,1.0,2
line_62_2108,samples\line_62_2108.npz,faulted,line,62,41,48,97.45762711864408,100.0,1.0,2
line_63_2109,samples\line_63_2109.npz,faulted,line,63,44,48,97.45762711864408,100.0,2.0,2
line_64_2110,samples\line_64_2110.npz,faulted,line,64,47,48,96.61016949152544,100.0,2.0,2
line_65_2111,samples\line_65_2111.npz,faulted,line,65,48,49,97.45762711864408,100.0,1.0,2
line_66_2112,samples\line_66_2112.npz,faulted,line,66,48,50,97.45762711864408,100.0,1.0,2
line_67_2113,samples\line_67_2113.npz,faulted,line,67,50,51,97.45762711864408,100.0,0.0,2
line_68_2114,samples\line_68_2114.npz,faulted,line,68,51,52,96.61016949152544,100.0,1.0,2
line_69_2115,samples\line_69_2115.npz,faulted,line,69,52,53,97.45762711864408,100.0,1.0,2
line_70_2116,samples\line_70_2116.npz,faulted,line,70,48,53,97.45762711864408,100.0,1.0,2
line_71_2117,samples\line_71_2117.npz,faulted,line,71,48,53,97.45762711864408,100.0,1.0,2
line_72_2118,samples\line_72_2118.npz,faulted,line,72,53,54,97.45762711864408,100.0,1.0,2
line_73_2119,samples\line_73_2119.npz,faulted,line,73,53,55,97.45762711864408,100.0,1.0,2
line_74_2120,samples\line_74_2120.npz,faulted,line,74,54,55,97.45762711864408,100.0,1.0,2
line_75_2121,samples\line_75_2121.npz,faulted,line,75,55,56,97.45762711864408,100.0,1.0,2
line_76_2122,samples\line_76_2122.npz,faulted,line,76,49,56,96.61016949152544,100.0,1.0,2
line_77_2123,samples\line_77_2123.npz,faulted,line,77,55,57,97.45762711864408,100.0,1.0,2
line_78_2124,samples\line_78_2124.npz,faulted,line,78,50,57,96.61016949152544,100.0,0.0,2
line_79_2125,samples\line_79_2125.npz,faulted,line,79,53,58,97.45762711864408,100.0,1.0,2
line_80_2126,samples\line_80_2126.npz,faulted,line,80,55,58,97.45762711864408,100.0,1.0,2
line_81_2127,samples\line_81_2127.npz,faulted,line,81,55,58,97.45762711864408,100.0,1.0,2
line_82_2128,samples\line_82_2128.npz,faulted,line,82,54,58,96.61016949152544,100.0,-1.0,2
line_83_2129,samples\line_83_2129.npz,faulted,line,83,58,59,97.45762711864408,100.0,-1.0,2
line_84_2130,samples\line_84_2130.npz,faulted,line,84,58,60,97.45762711864408,100.0,-1.0,2
line_85_2131,samples\line_85_2131.npz,faulted,line,85,59,60,97.45762711864408,100.0,1.0,2
line_86_2132,samples\line_86_2132.npz,faulted,line,86,59,61,97.45762711864408,100.0,1.0,2
line_87_2133,samples\line_87_2133.npz,faulted,line,87,60,61,97.45762711864408,100.0,1.0,2
line_88_2134,samples\line_88_2134.npz,faulted,line,88,62,63,97.45762711864408,100.0,1.0,2
line_89_2135,samples\line_89_2135.npz,faulted,line,89,37,64,97.45762711864408,100.0,1.0,2
line_90_2136,samples\line_90_2136.npz,faulted,line,90,63,64,97.45762711864408,100.0,1.0,2
line_91_2137,samples\line_91_2137.npz,faulted,line,91,48,65,97.45762711864408,100.0,1.0,2
line_92_2138,samples\line_92_2138.npz,faulted,line,92,48,65,97.45762711864408,100.0,1.0,2
line_93_2139,samples\line_93_2139.npz,faulted,line,93,61,65,97.45762711864408,100.0,1.0,2
line_94_2140,samples\line_94_2140.npz,faulted,line,94,61,66,96.61016949152544,100.0,1.0,2
line_95_2141,samples\line_95_2141.npz,faulted,line,95,65,66,97.45762711864408,100.0,1.0,2
line_96_2142,samples\line_96_2142.npz,faulted,line,96,46,68,97.45762711864408,100.0,1.0,2
line_97_2143,samples\line_97_2143.npz,faulted,line,97,48,68,97.45762711864408,100.0,1.0,2
line_98_2144,samples\line_98_2144.npz,faulted,line,98,68,69,97.45762711864408,100.0,1.0,2
line_99_2145,samples\line_99_2145.npz,faulted,line,99,23,69,97.45762711864408,100.0,1.0,2
line_100_2146,samples\line_100_2146.npz,faulted,line,100,69,70,97.45762711864408,100.0,1.0,2
line_101_2147,samples\line_101_2147.npz,faulted,line,101,23,71,97.45762711864408,100.0,1.0,2
line_102_2148,samples\line_102_2148.npz,faulted,line,102,70,71,96.61016949152544,100.0,3.0,2
line_103_2149,samples\line_103_2149.npz,faulted,line,103,70,72,96.61016949152544,100.0,3.0,3
line_104_2150,samples\line_104_2150.npz,faulted,line,104,69,73,97.45762711864408,100.0,1.0,2
line_105_2151,samples\line_105_2151.npz,faulted,line,105,69,74,97.45762711864408,100.0,1.0,2
line_106_2152,samples\line_106_2152.npz,faulted,line,106,68,74,97.45762711864408,100.0,1.0,2
line_107_2153,samples\line_107_2153.npz,faulted,line,107,73,74,96.61016949152544,100.0,2.0,2
line_108_2154,samples\line_108_2154.npz,faulted,line,108,75,76,96.61016949152544,100.0,2.0,2
line_109_2155,samples\line_109_2155.npz,faulted,line,109,68,76,97.45762711864408,100.0,1.0,2
line_110_2156,samples\line_110_2156.npz,faulted,line,110,74,76,97.45762711864408,100.0,2.0,2
line_111_2157,samples\line_111_2157.npz,faulted,line,111,76,77,96.61016949152544,100.0,2.0,2
line_112_2158,samples\line_112_2158.npz,faulted,line,112,77,78,97.45762711864408,100.0,1.0,2
line_113_2159,samples\line_113_2159.npz,faulted,line,113,76,79,97.45762711864408,100.0,1.0,2
line_114_2160,samples\line_114_2160.npz,faulted,line,114,76,79,97.45762711864408,100.0,1.0,2
line_115_2161,samples\line_115_2161.npz,faulted,line,115,78,79,96.61016949152544,100.0,2.0,2
line_116_2162,samples\line_116_2162.npz,faulted,line,116,76,81,96.61016949152544,100.0,2.0,2
line_117_2163,samples\line_117_2163.npz,faulted,line,117,81,82,97.45762711864408,100.0,1.0,2
line_118_2164,samples\line_118_2164.npz,faulted,line,118,82,83,97.45762711864408,100.0,1.0,2
line_119_2165,samples\line_119_2165.npz,faulted,line,119,82,84,96.61016949152544,100.0,2.0,2
line_120_2166,samples\line_120_2166.npz,faulted,line,120,83,84,96.61016949152544,100.0,2.0,2
line_121_2167,samples\line_121_2167.npz,faulted,line,121,84,85,97.45762711864408,100.0,1.0,3
line_122_2168,samples\line_122_2168.npz,faulted,line,122,84,87,97.45762711864408,100.0,1.0,2
line_123_2169,samples\line_123_2169.npz,faulted,line,123,84,88,97.45762711864408,100.0,1.0,2
line_124_2170,samples\line_124_2170.npz,faulted,line,124,87,88,97.45762711864408,100.0,1.0,2
line_125_2171,samples\line_125_2171.npz,faulted,line,125,88,89,97.45762711864408,100.0,1.0,2
line_126_2172,samples\line_126_2172.npz,faulted,line,126,88,89,97.45762711864408,100.0,1.0,2
line_127_2173,samples\line_127_2173.npz,faulted,line,127,89,90,97.45762711864408,100.0,1.0,2
line_128_2174,samples\line_128_2174.npz,faulted,line,128,88,91,97.45762711864408,100.0,1.0,2
line_129_2175,samples\line_129_2175.npz,faulted,line,129,88,91,97.45762711864408,100.0,1.0,2
line_130_2176,samples\line_130_2176.npz,faulted,line,130,90,91,96.61016949152544,100.0,1.0,2
line_131_2177,samples\line_131_2177.npz,faulted,line,131,91,92,97.45762711864408,100.0,1.0,2
line_132_2178,samples\line_132_2178.npz,faulted,line,132,91,93,97.45762711864408,100.0,1.0,2
line_133_2179,samples\line_133_2179.npz,faulted,line,133,92,93,97.45762711864408,100.0,1.0,2
line_134_2180,samples\line_134_2180.npz,faulted,line,134,93,94,96.61016949152544,100.0,1.0,2
line_135_2181,samples\line_135_2181.npz,faulted,line,135,79,95,97.45762711864408,100.0,1.0,2
line_136_2182,samples\line_136_2182.npz,faulted,line,136,81,95,97.45762711864408,100.0,1.0,2
line_137_2183,samples\line_137_2183.npz,faulted,line,137,93,95,97.45762711864408,100.0,1.0,2
line_138_2184,samples\line_138_2184.npz,faulted,line,138,79,96,96.61016949152544,100.0,1.0,2
line_139_2185,samples\line_139_2185.npz,faulted,line,139,79,97,97.45762711864408,100.0,1.0,2
line_140_2186,samples\line_140_2186.npz,faulted,line,140,79,98,97.45762711864408,100.0,1.0,2
line_141_2187,samples\line_141_2187.npz,faulted,line,141,91,99,97.45762711864408,100.0,2.0,2
line_142_2188,samples\line_142_2188.npz,faulted,line,142,93,99,97.45762711864408,100.0,2.0,2
line_143_2189,samples\line_143_2189.npz,faulted,line,143,94,95,97.45762711864408,100.0,1.0,2
line_144_2190,samples\line_144_2190.npz,faulted,line,144,95,96,97.45762711864408,100.0,1.0,2
line_145_2191,samples\line_145_2191.npz,faulted,line,145,97,99,97.45762711864408,100.0,2.0,2
line_146_2192,samples\line_146_2192.npz,faulted,line,146,98,99,97.45762711864408,100.0,2.0,2
line_147_2193,samples\line_147_2193.npz,faulted,line,147,99,100,96.61016949152544,100.0,2.0,2
line_148_2194,samples\line_148_2194.npz,faulted,line,148,91,101,96.61016949152544,100.0,1.0,2
line_149_2195,samples\line_149_2195.npz,faulted,line,149,100,101,97.45762711864408,100.0,1.0,2
line_150_2196,samples\line_150_2196.npz,faulted,line,150,99,102,97.45762711864408,100.0,2.0,2
line_151_2197,samples\line_151_2197.npz,faulted,line,151,99,103,97.45762711864408,100.0,2.0,2
line_152_2198,samples\line_152_2198.npz,faulted,line,152,102,103,97.45762711864408,100.0,1.0,2
line_153_2199,samples\line_153_2199.npz,faulted,line,153,102,104,97.45762711864408,100.0,1.0,2
line_154_2200,samples\line_154_2200.npz,faulted,line,154,99,105,97.45762711864408,100.0,2.0,2
line_155_2201,samples\line_155_2201.npz,faulted,line,155,103,104,97.45762711864408,100.0,1.0,2
line_156_2202,samples\line_156_2202.npz,faulted,line,156,104,105,97.45762711864408,100.0,1.0,2
line_157_2203,samples\line_157_2203.npz,faulted,line,157,104,106,96.61016949152544,100.0,2.0,2
line_158_2204,samples\line_158_2204.npz,faulted,line,158,104,107,96.61016949152544,100.0,2.0,2
line_159_2205,samples\line_159_2205.npz,faulted,line,159,105,106,97.45762711864408,100.0,1.0,2
line_160_2206,samples\line_160_2206.npz,faulted,line,160,107,108,97.45762711864408,100.0,1.0,2
line_161_2207,samples\line_161_2207.npz,faulted,line,161,102,109,97.45762711864408,100.0,1.0,2
line_162_2208,samples\line_162_2208.npz,faulted,line,162,108,109,96.61016949152544,100.0,2.0,2
line_163_2209,samples\line_163_2209.npz,faulted,line,163,109,110,96.61016949152544,100.0,2.0,3
line_164_2210,samples\line_164_2210.npz,faulted,line,164,109,111,96.61016949152544,100.0,2.0,3
line_165_2211,samples\line_165_2211.npz,faulted,line,165,16,112,97.45762711864408,100.0,1.0,2
line_166_2212,samples\line_166_2212.npz,faulted,line,166,31,112,97.45762711864408,100.0,1.0,2
line_167_2213,samples\line_167_2213.npz,faulted,line,167,31,113,96.61016949152544,100.0,1.0,2
line_168_2214,samples\line_168_2214.npz,faulted,line,168,26,114,96.61016949152544,100.0,0.0,2
line_169_2215,samples\line_169_2215.npz,faulted,line,169,113,114,97.45762711864408,100.0,1.0,2
line_170_2216,samples\line_170_2216.npz,faulted,line,170,11,116,96.61016949152544,100.0,2.0,3
line_171_2217,samples\line_171_2217.npz,faulted,line,171,74,117,96.61016949152544,100.0,2.0,2
line_172_2218,samples\line_172_2218.npz,faulted,line,172,75,117,97.45762711864408,100.0,1.0,2
trafo_0_2219,samples\trafo_0_2219.npz,faulted,trafo,0,7,4,97.45762711864408,100.0,1.0,2
trafo_1_2220,samples\trafo_1_2220.npz,faulted,trafo,1,25,24,96.61016949152544,100.0,1.0,2
trafo_2_2221,samples\trafo_2_2221.npz,faulted,trafo,2,29,16,96.61016949152544,100.0,1.0,2
trafo_3_2222,samples\trafo_3_2222.npz,faulted,trafo,3,37,36,96.61016949152544,100.0,1.0,2
trafo_4_2223,samples\trafo_4_2223.npz,faulted,trafo,4,62,58,96.61016949152544,100.0,-1.0,2
trafo_5_2224,samples\trafo_5_2224.npz,faulted,trafo,5,63,60,97.45762711864408,100.0,1.0,2
trafo_6_2225,samples\trafo_6_2225.npz,faulted,trafo,6,64,65,97.45762711864408,100.0,1.0,2
trafo_7_2226,samples\trafo_7_2226.npz,faulted,trafo,7,64,67,97.45762711864408,100.0,1.0,2
trafo_8_2227,samples\trafo_8_2227.npz,faulted,trafo,8,67,68,97.45762711864408,100.0,1.0,2
trafo_9_2228,samples\trafo_9_2228.npz,faulted,trafo,9,80,67,97.45762711864408,100.0,1.0,2
trafo_10_2229,samples\trafo_10_2229.npz,faulted,trafo,10,80,79,97.45762711864408,100.0,1.0,2
trafo_11_2230,samples\trafo_11_2230.npz,faulted,trafo,11,86,85,96.61016949152544,100.0,1.0,3
trafo_12_2231,samples\trafo_12_2231.npz,faulted,trafo,12,115,67,97.45762711864408,100.0,1.0,2
line_0_2232,samples\line_0_2232.npz,faulted,line,0,0,1,96.61016949152544,100.0,1.0,3
line_1_2233,samples\line_1_2233.npz,faulted,line,1,0,2,96.61016949152544,100.0,1.0,3
line_2_2234,samples\line_2_2234.npz,faulted,line,2,3,4,96.61016949152544,100.0,1.0,3
line_3_2235,samples\line_3_2235.npz,faulted,line,3,2,4,96.61016949152544,100.0,1.0,3
line_4_2236,samples\line_4_2236.npz,faulted,line,4,4,5,95.76271186440678,100.0,2.0,3
line_5_2237,samples\line_5_2237.npz,faulted,line,5,5,6,96.61016949152544,100.0,1.0,3
line_6_2238,samples\line_6_2238.npz,faulted,line,6,7,8,96.61016949152544,100.0,1.0,4
line_7_2239,samples\line_7_2239.npz,faulted,line,7,8,9,95.76271186440678,100.0,2.0,4
line_8_2240,samples\line_8_2240.npz,faulted,line,8,3,10,96.61016949152544,100.0,1.0,3
line_9_2241,samples\line_9_2241.npz,faulted,line,9,4,10,96.61016949152544,100.0,1.0,3
line_10_2242,samples\line_10_2242.npz,faulted,line,10,10,11,96.61016949152544,100.0,1.0,3
line_11_2243,samples\line_11_2243.npz,faulted,line,11,1,11,96.61016949152544,100.0,1.0,3
line_12_2244,samples\line_12_2244.npz,faulted,line,12,2,11,96.61016949152544,100.0,1.0,3
line_13_2245,samples\line_13_2245.npz,faulted,line,13,6,11,95.76271186440678,100.0,2.0,3
line_14_2246,samples\line_14_2246.npz,faulted,line,14,10,12,95.76271186440678,100.0,1.0,3
line_15_2247,samples\line_15_2247.npz,faulted,line,15,11,13,95.76271186440678,100.0,1.0,3
line_16_2248,samples\line_16_2248.npz,faulted,line,16,12,14,96.61016949152544,100.0,1.0,3
line_17_2249,samples\line_17_2249.npz,faulted,line,17,13,14,96.61016949152544,100.0,1.0,3
line_18_2250,samples\line_18_2250.npz,faulted,line,18,11,15,96.61016949152544,100.0,1.0,3
line_19_2251,samples\line_19_2251.npz,faulted,line,19,14,16,95.76271186440678,100.0,0.0,3
line_20_2252,samples\line_20_2252.npz,faulted,line,20,15,16,96.61016949152544,100.0,1.0,3
line_21_2253,samples\line_21_2253.npz,faulted,line,21,16,17,95.76271186440678,100.0,0.0,3
line_22_2254,samples\line_22_2254.npz,faulted,line,22,17,18,96.61016949152544,100.0,1.0,3
line_23_2255,samples\line_23_2255.npz,faulted,line,23,18,19,96.61016949152544,100.0,1.0,3
line_24_2256,samples\line_24_2256.npz,faulted,line,24,14,18,96.61016949152544,100.0,1.0,3
line_25_2257,samples\line_25_2257.npz,faulted,line,25,19,20,95.76271186440678,100.0,2.0,3
line_26_2258,samples\line_26_2258.npz,faulted,line,26,20,21,96.61016949152544,100.0,1.0,3
line_27_2259,samples\line_27_2259.npz,faulted,line,27,21,22,95.76271186440678,100.0,2.0,3
line_28_2260,samples\line_28_2260.npz,faulted,line,28,22,23,95.76271186440678,100.0,1.0,3
line_29_2261,samples\line_29_2261.npz,faulted,line,29,22,24,96.61016949152544,100.0,1.0,3
line_30_2262,samples\line_30_2262.npz,faulted,line,30,24,26,96.61016949152544,100.0,1.0,3
line_31_2263,samples\line_31_2263.npz,faulted,line,31,26,27,96.61016949152544,100.0,0.0,3
line_32_2264,samples\line_32_2264.npz,faulted,line,32,27,28,95.76271186440678,100.0,1.0,3
line_33_2265,samples\line_33_2265.npz,faulted,line,33,7,29,96.61016949152544,100.0,1.0,3
line_34_2266,samples\line_34_2266.npz,faulted,line,34,25,29,96.61016949152544,100.0,1.0,3
line_35_2267,samples\line_35_2267.npz,faulted,line,35,16,30,96.61016949152544,100.0,0.0,3
line_36_2268,samples\line_36_2268.npz,faulted,line,36,28,30,96.61016949152544,100.0,1.0,3
line_37_2269,samples\line_37_2269.npz,faulted,line,37,22,31,96.61016949152544,100.0,1.0,3
line_38_2270,samples\line_38_2270.npz,faulted,line,38,30,31,96.61016949152544,100.0,1.0,3
line_39_2271,samples\line_39_2271.npz,faulted,line,39,26,31,96.61016949152544,100.0,1.0,3
line_40_2272,samples\line_40_2272.npz,faulted,line,40,14,32,96.61016949152544,100.0,1.0,3
line_41_2273,samples\line_41_2273.npz,faulted,line,41,18,33,96.61016949152544,100.0,1.0,3
line_42_2274,samples\line_42_2274.npz,faulted,line,42,34,35,96.61016949152544,100.0,1.0,3
line_43_2275,samples\line_43_2275.npz,faulted,line,43,34,36,95.76271186440678,100.0,2.0,3
line_44_2276,samples\line_44_2276.npz,faulted,line,44,32,36,95.76271186440678,100.0,1.0,3
line_45_2277,samples\line_45_2277.npz,faulted,line,45,33,35,95.76271186440678,100.0,2.0,3
line_46_2278,samples\line_46_2278.npz,faulted,line,46,33,36,96.61016949152544,100.0,1.0,3
line_47_2279,samples\line_47_2279.npz,faulted,line,47,36,38,96.61016949152544,100.0,1.0,3
line_48_2280,samples\line_48_2280.npz,faulted,line,48,36,39,96.61016949152544,100.0,1.0,3
line_49_2281,samples\line_49_2281.npz,faulted,line,49,29,37,96.61016949152544,100.0,1.0,3
line_50_2282,samples\line_50_2282.npz,faulted,line,50,38,39,96.61016949152544,100.0,1.0,3
line_51_2283,samples\line_51_2283.npz,faulted,line,51,39,40,95.76271186440678,100.0,1.0,3
line_52_2284,samples\line_52_2284.npz,faulted,line,52,39,41,96.61016949152544,100.0,1.0,3
line_53_2285,samples\line_53_2285.npz,faulted,line,53,40,41,96.61016949152544,100.0,1.0,3
line_54_2286,samples\line_54_2286.npz,faulted,line,54,42,43,96.61016949152544,100.0,1.0,3
line_55_2287,samples\line_55_2287.npz,faulted,line,55,33,42,95.76271186440678,100.0,2.0,3
line_56_2288,samples\line_56_2288.npz,faulted,line,56,43,44,95.76271186440678,100.0,2.0,3
line_57_2289,samples\line_57_2289.npz,faulted,line,57,44,45,95.76271186440678,100.0,2.0,3
line_58_2290,samples\line_58_2290.npz,faulted,line,58,45,46,96.61016949152544,100.0,1.0,3
line_59_2291,samples\line_59_2291.npz,faulted,line,59,45,47,96.61016949152544,100.0,1.0,3
line_60_2292,samples\line_60_2292.npz,faulted,line,60,46,48,95.76271186440678,100.0,1.0,3
line_61_2293,samples\line_61_2293.npz,faulted,line,61,41,48,96.61016949152544,100.0,1.0,3
line_62_2294,samples\line_62_2294.npz,faulted,line,62,41,48,96.61016949152544,100.0,1.0,3
line_63_2295,samples\line_63_2295.npz,faulted,line,63,44,48,96.61016949152544,100.0,2.0,3
line_64_2296,samples\line_64_2296.npz,faulted,line,64,47,48,95.76271186440678,100.0,2.0,3
line_65_2297,samples\line_65_2297.npz,faulted,line,65,48,49,96.61016949152544,100.0,1.0,3
line_66_2298,samples\line_66_2298.npz,faulted,line,66,48,50,96.61016949152544,100.0,1.0,3
line_67_2299,samples\line_67_2299.npz,faulted,line,67,50,51,96.61016949152544,100.0,0.0,3
line_68_2300,samples\line_68_2300.npz,faulted,line,68,51,52,95.76271186440678,100.0,1.0,3
line_69_2301,samples\line_69_2301.npz,faulted,line,69,52,53,96.61016949152544,100.0,1.0,3
line_70_2302,samples\line_70_2302.npz,faulted,line,70,48,53,96.61016949152544,100.0,1.0,3
line_71_2303,samples\line_71_2303.npz,faulted,line,71,48,53,96.61016949152544,100.0,1.0,3
line_72_2304,samples\line_72_2304.npz,faulted,line,72,53,54,96.61016949152544,100.0,1.0,3
line_73_2305,samples\line_73_2305.npz,faulted,line,73,53,55,96.61016949152544,100.0,1.0,3
line_74_2306,samples\line_74_2306.npz,faulted,line,74,54,55,96.61016949152544,100.0,1.0,3
line_75_2307,samples\line_75_2307.npz,faulted,line,75,55,56,96.61016949152544,100.0,1.0,3
line_76_2308,samples\line_76_2308.npz,faulted,line,76,49,56,95.76271186440678,100.0,1.0,3
line_77_2309,samples\line_77_2309.npz,faulted,line,77,55,57,96.61016949152544,100.0,1.0,3
line_78_2310,samples\line_78_2310.npz,faulted,line,78,50,57,95.76271186440678,100.0,0.0,3
line_79_2311,samples\line_79_2311.npz,faulted,line,79,53,58,96.61016949152544,100.0,1.0,3
line_80_2312,samples\line_80_2312.npz,faulted,line,80,55,58,96.61016949152544,100.0,1.0,3
line_81_2313,samples\line_81_2313.npz,faulted,line,81,55,58,96.61016949152544,100.0,1.0,3
line_82_2314,samples\line_82_2314.npz,faulted,line,82,54,58,95.76271186440678,100.0,0.0,3
line_83_2315,samples\line_83_2315.npz,faulted,line,83,58,59,96.61016949152544,100.0,0.0,3
line_84_2316,samples\line_84_2316.npz,faulted,line,84,58,60,96.61016949152544,100.0,0.0,3
line_85_2317,samples\line_85_2317.npz,faulted,line,85,59,60,96.61016949152544,100.0,1.0,3
line_86_2318,samples\line_86_2318.npz,faulted,line,86,59,61,96.61016949152544,100.0,1.0,3
line_87_2319,samples\line_87_2319.npz,faulted,line,87,60,61,96.61016949152544,100.0,1.0,3
line_88_2320,samples\line_88_2320.npz,faulted,line,88,62,63,96.61016949152544,100.0,1.0,3
line_89_2321,samples\line_89_2321.npz,faulted,line,89,37,64,96.61016949152544,100.0,1.0,3
line_90_2322,samples\line_90_2322.npz,faulted,line,90,63,64,96.61016949152544,100.0,2.0,3
line_91_2323,samples\line_91_2323.npz,faulted,line,91,48,65,96.61016949152544,100.0,1.0,3
line_92_2324,samples\line_92_2324.npz,faulted,line,92,48,65,96.61016949152544,100.0,1.0,3
line_93_2325,samples\line_93_2325.npz,faulted,line,93,61,65,96.61016949152544,100.0,1.0,3
line_94_2326,samples\line_94_2326.npz,faulted,line,94,61,66,95.76271186440678,100.0,1.0,3
line_95_2327,samples\line_95_2327.npz,faulted,line,95,65,66,96.61016949152544,100.0,1.0,3
line_96_2328,samples\line_96_2328.npz,faulted,line,96,46,68,96.61016949152544,100.0,1.0,3
line_97_2329,samples\line_97_2329.npz,faulted,line,97,48,68,96.61016949152544,100.0,1.0,3
line_98_2330,samples\line_98_2330.npz,faulted,line,98,68,69,96.61016949152544,100.0,1.0,3
line_99_2331,samples\line_99_2331.npz,faulted,line,99,23,69,96.61016949152544,100.0,1.0,3
line_100_2332,samples\line_100_2332.npz,faulted,line,100,69,70,96.61016949152544,100.0,0.0,3
line_101_2333,samples\line_101_2333.npz,faulted,line,101,23,71,96.61016949152544,100.0,1.0,3
line_102_2334,samples\line_102_2334.npz,faulted,line,102,70,71,95.76271186440678,100.0,2.0,3
line_103_2335,samples\line_103_2335.npz,faulted,line,103,70,72,95.76271186440678,100.0,2.0,4
line_104_2336,samples\line_104_2336.npz,faulted,line,104,69,73,96.61016949152544,100.0,0.0,3
line_105_2337,samples\line_105_2337.npz,faulted,line,105,69,74,96.61016949152544,100.0,0.0,3
line_106_2338,samples\line_106_2338.npz,faulted,line,106,68,74,96.61016949152544,100.0,1.0,3
line_107_2339,samples\line_107_2339.npz,faulted,line,107,73,74,95.76271186440678,100.0,1.0,3
line_108_2340,samples\line_108_2340.npz,faulted,line,108,75,76,95.76271186440678,100.0,1.0,3
line_109_2341,samples\line_109_2341.npz,faulted,line,109,68,76,96.61016949152544,100.0,1.0,3
line_110_2342,samples\line_110_2342.npz,faulted,line,110,74,76,96.61016949152544,100.0,1.0,3
line_111_2343,samples\line_111_2343.npz,faulted,line,111,76,77,95.76271186440678,100.0,1.0,3
line_112_2344,samples\line_112_2344.npz,faulted,line,112,77,78,96.61016949152544,100.0,1.0,3
line_113_2345,samples\line_113_2345.npz,faulted,line,113,76,79,96.61016949152544,100.0,1.0,3
line_114_2346,samples\line_114_2346.npz,faulted,line,114,76,79,96.61016949152544,100.0,1.0,3
line_115_2347,samples\line_115_2347.npz,faulted,line,115,78,79,95.76271186440678,100.0,2.0,3
line_116_2348,samples\line_116_2348.npz,faulted,line,116,76,81,95.76271186440678,100.0,1.0,3
line_117_2349,samples\line_117_2349.npz,faulted,line,117,81,82,96.61016949152544,100.0,1.0,3
line_118_2350,samples\line_118_2350.npz,faulted,line,118,82,83,96.61016949152544,100.0,1.0,3
line_119_2351,samples\line_119_2351.npz,faulted,line,119,82,84,95.76271186440678,100.0,2.0,3
line_120_2352,samples\line_120_2352.npz,faulted,line,120,83,84,95.76271186440678,100.0,2.0,3
line_121_2353,samples\line_121_2353.npz,faulted,line,121,84,85,96.61016949152544,100.0,2.0,4
line_122_2354,samples\line_122_2354.npz,faulted,line,122,84,87,96.61016949152544,100.0,2.0,3
line_123_2355,samples\line_123_2355.npz,faulted,line,123,84,88,96.61016949152544,100.0,1.0,3
line_124_2356,samples\line_124_2356.npz,faulted,line,124,87,88,96.61016949152544,100.0,1.0,3
line_125_2357,samples\line_125_2357.npz,faulted,line,125,88,89,96.61016949152544,100.0,1.0,3
line_126_2358,samples\line_126_2358.npz,faulted,line,126,88,89,96.61016949152544,100.0,1.0,3
line_127_2359,samples\line_127_2359.npz,faulted,line,127,89,90,96.61016949152544,100.0,1.0,3
line_128_2360,samples\line_128_2360.npz,faulted,line,128,88,91,96.61016949152544,100.0,1.0,3
line_129_2361,samples\line_129_2361.npz,faulted,line,129,88,91,96.61016949152544,100.0,1.0,3
line_130_2362,samples\line_130_2362.npz,faulted,line,130,90,91,95.76271186440678,100.0,2.0,3
line_131_2363,samples\line_131_2363.npz,faulted,line,131,91,92,96.61016949152544,100.0,1.0,3
line_132_2364,samples\line_132_2364.npz,faulted,line,132,91,93,96.61016949152544,100.0,2.0,3
line_133_2365,samples\line_133_2365.npz,faulted,line,133,92,93,96.61016949152544,100.0,1.0,3
line_134_2366,samples\line_134_2366.npz,faulted,line,134,93,94,95.76271186440678,100.0,1.0,3
line_135_2367,samples\line_135_2367.npz,faulted,line,135,79,95,96.61016949152544,100.0,1.0,3
line_136_2368,samples\line_136_2368.npz,faulted,line,136,81,95,96.61016949152544,100.0,1.0,3
line_137_2369,samples\line_137_2369.npz,faulted,line,137,93,95,96.61016949152544,100.0,1.0,3
line_138_2370,samples\line_138_2370.npz,faulted,line,138,79,96,95.76271186440678,100.0,1.0,3
line_139_2371,samples\line_139_2371.npz,faulted,line,139,79,97,96.61016949152544,100.0,1.0,3
line_140_2372,samples\line_140_2372.npz,faulted,line,140,79,98,96.61016949152544,100.0,1.0,3
line_141_2373,samples\line_141_2373.npz,faulted,line,141,91,99,96.61016949152544,100.0,1.0,3
line_142_2374,samples\line_142_2374.npz,faulted,line,142,93,99,96.61016949152544,100.0,1.0,3
line_143_2375,samples\line_143_2375.npz,faulted,line,143,94,95,96.61016949152544,100.0,1.0,3
line_144_2376,samples\line_144_2376.npz,faulted,line,144,95,96,96.61016949152544,100.0,1.0,3
line_145_2377,samples\line_145_2377.npz,faulted,line,145,97,99,96.61016949152544,100.0,1.0,3
line_146_2378,samples\line_146_2378.npz,faulted,line,146,98,99,96.61016949152544,100.0,1.0,3
line_147_2379,samples\line_147_2379.npz,faulted,line,147,99,100,96.61016949152544,100.0,1.0,3
line_148_2380,samples\line_148_2380.npz,faulted,line,148,91,101,95.76271186440678,100.0,1.0,4
line_149_2381,samples\line_149_2381.npz,faulted,line,149,100,101,96.61016949152544,100.0,1.0,4
line_150_2382,samples\line_150_2382.npz,faulted,line,150,99,102,96.61016949152544,100.0,1.0,3
line_151_2383,samples\line_151_2383.npz,faulted,line,151,99,103,96.61016949152544,100.0,1.0,3
line_152_2384,samples\line_152_2384.npz,faulted,line,152,102,103,96.61016949152544,100.0,1.0,3
line_153_2385,samples\line_153_2385.npz,faulted,line,153,102,104,96.61016949152544,100.0,1.0,3
line_154_2386,samples\line_154_2386.npz,faulted,line,154,99,105,96.61016949152544,100.0,1.0,3
line_155_2387,samples\line_155_2387.npz,faulted,line,155,103,104,96.61016949152544,100.0,2.0,3
line_156_2388,samples\line_156_2388.npz,faulted,line,156,104,105,96.61016949152544,100.0,2.0,3
line_157_2389,samples\line_157_2389.npz,faulted,line,157,104,106,95.76271186440678,100.0,2.0,3
line_158_2390,samples\line_158_2390.npz,faulted,line,158,104,107,95.76271186440678,100.0,2.0,3
line_159_2391,samples\line_159_2391.npz,faulted,line,159,105,106,96.61016949152544,100.0,1.0,3
line_160_2392,samples\line_160_2392.npz,faulted,line,160,107,108,96.61016949152544,100.0,1.0,3
line_161_2393,samples\line_161_2393.npz,faulted,line,161,102,109,96.61016949152544,100.0,1.0,3
line_162_2394,samples\line_162_2394.npz,faulted,line,162,108,109,95.76271186440678,100.0,2.0,3
line_163_2395,samples\line_163_2395.npz,faulted,line,163,109,110,95.76271186440678,100.0,2.0,4
line_164_2396,samples\line_164_2396.npz,faulted,line,164,109,111,95.76271186440678,100.0,2.0,4
line_165_2397,samples\line_165_2397.npz,faulted,line,165,16,112,96.61016949152544,100.0,0.0,3
line_166_2398,samples\line_166_2398.npz,faulted,line,166,31,112,96.61016949152544,100.0,1.0,3
line_167_2399,samples\line_167_2399.npz,faulted,line,167,31,113,95.76271186440678,100.0,1.0,3
line_168_2400,samples\line_168_2400.npz,faulted,line,168,26,114,95.76271186440678,100.0,0.0,3
line_169_2401,samples\line_169_2401.npz,faulted,line,169,113,114,96.61016949152544,100.0,1.0,3
line_170_2402,samples\line_170_2402.npz,faulted,line,170,11,116,95.76271186440678,100.0,2.0,4
line_171_2403,samples\line_171_2403.npz,faulted,line,171,74,117,95.76271186440678,100.0,1.0,3
line_172_2404,samples\line_172_2404.npz,faulted,line,172,75,117,96.61016949152544,100.0,1.0,3
trafo_0_2405,samples\trafo_0_2405.npz,faulted,trafo,0,7,4,96.61016949152544,100.0,1.0,3
trafo_1_2406,samples\trafo_1_2406.npz,faulted,trafo,1,25,24,95.76271186440678,100.0,1.0,3
trafo_2_2407,samples\trafo_2_2407.npz,faulted,trafo,2,29,16,95.76271186440678,100.0,0.0,3
trafo_3_2408,samples\trafo_3_2408.npz,faulted,trafo,3,37,36,95.76271186440678,100.0,1.0,3
trafo_4_2409,samples\trafo_4_2409.npz,faulted,trafo,4,62,58,95.76271186440678,100.0,0.0,3
trafo_5_2410,samples\trafo_5_2410.npz,faulted,trafo,5,63,60,96.61016949152544,100.0,1.0,3
trafo_6_2411,samples\trafo_6_2411.npz,faulted,trafo,6,64,65,96.61016949152544,100.0,1.0,3
trafo_7_2412,samples\trafo_7_2412.npz,faulted,trafo,7,64,67,95.76271186440678,100.0,2.0,3
trafo_8_2413,samples\trafo_8_2413.npz,faulted,trafo,8,67,68,96.61016949152544,100.0,1.0,3
trafo_9_2414,samples\trafo_9_2414.npz,faulted,trafo,9,80,67,96.61016949152544,100.0,1.0,3
trafo_10_2415,samples\trafo_10_2415.npz,faulted,trafo,10,80,79,96.61016949152544,100.0,2.0,3
trafo_11_2416,samples\trafo_11_2416.npz,faulted,trafo,11,86,85,96.61016949152544,100.0,1.0,3
trafo_12_2417,samples\trafo_12_2417.npz,faulted,trafo,12,115,67,96.61016949152544,100.0,1.0,3
line_0_2418,samples\line_0_2418.npz,faulted,line,0,0,1,99.15254237288136,100.0,2.0,1
line_1_2419,samples\line_1_2419.npz,faulted,line,1,0,2,99.15254237288136,100.0,2.0,1
line_2_2420,samples\line_2_2420.npz,faulted,line,2,3,4,99.15254237288136,100.0,2.0,1
line_3_2421,samples\line_3_2421.npz,faulted,line,3,2,4,99.15254237288136,100.0,2.0,1
line_4_2422,samples\line_4_2422.npz,faulted,line,4,4,5,98.30508474576273,100.0,3.0,1
line_5_2423,samples\line_5_2423.npz,faulted,line,5,5,6,99.15254237288136,100.0,2.0,1
line_6_2424,samples\line_6_2424.npz,faulted,line,6,7,8,99.15254237288136,100.0,2.0,2
line_7_2425,samples\line_7_2425.npz,faulted,line,7,8,9,98.30508474576273,100.0,3.0,2
line_8_2426,samples\line_8_2426.npz,faulted,line,8,3,10,99.15254237288136,100.0,2.0,1
line_9_2427,samples\line_9_2427.npz,faulted,line,9,4,10,99.15254237288136,100.0,2.0,1
line_10_2428,samples\line_10_2428.npz,faulted,line,10,10,11,99.15254237288136,100.0,2.0,1
line_11_2429,samples\line_11_2429.npz,faulted,line,11,1,11,99.15254237288136,100.0,2.0,1
line_12_2430,samples\line_12_2430.npz,faulted,line,12,2,11,99.15254237288136,100.0,2.0,1
line_13_2431,samples\line_13_2431.npz,faulted,line,13,6,11,98.30508474576273,100.0,3.0,1
line_14_2432,samples\line_14_2432.npz,faulted,line,14,10,12,98.30508474576273,100.0,2.0,1
line_15_2433,samples\line_15_2433.npz,faulted,line,15,11,13,98.30508474576273,100.0,1.0,1
line_16_2434,samples\line_16_2434.npz,faulted,line,16,12,14,99.15254237288136,100.0,2.0,1
line_17_2435,samples\line_17_2435.npz,faulted,line,17,13,14,99.15254237288136,100.0,2.0,1
line_18_2436,samples\line_18_2436.npz,faulted,line,18,11,15,99.15254237288136,100.0,2.0,1
line_19_2437,samples\line_19_2437.npz,faulted,line,19,14,16,98.30508474576273,100.0,1.0,1
line_20_2438,samples\line_20_2438.npz,faulted,line,20,15,16,99.15254237288136,100.0,2.0,1
line_21_2439,samples\line_21_2439.npz,faulted,line,21,16,17,98.30508474576273,100.0,2.0,1
line_22_2440,samples\line_22_2440.npz,faulted,line,22,17,18,99.15254237288136,100.0,2.0,1
line_23_2441,samples\line_23_2441.npz,faulted,line,23,18,19,99.15254237288136,100.0,1.0,1
line_24_2442,samples\line_24_2442.npz,faulted,line,24,14,18,99.15254237288136,100.0,2.0,1
line_25_2443,samples\line_25_2443.npz,faulted,line,25,19,20,98.30508474576273,100.0,2.0,1
line_26_2444,samples\line_26_2444.npz,faulted,line,26,20,21,99.15254237288136,100.0,2.0,1
line_27_2445,samples\line_27_2445.npz,faulted,line,27,21,22,98.30508474576273,100.0,2.0,1
line_28_2446,samples\line_28_2446.npz,faulted,line,28,22,23,98.30508474576273,100.0,1.0,1
line_29_2447,samples\line_29_2447.npz,faulted,line,29,22,24,99.15254237288136,100.0,2.0,1
line_30_2448,samples\line_30_2448.npz,faulted,line,30,24,26,99.15254237288136,100.0,0.0,1
line_31_2449,samples\line_31_2449.npz,faulted,line,31,26,27,99.15254237288136,100.0,0.0,1
line_32_2450,samples\line_32_2450.npz,faulted,line,32,27,28,98.30508474576273,100.0,2.0,1
line_33_2451,samples\line_33_2451.npz,faulted,line,33,7,29,99.15254237288136,100.0,2.0,1
line_34_2452,samples\line_34_2452.npz,faulted,line,34,25,29,99.15254237288136,100.0,2.0,1
line_35_2453,samples\line_35_2453.npz,faulted,line,35,16,30,99.15254237288136,100.0,2.0,1
line_36_2454,samples\line_36_2454.npz,faulted,line,36,28,30,99.15254237288136,100.0,2.0,1
line_37_2455,samples\line_37_2455.npz,faulted,line,37,22,31,99.15254237288136,100.0,2.0,1
line_38_2456,samples\line_38_2456.npz,faulted,line,38,30,31,99.15254237288136,100.0,2.0,1
line_39_2457,samples\line_39_2457.npz,faulted,line,39,26,31,99.15254237288136,100.0,0.0,1
line_40_2458,samples\line_40_2458.npz,faulted,line,40,14,32,99.15254237288136,100.0,2.0,1
line_41_2459,samples\line_41_2459.npz,faulted,line,41,18,33,99.15254237288136,100.0,2.0,1
line_42_2460,samples\line_42_2460.npz,faulted,line,42,34,35,99.15254237288136,100.0,2.0,1
line_43_2461,samples\line_43_2461.npz,faulted,line,43,34,36,98.30508474576273,100.0,2.0,1
line_44_2462,samples\line_44_2462.npz,faulted,line,44,32,36,98.30508474576273,100.0,1.0,1
line_45_2463,samples\line_45_2463.npz,faulted,line,45,33,35,98.30508474576273,100.0,3.0,1
line_46_2464,samples\line_46_2464.npz,faulted,line,46,33,36,99.15254237288136,100.0,1.0,1
line_47_2465,samples\line_47_2465.npz,faulted,line,47,36,38,99.15254237288136,100.0,1.0,1
line_48_2466,samples\line_48_2466.npz,faulted,line,48,36,39,99.15254237288136,100.0,1.0,1
line_49_2467,samples\line_49_2467.npz,faulted,line,49,29,37,99.15254237288136,100.0,2.0,1
line_50_2468,samples\line_50_2468.npz,faulted,line,50,38,39,99.15254237288136,100.0,2.0,1
line_51_2469,samples\line_51_2469.npz,faulted,line,51,39,40,98.30508474576273,100.0,2.0,1
line_52_2470,samples\line_52_2470.npz,faulted,line,52,39,41,99.15254237288136,100.0,2.0,1
line_53_2471,samples\line_53_2471.npz,faulted,line,53,40,41,99.15254237288136,100.0,2.0,1
line_54_2472,samples\line_54_2472.npz,faulted,line,54,42,43,99.15254237288136,100.0,2.0,1
line_55_2473,samples\line_55_2473.npz,faulted,line,55,33,42,98.30508474576273,100.0,3.0,1
line_56_2474,samples\line_56_2474.npz,faulted,line,56,43,44,98.30508474576273,100.0,3.0,1
line_57_2475,samples\line_57_2475.npz,faulted,line,57,44,45,98.30508474576273,100.0,3.0,1
line_58_2476,samples\line_58_2476.npz,faulted,line,58,45,46,99.15254237288136,100.0,2.0,1
line_59_2477,samples\line_59_2477.npz,faulted,line,59,45,47,99.15254237288136,100.0,2.0,1
line_60_2478,samples\line_60_2478.npz,faulted,line,60,46,48,98.30508474576273,100.0,3.0,1
line_61_2479,samples\line_61_2479.npz,faulted,line,61,41,48,99.15254237288136,100.0,2.0,1
line_62_2480,samples\line_62_2480.npz,faulted,line,62,41,48,99.15254237288136,100.0,2.0,1
line_63_2481,samples\line_63_2481.npz,faulted,line,63,44,48,99.15254237288136,100.0,3.0,1
line_64_2482,samples\line_64_2482.npz,faulted,line,64,47,48,98.30508474576273,100.0,3.0,1
line_65_2483,samples\line_65_2483.npz,faulted,line,65,48,49,99.15254237288136,100.0,2.0,1
line_66_2484,samples\line_66_2484.npz,faulted,line,66,48,50,99.15254237288136,100.0,2.0,1
line_67_2485,samples\line_67_2485.npz,faulted,line,67,50,51,99.15254237288136,100.0,1.0,1
line_68_2486,samples\line_68_2486.npz,faulted,line,68,51,52,98.30508474576273,100.0,2.0,1
line_69_2487,samples\line_69_2487.npz,faulted,line,69,52,53,99.15254237288136,100.0,2.0,1
line_70_2488,samples\line_70_2488.npz,faulted,line,70,48,53,99.15254237288136,100.0,2.0,1
line_71_2489,samples\line_71_2489.npz,faulted,line,71,48,53,99.15254237288136,100.0,2.0,1
line_72_2490,samples\line_72_2490.npz,faulted,line,72,53,54,99.15254237288136,100.0,2.0,1
line_73_2491,samples\line_73_2491.npz,faulted,line,73,53,55,99.15254237288136,100.0,2.0,1
line_74_2492,samples\line_74_2492.npz,faulted,line,74,54,55,99.15254237288136,100.0,2.0,1
line_75_2493,samples\line_75_2493.npz,faulted,line,75,55,56,99.15254237288136,100.0,2.0,1
line_76_2494,samples\line_76_2494.npz,faulted,line,76,49,56,98.30508474576273,100.0,2.0,1
line_77_2495,samples\line_77_2495.npz,faulted,line,77,55,57,99.15254237288136,100.0,2.0,1
line_78_2496,samples\line_78_2496.npz,faulted,line,78,50,57,98.30508474576273,100.0,1.0,1
line_79_2497,samples\line_79_2497.npz,faulted,line,79,53,58,99.15254237288136,100.0,2.0,1
line_80_2498,samples\line_80_2498.npz,faulted,line,80,55,58,99.15254237288136,100.0,2.0,1
line_81_2499,samples\line_81_2499.npz,faulted,line,81,55,58,99.15254237288136,100.0,2.0,1
line_82_2500,samples\line_82_2500.npz,faulted,line,82,54,58,98.30508474576273,100.0,1.0,1
line_83_2501,samples\line_83_2501.npz,faulted,line,83,58,59,99.15254237288136,100.0,1.0,1
line_84_2502,samples\line_84_2502.npz,faulted,line,84,58,60,99.15254237288136,100.0,1.0,1
line_85_2503,samples\line_85_2503.npz,faulted,line,85,59,60,99.15254237288136,100.0,2.0,1
line_86_2504,samples\line_86_2504.npz,faulted,line,86,59,61,99.15254237288136,100.0,2.0,1
line_87_2505,samples\line_87_2505.npz,faulted,line,87,60,61,99.15254237288136,100.0,2.0,1
line_88_2506,samples\line_88_2506.npz,faulted,line,88,62,63,99.15254237288136,100.0,2.0,1
line_89_2507,samples\line_89_2507.npz,faulted,line,89,37,64,99.15254237288136,100.0,2.0,1
line_90_2508,samples\line_90_2508.npz,faulted,line,90,63,64,99.15254237288136,100.0,2.0,1
line_91_2509,samples\line_91_2509.npz,faulted,line,91,48,65,99.15254237288136,100.0,2.0,1
line_92_2510,samples\line_92_2510.npz,faulted,line,92,48,65,99.15254237288136,100.0,2.0,1
line_93_2511,samples\line_93_2511.npz,faulted,line,93,61,65,99.15254237288136,100.0,2.0,1
line_94_2512,samples\line_94_2512.npz,faulted,line,94,61,66,98.30508474576273,100.0,2.0,1
line_95_2513,samples\line_95_2513.npz,faulted,line,95,65,66,99.15254237288136,100.0,2.0,1
line_96_2514,samples\line_96_2514.npz,faulted,line,96,46,68,99.15254237288136,100.0,2.0,1
line_97_2515,samples\line_97_2515.npz,faulted,line,97,48,68,99.15254237288136,100.0,2.0,1
line_98_2516,samples\line_98_2516.npz,faulted,line,98,68,69,99.15254237288136,100.0,2.0,1
line_99_2517,samples\line_99_2517.npz,faulted,line,99,23,69,99.15254237288136,100.0,0.0,1
line_100_2518,samples\line_100_2518.npz,faulted,line,100,69,70,99.15254237288136,100.0,1.0,1
line_101_2519,samples\line_101_2519.npz,faulted,line,101,23,71,99.15254237288136,100.0,1.0,1
line_102_2520,samples\line_102_2520.npz,faulted,line,102,70,71,98.30508474576273,100.0,2.0,1
line_103_2521,samples\line_103_2521.npz,faulted,line,103,70,72,98.30508474576273,100.0,2.0,2
line_104_2522,samples\line_104_2522.npz,faulted,line,104,69,73,99.15254237288136,100.0,1.0,1
line_105_2523,samples\line_105_2523.npz,faulted,line,105,69,74,99.15254237288136,100.0,2.0,1
line_106_2524,samples\line_106_2524.npz,faulted,line,106,68,74,99.15254237288136,100.0,2.0,1
line_107_2525,samples\line_107_2525.npz,faulted,line,107,73,74,98.30508474576273,100.0,2.0,1
line_108_2526,samples\line_108_2526.npz,faulted,line,108,75,76,98.30508474576273,100.0,1.0,1
line_109_2527,samples\line_109_2527.npz,faulted,line,109,68,76,99.15254237288136,100.0,2.0,1
line_110_2528,samples\line_110_2528.npz,faulted,line,110,74,76,99.15254237288136,100.0,1.0,1
line_111_2529,samples\line_111_2529.npz,faulted,line,111,76,77,98.30508474576273,100.0,1.0,1
line_112_2530,samples\line_112_2530.npz,faulted,line,112,77,78,99.15254237288136,100.0,2.0,1
line_113_2531,samples\line_113_2531.npz,faulted,line,113,76,79,99.15254237288136,100.0,2.0,1
line_114_2532,samples\line_114_2532.npz,faulted,line,114,76,79,99.15254237288136,100.0,2.0,1
line_115_2533,samples\line_115_2533.npz,faulted,line,115,78,79,98.30508474576273,100.0,3.0,1
line_116_2534,samples\line_116_2534.npz,faulted,line,116,76,81,98.30508474576273,100.0,1.0,1
line_117_2535,samples\line_117_2535.npz,faulted,line,117,81,82,99.15254237288136,100.0,2.0,1
line_118_2536,samples\line_118_2536.npz,faulted,line,118,82,83,99.15254237288136,100.0,2.0,1
line_119_2537,samples\line_119_2537.npz,faulted,line,119,82,84,98.30508474576273,100.0,3.0,1
line_120_2538,samples\line_120_2538.npz,faulted,line,120,83,84,98.30508474576273,100.0,3.0,1
line_121_2539,samples\line_121_2539.npz,faulted,line,121,84,85,99.15254237288136,100.0,2.0,2
line_122_2540,samples\line_122_2540.npz,faulted,line,122,84,87,99.15254237288136,100.0,2.0,1
line_123_2541,samples\line_123_2541.npz,faulted,line,123,84,88,99.15254237288136,100.0,2.0,1
line_124_2542,samples\line_124_2542.npz,faulted,line,124,87,88,99.15254237288136,100.0,2.0,1
line_125_2543,samples\line_125_2543.npz,faulted,line,125,88,89,99.15254237288136,100.0,2.0,1
line_126_2544,samples\line_126_2544.npz,faulted,line,126,88,89,99.15254237288136,100.0,2.0,1
line_127_2545,samples\line_127_2545.npz,faulted,line,127,89,90,99.15254237288136,100.0,2.0,1
line_128_2546,samples\line_128_2546.npz,faulted,line,128,88,91,99.15254237288136,100.0,2.0,1
line_129_2547,samples\line_129_2547.npz,faulted,line,129,88,91,99.15254237288136,100.0,2.0,1
line_130_2548,samples\line_130_2548.npz,faulted,line,130,90,91,98.30508474576273,100.0,2.0,1
line_131_2549,samples\line_131_2549.npz,faulted,line,131,91,92,99.15254237288136,100.0,2.0,1
line_132_2550,samples\line_132_2550.npz,faulted,line,132,91,93,99.15254237288136,100.0,2.0,1
line_133_2551,samples\line_133_2551.npz,faulted,line,133,92,93,99.15254237288136,100.0,2.0,1
line_134_2552,samples\line_134_2552.npz,faulted,line,134,93,94,98.30508474576273,100.0,2.0,1
line_135_2553,samples\line_135_2553.npz,faulted,line,135,79,95,99.15254237288136,100.0,2.0,1
line_136_2554,samples\line_136_2554.npz,faulted,line,136,81,95,99.15254237288136,100.0,2.0,1
line_137_2555,samples\line_137_2555.npz,faulted,line,137,93,95,99.15254237288136,100.0,2.0,1
line_138_2556,samples\line_138_2556.npz,faulted,line,138,79,96,98.30508474576273,100.0,2.0,1
line_139_2557,samples\line_139_2557.npz,faulted,line,139,79,97,99.15254237288136,100.0,2.0,1
line_140_2558,samples\line_140_2558.npz,faulted,line,140,79,98,99.15254237288136,100.0,2.0,1
line_141_2559,samples\line_141_2559.npz,faulted,line,141,91,99,99.15254237288136,100.0,1.0,1
line_142_2560,samples\line_142_2560.npz,faulted,line,142,93,99,99.15254237288136,100.0,1.0,1
line_143_2561,samples\line_143_2561.npz,faulted,line,143,94,95,99.15254237288136,100.0,2.0,1
line_144_2562,samples\line_144_2562.npz,faulted,line,144,95,96,99.15254237288136,100.0,2.0,1
line_145_2563,samples\line_145_2563.npz,faulted,line,145,97,99,99.15254237288136,100.0,1.0,1
line_146_2564,samples\line_146_2564.npz,faulted,line,146,98,99,99.15254237288136,100.0,1.0,1
line_147_2565,samples\line_147_2565.npz,faulted,line,147,99,100,98.30508474576273,100.0,1.0,1
line_148_2566,samples\line_148_2566.npz,faulted,line,148,91,101,98.30508474576273,100.0,2.0,1
line_149_2567,samples\line_149_2567.npz,faulted,line,149,100,101,99.15254237288136,100.0,2.0,1
line_150_2568,samples\line_150_2568.npz,faulted,line,150,99,102,99.15254237288136,100.0,1.0,1
line_151_2569,samples\line_151_2569.npz,faulted,line,151,99,103,99.15254237288136,100.0,1.0,1
line_152_2570,samples\line_152_2570.npz,faulted,line,152,102,103,99.15254237288136,100.0,2.0,1
line_153_2571,samples\line_153_2571.npz,faulted,line,153,102,104,99.15254237288136,100.0,2.0,1
line_154_2572,samples\line_154_2572.npz,faulted,line,154,99,105,99.15254237288136,100.0,1.0,1
line_155_2573,samples\line_155_2573.npz,faulted,line,155,103,104,99.15254237288136,100.0,2.0,1
line_156_2574,samples\line_156_2574.npz,faulted,line,156,104,105,99.15254237288136,100.0,2.0,1
line_157_2575,samples\line_157_2575.npz,faulted,line,157,104,106,98.30508474576273,100.0,3.0,1
line_158_2576,samples\line_158_2576.npz,faulted,line,158,104,107,98.30508474576273,100.0,3.0,1
line_159_2577,samples\line_159_2577.npz,faulted,line,159,105,106,99.15254237288136,100.0,2.0,1
line_160_2578,samples\line_160_2578.npz,faulted,line,160,107,108,99.15254237288136,100.0,2.0,1
line_161_2579,samples\line_161_2579.npz,faulted,line,161,102,109,99.15254237288136,100.0,2.0,1
line_162_2580,samples\line_162_2580.npz,faulted,line,162,108,109,98.30508474576273,100.0,3.0,1
line_163_2581,samples\line_163_2581.npz,faulted,line,163,109,110,98.30508474576273,100.0,3.0,2
line_164_2582,samples\line_164_2582.npz,faulted,line,164,109,111,98.30508474576273,100.0,3.0,2
line_165_2583,samples\line_165_2583.npz,faulted,line,165,16,112,99.15254237288136,100.0,2.0,1
line_166_2584,samples\line_166_2584.npz,faulted,line,166,31,112,99.15254237288136,100.0,2.0,1
line_167_2585,samples\line_167_2585.npz,faulted,line,167,31,113,98.30508474576273,100.0,2.0,1
line_168_2586,samples\line_168_2586.npz,faulted,line,168,26,114,98.30508474576273,100.0,0.0,1
line_169_2587,samples\line_169_2587.npz,faulted,line,169,113,114,99.15254237288136,100.0,2.0,1
line_170_2588,samples\line_170_2588.npz,faulted,line,170,11,116,98.30508474576273,100.0,3.0,2
line_171_2589,samples\line_171_2589.npz,faulted,line,171,74,117,98.30508474576273,100.0,2.0,1
line_172_2590,samples\line_172_2590.npz,faulted,line,172,75,117,99.15254237288136,100.0,2.0,1
trafo_0_2591,samples\trafo_0_2591.npz,faulted,trafo,0,7,4,99.15254237288136,100.0,2.0,1
trafo_1_2592,samples\trafo_1_2592.npz,faulted,trafo,1,25,24,98.30508474576273,100.0,2.0,1
trafo_2_2593,samples\trafo_2_2593.npz,faulted,trafo,2,29,16,98.30508474576273,100.0,3.0,1
trafo_3_2594,samples\trafo_3_2594.npz,faulted,trafo,3,37,36,99.15254237288136,100.0,2.0,1
trafo_4_2595,samples\trafo_4_2595.npz,faulted,trafo,4,62,58,98.30508474576273,100.0,1.0,1
trafo_5_2596,samples\trafo_5_2596.npz,faulted,trafo,5,63,60,98.30508474576273,100.0,2.0,1
trafo_6_2597,samples\trafo_6_2597.npz,faulted,trafo,6,64,65,99.15254237288136,100.0,2.0,1
trafo_7_2598,samples\trafo_7_2598.npz,faulted,trafo,7,64,67,98.30508474576273,100.0,2.0,1
trafo_8_2599,samples\trafo_8_2599.npz,faulted,trafo,8,67,68,99.15254237288136,100.0,2.0,1
trafo_9_2600,samples\trafo_9_2600.npz,faulted,trafo,9,80,67,99.15254237288136,100.0,2.0,1
trafo_10_2601,samples\trafo_10_2601.npz,faulted,trafo,10,80,79,99.15254237288136,100.0,2.0,1
trafo_11_2602,samples\trafo_11_2602.npz,faulted,trafo,11,86,85,98.30508474576273,100.0,2.0,2
trafo_12_2603,samples\trafo_12_2603.npz,faulted,trafo,12,115,67,98.30508474576273,100.0,2.0,2
line_0_2604,samples\line_0_2604.npz,faulted,line,0,0,1,99.15254237288136,100.0,0.0,1
line_1_2605,samples\line_1_2605.npz,faulted,line,1,0,2,99.15254237288136,100.0,0.0,1
line_2_2606,samples\line_2_2606.npz,faulted,line,2,3,4,99.15254237288136,100.0,2.0,1
line_3_2607,samples\line_3_2607.npz,faulted,line,3,2,4,99.15254237288136,100.0,0.0,1
line_4_2608,samples\line_4_2608.npz,faulted,line,4,4,5,98.30508474576273,100.0,2.0,1
line_5_2609,samples\line_5_2609.npz,faulted,line,5,5,6,99.15254237288136,100.0,0.0,1
line_6_2610,samples\line_6_2610.npz,faulted,line,6,7,8,99.15254237288136,100.0,0.0,2
line_7_2611,samples\line_7_2611.npz,faulted,line,7,8,9,98.30508474576273,100.0,1.0,2
line_8_2612,samples\line_8_2612.npz,faulted,line,8,3,10,99.15254237288136,100.0,0.0,1
line_9_2613,samples\line_9_2613.npz,faulted,line,9,4,10,99.15254237288136,100.0,0.0,1
line_10_2614,samples\line_10_2614.npz,faulted,line,10,10,11,99.15254237288136,100.0,0.0,1
line_11_2615,samples\line_11_2615.npz,faulted,line,11,1,11,99.15254237288136,100.0,0.0,1
line_12_2616,samples\line_12_2616.npz,faulted,line,12,2,11,99.15254237288136,100.0,0.0,1
line_13_2617,samples\line_13_2617.npz,faulted,line,13,6,11,98.30508474576273,100.0,1.0,1
line_14_2618,samples\line_14_2618.npz,faulted,line,14,10,12,98.30508474576273,100.0,0.0,1
line_15_2619,samples\line_15_2619.npz,faulted,line,15,11,13,98.30508474576273,100.0,0.0,1
line_16_2620,samples\line_16_2620.npz,faulted,line,16,12,14,99.15254237288136,100.0,0.0,1
line_17_2621,samples\line_17_2621.npz,faulted,line,17,13,14,99.15254237288136,100.0,0.0,1
line_18_2622,samples\line_18_2622.npz,faulted,line,18,11,15,99.15254237288136,100.0,1.0,1
line_19_2623,samples\line_19_2623.npz,faulted,line,19,14,16,98.30508474576273,100.0,0.0,1
line_20_2624,samples\line_20_2624.npz,faulted,line,20,15,16,99.15254237288136,100.0,0.0,1
line_21_2625,samples\line_21_2625.npz,faulted,line,21,16,17,98.30508474576273,100.0,0.0,1
line_22_2626,samples\line_22_2626.npz,faulted,line,22,17,18,99.15254237288136,100.0,0.0,1
line_23_2627,samples\line_23_2627.npz,faulted,line,23,18,19,99.15254237288136,100.0,0.0,1
line_24_2628,samples\line_24_2628.npz,faulted,line,24,14,18,99.15254237288136,100.0,0.0,1
line_25_2629,samples\line_25_2629.npz,faulted,line,25,19,20,98.30508474576273,100.0,0.0,1
line_26_2630,samples\line_26_2630.npz,faulted,line,26,20,21,99.15254237288136,100.0,1.0,1
line_27_2631,samples\line_27_2631.npz,faulted,line,27,21,22,98.30508474576273,100.0,0.0,1
line_28_2632,samples\line_28_2632.npz,faulted,line,28,22,23,98.30508474576273,100.0,0.0,1
line_29_2633,samples\line_29_2633.npz,faulted,line,29,22,24,99.15254237288136,100.0,0.0,1
line_30_2634,samples\line_30_2634.npz,faulted,line,30,24,26,99.15254237288136,100.0,0.0,1
line_31_2635,samples\line_31_2635.npz,faulted,line,31,26,27,99.15254237288136,100.0,0.0,1
line_32_2636,samples\line_32_2636.npz,faulted,line,32,27,28,98.30508474576273,100.0,0.0,1
line_33_2637,samples\line_33_2637.npz,faulted,line,33,7,29,99.15254237288136,100.0,0.0,1
line_34_2638,samples\line_34_2638.npz,faulted,line,34,25,29,99.15254237288136,100.0,1.0,1
line_35_2639,samples\line_35_2639.npz,faulted,line,35,16,30,99.15254237288136,100.0,0.0,1
line_36_2640,samples\line_36_2640.npz,faulted,line,36,28,30,99.15254237288136,100.0,0.0,1
line_37_2641,samples\line_37_2641.npz,faulted,line,37,22,31,99.15254237288136,100.0,3.0,1
line_38_2642,samples\line_38_2642.npz,faulted,line,38,30,31,99.15254237288136,100.0,1.0,1
line_39_2643,samples\line_39_2643.npz,faulted,line,39,26,31,99.15254237288136,100.0,1.0,1
line_40_2644,samples\line_40_2644.npz,faulted,line,40,14,32,99.15254237288136,100.0,0.0,1
line_41_2645,samples\line_41_2645.npz,faulted,line,41,18,33,99.15254237288136,100.0,0.0,1
line_42_2646,samples\line_42_2646.npz,faulted,line,42,34,35,99.15254237288136,100.0,0.0,1
line_43_2647,samples\line_43_2647.npz,faulted,line,43,34,36,98.30508474576273,100.0,1.0,1
line_44_2648,samples\line_44_2648.npz,faulted,line,44,32,36,98.30508474576273,100.0,0.0,1
line_45_2649,samples\line_45_2649.npz,faulted,line,45,33,35,98.30508474576273,100.0,1.0,1
line_46_2650,samples\line_46_2650.npz,faulted,line,46,33,36,99.15254237288136,100.0,0.0,1
line_47_2651,samples\line_47_2651.npz,faulted,line,47,36,38,99.15254237288136,100.0,0.0,1
line_48_2652,samples\line_48_2652.npz,faulted,line,48,36,39,99.15254237288136,100.0,0.0,1
line_49_2653,samples\line_49_2653.npz,faulted,line,49,29,37,99.15254237288136,100.0,0.0,1
line_50_2654,samples\line_50_2654.npz,faulted,line,50,38,39,99.15254237288136,100.0,0.0,1
line_51_2655,samples\line_51_2655.npz,faulted,line,51,39,40,98.30508474576273,100.0,0.0,1
line_52_2656,samples\line_52_2656.npz,faulted,line,52,39,41,99.15254237288136,100.0,0.0,1
line_53_2657,samples\line_53_2657.npz,faulted,line,53,40,41,99.15254237288136,100.0,0.0,1
line_54_2658,samples\line_54_2658.npz,faulted,line,54,42,43,99.15254237288136,100.0,0.0,1
line_55_2659,samples\line_55_2659.npz,faulted,line,55,33,42,98.30508474576273,100.0,1.0,1
line_56_2660,samples\line_56_2660.npz,faulted,line,56,43,44,98.30508474576273,100.0,1.0,1
line_57_2661,samples\line_57_2661.npz,faulted,line,57,44,45,98.30508474576273,100.0,1.0,1
line_58_2662,samples\line_58_2662.npz,faulted,line,58,45,46,99.15254237288136,100.0,0.0,1
line_59_2663,samples\line_59_2663.npz,faulted,line,59,45,47,99.15254237288136,100.0,0.0,1
line_60_2664,samples\line_60_2664.npz,faulted,line,60,46,48,98.30508474576273,100.0,1.0,1
line_61_2665,samples\line_61_2665.npz,faulted,line,61,41,48,99.15254237288136,100.0,0.0,1
line_62_2666,samples\line_62_2666.npz,faulted,line,62,41,48,99.15254237288136,100.0,0.0,1
line_63_2667,samples\line_63_2667.npz,faulted,line,63,44,48,99.15254237288136,100.0,1.0,1
line_64_2668,samples\line_64_2668.npz,faulted,line,64,47,48,98.30508474576273,100.0,1.0,1
line_65_2669,samples\line_65_2669.npz,faulted,line,65,48,49,99.15254237288136,100.0,0.0,1
line_66_2670,samples\line_66_2670.npz,faulted,line,66,48,50,99.15254237288136,100.0,0.0,1
line_67_2671,samples\line_67_2671.npz,faulted,line,67,50,51,99.15254237288136,100.0,0.0,1
line_68_2672,samples\line_68_2672.npz,faulted,line,68,51,52,98.30508474576273,100.0,0.0,1
line_69_2673,samples\line_69_2673.npz,faulted,line,69,52,53,99.15254237288136,100.0,0.0,1
line_70_2674,samples\line_70_2674.npz,faulted,line,70,48,53,99.15254237288136,100.0,0.0,1
line_71_2675,samples\line_71_2675.npz,faulted,line,71,48,53,99.15254237288136,100.0,0.0,1
line_72_2676,samples\line_72_2676.npz,faulted,line,72,53,54,99.15254237288136,100.0,0.0,1
line_73_2677,samples\line_73_2677.npz,faulted,line,73,53,55,99.15254237288136,100.0,0.0,1
line_74_2678,samples\line_74_2678.npz,faulted,line,74,54,55,99.15254237288136,100.0,0.0,1
line_75_2679,samples\line_75_2679.npz,faulted,line,75,55,56,99.15254237288136,100.0,0.0,1
line_76_2680,samples\line_76_2680.npz,faulted,line,76,49,56,98.30508474576273,100.0,0.0,1
line_77_2681,samples\line_77_2681.npz,faulted,line,77,55,57,99.15254237288136,100.0,0.0,1
line_78_2682,samples\line_78_2682.npz,faulted,line,78,50,57,98.30508474576273,100.0,0.0,2
line_79_2683,samples\line_79_2683.npz,faulted,line,79,53,58,99.15254237288136,100.0,0.0,1
line_80_2684,samples\line_80_2684.npz,faulted,line,80,55,58,99.15254237288136,100.0,0.0,1
line_81_2685,samples\line_81_2685.npz,faulted,line,81,55,58,99.15254237288136,100.0,0.0,1
line_82_2686,samples\line_82_2686.npz,faulted,line,82,54,58,98.30508474576273,100.0,0.0,1
line_83_2687,samples\line_83_2687.npz,faulted,line,83,58,59,99.15254237288136,100.0,0.0,1
line_84_2688,samples\line_84_2688.npz,faulted,line,84,58,60,99.15254237288136,100.0,0.0,1
line_85_2689,samples\line_85_2689.npz,faulted,line,85,59,60,99.15254237288136,100.0,0.0,1
line_86_2690,samples\line_86_2690.npz,faulted,line,86,59,61,99.15254237288136,100.0,0.0,1
line_87_2691,samples\line_87_2691.npz,faulted,line,87,60,61,99.15254237288136,100.0,0.0,1
line_88_2692,samples\line_88_2692.npz,faulted,line,88,62,63,99.15254237288136,100.0,0.0,1
line_89_2693,samples\line_89_2693.npz,faulted,line,89,37,64,99.15254237288136,100.0,0.0,1
line_90_2694,samples\line_90_2694.npz,faulted,line,90,63,64,99.15254237288136,100.0,0.0,1
line_91_2695,samples\line_91_2695.npz,faulted,line,91,48,65,99.15254237288136,100.0,0.0,1
line_92_2696,samples\line_92_2696.npz,faulted,line,92,48,65,99.15254237288136,100.0,0.0,1
line_93_2697,samples\line_93_2697.npz,faulted,line,93,61,65,99.15254237288136,100.0,0.0,1
line_94_2698,samples\line_94_2698.npz,faulted,line,94,61,66,98.30508474576273,100.0,0.0,1
line_95_2699,samples\line_95_2699.npz,faulted,line,95,65,66,99.15254237288136,100.0,0.0,1
line_96_2700,samples\line_96_2700.npz,faulted,line,96,46,68,99.15254237288136,100.0,0.0,1
line_97_2701,samples\line_97_2701.npz,faulted,line,97,48,68,99.15254237288136,100.0,0.0,1
line_98_2702,samples\line_98_2702.npz,faulted,line,98,68,69,99.15254237288136,100.0,0.0,1
line_99_2703,samples\line_99_2703.npz,faulted,line,99,23,69,99.15254237288136,100.0,0.0,1
line_100_2704,samples\line_100_2704.npz,faulted,line,100,69,70,99.15254237288136,100.0,0.0,1
line_101_2705,samples\line_101_2705.npz,faulted,line,101,23,71,99.15254237288136,100.0,0.0,1
line_102_2706,samples\line_102_2706.npz,faulted,line,102,70,71,98.30508474576273,100.0,1.0,1
line_103_2707,samples\line_103_2707.npz,faulted,line,103,70,72,98.30508474576273,100.0,1.0,2
line_104_2708,samples\line_104_2708.npz,faulted,line,104,69,73,99.15254237288136,100.0,0.0,1
line_105_2709,samples\line_105_2709.npz,faulted,line,105,69,74,99.15254237288136,100.0,0.0,1
line_106_2710,samples\line_106_2710.npz,faulted,line,106,68,74,99.15254237288136,100.0,0.0,1
line_107_2711,samples\line_107_2711.npz,faulted,line,107,73,74,98.30508474576273,100.0,0.0,1
line_108_2712,samples\line_108_2712.npz,faulted,line,108,75,76,98.30508474576273,100.0,0.0,1
line_109_2713,samples\line_109_2713.npz,faulted,line,109,68,76,99.15254237288136,100.0,0.0,1
line_110_2714,samples\line_110_2714.npz,faulted,line,110,74,76,99.15254237288136,100.0,0.0,1
line_111_2715,samples\line_111_2715.npz,faulted,line,111,76,77,98.30508474576273,100.0,0.0,1
line_112_2716,samples\line_112_2716.npz,faulted,line,112,77,78,99.15254237288136,100.0,0.0,1
line_113_2717,samples\line_113_2717.npz,faulted,line,113,76,79,99.15254237288136,100.0,0.0,1
line_114_2718,samples\line_114_2718.npz,faulted,line,114,76,79,99.15254237288136,100.0,0.0,1
line_115_2719,samples\line_115_2719.npz,faulted,line,115,78,79,98.30508474576273,100.0,0.0,1
line_116_2720,samples\line_116_2720.npz,faulted,line,116,76,81,98.30508474576273,100.0,0.0,1
line_117_2721,samples\line_117_2721.npz,faulted,line,117,81,82,99.15254237288136,100.0,0.0,1
line_118_2722,samples\line_118_2722.npz,faulted,line,118,82,83,99.15254237288136,100.0,0.0,1
line_119_2723,samples\line_119_2723.npz,faulted,line,119,82,84,98.30508474576273,100.0,1.0,1
line_120_2724,samples\line_120_2724.npz,faulted,line,120,83,84,98.30508474576273,100.0,1.0,1
line_121_2725,samples\line_121_2725.npz,faulted,line,121,84,85,99.15254237288136,100.0,0.0,2
line_122_2726,samples\line_122_2726.npz,faulted,line,122,84,87,99.15254237288136,100.0,0.0,1
line_123_2727,samples\line_123_2727.npz,faulted,line,123,84,88,99.15254237288136,100.0,0.0,1
line_124_2728,samples\line_124_2728.npz,faulted,line,124,87,88,99.15254237288136,100.0,0.0,1
line_125_2729,samples\line_125_2729.npz,faulted,line,125,88,89,99.15254237288136,100.0,0.0,1
line_126_2730,samples\line_126_2730.npz,faulted,line,126,88,89,99.15254237288136,100.0,0.0,1
line_127_2731,samples\line_127_2731.npz,faulted,line,127,89,90,99.15254237288136,100.0,0.0,1
line_128_2732,samples\line_128_2732.npz,faulted,line,128,88,91,99.15254237288136,100.0,0.0,1
line_129_2733,samples\line_129_2733.npz,faulted,line,129,88,91,99.15254237288136,100.0,0.0,1
line_130_2734,samples\line_130_2734.npz,faulted,line,130,90,91,98.30508474576273,100.0,0.0,1
line_131_2735,samples\line_131_2735.npz,faulted,line,131,91,92,99.15254237288136,100.0,0.0,1
line_132_2736,samples\line_132_2736.npz,faulted,line,132,91,93,99.15254237288136,100.0,0.0,1
line_133_2737,samples\line_133_2737.npz,faulted,line,133,92,93,99.15254237288136,100.0,0.0,1
line_134_2738,samples\line_134_2738.npz,faulted,line,134,93,94,98.30508474576273,100.0,0.0,1
line_135_2739,samples\line_135_2739.npz,faulted,line,135,79,95,99.15254237288136,100.0,0.0,1
line_136_2740,samples\line_136_2740.npz,faulted,line,136,81,95,99.15254237288136,100.0,0.0,1
line_137_2741,samples\line_137_2741.npz,faulted,line,137,93,95,99.15254237288136,100.0,0.0,1
line_138_2742,samples\line_138_2742.npz,faulted,line,138,79,96,98.30508474576273,100.0,0.0,1
line_139_2743,samples\line_139_2743.npz,faulted,line,139,79,97,99.15254237288136,100.0,0.0,1
line_140_2744,samples\line_140_2744.npz,faulted,line,140,79,98,99.15254237288136,100.0,0.0,1
line_141_2745,samples\line_141_2745.npz,faulted,line,141,91,99,99.15254237288136,100.0,0.0,1
line_142_2746,samples\line_142_2746.npz,faulted,line,142,93,99,99.15254237288136,100.0,0.0,1
line_143_2747,samples\line_143_2747.npz,faulted,line,143,94,95,99.15254237288136,100.0,0.0,1
line_144_2748,samples\line_144_2748.npz,faulted,line,144,95,96,99.15254237288136,100.0,0.0,1
line_145_2749,samples\line_145_2749.npz,faulted,line,145,97,99,99.15254237288136,100.0,0.0,1
line_146_2750,samples\line_146_2750.npz,faulted,line,146,98,99,99.15254237288136,100.0,0.0,1
line_147_2751,samples\line_147_2751.npz,faulted,line,147,99,100,98.30508474576273,100.0,0.0,1
line_148_2752,samples\line_148_2752.npz,faulted,line,148,91,101,98.30508474576273,100.0,0.0,1
line_149_2753,samples\line_149_2753.npz,faulted,line,149,100,101,99.15254237288136,100.0,0.0,1
line_150_2754,samples\line_150_2754.npz,faulted,line,150,99,102,99.15254237288136,100.0,0.0,1
line_151_2755,samples\line_151_2755.npz,faulted,line,151,99,103,99.15254237288136,100.0,0.0,1
line_152_2756,samples\line_152_2756.npz,faulted,line,152,102,103,99.15254237288136,100.0,0.0,1
line_153_2757,samples\line_153_2757.npz,faulted,line,153,102,104,99.15254237288136,100.0,0.0,1
line_154_2758,samples\line_154_2758.npz,faulted,line,154,99,105,99.15254237288136,100.0,0.0,1
line_155_2759,samples\line_155_2759.npz,faulted,line,155,103,104,99.15254237288136,100.0,0.0,1
line_156_2760,samples\line_156_2760.npz,faulted,line,156,104,105,99.15254237288136,100.0,0.0,1
line_157_2761,samples\line_157_2761.npz,faulted,line,157,104,106,98.30508474576273,100.0,1.0,1
line_158_2762,samples\line_158_2762.npz,faulted,line,158,104,107,98.30508474576273,100.0,1.0,1
line_159_2763,samples\line_159_2763.npz,faulted,line,159,105,106,99.15254237288136,100.0,0.0,1
line_160_2764,samples\line_160_2764.npz,faulted,line,160,107,108,99.15254237288136,100.0,0.0,1
line_161_2765,samples\line_161_2765.npz,faulted,line,161,102,109,99.15254237288136,100.0,0.0,1
line_162_2766,samples\line_162_2766.npz,faulted,line,162,108,109,98.30508474576273,100.0,1.0,1
line_163_2767,samples\line_163_2767.npz,faulted,line,163,109,110,98.30508474576273,100.0,1.0,2
line_164_2768,samples\line_164_2768.npz,faulted,line,164,109,111,98.30508474576273,100.0,1.0,2
line_165_2769,samples\line_165_2769.npz,faulted,line,165,16,112,99.15254237288136,100.0,0.0,1
line_166_2770,samples\line_166_2770.npz,faulted,line,166,31,112,99.15254237288136,100.0,1.0,1
line_167_2771,samples\line_167_2771.npz,faulted,line,167,31,113,98.30508474576273,100.0,1.0,1
line_168_2772,samples\line_168_2772.npz,faulted,line,168,26,114,98.30508474576273,100.0,0.0,1
line_169_2773,samples\line_169_2773.npz,faulted,line,169,113,114,99.15254237288136,100.0,0.0,1
line_170_2774,samples\line_170_2774.npz,faulted,line,170,11,116,98.30508474576273,100.0,1.0,2
line_171_2775,samples\line_171_2775.npz,faulted,line,171,74,117,98.30508474576273,100.0,0.0,1
line_172_2776,samples\line_172_2776.npz,faulted,line,172,75,117,99.15254237288136,100.0,0.0,1
trafo_0_2777,samples\trafo_0_2777.npz,faulted,trafo,0,7,4,99.15254237288136,100.0,1.0,1
trafo_1_2778,samples\trafo_1_2778.npz,faulted,trafo,1,25,24,98.30508474576273,100.0,1.0,1
trafo_2_2779,samples\trafo_2_2779.npz,faulted,trafo,2,29,16,99.15254237288136,100.0,0.0,1
trafo_3_2780,samples\trafo_3_2780.npz,faulted,trafo,3,37,36,98.30508474576273,100.0,0.0,1
trafo_4_2781,samples\trafo_4_2781.npz,faulted,trafo,4,62,58,98.30508474576273,100.0,1.0,1
trafo_5_2782,samples\trafo_5_2782.npz,faulted,trafo,5,63,60,98.30508474576273,100.0,0.0,1
trafo_6_2783,samples\trafo_6_2783.npz,faulted,trafo,6,64,65,99.15254237288136,100.0,0.0,1
trafo_7_2784,samples\trafo_7_2784.npz,faulted,trafo,7,64,67,98.30508474576273,100.0,0.0,1
trafo_8_2785,samples\trafo_8_2785.npz,faulted,trafo,8,67,68,99.15254237288136,100.0,0.0,1
trafo_9_2786,samples\trafo_9_2786.npz,faulted,trafo,9,80,67,99.15254237288136,100.0,0.0,1
trafo_10_2787,samples\trafo_10_2787.npz,faulted,trafo,10,80,79,99.15254237288136,100.0,0.0,1
trafo_11_2788,samples\trafo_11_2788.npz,faulted,trafo,11,86,85,98.30508474576273,100.0,0.0,2
trafo_12_2789,samples\trafo_12_2789.npz,faulted,trafo,12,115,67,98.30508474576273,100.0,0.0,2
line_0_2790,samples\line_0_2790.npz,faulted,line,0,0,1,98.30508474576273,100.0,1.0,2
line_1_2791,samples\line_1_2791.npz,faulted,line,1,0,2,98.30508474576273,100.0,1.0,2
line_2_2792,samples\line_2_2792.npz,faulted,line,2,3,4,98.30508474576273,100.0,1.0,2
line_3_2793,samples\line_3_2793.npz,faulted,line,3,2,4,98.30508474576273,100.0,1.0,2
line_4_2794,samples\line_4_2794.npz,faulted,line,4,4,5,97.45762711864408,100.0,2.0,2
line_5_2795,samples\line_5_2795.npz,faulted,line,5,5,6,98.30508474576273,100.0,1.0,2
line_6_2796,samples\line_6_2796.npz,faulted,line,6,7,8,98.30508474576273,100.0,1.0,3
line_7_2797,samples\line_7_2797.npz,faulted,line,7,8,9,97.45762711864408,100.0,2.0,3
line_8_2798,samples\line_8_2798.npz,faulted,line,8,3,10,98.30508474576273,100.0,1.0,2
line_9_2799,samples\line_9_2799.npz,faulted,line,9,4,10,98.30508474576273,100.0,1.0,2
line_10_2800,samples\line_10_2800.npz,faulted,line,10,10,11,98.30508474576273,100.0,1.0,2
line_11_2801,samples\line_11_2801.npz,faulted,line,11,1,11,98.30508474576273,100.0,1.0,2
line_12_2802,samples\line_12_2802.npz,faulted,line,12,2,11,98.30508474576273,100.0,1.0,2
line_13_2803,samples\line_13_2803.npz,faulted,line,13,6,11,97.45762711864408,100.0,2.0,2
line_14_2804,samples\line_14_2804.npz,faulted,line,14,10,12,97.45762711864408,100.0,1.0,2
line_15_2805,samples\line_15_2805.npz,faulted,line,15,11,13,97.45762711864408,100.0,0.0,2
line_16_2806,samples\line_16_2806.npz,faulted,line,16,12,14,98.30508474576273,100.0,1.0,2
line_17_2807,samples\line_17_2807.npz,faulted,line,17,13,14,98.30508474576273,100.0,1.0,2
line_18_2808,samples\line_18_2808.npz,faulted,line,18,11,15,98.30508474576273,100.0,1.0,2
line_19_2809,samples\line_19_2809.npz,faulted,line,19,14,16,97.45762711864408,100.0,0.0,2
line_20_2810,samples\line_20_2810.npz,faulted,line,20,15,16,98.30508474576273,100.0,1.0,2
line_21_2811,samples\line_21_2811.npz,faulted,line,21,16,17,97.45762711864408,100.0,0.0,2
line_22_2812,samples\line_22_2812.npz,faulted,line,22,17,18,98.30508474576273,100.0,1.0,2
line_23_2813,samples\line_23_2813.npz,faulted,line,23,18,19,98.30508474576273,100.0,1.0,3
line_24_2814,samples\line_24_2814.npz,faulted,line,24,14,18,98.30508474576273,100.0,1.0,2
line_25_2815,samples\line_25_2815.npz,faulted,line,25,19,20,98.30508474576273,100.0,1.0,2
line_26_2816,samples\line_26_2816.npz,faulted,line,26,20,21,98.30508474576273,100.0,1.0,3
line_27_2817,samples\line_27_2817.npz,faulted,line,27,21,22,97.45762711864408,100.0,2.0,3
line_28_2818,samples\line_28_2818.npz,faulted,line,28,22,23,97.45762711864408,100.0,1.0,2
line_29_2819,samples\line_29_2819.npz,faulted,line,29,22,24,98.30508474576273,100.0,2.0,2
line_30_2820,samples\line_30_2820.npz,faulted,line,30,24,26,98.30508474576273,100.0,1.0,2
line_31_2821,samples\line_31_2821.npz,faulted,line,31,26,27,98.30508474576273,100.0,0.0,2
line_32_2822,samples\line_32_2822.npz,faulted,line,32,27,28,97.45762711864408,100.0,1.0,2
line_33_2823,samples\line_33_2823.npz,faulted,line,33,7,29,98.30508474576273,100.0,1.0,2
line_34_2824,samples\line_34_2824.npz,faulted,line,34,25,29,98.30508474576273,100.0,1.0,2
line_35_2825,samples\line_35_2825.npz,faulted,line,35,16,30,98.30508474576273,100.0,0.0,2
line_36_2826,samples\line_36_2826.npz,faulted,line,36,28,30,98.30508474576273,100.0,1.0,2
line_37_2827,samples\line_37_2827.npz,faulted,line,37,22,31,98.30508474576273,100.0,2.0,2
line_38_2828,samples\line_38_2828.npz,faulted,line,38,30,31,98.30508474576273,100.0,1.0,2
line_39_2829,samples\line_39_2829.npz,faulted,line,39,26,31,98.30508474576273,100.0,1.0,2
line_40_2830,samples\line_40_2830.npz,faulted,line,40,14,32,98.30508474576273,100.0,1.0,2
line_41_2831,samples\line_41_2831.npz,faulted,line,41,18,33,98.30508474576273,100.0,1.0,2
line_42_2832,samples\line_42_2832.npz,faulted,line,42,34,35,98.30508474576273,100.0,1.0,2
line_43_2833,samples\line_43_2833.npz,faulted,line,43,34,36,97.45762711864408,100.0,1.0,2
line_44_2834,samples\line_44_2834.npz,faulted,line,44,32,36,97.45762711864408,100.0,1.0,2
line_45_2835,samples\line_45_2835.npz,faulted,line,45,33,35,97.45762711864408,100.0,2.0,2
line_46_2836,samples\line_46_2836.npz,faulted,line,46,33,36,98.30508474576273,100.0,1.0,2
line_47_2837,samples\line_47_2837.npz,faulted,line,47,36,38,98.30508474576273,100.0,1.0,2
line_48_2838,samples\line_48_2838.npz,faulted,line,48,36,39,98.30508474576273,100.0,1.0,2
line_49_2839,samples\line_49_2839.npz,faulted,line,49,29,37,98.30508474576273,100.0,1.0,2
line_50_2840,samples\line_50_2840.npz,faulted,line,50,38,39,97.45762711864408,100.0,2.0,3
line_51_2841,samples\line_51_2841.npz,faulted,line,51,39,40,97.45762711864408,100.0,2.0,2
line_52_2842,samples\line_52_2842.npz,faulted,line,52,39,41,98.30508474576273,100.0,1.0,2
line_53_2843,samples\line_53_2843.npz,faulted,line,53,40,41,98.30508474576273,100.0,1.0,2
line_54_2844,samples\line_54_2844.npz,faulted,line,54,42,43,98.30508474576273,100.0,1.0,2
line_55_2845,samples\line_55_2845.npz,faulted,line,55,33,42,97.45762711864408,100.0,2.0,2
line_56_2846,samples\line_56_2846.npz,faulted,line,56,43,44,97.45762711864408,100.0,2.0,2
line_57_2847,samples\line_57_2847.npz,faulted,line,57,44,45,97.45762711864408,100.0,2.0,2
line_58_2848,samples\line_58_2848.npz,faulted,line,58,45,46,98.30508474576273,100.0,1.0,2
line_59_2849,samples\line_59_2849.npz,faulted,line,59,45,47,98.30508474576273,100.0,1.0,2
line_60_2850,samples\line_60_2850.npz,faulted,line,60,46,48,97.45762711864408,100.0,2.0,2
line_61_2851,samples\line_61_2851.npz,faulted,line,61,41,48,98.30508474576273,100.0,1.0,2
line_62_2852,samples\line_62_2852.npz,faulted,line,62,41,48,98.30508474576273,100.0,1.0,2
line_63_2853,samples\line_63_2853.npz,faulted,line,63,44,48,98.30508474576273,100.0,1.0,2
line_64_2854,samples\line_64_2854.npz,faulted,line,64,47,48,97.45762711864408,100.0,2.0,2
line_65_2855,samples\line_65_2855.npz,faulted,line,65,48,49,98.30508474576273,100.0,1.0,2
line_66_2856,samples\line_66_2856.npz,faulted,line,66,48,50,98.30508474576273,100.0,1.0,2
line_67_2857,samples\line_67_2857.npz,faulted,line,67,50,51,98.30508474576273,100.0,0.0,2
line_68_2858,samples\line_68_2858.npz,faulted,line,68,51,52,97.45762711864408,100.0,1.0,2
line_69_2859,samples\line_69_2859.npz,faulted,line,69,52,53,98.30508474576273,100.0,1.0,2
line_70_2860,samples\line_70_2860.npz,faulted,line,70,48,53,98.30508474576273,100.0,1.0,2
line_71_2861,samples\line_71_2861.npz,faulted,line,71,48,53,98.30508474576273,100.0,1.0,2
line_72_2862,samples\line_72_2862.npz,faulted,line,72,53,54,98.30508474576273,100.0,1.0,2
line_73_2863,samples\line_73_2863.npz,faulted,line,73,53,55,98.30508474576273,100.0,1.0,2
line_74_2864,samples\line_74_2864.npz,faulted,line,74,54,55,98.30508474576273,100.0,1.0,2
line_75_2865,samples\line_75_2865.npz,faulted,line,75,55,56,98.30508474576273,100.0,1.0,2
line_76_2866,samples\line_76_2866.npz,faulted,line,76,49,56,97.45762711864408,100.0,1.0,2
line_77_2867,samples\line_77_2867.npz,faulted,line,77,55,57,98.30508474576273,100.0,1.0,2
line_78_2868,samples\line_78_2868.npz,faulted,line,78,50,57,97.45762711864408,100.0,0.0,2
line_79_2869,samples\line_79_2869.npz,faulted,line,79,53,58,98.30508474576273,100.0,1.0,2
line_80_2870,samples\line_80_2870.npz,faulted,line,80,55,58,98.30508474576273,100.0,1.0,2
line_81_2871,samples\line_81_2871.npz,faulted,line,81,55,58,98.30508474576273,100.0,1.0,2
line_82_2872,samples\line_82_2872.npz,faulted,line,82,54,58,97.45762711864408,100.0,1.0,2
line_83_2873,samples\line_83_2873.npz,faulted,line,83,58,59,98.30508474576273,100.0,1.0,2
line_84_2874,samples\line_84_2874.npz,faulted,line,84,58,60,98.30508474576273,100.0,1.0,2
line_85_2875,samples\line_85_2875.npz,faulted,line,85,59,60,98.30508474576273,100.0,1.0,2
line_86_2876,samples\line_86_2876.npz,faulted,line,86,59,61,98.30508474576273,100.0,1.0,2
line_87_2877,samples\line_87_2877.npz,faulted,line,87,60,61,98.30508474576273,100.0,1.0,2
line_88_2878,samples\line_88_2878.npz,faulted,line,88,62,63,98.30508474576273,100.0,1.0,2
line_89_2879,samples\line_89_2879.npz,faulted,line,89,37,64,98.30508474576273,100.0,1.0,2
line_90_2880,samples\line_90_2880.npz,faulted,line,90,63,64,98.30508474576273,100.0,1.0,2
line_91_2881,samples\line_91_2881.npz,faulted,line,91,48,65,98.30508474576273,100.0,1.0,2
line_92_2882,samples\line_92_2882.npz,faulted,line,92,48,65,98.30508474576273,100.0,1.0,2
line_93_2883,samples\line_93_2883.npz,faulted,line,93,61,65,98.30508474576273,100.0,1.0,2
line_94_2884,samples\line_94_2884.npz,faulted,line,94,61,66,97.45762711864408,100.0,1.0,2
line_95_2885,samples\line_95_2885.npz,faulted,line,95,65,66,98.30508474576273,100.0,1.0,2
line_96_2886,samples\line_96_2886.npz,faulted,line,96,46,68,98.30508474576273,100.0,1.0,2
line_97_2887,samples\line_97_2887.npz,faulted,line,97,48,68,98.30508474576273,100.0,1.0,2
line_98_2888,samples\line_98_2888.npz,faulted,line,98,68,69,98.30508474576273,100.0,1.0,2
line_99_2889,samples\line_99_2889.npz,faulted,line,99,23,69,98.30508474576273,100.0,1.0,2
line_100_2890,samples\line_100_2890.npz,faulted,line,100,69,70,98.30508474576273,100.0,1.0,2
line_101_2891,samples\line_101_2891.npz,faulted,line,101,23,71,98.30508474576273,100.0,1.0,2
line_102_2892,samples\line_102_2892.npz,faulted,line,102,70,71,97.45762711864408,100.0,3.0,2
line_103_2893,samples\line_103_2893.npz,faulted,line,103,70,72,97.45762711864408,100.0,3.0,3
line_104_2894,samples\line_104_2894.npz,faulted,line,104,69,73,98.30508474576273,100.0,1.0,2
line_105_2895,samples\line_105_2895.npz,faulted,line,105,69,74,98.30508474576273,100.0,1.0,2
line_106_2896,samples\line_106_2896.npz,faulted,line,106,68,74,98.30508474576273,100.0,1.0,2
line_107_2897,samples\line_107_2897.npz,faulted,line,107,73,74,97.45762711864408,100.0,2.0,2
line_108_2898,samples\line_108_2898.npz,faulted,line,108,75,76,97.45762711864408,100.0,1.0,2
line_109_2899,samples\line_109_2899.npz,faulted,line,109,68,76,98.30508474576273,100.0,1.0,2
line_110_2900,samples\line_110_2900.npz,faulted,line,110,74,76,98.30508474576273,100.0,2.0,2
line_111_2901,samples\line_111_2901.npz,faulted,line,111,76,77,97.45762711864408,100.0,1.0,2
line_112_2902,samples\line_112_2902.npz,faulted,line,112,77,78,98.30508474576273,100.0,1.0,2
line_113_2903,samples\line_113_2903.npz,faulted,line,113,76,79,98.30508474576273,100.0,1.0,2
line_114_2904,samples\line_114_2904.npz,faulted,line,114,76,79,98.30508474576273,100.0,1.0,2
line_115_2905,samples\line_115_2905.npz,faulted,line,115,78,79,97.45762711864408,100.0,1.0,2
line_116_2906,samples\line_116_2906.npz,faulted,line,116,76,81,97.45762711864408,100.0,1.0,2
line_117_2907,samples\line_117_2907.npz,faulted,line,117,81,82,98.30508474576273,100.0,1.0,2
line_118_2908,samples\line_118_2908.npz,faulted,line,118,82,83,98.30508474576273,100.0,1.0,2
line_119_2909,samples\line_119_2909.npz,faulted,line,119,82,84,97.45762711864408,100.0,2.0,2
line_120_2910,samples\line_120_2910.npz,faulted,line,120,83,84,97.45762711864408,100.0,2.0,2
line_121_2911,samples\line_121_2911.npz,faulted,line,121,84,85,98.30508474576273,100.0,2.0,3
line_122_2912,samples\line_122_2912.npz,faulted,line,122,84,87,98.30508474576273,100.0,1.0,2
line_123_2913,samples\line_123_2913.npz,faulted,line,123,84,88,98.30508474576273,100.0,1.0,2
line_124_2914,samples\line_124_2914.npz,faulted,line,124,87,88,98.30508474576273,100.0,1.0,2
line_125_2915,samples\line_125_2915.npz,faulted,line,125,88,89,98.30508474576273,100.0,1.0,2
line_126_2916,samples\line_126_2916.npz,faulted,line,126,88,89,98.30508474576273,100.0,1.0,2
line_127_2917,samples\line_127_2917.npz,faulted,line,127,89,90,98.30508474576273,100.0,1.0,2
line_128_2918,samples\line_128_2918.npz,faulted,line,128,88,91,98.30508474576273,100.0,1.0,2
line_129_2919,samples\line_129_2919.npz,faulted,line,129,88,91,98.30508474576273,100.0,1.0,2
line_130_2920,samples\line_130_2920.npz,faulted,line,130,90,91,97.45762711864408,100.0,1.0,2
line_131_2921,samples\line_131_2921.npz,faulted,line,131,91,92,98.30508474576273,100.0,1.0,2
line_132_2922,samples\line_132_2922.npz,faulted,line,132,91,93,98.30508474576273,100.0,1.0,2
line_133_2923,samples\line_133_2923.npz,faulted,line,133,92,93,98.30508474576273,100.0,1.0,2
line_134_2924,samples\line_134_2924.npz,faulted,line,134,93,94,97.45762711864408,100.0,1.0,2
line_135_2925,samples\line_135_2925.npz,faulted,line,135,79,95,98.30508474576273,100.0,1.0,2
line_136_2926,samples\line_136_2926.npz,faulted,line,136,81,95,98.30508474576273,100.0,1.0,2
line_137_2927,samples\line_137_2927.npz,faulted,line,137,93,95,98.30508474576273,100.0,1.0,2
line_138_2928,samples\line_138_2928.npz,faulted,line,138,79,96,97.45762711864408,100.0,1.0,2
line_139_2929,samples\line_139_2929.npz,faulted,line,139,79,97,98.30508474576273,100.0,1.0,2
line_140_2930,samples\line_140_2930.npz,faulted,line,140,79,98,98.30508474576273,100.0,1.0,2
line_141_2931,samples\line_141_2931.npz,faulted,line,141,91,99,98.30508474576273,100.0,1.0,2
line_142_2932,samples\line_142_2932.npz,faulted,line,142,93,99,98.30508474576273,100.0,1.0,2
line_143_2933,samples\line_143_2933.npz,faulted,line,143,94,95,98.30508474576273,100.0,1.0,2
line_144_2934,samples\line_144_2934.npz,faulted,line,144,95,96,98.30508474576273,100.0,1.0,2
line_145_2935,samples\line_145_2935.npz,faulted,line,145,97,99,98.30508474576273,100.0,1.0,2
line_146_2936,samples\line_146_2936.npz,faulted,line,146,98,99,98.30508474576273,100.0,1.0,2
line_147_2937,samples\line_147_2937.npz,faulted,line,147,99,100,97.45762711864408,100.0,2.0,2
line_148_2938,samples\line_148_2938.npz,faulted,line,148,91,101,97.45762711864408,100.0,1.0,2
line_149_2939,samples\line_149_2939.npz,faulted,line,149,100,101,98.30508474576273,100.0,1.0,2
line_150_2940,samples\line_150_2940.npz,faulted,line,150,99,102,98.30508474576273,100.0,1.0,2
line_151_2941,samples\line_151_2941.npz,faulted,line,151,99,103,98.30508474576273,100.0,1.0,2
line_152_2942,samples\line_152_2942.npz,faulted,line,152,102,103,98.30508474576273,100.0,1.0,2
line_153_2943,samples\line_153_2943.npz,faulted,line,153,102,104,98.30508474576273,100.0,1.0,2
line_154_2944,samples\line_154_2944.npz,faulted,line,154,99,105,98.30508474576273,100.0,1.0,2
line_155_2945,samples\line_155_2945.npz,faulted,line,155,103,104,98.30508474576273,100.0,1.0,2
line_156_2946,samples\line_156_2946.npz,faulted,line,156,104,105,98.30508474576273,100.0,1.0,2
line_157_2947,samples\line_157_2947.npz,faulted,line,157,104,106,97.45762711864408,100.0,2.0,2
line_158_2948,samples\line_158_2948.npz,faulted,line,158,104,107,97.45762711864408,100.0,2.0,2
line_159_2949,samples\line_159_2949.npz,faulted,line,159,105,106,98.30508474576273,100.0,1.0,2
line_160_2950,samples\line_160_2950.npz,faulted,line,160,107,108,98.30508474576273,100.0,1.0,2
line_161_2951,samples\line_161_2951.npz,faulted,line,161,102,109,98.30508474576273,100.0,1.0,2
line_162_2952,samples\line_162_2952.npz,faulted,line,162,108,109,97.45762711864408,100.0,2.0,2
line_163_2953,samples\line_163_2953.npz,faulted,line,163,109,110,97.45762711864408,100.0,2.0,3
line_164_2954,samples\line_164_2954.npz,faulted,line,164,109,111,97.45762711864408,100.0,2.0,3
line_165_2955,samples\line_165_2955.npz,faulted,line,165,16,112,98.30508474576273,100.0,0.0,2
line_166_2956,samples\line_166_2956.npz,faulted,line,166,31,112,98.30508474576273,100.0,1.0,2
line_167_2957,samples\line_167_2957.npz,faulted,line,167,31,113,97.45762711864408,100.0,1.0,2
line_168_2958,samples\line_168_2958.npz,faulted,line,168,26,114,97.45762711864408,100.0,0.0,2
line_169_2959,samples\line_169_2959.npz,faulted,line,169,113,114,98.30508474576273,100.0,1.0,2
line_170_2960,samples\line_170_2960.npz,faulted,line,170,11,116,97.45762711864408,100.0,2.0,3
line_171_2961,samples\line_171_2961.npz,faulted,line,171,74,117,97.45762711864408,100.0,2.0,2
line_172_2962,samples\line_172_2962.npz,faulted,line,172,75,117,98.30508474576273,100.0,1.0,2
trafo_0_2963,samples\trafo_0_2963.npz,faulted,trafo,0,7,4,98.30508474576273,100.0,1.0,2
trafo_1_2964,samples\trafo_1_2964.npz,faulted,trafo,1,25,24,97.45762711864408,100.0,1.0,2
trafo_2_2965,samples\trafo_2_2965.npz,faulted,trafo,2,29,16,97.45762711864408,100.0,0.0,2
trafo_3_2966,samples\trafo_3_2966.npz,faulted,trafo,3,37,36,97.45762711864408,100.0,1.0,2
trafo_4_2967,samples\trafo_4_2967.npz,faulted,trafo,4,62,58,97.45762711864408,100.0,2.0,2
trafo_5_2968,samples\trafo_5_2968.npz,faulted,trafo,5,63,60,97.45762711864408,100.0,1.0,2
trafo_6_2969,samples\trafo_6_2969.npz,faulted,trafo,6,64,65,98.30508474576273,100.0,1.0,2
trafo_7_2970,samples\trafo_7_2970.npz,faulted,trafo,7,64,67,97.45762711864408,100.0,2.0,2
trafo_8_2971,samples\trafo_8_2971.npz,faulted,trafo,8,67,68,98.30508474576273,100.0,1.0,2
trafo_9_2972,samples\trafo_9_2972.npz,faulted,trafo,9,80,67,97.45762711864408,100.0,2.0,3
trafo_10_2973,samples\trafo_10_2973.npz,faulted,trafo,10,80,79,98.30508474576273,100.0,1.0,2
trafo_11_2974,samples\trafo_11_2974.npz,faulted,trafo,11,86,85,98.30508474576273,100.0,1.0,2
trafo_12_2975,samples\trafo_12_2975.npz,faulted,trafo,12,115,67,97.45762711864408,100.0,2.0,3
line_0_2976,samples\line_0_2976.npz,faulted,line,0,0,1,100.0,100.0,0.0,1
line_1_2977,samples\line_1_2977.npz,faulted,line,1,0,2,100.0,100.0,0.0,1
line_2_2978,samples\line_2_2978.npz,faulted,line,2,3,4,100.0,100.0,0.0,1
line_3_2979,samples\line_3_2979.npz,faulted,line,3,2,4,100.0,100.0,0.0,1
line_4_2980,samples\line_4_2980.npz,faulted,line,4,4,5,99.15254237288136,100.0,1.0,1
line_5_2981,samples\line_5_2981.npz,faulted,line,5,5,6,100.0,100.0,0.0,1
line_6_2982,samples\line_6_2982.npz,faulted,line,6,7,8,100.0,100.0,0.0,2
line_7_2983,samples\line_7_2983.npz,faulted,line,7,8,9,99.15254237288136,100.0,1.0,2
line_8_2984,samples\line_8_2984.npz,faulted,line,8,3,10,100.0,100.0,0.0,1
line_9_2985,samples\line_9_2985.npz,faulted,line,9,4,10,100.0,100.0,0.0,1
line_10_2986,samples\line_10_2986.npz,faulted,line,10,10,11,100.0,100.0,0.0,1
line_11_2987,samples\line_11_2987.npz,faulted,line,11,1,11,100.0,100.0,0.0,1
line_12_2988,samples\line_12_2988.npz,faulted,line,12,2,11,100.0,100.0,0.0,1
line_13_2989,samples\line_13_2989.npz,faulted,line,13,6,11,99.15254237288136,100.0,1.0,1
line_14_2990,samples\line_14_2990.npz,faulted,line,14,10,12,99.15254237288136,100.0,0.0,1
line_15_2991,samples\line_15_2991.npz,faulted,line,15,11,13,99.15254237288136,100.0,0.0,1
line_16_2992,samples\line_16_2992.npz,faulted,line,16,12,14,100.0,100.0,0.0,1
line_17_2993,samples\line_17_2993.npz,faulted,line,17,13,14,100.0,100.0,0.0,1
line_18_2994,samples\line_18_2994.npz,faulted,line,18,11,15,100.0,100.0,0.0,1
line_19_2995,samples\line_19_2995.npz,faulted,line,19,14,16,99.15254237288136,100.0,0.0,1
line_20_2996,samples\line_20_2996.npz,faulted,line,20,15,16,100.0,100.0,0.0,1
line_21_2997,samples\line_21_2997.npz,faulted,line,21,16,17,99.15254237288136,100.0,1.0,1
line_22_2998,samples\line_22_2998.npz,faulted,line,22,17,18,100.0,100.0,0.0,1
line_23_2999,samples\line_23_2999.npz,faulted,line,23,18,19,100.0,100.0,0.0,1
line_24_3000,samples\line_24_3000.npz,faulted,line,24,14,18,100.0,100.0,0.0,1
line_25_3001,samples\line_25_3001.npz,faulted,line,25,19,20,99.15254237288136,100.0,1.0,1
line_26_3002,samples\line_26_3002.npz,faulted,line,26,20,21,100.0,100.0,0.0,1
line_27_3003,samples\line_27_3003.npz,faulted,line,27,21,22,99.15254237288136,100.0,2.0,1
line_28_3004,samples\line_28_3004.npz,faulted,line,28,22,23,99.15254237288136,100.0,1.0,1
line_29_3005,samples\line_29_3005.npz,faulted,line,29,22,24,100.0,100.0,2.0,1
line_30_3006,samples\line_30_3006.npz,faulted,line,30,24,26,100.0,100.0,0.0,1
line_31_3007,samples\line_31_3007.npz,faulted,line,31,26,27,100.0,100.0,-1.0,1
line_32_3008,samples\line_32_3008.npz,faulted,line,32,27,28,99.15254237288136,100.0,0.0,1
line_33_3009,samples\line_33_3009.npz,faulted,line,33,7,29,100.0,100.0,0.0,1
line_34_3010,samples\line_34_3010.npz,faulted,line,34,25,29,100.0,100.0,0.0,1
line_35_3011,samples\line_35_3011.npz,faulted,line,35,16,30,99.15254237288136,100.0,0.0,1
line_36_3012,samples\line_36_3012.npz,faulted,line,36,28,30,100.0,100.0,0.0,1
line_37_3013,samples\line_37_3013.npz,faulted,line,37,22,31,100.0,100.0,2.0,1
line_38_3014,samples\line_38_3014.npz,faulted,line,38,30,31,100.0,100.0,0.0,1
line_39_3015,samples\line_39_3015.npz,faulted,line,39,26,31,100.0,100.0,0.0,1
line_40_3016,samples\line_40_3016.npz,faulted,line,40,14,32,100.0,100.0,0.0,1
line_41_3017,samples\line_41_3017.npz,faulted,line,41,18,33,100.0,100.0,0.0,1
line_42_3018,samples\line_42_3018.npz,faulted,line,42,34,35,100.0,100.0,0.0,1
line_43_3019,samples\line_43_3019.npz,faulted,line,43,34,36,99.15254237288136,100.0,1.0,1
line_44_3020,samples\line_44_3020.npz,faulted,line,44,32,36,99.15254237288136,100.0,0.0,1
line_45_3021,samples\line_45_3021.npz,faulted,line,45,33,35,99.15254237288136,100.0,1.0,1
line_46_3022,samples\line_46_3022.npz,faulted,line,46,33,36,100.0,100.0,0.0,1
line_47_3023,samples\line_47_3023.npz,faulted,line,47,36,38,100.0,100.0,0.0,1
line_48_3024,samples\line_48_3024.npz,faulted,line,48,36,39,100.0,100.0,0.0,1
line_49_3025,samples\line_49_3025.npz,faulted,line,49,29,37,100.0,100.0,0.0,1
line_50_3026,samples\line_50_3026.npz,faulted,line,50,38,39,100.0,100.0,0.0,1
line_51_3027,samples\line_51_3027.npz,faulted,line,51,39,40,99.15254237288136,100.0,0.0,1
line_52_3028,samples\line_52_3028.npz,faulted,line,52,39,41,100.0,100.0,0.0,1
line_53_3029,samples\line_53_3029.npz,faulted,line,53,40,41,100.0,100.0,0.0,1
line_54_3030,samples\line_54_3030.npz,faulted,line,54,42,43,100.0,100.0,0.0,1
line_55_3031,samples\line_55_3031.npz,faulted,line,55,33,42,99.15254237288136,100.0,1.0,1
line_56_3032,samples\line_56_3032.npz,faulted,line,56,43,44,99.15254237288136,100.0,1.0,1
line_57_3033,samples\line_57_3033.npz,faulted,line,57,44,45,99.15254237288136,100.0,1.0,1
line_58_3034,samples\line_58_3034.npz,faulted,line,58,45,46,100.0,100.0,0.0,1
line_59_3035,samples\line_59_3035.npz,faulted,line,59,45,47,100.0,100.0,0.0,1
line_60_3036,samples\line_60_3036.npz,faulted,line,60,46,48,99.15254237288136,100.0,1.0,1
line_61_3037,samples\line_61_3037.npz,faulted,line,61,41,48,100.0,100.0,0.0,1
line_62_3038,samples\line_62_3038.npz,faulted,line,62,41,48,100.0,100.0,0.0,1
line_63_3039,samples\line_63_3039.npz,faulted,line,63,44,48,100.0,100.0,1.0,1
line_64_3040,samples\line_64_3040.npz,faulted,line,64,47,48,99.15254237288136,100.0,1.0,1
line_65_3041,samples\line_65_3041.npz,faulted,line,65,48,49,100.0,100.0,0.0,1
line_66_3042,samples\line_66_3042.npz,faulted,line,66,48,50,100.0,100.0,0.0,1
line_67_3043,samples\line_67_3043.npz,faulted,line,67,50,51,100.0,100.0,-1.0,1
line_68_3044,samples\line_68_3044.npz,faulted,line,68,51,52,99.15254237288136,100.0,0.0,1
line_69_3045,samples\line_69_3045.npz,faulted,line,69,52,53,100.0,100.0,0.0,1
line_70_3046,samples\line_70_3046.npz,faulted,line,70,48,53,100.0,100.0,0.0,1
line_71_3047,samples\line_71_3047.npz,faulted,line,71,48,53,100.0,100.0,0.0,1
line_72_3048,samples\line_72_3048.npz,faulted,line,72,53,54,100.0,100.0,0.0,1
line_73_3049,samples\line_73_3049.npz,faulted,line,73,53,55,100.0,100.0,0.0,1
line_74_3050,samples\line_74_3050.npz,faulted,line,74,54,55,100.0,100.0,0.0,1
line_75_3051,samples\line_75_3051.npz,faulted,line,75,55,56,100.0,100.0,0.0,1
line_76_3052,samples\line_76_3052.npz,faulted,line,76,49,56,99.15254237288136,100.0,0.0,1
line_77_3053,samples\line_77_3053.npz,faulted,line,77,55,57,100.0,100.0,0.0,1
line_78_3054,samples\line_78_3054.npz,faulted,line,78,50,57,99.15254237288136,100.0,-1.0,1
line_79_3055,samples\line_79_3055.npz,faulted,line,79,53,58,100.0,100.0,0.0,1
line_80_3056,samples\line_80_3056.npz,faulted,line,80,55,58,100.0,100.0,0.0,1
line_81_3057,samples\line_81_3057.npz,faulted,line,81,55,58,100.0,100.0,0.0,1
line_82_3058,samples\line_82_3058.npz,faulted,line,82,54,58,99.15254237288136,100.0,-1.0,1
line_83_3059,samples\line_83_3059.npz,faulted,line,83,58,59,100.0,100.0,-1.0,1
line_84_3060,samples\line_84_3060.npz,faulted,line,84,58,60,100.0,100.0,-1.0,1
line_85_3061,samples\line_85_3061.npz,faulted,line,85,59,60,100.0,100.0,0.0,1
line_86_3062,samples\line_86_3062.npz,faulted,line,86,59,61,100.0,100.0,0.0,1
line_87_3063,samples\line_87_3063.npz,faulted,line,87,60,61,100.0,100.0,0.0,1
line_88_3064,samples\line_88_3064.npz,faulted,line,88,62,63,100.0,100.0,0.0,1
line_89_3065,samples\line_89_3065.npz,faulted,line,89,37,64,100.0,100.0,0.0,1
line_90_3066,samples\line_90_3066.npz,faulted,line,90,63,64,100.0,100.0,0.0,1
line_91_3067,samples\line_91_3067.npz,faulted,line,91,48,65,100.0,100.0,0.0,1
line_92_3068,samples\line_92_3068.npz,faulted,line,92,48,65,100.0,100.0,0.0,1
line_93_3069,samples\line_93_3069.npz,faulted,line,93,61,65,100.0,100.0,0.0,1
line_94_3070,samples\line_94_3070.npz,faulted,line,94,61,66,99.15254237288136,100.0,0.0,1
line_95_3071,samples\line_95_3071.npz,faulted,line,95,65,66,100.0,100.0,0.0,1
line_96_3072,samples\line_96_3072.npz,faulted,line,96,46,68,100.0,100.0,0.0,1
line_97_3073,samples\line_97_3073.npz,faulted,line,97,48,68,100.0,100.0,0.0,1
line_98_3074,samples\line_98_3074.npz,faulted,line,98,68,69,100.0,100.0,0.0,1
line_99_3075,samples\line_99_3075.npz,faulted,line,99,23,69,100.0,100.0,0.0,1
line_100_3076,samples\line_100_3076.npz,faulted,line,100,69,70,100.0,100.0,0.0,1
line_101_3077,samples\line_101_3077.npz,faulted,line,101,23,71,100.0,100.0,0.0,1
line_102_3078,samples\line_102_3078.npz,faulted,line,102,70,71,99.15254237288136,100.0,2.0,1
line_103_3079,samples\line_103_3079.npz,faulted,line,103,70,72,99.15254237288136,100.0,2.0,2
line_104_3080,samples\line_104_3080.npz,faulted,line,104,69,73,100.0,100.0,0.0,1
line_105_3081,samples\line_105_3081.npz,faulted,line,105,69,74,100.0,100.0,0.0,1
line_106_3082,samples\line_106_3082.npz,faulted,line,106,68,74,100.0,100.0,0.0,1
line_107_3083,samples\line_107_3083.npz,faulted,line,107,73,74,99.15254237288136,100.0,1.0,1
line_108_3084,samples\line_108_3084.npz,faulted,line,108,75,76,99.15254237288136,100.0,1.0,1
line_109_3085,samples\line_109_3085.npz,faulted,line,109,68,76,100.0,100.0,0.0,1
line_110_3086,samples\line_110_3086.npz,faulted,line,110,74,76,100.0,100.0,1.0,1
line_111_3087,samples\line_111_3087.npz,faulted,line,111,76,77,99.15254237288136,100.0,1.0,1
line_112_3088,samples\line_112_3088.npz,faulted,line,112,77,78,100.0,100.0,0.0,1
line_113_3089,samples\line_113_3089.npz,faulted,line,113,76,79,100.0,100.0,0.0,1
line_114_3090,samples\line_114_3090.npz,faulted,line,114,76,79,100.0,100.0,0.0,1
line_115_3091,samples\line_115_3091.npz,faulted,line,115,78,79,99.15254237288136,100.0,1.0,1
line_116_3092,samples\line_116_3092.npz,faulted,line,116,76,81,99.15254237288136,100.0,1.0,1
line_117_3093,samples\line_117_3093.npz,faulted,line,117,81,82,100.0,100.0,0.0,1
line_118_3094,samples\line_118_3094.npz,faulted,line,118,82,83,100.0,100.0,0.0,1
line_119_3095,samples\line_119_3095.npz,faulted,line,119,82,84,99.15254237288136,100.0,1.0,1
line_120_3096,samples\line_120_3096.npz,faulted,line,120,83,84,99.15254237288136,100.0,1.0,1
line_121_3097,samples\line_121_3097.npz,faulted,line,121,84,85,100.0,100.0,0.0,2
line_122_3098,samples\line_122_3098.npz,faulted,line,122,84,87,99.15254237288136,100.0,1.0,2
line_123_3099,samples\line_123_3099.npz,faulted,line,123,84,88,100.0,100.0,0.0,1
line_124_3100,samples\line_124_3100.npz,faulted,line,124,87,88,100.0,100.0,0.0,1
line_125_3101,samples\line_125_3101.npz,faulted,line,125,88,89,100.0,100.0,0.0,1
line_126_3102,samples\line_126_3102.npz,faulted,line,126,88,89,100.0,100.0,0.0,1
line_127_3103,samples\line_127_3103.npz,faulted,line,127,89,90,100.0,100.0,0.0,1
line_128_3104,samples\line_128_3104.npz,faulted,line,128,88,91,100.0,100.0,0.0,1
line_129_3105,samples\line_129_3105.npz,faulted,line,129,88,91,100.0,100.0,0.0,1
line_130_3106,samples\line_130_3106.npz,faulted,line,130,90,91,99.15254237288136,100.0,0.0,1
line_131_3107,samples\line_131_3107.npz,faulted,line,131,91,92,100.0,100.0,0.0,1
line_132_3108,samples\line_132_3108.npz,faulted,line,132,91,93,100.0,100.0,0.0,1
line_133_3109,samples\line_133_3109.npz,faulted,line,133,92,93,100.0,100.0,0.0,1
line_134_3110,samples\line_134_3110.npz,faulted,line,134,93,94,99.15254237288136,100.0,0.0,1
line_135_3111,samples\line_135_3111.npz,faulted,line,135,79,95,100.0,100.0,0.0,1
line_136_3112,samples\line_136_3112.npz,faulted,line,136,81,95,100.0,100.0,0.0,1
line_137_3113,samples\line_137_3113.npz,faulted,line,137,93,95,100.0,100.0,0.0,1
line_138_3114,samples\line_138_3114.npz,faulted,line,138,79,96,99.15254237288136,100.0,0.0,1
line_139_3115,samples\line_139_3115.npz,faulted,line,139,79,97,100.0,100.0,0.0,1
line_140_3116,samples\line_140_3116.npz,faulted,line,140,79,98,100.0,100.0,0.0,1
line_141_3117,samples\line_141_3117.npz,faulted,line,141,91,99,100.0,100.0,1.0,1
line_142_3118,samples\line_142_3118.npz,faulted,line,142,93,99,100.0,100.0,1.0,1
line_143_3119,samples\line_143_3119.npz,faulted,line,143,94,95,100.0,100.0,0.0,1
line_144_3120,samples\line_144_3120.npz,faulted,line,144,95,96,100.0,100.0,0.0,1
line_145_3121,samples\line_145_3121.npz,faulted,line,145,97,99,100.0,100.0,1.0,1
line_146_3122,samples\line_146_3122.npz,faulted,line,146,98,99,100.0,100.0,1.0,1
line_147_3123,samples\line_147_3123.npz,faulted,line,147,99,100,99.15254237288136,100.0,1.0,1
line_148_3124,samples\line_148_3124.npz,faulted,line,148,91,101,99.15254237288136,100.0,0.0,1
line_149_3125,samples\line_149_3125.npz,faulted,line,149,100,101,100.0,100.0,0.0,1
line_150_3126,samples\line_150_3126.npz,faulted,line,150,99,102,100.0,100.0,1.0,1
line_151_3127,samples\line_151_3127.npz,faulted,line,151,99,103,100.0,100.0,1.0,1
line_152_3128,samples\line_152_3128.npz,faulted,line,152,102,103,100.0,100.0,0.0,1
line_153_3129,samples\line_153_3129.npz,faulted,line,153,102,104,100.0,100.0,0.0,1
line_154_3130,samples\line_154_3130.npz,faulted,line,154,99,105,100.0,100.0,1.0,1
line_155_3131,samples\line_155_3131.npz,faulted,line,155,103,104,100.0,100.0,0.0,1
line_156_3132,samples\line_156_3132.npz,faulted,line,156,104,105,100.0,100.0,0.0,1
line_157_3133,samples\line_157_3133.npz,faulted,line,157,104,106,99.15254237288136,100.0,1.0,1
line_158_3134,samples\line_158_3134.npz,faulted,line,158,104,107,99.15254237288136,100.0,1.0,1
line_159_3135,samples\line_159_3135.npz,faulted,line,159,105,106,100.0,100.0,0.0,1
line_160_3136,samples\line_160_3136.npz,faulted,line,160,107,108,100.0,100.0,0.0,1
line_161_3137,samples\line_161_3137.npz,faulted,line,161,102,109,100.0,100.0,0.0,1
line_162_3138,samples\line_162_3138.npz,faulted,line,162,108,109,99.15254237288136,100.0,1.0,1
line_163_3139,samples\line_163_3139.npz,faulted,line,163,109,110,99.15254237288136,100.0,1.0,2
line_164_3140,samples\line_164_3140.npz,faulted,line,164,109,111,99.15254237288136,100.0,1.0,2
line_165_3141,samples\line_165_3141.npz,faulted,line,165,16,112,100.0,100.0,0.0,1
line_166_3142,samples\line_166_3142.npz,faulted,line,166,31,112,100.0,100.0,0.0,1
line_167_3143,samples\line_167_3143.npz,faulted,line,167,31,113,99.15254237288136,100.0,0.0,1
line_168_3144,samples\line_168_3144.npz,faulted,line,168,26,114,99.15254237288136,100.0,-1.0,1
line_169_3145,samples\line_169_3145.npz,faulted,line,169,113,114,100.0,100.0,0.0,1
line_170_3146,samples\line_170_3146.npz,faulted,line,170,11,116,99.15254237288136,100.0,1.0,2
line_171_3147,samples\line_171_3147.npz,faulted,line,171,74,117,99.15254237288136,100.0,1.0,1
line_172_3148,samples\line_172_3148.npz,faulted,line,172,75,117,100.0,100.0,0.0,1
trafo_0_3149,samples\trafo_0_3149.npz,faulted,trafo,0,7,4,100.0,100.0,0.0,1
trafo_1_3150,samples\trafo_1_3150.npz,faulted,trafo,1,25,24,99.15254237288136,100.0,0.0,1
trafo_2_3151,samples\trafo_2_3151.npz,faulted,trafo,2,29,16,99.15254237288136,100.0,1.0,1
trafo_3_3152,samples\trafo_3_3152.npz,faulted,trafo,3,37,36,99.15254237288136,100.0,0.0,1
trafo_4_3153,samples\trafo_4_3153.npz,faulted,trafo,4,62,58,99.15254237288136,100.0,-1.0,1
trafo_5_3154,samples\trafo_5_3154.npz,faulted,trafo,5,63,60,99.15254237288136,100.0,0.0,1
trafo_6_3155,samples\trafo_6_3155.npz,faulted,trafo,6,64,65,100.0,100.0,0.0,1
trafo_7_3156,samples\trafo_7_3156.npz,faulted,trafo,7,64,67,99.15254237288136,100.0,0.0,2
trafo_8_3157,samples\trafo_8_3157.npz,faulted,trafo,8,67,68,100.0,100.0,0.0,1
trafo_9_3158,samples\trafo_9_3158.npz,faulted,trafo,9,80,67,100.0,100.0,0.0,1
trafo_10_3159,samples\trafo_10_3159.npz,faulted,trafo,10,80,79,99.15254237288136,100.0,1.0,2
trafo_11_3160,samples\trafo_11_3160.npz,faulted,trafo,11,86,85,99.15254237288136,100.0,0.0,2
trafo_12_3161,samples\trafo_12_3161.npz,faulted,trafo,12,115,67,99.15254237288136,100.0,0.0,2
line_0_3162,samples\line_0_3162.npz,faulted,line,0,0,1,99.15254237288136,100.0,0.0,1
line_1_3163,samples\line_1_3163.npz,faulted,line,1,0,2,99.15254237288136,100.0,0.0,1
line_2_3164,samples\line_2_3164.npz,faulted,line,2,3,4,99.15254237288136,100.0,2.0,1
line_3_3165,samples\line_3_3165.npz,faulted,line,3,2,4,99.15254237288136,100.0,0.0,1
line_4_3166,samples\line_4_3166.npz,faulted,line,4,4,5,98.30508474576273,100.0,2.0,1
line_5_3167,samples\line_5_3167.npz,faulted,line,5,5,6,99.15254237288136,100.0,0.0,1
line_6_3168,samples\line_6_3168.npz,faulted,line,6,7,8,99.15254237288136,100.0,0.0,2
line_7_3169,samples\line_7_3169.npz,faulted,line,7,8,9,98.30508474576273,100.0,1.0,2
line_8_3170,samples\line_8_3170.npz,faulted,line,8,3,10,99.15254237288136,100.0,0.0,1
line_9_3171,samples\line_9_3171.npz,faulted,line,9,4,10,99.15254237288136,100.0,0.0,1
line_10_3172,samples\line_10_3172.npz,faulted,line,10,10,11,99.15254237288136,100.0,0.0,1
line_11_3173,samples\line_11_3173.npz,faulted,line,11,1,11,99.15254237288136,100.0,0.0,1
line_12_3174,samples\line_12_3174.npz,faulted,line,12,2,11,99.15254237288136,100.0,0.0,1
line_13_3175,samples\line_13_3175.npz,faulted,line,13,6,11,98.30508474576273,100.0,1.0,1
line_14_3176,samples\line_14_3176.npz,faulted,line,14,10,12,98.30508474576273,100.0,0.0,1
line_15_3177,samples\line_15_3177.npz,faulted,line,15,11,13,98.30508474576273,100.0,0.0,1
line_16_3178,samples\line_16_3178.npz,faulted,line,16,12,14,99.15254237288136,100.0,0.0,1
line_17_3179,samples\line_17_3179.npz,faulted,line,17,13,14,99.15254237288136,100.0,0.0,1
line_18_3180,samples\line_18_3180.npz,faulted,line,18,11,15,99.15254237288136,100.0,1.0,1
line_19_3181,samples\line_19_3181.npz,faulted,line,19,14,16,98.30508474576273,100.0,0.0,1
line_20_3182,samples\line_20_3182.npz,faulted,line,20,15,16,99.15254237288136,100.0,0.0,1
line_21_3183,samples\line_21_3183.npz,faulted,line,21,16,17,98.30508474576273,100.0,0.0,1
line_22_3184,samples\line_22_3184.npz,faulted,line,22,17,18,99.15254237288136,100.0,0.0,1
line_23_3185,samples\line_23_3185.npz,faulted,line,23,18,19,99.15254237288136,100.0,0.0,1
line_24_3186,samples\line_24_3186.npz,faulted,line,24,14,18,99.15254237288136,100.0,0.0,1
line_25_3187,samples\line_25_3187.npz,faulted,line,25,19,20,98.30508474576273,100.0,0.0,1
line_26_3188,samples\line_26_3188.npz,faulted,line,26,20,21,99.15254237288136,100.0,1.0,1
line_27_3189,samples\line_27_3189.npz,faulted,line,27,21,22,98.30508474576273,100.0,0.0,1
line_28_3190,samples\line_28_3190.npz,faulted,line,28,22,23,98.30508474576273,100.0,0.0,1
line_29_3191,samples\line_29_3191.npz,faulted,line,29,22,24,99.15254237288136,100.0,0.0,1
line_30_3192,samples\line_30_3192.npz,faulted,line,30,24,26,99.15254237288136,100.0,0.0,1
line_31_3193,samples\line_31_3193.npz,faulted,line,31,26,27,99.15254237288136,100.0,0.0,1
line_32_3194,samples\line_32_3194.npz,faulted,line,32,27,28,98.30508474576273,100.0,0.0,1
line_33_3195,samples\line_33_3195.npz,faulted,line,33,7,29,99.15254237288136,100.0,0.0,1
line_34_3196,samples\line_34_3196.npz,faulted,line,34,25,29,99.15254237288136,100.0,1.0,1
line_35_3197,samples\line_35_3197.npz,faulted,line,35,16,30,99.15254237288136,100.0,0.0,1
line_36_3198,samples\line_36_3198.npz,faulted,line,36,28,30,99.15254237288136,100.0,0.0,1
line_37_3199,samples\line_37_3199.npz,faulted,line,37,22,31,99.15254237288136,100.0,3.0,1
line_38_3200,samples\line_38_3200.npz,faulted,line,38,30,31,99.15254237288136,100.0,1.0,1
line_39_3201,samples\line_39_3201.npz,faulted,line,39,26,31,99.15254237288136,100.0,1.0,1
line_40_3202,samples\line_40_3202.npz,faulted,line,40,14,32,99.15254237288136,100.0,0.0,1
line_41_3203,samples\line_41_3203.npz,faulted,line,41,18,33,99.15254237288136,100.0,0.0,1
line_42_3204,samples\line_42_3204.npz,faulted,line,42,34,35,99.15254237288136,100.0,0.0,1
line_43_3205,samples\line_43_3205.npz,faulted,line,43,34,36,98.30508474576273,100.0,1.0,1
line_44_3206,samples\line_44_3206.npz,faulted,line,44,32,36,98.30508474576273,100.0,0.0,1
line_45_3207,samples\line_45_3207.npz,faulted,line,45,33,35,98.30508474576273,100.0,1.0,1
line_46_3208,samples\line_46_3208.npz,faulted,line,46,33,36,99.15254237288136,100.0,0.0,1
line_47_3209,samples\line_47_3209.npz,faulted,line,47,36,38,99.15254237288136,100.0,0.0,1
line_48_3210,samples\line_48_3210.npz,faulted,line,48,36,39,99.15254237288136,100.0,0.0,1
line_49_3211,samples\line_49_3211.npz,faulted,line,49,29,37,99.15254237288136,100.0,0.0,1
line_50_3212,samples\line_50_3212.npz,faulted,line,50,38,39,99.15254237288136,100.0,0.0,1
line_51_3213,samples\line_51_3213.npz,faulted,line,51,39,40,98.30508474576273,100.0,0.0,1
line_52_3214,samples\line_52_3214.npz,faulted,line,52,39,41,99.15254237288136,100.0,0.0,1
line_53_3215,samples\line_53_3215.npz,faulted,line,53,40,41,99.15254237288136,100.0,0.0,1
line_54_3216,samples\line_54_3216.npz,faulted,line,54,42,43,99.15254237288136,100.0,0.0,1
line_55_3217,samples\line_55_3217.npz,faulted,line,55,33,42,98.30508474576273,100.0,1.0,1
line_56_3218,samples\line_56_3218.npz,faulted,line,56,43,44,98.30508474576273,100.0,1.0,1
line_57_3219,samples\line_57_3219.npz,faulted,line,57,44,45,98.30508474576273,100.0,1.0,1
line_58_3220,samples\line_58_3220.npz,faulted,line,58,45,46,99.15254237288136,100.0,0.0,1
line_59_3221,samples\line_59_3221.npz,faulted,line,59,45,47,99.15254237288136,100.0,0.0,1
line_60_3222,samples\line_60_3222.npz,faulted,line,60,46,48,98.30508474576273,100.0,1.0,1
line_61_3223,samples\line_61_3223.npz,faulted,line,61,41,48,99.15254237288136,100.0,0.0,1
line_62_3224,samples\line_62_3224.npz,faulted,line,62,41,48,99.15254237288136,100.0,0.0,1
line_63_3225,samples\line_63_3225.npz,faulted,line,63,44,48,99.15254237288136,100.0,1.0,1
line_64_3226,samples\line_64_3226.npz,faulted,line,64,47,48,98.30508474576273,100.0,1.0,1
line_65_3227,samples\line_65_3227.npz,faulted,line,65,48,49,99.15254237288136,100.0,0.0,1
line_66_3228,samples\line_66_3228.npz,faulted,line,66,48,50,99.15254237288136,100.0,0.0,1
line_67_3229,samples\line_67_3229.npz,faulted,line,67,50,51,99.15254237288136,100.0,-1.0,1
line_68_3230,samples\line_68_3230.npz,faulted,line,68,51,52,98.30508474576273,100.0,0.0,1
line_69_3231,samples\line_69_3231.npz,faulted,line,69,52,53,99.15254237288136,100.0,0.0,1
line_70_3232,samples\line_70_3232.npz,faulted,line,70,48,53,99.15254237288136,100.0,0.0,1
line_71_3233,samples\line_71_3233.npz,faulted,line,71,48,53,99.15254237288136,100.0,0.0,1
line_72_3234,samples\line_72_3234.npz,faulted,line,72,53,54,99.15254237288136,100.0,0.0,1
line_73_3235,samples\line_73_3235.npz,faulted,line,73,53,55,99.15254237288136,100.0,0.0,1
line_74_3236,samples\line_74_3236.npz,faulted,line,74,54,55,99.15254237288136,100.0,0.0,1
line_75_3237,samples\line_75_3237.npz,faulted,line,75,55,56,99.15254237288136,100.0,0.0,1
line_76_3238,samples\line_76_3238.npz,faulted,line,76,49,56,98.30508474576273,100.0,0.0,1
line_77_3239,samples\line_77_3239.npz,faulted,line,77,55,57,99.15254237288136,100.0,0.0,1
line_78_3240,samples\line_78_3240.npz,faulted,line,78,50,57,98.30508474576273,100.0,-1.0,1
line_79_3241,samples\line_79_3241.npz,faulted,line,79,53,58,99.15254237288136,100.0,0.0,1
line_80_3242,samples\line_80_3242.npz,faulted,line,80,55,58,99.15254237288136,100.0,0.0,1
line_81_3243,samples\line_81_3243.npz,faulted,line,81,55,58,99.15254237288136,100.0,0.0,1
line_82_3244,samples\line_82_3244.npz,faulted,line,82,54,58,98.30508474576273,100.0,-1.0,1
line_83_3245,samples\line_83_3245.npz,faulted,line,83,58,59,99.15254237288136,100.0,-1.0,1
line_84_3246,samples\line_84_3246.npz,faulted,line,84,58,60,99.15254237288136,100.0,-1.0,1
line_85_3247,samples\line_85_3247.npz,faulted,line,85,59,60,99.15254237288136,100.0,0.0,1
line_86_3248,samples\line_86_3248.npz,faulted,line,86,59,61,99.15254237288136,100.0,0.0,1
line_87_3249,samples\line_87_3249.npz,faulted,line,87,60,61,99.15254237288136,100.0,0.0,1
line_88_3250,samples\line_88_3250.npz,faulted,line,88,62,63,99.15254237288136,100.0,0.0,1
line_89_3251,samples\line_89_3251.npz,faulted,line,89,37,64,99.15254237288136,100.0,0.0,1
line_90_3252,samples\line_90_3252.npz,faulted,line,90,63,64,99.15254237288136,100.0,0.0,1
line_91_3253,samples\line_91_3253.npz,faulted,line,91,48,65,99.15254237288136,100.0,0.0,1
line_92_3254,samples\line_92_3254.npz,faulted,line,92,48,65,99.15254237288136,100.0,0.0,1
line_93_3255,samples\line_93_3255.npz,faulted,line,93,61,65,99.15254237288136,100.0,0.0,1
line_94_3256,samples\line_94_3256.npz,faulted,line,94,61,66,98.30508474576273,100.0,0.0,1
line_95_3257,samples\line_95_3257.npz,faulted,line,95,65,66,99.15254237288136,100.0,0.0,1
line_96_3258,samples\line_96_3258.npz,faulted,line,96,46,68,99.15254237288136,100.0,0.0,1
line_97_3259,samples\line_97_3259.npz,faulted,line,97,48,68,99.15254237288136,100.0,0.0,1
line_98_3260,samples\line_98_3260.npz,faulted,line,98,68,69,99.15254237288136,100.0,0.0,1
line_99_3261,samples\line_99_3261.npz,faulted,line,99,23,69,99.15254237288136,100.0,0.0,1
line_100_3262,samples\line_100_3262.npz,faulted,line,100,69,70,99.15254237288136,100.0,0.0,1
line_101_3263,samples\line_101_3263.npz,faulted,line,101,23,71,99.15254237288136,100.0,0.0,1
line_102_3264,samples\line_102_3264.npz,faulted,line,102,70,71,98.30508474576273,100.0,1.0,1
line_103_3265,samples\line_103_3265.npz,faulted,line,103,70,72,98.30508474576273,100.0,1.0,2
line_104_3266,samples\line_104_3266.npz,faulted,line,104,69,73,99.15254237288136,100.0,0.0,1
line_105_3267,samples\line_105_3267.npz,faulted,line,105,69,74,99.15254237288136,100.0,0.0,1
line_106_3268,samples\line_106_3268.npz,faulted,line,106,68,74,99.15254237288136,100.0,0.0,1
line_107_3269,samples\line_107_3269.npz,faulted,line,107,73,74,98.30508474576273,100.0,0.0,1
line_108_3270,samples\line_108_3270.npz,faulted,line,108,75,76,98.30508474576273,100.0,0.0,1
line_109_3271,samples\line_109_3271.npz,faulted,line,109,68,76,99.15254237288136,100.0,0.0,1
line_110_3272,samples\line_110_3272.npz,faulted,line,110,74,76,99.15254237288136,100.0,0.0,1
line_111_3273,samples\line_111_3273.npz,faulted,line,111,76,77,98.30508474576273,100.0,0.0,1
line_112_3274,samples\line_112_3274.npz,faulted,line,112,77,78,99.15254237288136,100.0,0.0,1
line_113_3275,samples\line_113_3275.npz,faulted,line,113,76,79,99.15254237288136,100.0,0.0,1
line_114_3276,samples\line_114_3276.npz,faulted,line,114,76,79,99.15254237288136,100.0,0.0,1
line_115_3277,samples\line_115_3277.npz,faulted,line,115,78,79,98.30508474576273,100.0,0.0,1
line_116_3278,samples\line_116_3278.npz,faulted,line,116,76,81,98.30508474576273,100.0,0.0,1
line_117_3279,samples\line_117_3279.npz,faulted,line,117,81,82,99.15254237288136,100.0,0.0,1
line_118_3280,samples\line_118_3280.npz,faulted,line,118,82,83,99.15254237288136,100.0,0.0,1
line_119_3281,samples\line_119_3281.npz,faulted,line,119,82,84,98.30508474576273,100.0,1.0,1
line_120_3282,samples\line_120_3282.npz,faulted,line,120,83,84,98.30508474576273,100.0,1.0,1
line_121_3283,samples\line_121_3283.npz,faulted,line,121,84,85,99.15254237288136,100.0,0.0,2
line_122_3284,samples\line_122_3284.npz,faulted,line,122,84,87,99.15254237288136,100.0,0.0,1
line_123_3285,samples\line_123_3285.npz,faulted,line,123,84,88,99.15254237288136,100.0,0.0,1
line_124_3286,samples\line_124_3286.npz,faulted,line,124,87,88,99.15254237288136,100.0,0.0,1
line_125_3287,samples\line_125_3287.npz,faulted,line,125,88,89,99.15254237288136,100.0,0.0,1
line_126_3288,samples\line_126_3288.npz,faulted,line,126,88,89,99.15254237288136,100.0,0.0,1
line_127_3289,samples\line_127_3289.npz,faulted,line,127,89,90,99.15254237288136,100.0,0.0,1
line_128_3290,samples\line_128_3290.npz,faulted,line,128,88,91,99.15254237288136,100.0,0.0,1
line_129_3291,samples\line_129_3291.npz,faulted,line,129,88,91,99.15254237288136,100.0,0.0,1
line_130_3292,samples\line_130_3292.npz,faulted,line,130,90,91,98.30508474576273,100.0,0.0,1
line_131_3293,samples\line_131_3293.npz,faulted,line,131,91,92,99.15254237288136,100.0,0.0,1
line_132_3294,samples\line_132_3294.npz,faulted,line,132,91,93,99.15254237288136,100.0,0.0,1
line_133_3295,samples\line_133_3295.npz,faulted,line,133,92,93,99.15254237288136,100.0,0.0,1
line_134_3296,samples\line_134_3296.npz,faulted,line,134,93,94,98.30508474576273,100.0,0.0,1
line_135_3297,samples\line_135_3297.npz,faulted,line,135,79,95,99.15254237288136,100.0,0.0,1
line_136_3298,samples\line_136_3298.npz,faulted,line,136,81,95,99.15254237288136,100.0,0.0,1
line_137_3299,samples\line_137_3299.npz,faulted,line,137,93,95,99.15254237288136,100.0,0.0,1
line_138_3300,samples\line_138_3300.npz,faulted,line,138,79,96,98.30508474576273,100.0,0.0,1
line_139_3301,samples\line_139_3301.npz,faulted,line,139,79,97,99.15254237288136,100.0,0.0,1
line_140_3302,samples\line_140_3302.npz,faulted,line,140,79,98,99.15254237288136,100.0,0.0,1
line_141_3303,samples\line_141_3303.npz,faulted,line,141,91,99,99.15254237288136,100.0,0.0,1
line_142_3304,samples\line_142_3304.npz,faulted,line,142,93,99,99.15254237288136,100.0,0.0,1
line_143_3305,samples\line_143_3305.npz,faulted,line,143,94,95,99.15254237288136,100.0,0.0,1
line_144_3306,samples\line_144_3306.npz,faulted,line,144,95,96,99.15254237288136,100.0,0.0,1
line_145_3307,samples\line_145_3307.npz,faulted,line,145,97,99,99.15254237288136,100.0,0.0,1
line_146_3308,samples\line_146_3308.npz,faulted,line,146,98,99,99.15254237288136,100.0,0.0,1
line_147_3309,samples\line_147_3309.npz,faulted,line,147,99,100,98.30508474576273,100.0,0.0,1
line_148_3310,samples\line_148_3310.npz,faulted,line,148,91,101,98.30508474576273,100.0,0.0,1
line_149_3311,samples\line_149_3311.npz,faulted,line,149,100,101,99.15254237288136,100.0,0.0,1
line_150_3312,samples\line_150_3312.npz,faulted,line,150,99,102,99.15254237288136,100.0,0.0,1
line_151_3313,samples\line_151_3313.npz,faulted,line,151,99,103,99.15254237288136,100.0,0.0,1
line_152_3314,samples\line_152_3314.npz,faulted,line,152,102,103,99.15254237288136,100.0,0.0,1
line_153_3315,samples\line_153_3315.npz,faulted,line,153,102,104,99.15254237288136,100.0,0.0,1
line_154_3316,samples\line_154_3316.npz,faulted,line,154,99,105,99.15254237288136,100.0,0.0,1
line_155_3317,samples\line_155_3317.npz,faulted,line,155,103,104,99.15254237288136,100.0,0.0,1
line_156_3318,samples\line_156_3318.npz,faulted,line,156,104,105,99.15254237288136,100.0,0.0,1
line_157_3319,samples\line_157_3319.npz,faulted,line,157,104,106,98.30508474576273,100.0,1.0,1
line_158_3320,samples\line_158_3320.npz,faulted,line,158,104,107,98.30508474576273,100.0,1.0,1
line_159_3321,samples\line_159_3321.npz,faulted,line,159,105,106,99.15254237288136,100.0,0.0,1
line_160_3322,samples\line_160_3322.npz,faulted,line,160,107,108,99.15254237288136,100.0,0.0,1
line_161_3323,samples\line_161_3323.npz,faulted,line,161,102,109,99.15254237288136,100.0,0.0,1
line_162_3324,samples\line_162_3324.npz,faulted,line,162,108,109,98.30508474576273,100.0,1.0,1
line_163_3325,samples\line_163_3325.npz,faulted,line,163,109,110,98.30508474576273,100.0,1.0,2
line_164_3326,samples\line_164_3326.npz,faulted,line,164,109,111,98.30508474576273,100.0,1.0,2
line_165_3327,samples\line_165_3327.npz,faulted,line,165,16,112,99.15254237288136,100.0,0.0,1
line_166_3328,samples\line_166_3328.npz,faulted,line,166,31,112,99.15254237288136,100.0,1.0,1
line_167_3329,samples\line_167_3329.npz,faulted,line,167,31,113,98.30508474576273,100.0,1.0,1
line_168_3330,samples\line_168_3330.npz,faulted,line,168,26,114,98.30508474576273,100.0,0.0,1
line_169_3331,samples\line_169_3331.npz,faulted,line,169,113,114,99.15254237288136,100.0,0.0,1
line_170_3332,samples\line_170_3332.npz,faulted,line,170,11,116,98.30508474576273,100.0,1.0,2
line_171_3333,samples\line_171_3333.npz,faulted,line,171,74,117,98.30508474576273,100.0,0.0,1
line_172_3334,samples\line_172_3334.npz,faulted,line,172,75,117,99.15254237288136,100.0,0.0,1
trafo_0_3335,samples\trafo_0_3335.npz,faulted,trafo,0,7,4,99.15254237288136,100.0,1.0,1
trafo_1_3336,samples\trafo_1_3336.npz,faulted,trafo,1,25,24,98.30508474576273,100.0,1.0,1
trafo_2_3337,samples\trafo_2_3337.npz,faulted,trafo,2,29,16,99.15254237288136,100.0,0.0,1
trafo_3_3338,samples\trafo_3_3338.npz,faulted,trafo,3,37,36,98.30508474576273,100.0,0.0,1
trafo_4_3339,samples\trafo_4_3339.npz,faulted,trafo,4,62,58,98.30508474576273,100.0,-1.0,1
trafo_5_3340,samples\trafo_5_3340.npz,faulted,trafo,5,63,60,98.30508474576273,100.0,0.0,1
trafo_6_3341,samples\trafo_6_3341.npz,faulted,trafo,6,64,65,99.15254237288136,100.0,0.0,1
trafo_7_3342,samples\trafo_7_3342.npz,faulted,trafo,7,64,67,98.30508474576273,100.0,0.0,1
trafo_8_3343,samples\trafo_8_3343.npz,faulted,trafo,8,67,68,99.15254237288136,100.0,0.0,1
trafo_9_3344,samples\trafo_9_3344.npz,faulted,trafo,9,80,67,99.15254237288136,100.0,0.0,1
trafo_10_3345,samples\trafo_10_3345.npz,faulted,trafo,10,80,79,99.15254237288136,100.0,0.0,1
trafo_11_3346,samples\trafo_11_3346.npz,faulted,trafo,11,86,85,98.30508474576273,100.0,0.0,2
trafo_12_3347,samples\trafo_12_3347.npz,faulted,trafo,12,115,67,98.30508474576273,100.0,0.0,2
line_0_3348,samples\line_0_3348.npz,faulted,line,0,0,1,99.15254237288136,100.0,-1.0,2
line_1_3349,samples\line_1_3349.npz,faulted,line,1,0,2,99.15254237288136,100.0,-1.0,2
line_2_3350,samples\line_2_3350.npz,faulted,line,2,3,4,99.15254237288136,100.0,-1.0,2
line_3_3351,samples\line_3_3351.npz,faulted,line,3,2,4,99.15254237288136,100.0,-1.0,2
line_4_3352,samples\line_4_3352.npz,faulted,line,4,4,5,98.30508474576273,100.0,0.0,2
line_5_3353,samples\line_5_3353.npz,faulted,line,5,5,6,99.15254237288136,100.0,-1.0,2
line_6_3354,samples\line_6_3354.npz,faulted,line,6,7,8,99.15254237288136,100.0,-1.0,3
line_7_3355,samples\line_7_3355.npz,faulted,line,7,8,9,98.30508474576273,100.0,0.0,3
line_8_3356,samples\line_8_3356.npz,faulted,line,8,3,10,99.15254237288136,100.0,-1.0,2
line_9_3357,samples\line_9_3357.npz,faulted,line,9,4,10,99.15254237288136,100.0,-1.0,2
line_10_3358,samples\line_10_3358.npz,faulted,line,10,10,11,99.15254237288136,100.0,-1.0,2
line_11_3359,samples\line_11_3359.npz,faulted,line,11,1,11,99.15254237288136,100.0,-1.0,2
line_12_3360,samples\line_12_3360.npz,faulted,line,12,2,11,99.15254237288136,100.0,-1.0,2
line_13_3361,samples\line_13_3361.npz,faulted,line,13,6,11,98.30508474576273,100.0,0.0,2
line_14_3362,samples\line_14_3362.npz,faulted,line,14,10,12,98.30508474576273,100.0,-1.0,2
line_15_3363,samples\line_15_3363.npz,faulted,line,15,11,13,98.30508474576273,100.0,-1.0,2
line_16_3364,samples\line_16_3364.npz,faulted,line,16,12,14,99.15254237288136,100.0,-1.0,2
line_17_3365,samples\line_17_3365.npz,faulted,line,17,13,14,99.15254237288136,100.0,-1.0,2
line_18_3366,samples\line_18_3366.npz,faulted,line,18,11,15,99.15254237288136,100.0,-1.0,2
line_19_3367,samples\line_19_3367.npz,faulted,line,19,14,16,98.30508474576273,100.0,-1.0,2
line_20_3368,samples\line_20_3368.npz,faulted,line,20,15,16,99.15254237288136,100.0,-1.0,2
line_21_3369,samples\line_21_3369.npz,faulted,line,21,16,17,98.30508474576273,100.0,-1.0,2
line_22_3370,samples\line_22_3370.npz,faulted,line,22,17,18,99.15254237288136,100.0,-1.0,2
line_23_3371,samples\line_23_3371.npz,faulted,line,23,18,19,99.15254237288136,100.0,-1.0,2
line_24_3372,samples\line_24_3372.npz,faulted,line,24,14,18,99.15254237288136,100.0,-1.0,2
line_25_3373,samples\line_25_3373.npz,faulted,line,25,19,20,98.30508474576273,100.0,0.0,2
line_26_3374,samples\line_26_3374.npz,faulted,line,26,20,21,99.15254237288136,100.0,-1.0,2
line_27_3375,samples\line_27_3375.npz,faulted,line,27,21,22,98.30508474576273,100.0,1.0,2
line_28_3376,samples\line_28_3376.npz,faulted,line,28,22,23,98.30508474576273,100.0,0.0,2
line_29_3377,samples\line_29_3377.npz,faulted,line,29,22,24,99.15254237288136,100.0,1.0,2
line_30_3378,samples\line_30_3378.npz,faulted,line,30,24,26,99.15254237288136,100.0,-1.0,2
line_31_3379,samples\line_31_3379.npz,faulted,line,31,26,27,99.15254237288136,100.0,-2.0,2
line_32_3380,samples\line_32_3380.npz,faulted,line,32,27,28,98.30508474576273,100.0,-1.0,2
line_33_3381,samples\line_33_3381.npz,faulted,line,33,7,29,99.15254237288136,100.0,-1.0,2
line_34_3382,samples\line_34_3382.npz,faulted,line,34,25,29,99.15254237288136,100.0,-1.0,2
line_35_3383,samples\line_35_3383.npz,faulted,line,35,16,30,99.15254237288136,100.0,-1.0,2
line_36_3384,samples\line_36_3384.npz,faulted,line,36,28,30,99.15254237288136,100.0,-1.0,2
line_37_3385,samples\line_37_3385.npz,faulted,line,37,22,31,99.15254237288136,100.0,1.0,2
line_38_3386,samples\line_38_3386.npz,faulted,line,38,30,31,99.15254237288136,100.0,-1.0,2
line_39_3387,samples\line_39_3387.npz,faulted,line,39,26,31,99.15254237288136,100.0,-1.0,2
line_40_3388,samples\line_40_3388.npz,faulted,line,40,14,32,99.15254237288136,100.0,-1.0,2
line_41_3389,samples\line_41_3389.npz,faulted,line,41,18,33,99.15254237288136,100.0,-1.0,2
line_42_3390,samples\line_42_3390.npz,faulted,line,42,34,35,99.15254237288136,100.0,-1.0,2
line_43_3391,samples\line_43_3391.npz,faulted,line,43,34,36,98.30508474576273,100.0,0.0,2
line_44_3392,samples\line_44_3392.npz,faulted,line,44,32,36,98.30508474576273,100.0,-1.0,2
line_45_3393,samples\line_45_3393.npz,faulted,line,45,33,35,98.30508474576273,100.0,0.0,2
line_46_3394,samples\line_46_3394.npz,faulted,line,46,33,36,99.15254237288136,100.0,-1.0,2
line_47_3395,samples\line_47_3395.npz,faulted,line,47,36,38,99.15254237288136,100.0,-1.0,2
line_48_3396,samples\line_48_3396.npz,faulted,line,48,36,39,99.15254237288136,100.0,-1.0,2
line_49_3397,samples\line_49_3397.npz,faulted,line,49,29,37,99.15254237288136,100.0,-1.0,2
line_50_3398,samples\line_50_3398.npz,faulted,line,50,38,39,99.15254237288136,100.0,-1.0,2
line_51_3399,samples\line_51_3399.npz,faulted,line,51,39,40,98.30508474576273,100.0,-1.0,2
line_52_3400,samples\line_52_3400.npz,faulted,line,52,39,41,99.15254237288136,100.0,-1.0,2
line_53_3401,samples\line_53_3401.npz,faulted,line,53,40,41,99.15254237288136,100.0,-1.0,2
line_54_3402,samples\line_54_3402.npz,faulted,line,54,42,43,99.15254237288136,100.0,-1.0,2
line_55_3403,samples\line_55_3403.npz,faulted,line,55,33,42,98.30508474576273,100.0,0.0,2
line_56_3404,samples\line_56_3404.npz,faulted,line,56,43,44,98.30508474576273,100.0,0.0,2
line_57_3405,samples\line_57_3405.npz,faulted,line,57,44,45,98.30508474576273,100.0,0.0,2
line_58_3406,samples\line_58_3406.npz,faulted,line,58,45,46,99.15254237288136,100.0,-1.0,2
line_59_3407,samples\line_59_3407.npz,faulted,line,59,45,47,99.15254237288136,100.0,-1.0,2
line_60_3408,samples\line_60_3408.npz,faulted,line,60,46,48,98.30508474576273,100.0,0.0,2
line_61_3409,samples\line_61_3409.npz,faulted,line,61,41,48,99.15254237288136,100.0,-1.0,2
line_62_3410,samples\line_62_3410.npz,faulted,line,62,41,48,99.15254237288136,100.0,-1.0,2
line_63_3411,samples\line_63_3411.npz,faulted,line,63,44,48,99.15254237288136,100.0,0.0,2
line_64_3412,samples\line_64_3412.npz,faulted,line,64,47,48,98.30508474576273,100.0,0.0,2
line_65_3413,samples\line_65_3413.npz,faulted,line,65,48,49,99.15254237288136,100.0,0.0,2
line_66_3414,samples\line_66_3414.npz,faulted,line,66,48,50,99.15254237288136,100.0,0.0,2
line_67_3415,samples\line_67_3415.npz,faulted,line,67,50,51,99.15254237288136,100.0,-1.0,2
line_68_3416,samples\line_68_3416.npz,faulted,line,68,51,52,98.30508474576273,100.0,0.0,3
line_69_3417,samples\line_69_3417.npz,faulted,line,69,52,53,99.15254237288136,100.0,-1.0,3
line_70_3418,samples\line_70_3418.npz,faulted,line,70,48,53,99.15254237288136,100.0,-1.0,2
line_71_3419,samples\line_71_3419.npz,faulted,line,71,48,53,99.15254237288136,100.0,-1.0,2
line_72_3420,samples\line_72_3420.npz,faulted,line,72,53,54,99.15254237288136,100.0,-1.0,2
line_73_3421,samples\line_73_3421.npz,faulted,line,73,53,55,99.15254237288136,100.0,-1.0,2
line_74_3422,samples\line_74_3422.npz,faulted,line,74,54,55,99.15254237288136,100.0,-1.0,2
line_75_3423,samples\line_75_3423.npz,faulted,line,75,55,56,99.15254237288136,100.0,0.0,2
line_76_3424,samples\line_76_3424.npz,faulted,line,76,49,56,98.30508474576273,100.0,-1.0,2
line_77_3425,samples\line_77_3425.npz,faulted,line,77,55,57,99.15254237288136,100.0,0.0,2
line_78_3426,samples\line_78_3426.npz,faulted,line,78,50,57,98.30508474576273,100.0,-1.0,2
line_79_3427,samples\line_79_3427.npz,faulted,line,79,53,58,99.15254237288136,100.0,-1.0,2
line_80_3428,samples\line_80_3428.npz,faulted,line,80,55,58,99.15254237288136,100.0,-1.0,2
line_81_3429,samples\line_81_3429.npz,faulted,line,81,55,58,99.15254237288136,100.0,-1.0,2
line_82_3430,samples\line_82_3430.npz,faulted,line,82,54,58,98.30508474576273,100.0,0.0,2
line_83_3431,samples\line_83_3431.npz,faulted,line,83,58,59,99.15254237288136,100.0,0.0,2
line_84_3432,samples\line_84_3432.npz,faulted,line,84,58,60,99.15254237288136,100.0,0.0,2
line_85_3433,samples\line_85_3433.npz,faulted,line,85,59,60,99.15254237288136,100.0,-1.0,2
line_86_3434,samples\line_86_3434.npz,faulted,line,86,59,61,99.15254237288136,100.0,-1.0,2
line_87_3435,samples\line_87_3435.npz,faulted,line,87,60,61,99.15254237288136,100.0,-1.0,2
line_88_3436,samples\line_88_3436.npz,faulted,line,88,62,63,99.15254237288136,100.0,-1.0,2
line_89_3437,samples\line_89_3437.npz,faulted,line,89,37,64,99.15254237288136,100.0,-1.0,2
line_90_3438,samples\line_90_3438.npz,faulted,line,90,63,64,99.15254237288136,100.0,0.0,2
line_91_3439,samples\line_91_3439.npz,faulted,line,91,48,65,99.15254237288136,100.0,-1.0,2
line_92_3440,samples\line_92_3440.npz,faulted,line,92,48,65,99.15254237288136,100.0,-1.0,2
line_93_3441,samples\line_93_3441.npz,faulted,line,93,61,65,99.15254237288136,100.0,-1.0,2
line_94_3442,samples\line_94_3442.npz,faulted,line,94,61,66,98.30508474576273,100.0,-1.0,2
line_95_3443,samples\line_95_3443.npz,faulted,line,95,65,66,99.15254237288136,100.0,-1.0,2
line_96_3444,samples\line_96_3444.npz,faulted,line,96,46,68,99.15254237288136,100.0,-1.0,2
line_97_3445,samples\line_97_3445.npz,faulted,line,97,48,68,99.15254237288136,100.0,-1.0,2
line_98_3446,samples\line_98_3446.npz,faulted,line,98,68,69,99.15254237288136,100.0,-1.0,2
line_99_3447,samples\line_99_3447.npz,faulted,line,99,23,69,99.15254237288136,100.0,-1.0,2
line_100_3448,samples\line_100_3448.npz,faulted,line,100,69,70,99.15254237288136,100.0,-1.0,2
line_101_3449,samples\line_101_3449.npz,faulted,line,101,23,71,99.15254237288136,100.0,-1.0,2
line_102_3450,samples\line_102_3450.npz,faulted,line,102,70,71,98.30508474576273,100.0,1.0,2
line_103_3451,samples\line_103_3451.npz,faulted,line,103,70,72,98.30508474576273,100.0,1.0,3
line_104_3452,samples\line_104_3452.npz,faulted,line,104,69,73,99.15254237288136,100.0,-1.0,2
line_105_3453,samples\line_105_3453.npz,faulted,line,105,69,74,99.15254237288136,100.0,-1.0,2
line_106_3454,samples\line_106_3454.npz,faulted,line,106,68,74,99.15254237288136,100.0,-1.0,2
line_107_3455,samples\line_107_3455.npz,faulted,line,107,73,74,98.30508474576273,100.0,0.0,2
line_108_3456,samples\line_108_3456.npz,faulted,line,108,75,76,98.30508474576273,100.0,0.0,2
line_109_3457,samples\line_109_3457.npz,faulted,line,109,68,76,99.15254237288136,100.0,-1.0,2
line_110_3458,samples\line_110_3458.npz,faulted,line,110,74,76,99.15254237288136,100.0,0.0,2
line_111_3459,samples\line_111_3459.npz,faulted,line,111,76,77,98.30508474576273,100.0,0.0,2
line_112_3460,samples\line_112_3460.npz,faulted,line,112,77,78,99.15254237288136,100.0,-1.0,2
line_113_3461,samples\line_113_3461.npz,faulted,line,113,76,79,99.15254237288136,100.0,-1.0,2
line_114_3462,samples\line_114_3462.npz,faulted,line,114,76,79,99.15254237288136,100.0,-1.0,2
line_115_3463,samples\line_115_3463.npz,faulted,line,115,78,79,98.30508474576273,100.0,0.0,2
line_116_3464,samples\line_116_3464.npz,faulted,line,116,76,81,98.30508474576273,100.0,0.0,2
line_117_3465,samples\line_117_3465.npz,faulted,line,117,81,82,99.15254237288136,100.0,-1.0,2
line_118_3466,samples\line_118_3466.npz,faulted,line,118,82,83,99.15254237288136,100.0,-1.0,2
line_119_3467,samples\line_119_3467.npz,faulted,line,119,82,84,98.30508474576273,100.0,0.0,2
line_120_3468,samples\line_120_3468.npz,faulted,line,120,83,84,98.30508474576273,100.0,0.0,2
line_121_3469,samples\line_121_3469.npz,faulted,line,121,84,85,99.15254237288136,100.0,-1.0,3
line_122_3470,samples\line_122_3470.npz,faulted,line,122,84,87,99.15254237288136,100.0,-1.0,2
line_123_3471,samples\line_123_3471.npz,faulted,line,123,84,88,99.15254237288136,100.0,-1.0,2
line_124_3472,samples\line_124_3472.npz,faulted,line,124,87,88,99.15254237288136,100.0,-1.0,2
line_125_3473,samples\line_125_3473.npz,faulted,line,125,88,89,99.15254237288136,100.0,-1.0,2
line_126_3474,samples\line_126_3474.npz,faulted,line,126,88,89,99.15254237288136,100.0,-1.0,2
line_127_3475,samples\line_127_3475.npz,faulted,line,127,89,90,99.15254237288136,100.0,-1.0,2
line_128_3476,samples\line_128_3476.npz,faulted,line,128,88,91,99.15254237288136,100.0,-1.0,2
line_129_3477,samples\line_129_3477.npz,faulted,line,129,88,91,99.15254237288136,100.0,-1.0,2
line_130_3478,samples\line_130_3478.npz,faulted,line,130,90,91,98.30508474576273,100.0,-1.0,2
line_131_3479,samples\line_131_3479.npz,faulted,line,131,91,92,99.15254237288136,100.0,-1.0,2
line_132_3480,samples\line_132_3480.npz,faulted,line,132,91,93,99.15254237288136,100.0,-1.0,2
line_133_3481,samples\line_133_3481.npz,faulted,line,133,92,93,99.15254237288136,100.0,-1.0,2
line_134_3482,samples\line_134_3482.npz,faulted,line,134,93,94,98.30508474576273,100.0,-1.0,2
line_135_3483,samples\line_135_3483.npz,faulted,line,135,79,95,99.15254237288136,100.0,-1.0,2
line_136_3484,samples\line_136_3484.npz,faulted,line,136,81,95,99.15254237288136,100.0,-1.0,2
line_137_3485,samples\line_137_3485.npz,faulted,line,137,93,95,99.15254237288136,100.0,-1.0,2
line_138_3486,samples\line_138_3486.npz,faulted,line,138,79,96,98.30508474576273,100.0,-1.0,2
line_139_3487,samples\line_139_3487.npz,faulted,line,139,79,97,99.15254237288136,100.0,-1.0,2
line_140_3488,samples\line_140_3488.npz,faulted,line,140,79,98,99.15254237288136,100.0,-1.0,2
line_141_3489,samples\line_141_3489.npz,faulted,line,141,91,99,99.15254237288136,100.0,0.0,2
line_142_3490,samples\line_142_3490.npz,faulted,line,142,93,99,99.15254237288136,100.0,0.0,2
line_143_3491,samples\line_143_3491.npz,faulted,line,143,94,95,99.15254237288136,100.0,-1.0,2
line_144_3492,samples\line_144_3492.npz,faulted,line,144,95,96,99.15254237288136,100.0,-1.0,2
line_145_3493,samples\line_145_3493.npz,faulted,line,145,97,99,99.15254237288136,100.0,0.0,2
line_146_3494,samples\line_146_3494.npz,faulted,line,146,98,99,99.15254237288136,100.0,0.0,2
line_147_3495,samples\line_147_3495.npz,faulted,line,147,99,100,98.30508474576273,100.0,0.0,2
line_148_3496,samples\line_148_3496.npz,faulted,line,148,91,101,98.30508474576273,100.0,-1.0,2
line_149_3497,samples\line_149_3497.npz,faulted,line,149,100,101,99.15254237288136,100.0,-1.0,2
line_150_3498,samples\line_150_3498.npz,faulted,line,150,99,102,99.15254237288136,100.0,0.0,2
line_151_3499,samples\line_151_3499.npz,faulted,line,151,99,103,99.15254237288136,100.0,0.0,2
line_152_3500,samples\line_152_3500.npz,faulted,line,152,102,103,99.15254237288136,100.0,-1.0,2
line_153_3501,samples\line_153_3501.npz,faulted,line,153,102,104,99.15254237288136,100.0,-1.0,2
line_154_3502,samples\line_154_3502.npz,faulted,line,154,99,105,99.15254237288136,100.0,0.0,2
line_155_3503,samples\line_155_3503.npz,faulted,line,155,103,104,99.15254237288136,100.0,-1.0,2
line_156_3504,samples\line_156_3504.npz,faulted,line,156,104,105,99.15254237288136,100.0,-1.0,2
line_157_3505,samples\line_157_3505.npz,faulted,line,157,104,106,98.30508474576273,100.0,0.0,2
line_158_3506,samples\line_158_3506.npz,faulted,line,158,104,107,98.30508474576273,100.0,0.0,2
line_159_3507,samples\line_159_3507.npz,faulted,line,159,105,106,99.15254237288136,100.0,-1.0,2
line_160_3508,samples\line_160_3508.npz,faulted,line,160,107,108,99.15254237288136,100.0,-1.0,2
line_161_3509,samples\line_161_3509.npz,faulted,line,161,102,109,99.15254237288136,100.0,-1.0,2
line_162_3510,samples\line_162_3510.npz,faulted,line,162,108,109,98.30508474576273,100.0,0.0,2
line_163_3511,samples\line_163_3511.npz,faulted,line,163,109,110,98.30508474576273,100.0,0.0,3
line_164_3512,samples\line_164_3512.npz,faulted,line,164,109,111,98.30508474576273,100.0,0.0,3
line_165_3513,samples\line_165_3513.npz,faulted,line,165,16,112,99.15254237288136,100.0,-1.0,2
line_166_3514,samples\line_166_3514.npz,faulted,line,166,31,112,99.15254237288136,100.0,-1.0,2
line_167_3515,samples\line_167_3515.npz,faulted,line,167,31,113,98.30508474576273,100.0,-1.0,2
line_168_3516,samples\line_168_3516.npz,faulted,line,168,26,114,98.30508474576273,100.0,-2.0,2
line_169_3517,samples\line_169_3517.npz,faulted,line,169,113,114,99.15254237288136,100.0,-1.0,2
line_170_3518,samples\line_170_3518.npz,faulted,line,170,11,116,98.30508474576273,100.0,0.0,3
line_171_3519,samples\line_171_3519.npz,faulted,line,171,74,117,98.30508474576273,100.0,0.0,2
line_172_3520,samples\line_172_3520.npz,faulted,line,172,75,117,99.15254237288136,100.0,-1.0,2
trafo_0_3521,samples\trafo_0_3521.npz,faulted,trafo,0,7,4,99.15254237288136,100.0,-1.0,2
trafo_1_3522,samples\trafo_1_3522.npz,faulted,trafo,1,25,24,98.30508474576273,100.0,-1.0,2
trafo_2_3523,samples\trafo_2_3523.npz,faulted,trafo,2,29,16,98.30508474576273,100.0,-1.0,2
trafo_3_3524,samples\trafo_3_3524.npz,faulted,trafo,3,37,36,98.30508474576273,100.0,-1.0,2
trafo_4_3525,samples\trafo_4_3525.npz,faulted,trafo,4,62,58,98.30508474576273,100.0,0.0,2
trafo_5_3526,samples\trafo_5_3526.npz,faulted,trafo,5,63,60,98.30508474576273,100.0,-1.0,2
trafo_6_3527,samples\trafo_6_3527.npz,faulted,trafo,6,64,65,99.15254237288136,100.0,-1.0,2
trafo_7_3528,samples\trafo_7_3528.npz,faulted,trafo,7,64,67,98.30508474576273,100.0,1.0,2
trafo_8_3529,samples\trafo_8_3529.npz,faulted,trafo,8,67,68,99.15254237288136,100.0,-1.0,2
trafo_9_3530,samples\trafo_9_3530.npz,faulted,trafo,9,80,67,99.15254237288136,100.0,-1.0,2
trafo_10_3531,samples\trafo_10_3531.npz,faulted,trafo,10,80,79,99.15254237288136,100.0,0.0,2
trafo_11_3532,samples\trafo_11_3532.npz,faulted,trafo,11,86,85,98.30508474576273,100.0,-1.0,3
trafo_12_3533,samples\trafo_12_3533.npz,faulted,trafo,12,115,67,99.15254237288136,100.0,-1.0,2
line_0_3534,samples\line_0_3534.npz,faulted,line,0,0,1,99.15254237288136,100.0,0.0,1
line_1_3535,samples\line_1_3535.npz,faulted,line,1,0,2,99.15254237288136,100.0,0.0,1
line_2_3536,samples\line_2_3536.npz,faulted,line,2,3,4,99.15254237288136,100.0,0.0,1
line_3_3537,samples\line_3_3537.npz,faulted,line,3,2,4,99.15254237288136,100.0,0.0,1
line_4_3538,samples\line_4_3538.npz,faulted,line,4,4,5,98.30508474576273,100.0,1.0,1
line_5_3539,samples\line_5_3539.npz,faulted,line,5,5,6,99.15254237288136,100.0,0.0,1
line_6_3540,samples\line_6_3540.npz,faulted,line,6,7,8,99.15254237288136,100.0,0.0,2
line_7_3541,samples\line_7_3541.npz,faulted,line,7,8,9,98.30508474576273,100.0,1.0,2
line_8_3542,samples\line_8_3542.npz,faulted,line,8,3,10,99.15254237288136,100.0,0.0,1
line_9_3543,samples\line_9_3543.npz,faulted,line,9,4,10,99.15254237288136,100.0,0.0,1
line_10_3544,samples\line_10_3544.npz,faulted,line,10,10,11,99.15254237288136,100.0,0.0,1
line_11_3545,samples\line_11_3545.npz,faulted,line,11,1,11,99.15254237288136,100.0,0.0,1
line_12_3546,samples\line_12_3546.npz,faulted,line,12,2,11,99.15254237288136,100.0,0.0,1
line_13_3547,samples\line_13_3547.npz,faulted,line,13,6,11,98.30508474576273,100.0,1.0,1
line_14_3548,samples\line_14_3548.npz,faulted,line,14,10,12,98.30508474576273,100.0,0.0,1
line_15_3549,samples\line_15_3549.npz,faulted,line,15,11,13,98.30508474576273,100.0,0.0,1
line_16_3550,samples\line_16_3550.npz,faulted,line,16,12,14,99.15254237288136,100.0,0.0,1
line_17_3551,samples\line_17_3551.npz,faulted,line,17,13,14,99.15254237288136,100.0,0.0,1
line_18_3552,samples\line_18_3552.npz,faulted,line,18,11,15,99.15254237288136,100.0,0.0,1
line_19_3553,samples\line_19_3553.npz,faulted,line,19,14,16,98.30508474576273,100.0,0.0,1
line_20_3554,samples\line_20_3554.npz,faulted,line,20,15,16,99.15254237288136,100.0,0.0,1
line_21_3555,samples\line_21_3555.npz,faulted,line,21,16,17,98.30508474576273,100.0,0.0,1
line_22_3556,samples\line_22_3556.npz,faulted,line,22,17,18,99.15254237288136,100.0,0.0,1
line_23_3557,samples\line_23_3557.npz,faulted,line,23,18,19,99.15254237288136,100.0,0.0,1
line_24_3558,samples\line_24_3558.npz,faulted,line,24,14,18,99.15254237288136,100.0,0.0,1
line_25_3559,samples\line_25_3559.npz,faulted,line,25,19,20,98.30508474576273,100.0,1.0,1
line_26_3560,samples\line_26_3560.npz,faulted,line,26,20,21,99.15254237288136,100.0,0.0,1
line_27_3561,samples\line_27_3561.npz,faulted,line,27,21,22,98.30508474576273,100.0,2.0,1
line_28_3562,samples\line_28_3562.npz,faulted,line,28,22,23,98.30508474576273,100.0,1.0,1
line_29_3563,samples\line_29_3563.npz,faulted,line,29,22,24,99.15254237288136,100.0,2.0,1
line_30_3564,samples\line_30_3564.npz,faulted,line,30,24,26,99.15254237288136,100.0,0.0,1
line_31_3565,samples\line_31_3565.npz,faulted,line,31,26,27,99.15254237288136,100.0,-1.0,1
line_32_3566,samples\line_32_3566.npz,faulted,line,32,27,28,98.30508474576273,100.0,0.0,1
line_33_3567,samples\line_33_3567.npz,faulted,line,33,7,29,99.15254237288136,100.0,0.0,1
line_34_3568,samples\line_34_3568.npz,faulted,line,34,25,29,99.15254237288136,100.0,0.0,1
line_35_3569,samples\line_35_3569.npz,faulted,line,35,16,30,99.15254237288136,100.0,0.0,1
line_36_3570,samples\line_36_3570.npz,faulted,line,36,28,30,99.15254237288136,100.0,0.0,1
line_37_3571,samples\line_37_3571.npz,faulted,line,37,22,31,99.15254237288136,100.0,2.0,1
line_38_3572,samples\line_38_3572.npz,faulted,line,38,30,31,99.15254237288136,100.0,0.0,1
line_39_3573,samples\line_39_3573.npz,faulted,line,39,26,31,99.15254237288136,100.0,0.0,1
line_40_3574,samples\line_40_3574.npz,faulted,line,40,14,32,99.15254237288136,100.0,0.0,1
line_41_3575,samples\line_41_3575.npz,faulted,line,41,18,33,99.15254237288136,100.0,0.0,1
line_42_3576,samples\line_42_3576.npz,faulted,line,42,34,35,99.15254237288136,100.0,0.0,1
line_43_3577,samples\line_43_3577.npz,faulted,line,43,34,36,98.30508474576273,100.0,1.0,1
line_44_3578,samples\line_44_3578.npz,faulted,line,44,32,36,98.30508474576273,100.0,0.0,1
line_45_3579,samples\line_45_3579.npz,faulted,line,45,33,35,98.30508474576273,100.0,1.0,1
line_46_3580,samples\line_46_3580.npz,faulted,line,46,33,36,99.15254237288136,100.0,0.0,1
line_47_3581,samples\line_47_3581.npz,faulted,line,47,36,38,99.15254237288136,100.0,0.0,1
line_48_3582,samples\line_48_3582.npz,faulted,line,48,36,39,99.15254237288136,100.0,0.0,1
line_49_3583,samples\line_49_3583.npz,faulted,line,49,29,37,99.15254237288136,100.0,0.0,1
line_50_3584,samples\line_50_3584.npz,faulted,line,50,38,39,99.15254237288136,100.0,0.0,1
line_51_3585,samples\line_51_3585.npz,faulted,line,51,39,40,98.30508474576273,100.0,0.0,1
line_52_3586,samples\line_52_3586.npz,faulted,line,52,39,41,99.15254237288136,100.0,0.0,1
line_53_3587,samples\line_53_3587.npz,faulted,line,53,40,41,99.15254237288136,100.0,0.0,1
line_54_3588,samples\line_54_3588.npz,faulted,line,54,42,43,99.15254237288136,100.0,0.0,1
line_55_3589,samples\line_55_3589.npz,faulted,line,55,33,42,98.30508474576273,100.0,1.0,1
line_56_3590,samples\line_56_3590.npz,faulted,line,56,43,44,98.30508474576273,100.0,1.0,1
line_57_3591,samples\line_57_3591.npz,faulted,line,57,44,45,98.30508474576273,100.0,1.0,1
line_58_3592,samples\line_58_3592.npz,faulted,line,58,45,46,99.15254237288136,100.0,0.0,1
line_59_3593,samples\line_59_3593.npz,faulted,line,59,45,47,99.15254237288136,100.0,0.0,1
line_60_3594,samples\line_60_3594.npz,faulted,line,60,46,48,98.30508474576273,100.0,1.0,1
line_61_3595,samples\line_61_3595.npz,faulted,line,61,41,48,99.15254237288136,100.0,0.0,1
line_62_3596,samples\line_62_3596.npz,faulted,line,62,41,48,99.15254237288136,100.0,0.0,1
line_63_3597,samples\line_63_3597.npz,faulted,line,63,44,48,99.15254237288136,100.0,1.0,1
line_64_3598,samples\line_64_3598.npz,faulted,line,64,47,48,98.30508474576273,100.0,1.0,1
line_65_3599,samples\line_65_3599.npz,faulted,line,65,48,49,99.15254237288136,100.0,0.0,1
line_66_3600,samples\line_66_3600.npz,faulted,line,66,48,50,99.15254237288136,100.0,0.0,1
line_67_3601,samples\line_67_3601.npz,faulted,line,67,50,51,99.15254237288136,100.0,-1.0,1
line_68_3602,samples\line_68_3602.npz,faulted,line,68,51,52,98.30508474576273,100.0,0.0,1
line_69_3603,samples\line_69_3603.npz,faulted,line,69,52,53,99.15254237288136,100.0,0.0,1
line_70_3604,samples\line_70_3604.npz,faulted,line,70,48,53,99.15254237288136,100.0,0.0,1
line_71_3605,samples\line_71_3605.npz,faulted,line,71,48,53,99.15254237288136,100.0,0.0,1
line_72_3606,samples\line_72_3606.npz,faulted,line,72,53,54,99.15254237288136,100.0,0.0,1
line_73_3607,samples\line_73_3607.npz,faulted,line,73,53,55,99.15254237288136,100.0,0.0,1
line_74_3608,samples\line_74_3608.npz,faulted,line,74,54,55,99.15254237288136,100.0,0.0,1
line_75_3609,samples\line_75_3609.npz,faulted,line,75,55,56,99.15254237288136,100.0,0.0,1
line_76_3610,samples\line_76_3610.npz,faulted,line,76,49,56,98.30508474576273,100.0,0.0,1
line_77_3611,samples\line_77_3611.npz,faulted,line,77,55,57,99.15254237288136,100.0,0.0,1
line_78_3612,samples\line_78_3612.npz,faulted,line,78,50,57,98.30508474576273,100.0,-1.0,1
line_79_3613,samples\line_79_3613.npz,faulted,line,79,53,58,99.15254237288136,100.0,0.0,1
line_80_3614,samples\line_80_3614.npz,faulted,line,80,55,58,99.15254237288136,100.0,0.0,1
line_81_3615,samples\line_81_3615.npz,faulted,line,81,55,58,99.15254237288136,100.0,0.0,1
line_82_3616,samples\line_82_3616.npz,faulted,line,82,54,58,98.30508474576273,100.0,-2.0,1
line_83_3617,samples\line_83_3617.npz,faulted,line,83,58,59,99.15254237288136,100.0,-2.0,1
line_84_3618,samples\line_84_3618.npz,faulted,line,84,58,60,99.15254237288136,100.0,-2.0,1
line_85_3619,samples\line_85_3619.npz,faulted,line,85,59,60,99.15254237288136,100.0,0.0,1
line_86_3620,samples\line_86_3620.npz,faulted,line,86,59,61,99.15254237288136,100.0,0.0,1
line_87_3621,samples\line_87_3621.npz,faulted,line,87,60,61,99.15254237288136,100.0,0.0,1
line_88_3622,samples\line_88_3622.npz,faulted,line,88,62,63,99.15254237288136,100.0,0.0,1
line_89_3623,samples\line_89_3623.npz,faulted,line,89,37,64,99.15254237288136,100.0,0.0,1
line_90_3624,samples\line_90_3624.npz,faulted,line,90,63,64,99.15254237288136,100.0,0.0,1
line_91_3625,samples\line_91_3625.npz,faulted,line,91,48,65,99.15254237288136,100.0,0.0,1
line_92_3626,samples\line_92_3626.npz,faulted,line,92,48,65,99.15254237288136,100.0,0.0,1
line_93_3627,samples\line_93_3627.npz,faulted,line,93,61,65,99.15254237288136,100.0,0.0,1
line_94_3628,samples\line_94_3628.npz,faulted,line,94,61,66,98.30508474576273,100.0,0.0,1
line_95_3629,samples\line_95_3629.npz,faulted,line,95,65,66,99.15254237288136,100.0,0.0,1
line_96_3630,samples\line_96_3630.npz,faulted,line,96,46,68,99.15254237288136,100.0,0.0,1
line_97_3631,samples\line_97_3631.npz,faulted,line,97,48,68,99.15254237288136,100.0,0.0,1
line_98_3632,samples\line_98_3632.npz,faulted,line,98,68,69,99.15254237288136,100.0,0.0,1
line_99_3633,samples\line_99_3633.npz,faulted,line,99,23,69,99.15254237288136,100.0,0.0,1
line_100_3634,samples\line_100_3634.npz,faulted,line,100,69,70,99.15254237288136,100.0,0.0,1
line_101_3635,samples\line_101_3635.npz,faulted,line,101,23,71,99.15254237288136,100.0,0.0,1
line_102_3636,samples\line_102_3636.npz,faulted,line,102,70,71,98.30508474576273,100.0,2.0,1
line_103_3637,samples\line_103_3637.npz,faulted,line,103,70,72,98.30508474576273,100.0,2.0,2
line_104_3638,samples\line_104_3638.npz,faulted,line,104,69,73,99.15254237288136,100.0,0.0,1
line_105_3639,samples\line_105_3639.npz,faulted,line,105,69,74,99.15254237288136,100.0,0.0,1
line_106_3640,samples\line_106_3640.npz,faulted,line,106,68,74,99.15254237288136,100.0,0.0,1
line_107_3641,samples\line_107_3641.npz,faulted,line,107,73,74,98.30508474576273,100.0,1.0,1
line_108_3642,samples\line_108_3642.npz,faulted,line,108,75,76,98.30508474576273,100.0,1.0,1
line_109_3643,samples\line_109_3643.npz,faulted,line,109,68,76,99.15254237288136,100.0,0.0,1
line_110_3644,samples\line_110_3644.npz,faulted,line,110,74,76,99.15254237288136,100.0,1.0,1
line_111_3645,samples\line_111_3645.npz,faulted,line,111,76,77,98.30508474576273,100.0,1.0,1
line_112_3646,samples\line_112_3646.npz,faulted,line,112,77,78,99.15254237288136,100.0,0.0,1
line_113_3647,samples\line_113_3647.npz,faulted,line,113,76,79,99.15254237288136,100.0,0.0,1
line_114_3648,samples\line_114_3648.npz,faulted,line,114,76,79,99.15254237288136,100.0,0.0,1
line_115_3649,samples\line_115_3649.npz,faulted,line,115,78,79,98.30508474576273,100.0,0.0,1
line_116_3650,samples\line_116_3650.npz,faulted,line,116,76,81,98.30508474576273,100.0,1.0,1
line_117_3651,samples\line_117_3651.npz,faulted,line,117,81,82,99.15254237288136,100.0,0.0,1
line_118_3652,samples\line_118_3652.npz,faulted,line,118,82,83,99.15254237288136,100.0,0.0,1
line_119_3653,samples\line_119_3653.npz,faulted,line,119,82,84,98.30508474576273,100.0,1.0,1
line_120_3654,samples\line_120_3654.npz,faulted,line,120,83,84,98.30508474576273,100.0,1.0,1
line_121_3655,samples\line_121_3655.npz,faulted,line,121,84,85,99.15254237288136,100.0,0.0,2
line_122_3656,samples\line_122_3656.npz,faulted,line,122,84,87,99.15254237288136,100.0,0.0,1
line_123_3657,samples\line_123_3657.npz,faulted,line,123,84,88,99.15254237288136,100.0,0.0,1
line_124_3658,samples\line_124_3658.npz,faulted,line,124,87,88,99.15254237288136,100.0,0.0,1
line_125_3659,samples\line_125_3659.npz,faulted,line,125,88,89,99.15254237288136,100.0,0.0,1
line_126_3660,samples\line_126_3660.npz,faulted,line,126,88,89,99.15254237288136,100.0,0.0,1
line_127_3661,samples\line_127_3661.npz,faulted,line,127,89,90,99.15254237288136,100.0,0.0,1
line_128_3662,samples\line_128_3662.npz,faulted,line,128,88,91,99.15254237288136,100.0,0.0,1
line_129_3663,samples\line_129_3663.npz,faulted,line,129,88,91,99.15254237288136,100.0,0.0,1
line_130_3664,samples\line_130_3664.npz,faulted,line,130,90,91,98.30508474576273,100.0,0.0,1
line_131_3665,samples\line_131_3665.npz,faulted,line,131,91,92,99.15254237288136,100.0,0.0,1
line_132_3666,samples\line_132_3666.npz,faulted,line,132,91,93,99.15254237288136,100.0,0.0,1
line_133_3667,samples\line_133_3667.npz,faulted,line,133,92,93,99.15254237288136,100.0,0.0,1
line_134_3668,samples\line_134_3668.npz,faulted,line,134,93,94,98.30508474576273,100.0,0.0,1
line_135_3669,samples\line_135_3669.npz,faulted,line,135,79,95,99.15254237288136,100.0,0.0,1
line_136_3670,samples\line_136_3670.npz,faulted,line,136,81,95,99.15254237288136,100.0,0.0,1
line_137_3671,samples\line_137_3671.npz,faulted,line,137,93,95,99.15254237288136,100.0,0.0,1
line_138_3672,samples\line_138_3672.npz,faulted,line,138,79,96,98.30508474576273,100.0,0.0,1
line_139_3673,samples\line_139_3673.npz,faulted,line,139,79,97,99.15254237288136,100.0,0.0,1
line_140_3674,samples\line_140_3674.npz,faulted,line,140,79,98,99.15254237288136,100.0,0.0,1
line_141_3675,samples\line_141_3675.npz,faulted,line,141,91,99,99.15254237288136,100.0,1.0,1
line_142_3676,samples\line_142_3676.npz,faulted,line,142,93,99,99.15254237288136,100.0,1.0,1
line_143_3677,samples\line_143_3677.npz,faulted,line,143,94,95,99.15254237288136,100.0,0.0,1
line_144_3678,samples\line_144_3678.npz,faulted,line,144,95,96,99.15254237288136,100.0,0.0,1
line_145_3679,samples\line_145_3679.npz,faulted,line,145,97,99,99.15254237288136,100.0,1.0,1
line_146_3680,samples\line_146_3680.npz,faulted,line,146,98,99,99.15254237288136,100.0,1.0,1
line_147_3681,samples\line_147_3681.npz,faulted,line,147,99,100,98.30508474576273,100.0,1.0,1
line_148_3682,samples\line_148_3682.npz,faulted,line,148,91,101,98.30508474576273,100.0,0.0,1
line_149_3683,samples\line_149_3683.npz,faulted,line,149,100,101,99.15254237288136,100.0,0.0,1
line_150_3684,samples\line_150_3684.npz,faulted,line,150,99,102,99.15254237288136,100.0,1.0,1
line_151_3685,samples\line_151_3685.npz,faulted,line,151,99,103,99.15254237288136,100.0,1.0,1
line_152_3686,samples\line_152_3686.npz,faulted,line,152,102,103,99.15254237288136,100.0,0.0,1
line_153_3687,samples\line_153_3687.npz,faulted,line,153,102,104,99.15254237288136,100.0,0.0,1
line_154_3688,samples\line_154_3688.npz,faulted,line,154,99,105,99.15254237288136,100.0,1.0,1
line_155_3689,samples\line_155_3689.npz,faulted,line,155,103,104,99.15254237288136,100.0,0.0,1
line_156_3690,samples\line_156_3690.npz,faulted,line,156,104,105,99.15254237288136,100.0,0.0,1
line_157_3691,samples\line_157_3691.npz,faulted,line,157,104,106,98.30508474576273,100.0,1.0,1
line_158_3692,samples\line_158_3692.npz,faulted,line,158,104,107,98.30508474576273,100.0,1.0,1
line_159_3693,samples\line_159_3693.npz,faulted,line,159,105,106,99.15254237288136,100.0,0.0,1
line_160_3694,samples\line_160_3694.npz,faulted,line,160,107,108,99.15254237288136,100.0,0.0,1
line_161_3695,samples\line_161_3695.npz,faulted,line,161,102,109,99.15254237288136,100.0,0.0,1
line_162_3696,samples\line_162_3696.npz,faulted,line,162,108,109,98.30508474576273,100.0,1.0,1
line_163_3697,samples\line_163_3697.npz,faulted,line,163,109,110,98.30508474576273,100.0,1.0,2
line_164_3698,samples\line_164_3698.npz,faulted,line,164,109,111,98.30508474576273,100.0,1.0,2
line_165_3699,samples\line_165_3699.npz,faulted,line,165,16,112,99.15254237288136,100.0,0.0,1
line_166_3700,samples\line_166_3700.npz,faulted,line,166,31,112,99.15254237288136,100.0,0.0,1
line_167_3701,samples\line_167_3701.npz,faulted,line,167,31,113,98.30508474576273,100.0,0.0,1
line_168_3702,samples\line_168_3702.npz,faulted,line,168,26,114,98.30508474576273,100.0,-1.0,1
line_169_3703,samples\line_169_3703.npz,faulted,line,169,113,114,99.15254237288136,100.0,0.0,1
line_170_3704,samples\line_170_3704.npz,faulted,line,170,11,116,98.30508474576273,100.0,1.0,2
line_171_3705,samples\line_171_3705.npz,faulted,line,171,74,117,98.30508474576273,100.0,1.0,1
line_172_3706,samples\line_172_3706.npz,faulted,line,172,75,117,99.15254237288136,100.0,0.0,1
trafo_0_3707,samples\trafo_0_3707.npz,faulted,trafo,0,7,4,99.15254237288136,100.0,0.0,1
trafo_1_3708,samples\trafo_1_3708.npz,faulted,trafo,1,25,24,98.30508474576273,100.0,0.0,1
trafo_2_3709,samples\trafo_2_3709.npz,faulted,trafo,2,29,16,98.30508474576273,100.0,0.0,1
trafo_3_3710,samples\trafo_3_3710.npz,faulted,trafo,3,37,36,98.30508474576273,100.0,0.0,1
trafo_4_3711,samples\trafo_4_3711.npz,faulted,trafo,4,62,58,98.30508474576273,100.0,-2.0,1
trafo_5_3712,samples\trafo_5_3712.npz,faulted,trafo,5,63,60,99.15254237288136,100.0,0.0,1
trafo_6_3713,samples\trafo_6_3713.npz,faulted,trafo,6,64,65,99.15254237288136,100.0,0.0,1
trafo_7_3714,samples\trafo_7_3714.npz,faulted,trafo,7,64,67,98.30508474576273,100.0,0.0,1
trafo_8_3715,samples\trafo_8_3715.npz,faulted,trafo,8,67,68,99.15254237288136,100.0,0.0,1
trafo_9_3716,samples\trafo_9_3716.npz,faulted,trafo,9,80,67,99.15254237288136,100.0,0.0,1
trafo_10_3717,samples\trafo_10_3717.npz,faulted,trafo,10,80,79,99.15254237288136,100.0,0.0,1
trafo_11_3718,samples\trafo_11_3718.npz,faulted,trafo,11,86,85,98.30508474576273,100.0,0.0,2
trafo_12_3719,samples\trafo_12_3719.npz,faulted,trafo,12,115,67,98.30508474576273,100.0,0.0,2
line_0_3720,samples\line_0_3720.npz,faulted,line,0,0,1,98.30508474576273,100.0,2.0,1
line_1_3721,samples\line_1_3721.npz,faulted,line,1,0,2,98.30508474576273,100.0,2.0,1
line_2_3722,samples\line_2_3722.npz,faulted,line,2,3,4,98.30508474576273,100.0,3.0,1
line_3_3723,samples\line_3_3723.npz,faulted,line,3,2,4,98.30508474576273,100.0,2.0,1
line_4_3724,samples\line_4_3724.npz,faulted,line,4,4,5,97.45762711864408,100.0,3.0,1
line_5_3725,samples\line_5_3725.npz,faulted,line,5,5,6,98.30508474576273,100.0,2.0,1
line_6_3726,samples\line_6_3726.npz,faulted,line,6,7,8,98.30508474576273,100.0,1.0,2
line_7_3727,samples\line_7_3727.npz,faulted,line,7,8,9,97.45762711864408,100.0,2.0,2
line_8_3728,samples\line_8_3728.npz,faulted,line,8,3,10,98.30508474576273,100.0,2.0,1
line_9_3729,samples\line_9_3729.npz,faulted,line,9,4,10,98.30508474576273,100.0,2.0,1
line_10_3730,samples\line_10_3730.npz,faulted,line,10,10,11,98.30508474576273,100.0,2.0,1
line_11_3731,samples\line_11_3731.npz,faulted,line,11,1,11,98.30508474576273,100.0,2.0,1
line_12_3732,samples\line_12_3732.npz,faulted,line,12,2,11,98.30508474576273,100.0,2.0,1
line_13_3733,samples\line_13_3733.npz,faulted,line,13,6,11,97.45762711864408,100.0,3.0,1
line_14_3734,samples\line_14_3734.npz,faulted,line,14,10,12,97.45762711864408,100.0,2.0,1
line_15_3735,samples\line_15_3735.npz,faulted,line,15,11,13,97.45762711864408,100.0,2.0,1
line_16_3736,samples\line_16_3736.npz,faulted,line,16,12,14,98.30508474576273,100.0,3.0,1
line_17_3737,samples\line_17_3737.npz,faulted,line,17,13,14,98.30508474576273,100.0,2.0,1
line_18_3738,samples\line_18_3738.npz,faulted,line,18,11,15,98.30508474576273,100.0,1.0,1
line_19_3739,samples\line_19_3739.npz,faulted,line,19,14,16,97.45762711864408,100.0,2.0,1
line_20_3740,samples\line_20_3740.npz,faulted,line,20,15,16,98.30508474576273,100.0,2.0,1
line_21_3741,samples\line_21_3741.npz,faulted,line,21,16,17,97.45762711864408,100.0,2.0,1
line_22_3742,samples\line_22_3742.npz,faulted,line,22,17,18,98.30508474576273,100.0,2.0,1
line_23_3743,samples\line_23_3743.npz,faulted,line,23,18,19,98.30508474576273,100.0,2.0,1
line_24_3744,samples\line_24_3744.npz,faulted,line,24,14,18,98.30508474576273,100.0,2.0,1
line_25_3745,samples\line_25_3745.npz,faulted,line,25,19,20,97.45762711864408,100.0,3.0,2
line_26_3746,samples\line_26_3746.npz,faulted,line,26,20,21,98.30508474576273,100.0,2.0,2
line_27_3747,samples\line_27_3747.npz,faulted,line,27,21,22,97.45762711864408,100.0,2.0,2
line_28_3748,samples\line_28_3748.npz,faulted,line,28,22,23,97.45762711864408,100.0,2.0,1
line_29_3749,samples\line_29_3749.npz,faulted,line,29,22,24,98.30508474576273,100.0,2.0,2
line_30_3750,samples\line_30_3750.npz,faulted,line,30,24,26,98.30508474576273,100.0,2.0,1
line_31_3751,samples\line_31_3751.npz,faulted,line,31,26,27,98.30508474576273,100.0,2.0,1
line_32_3752,samples\line_32_3752.npz,faulted,line,32,27,28,97.45762711864408,100.0,2.0,1
line_33_3753,samples\line_33_3753.npz,faulted,line,33,7,29,98.30508474576273,100.0,1.0,1
line_34_3754,samples\line_34_3754.npz,faulted,line,34,25,29,98.30508474576273,100.0,2.0,2
line_35_3755,samples\line_35_3755.npz,faulted,line,35,16,30,98.30508474576273,100.0,2.0,1
line_36_3756,samples\line_36_3756.npz,faulted,line,36,28,30,98.30508474576273,100.0,2.0,1
line_37_3757,samples\line_37_3757.npz,faulted,line,37,22,31,98.30508474576273,100.0,1.0,1
line_38_3758,samples\line_38_3758.npz,faulted,line,38,30,31,98.30508474576273,100.0,1.0,1
line_39_3759,samples\line_39_3759.npz,faulted,line,39,26,31,98.30508474576273,100.0,1.0,1
line_40_3760,samples\line_40_3760.npz,faulted,line,40,14,32,98.30508474576273,100.0,2.0,1
line_41_3761,samples\line_41_3761.npz,faulted,line,41,18,33,97.45762711864408,100.0,2.0,1
line_42_3762,samples\line_42_3762.npz,faulted,line,42,34,35,98.30508474576273,100.0,2.0,1
line_43_3763,samples\line_43_3763.npz,faulted,line,43,34,36,97.45762711864408,100.0,3.0,1
line_44_3764,samples\line_44_3764.npz,faulted,line,44,32,36,97.45762711864408,100.0,2.0,1
line_45_3765,samples\line_45_3765.npz,faulted,line,45,33,35,97.45762711864408,100.0,3.0,1
line_46_3766,samples\line_46_3766.npz,faulted,line,46,33,36,98.30508474576273,100.0,2.0,1
line_47_3767,samples\line_47_3767.npz,faulted,line,47,36,38,98.30508474576273,100.0,2.0,1
line_48_3768,samples\line_48_3768.npz,faulted,line,48,36,39,98.30508474576273,100.0,2.0,1
line_49_3769,samples\line_49_3769.npz,faulted,line,49,29,37,98.30508474576273,100.0,2.0,1
line_50_3770,samples\line_50_3770.npz,faulted,line,50,38,39,98.30508474576273,100.0,2.0,1
line_51_3771,samples\line_51_3771.npz,faulted,line,51,39,40,97.45762711864408,100.0,2.0,1
line_52_3772,samples\line_52_3772.npz,faulted,line,52,39,41,98.30508474576273,100.0,2.0,1
line_53_3773,samples\line_53_3773.npz,faulted,line,53,40,41,98.30508474576273,100.0,2.0,1
line_54_3774,samples\line_54_3774.npz,faulted,line,54,42,43,98.30508474576273,100.0,2.0,1
line_55_3775,samples\line_55_3775.npz,faulted,line,55,33,42,97.45762711864408,100.0,3.0,1
line_56_3776,samples\line_56_3776.npz,faulted,line,56,43,44,97.45762711864408,100.0,3.0,1
line_57_3777,samples\line_57_3777.npz,faulted,line,57,44,45,97.45762711864408,100.0,3.0,1
line_58_3778,samples\line_58_3778.npz,faulted,line,58,45,46,98.30508474576273,100.0,2.0,1
line_59_3779,samples\line_59_3779.npz,faulted,line,59,45,47,98.30508474576273,100.0,2.0,1
line_60_3780,samples\line_60_3780.npz,faulted,line,60,46,48,97.45762711864408,100.0,3.0,1
line_61_3781,samples\line_61_3781.npz,faulted,line,61,41,48,98.30508474576273,100.0,2.0,1
line_62_3782,samples\line_62_3782.npz,faulted,line,62,41,48,98.30508474576273,100.0,2.0,1
line_63_3783,samples\line_63_3783.npz,faulted,line,63,44,48,98.30508474576273,100.0,3.0,1
line_64_3784,samples\line_64_3784.npz,faulted,line,64,47,48,97.45762711864408,100.0,3.0,1
line_65_3785,samples\line_65_3785.npz,faulted,line,65,48,49,98.30508474576273,100.0,2.0,1
line_66_3786,samples\line_66_3786.npz,faulted,line,66,48,50,98.30508474576273,100.0,2.0,1
line_67_3787,samples\line_67_3787.npz,faulted,line,67,50,51,98.30508474576273,100.0,1.0,1
line_68_3788,samples\line_68_3788.npz,faulted,line,68,51,52,97.45762711864408,100.0,2.0,1
line_69_3789,samples\line_69_3789.npz,faulted,line,69,52,53,98.30508474576273,100.0,2.0,1
line_70_3790,samples\line_70_3790.npz,faulted,line,70,48,53,98.30508474576273,100.0,2.0,1
line_71_3791,samples\line_71_3791.npz,faulted,line,71,48,53,98.30508474576273,100.0,2.0,1
line_72_3792,samples\line_72_3792.npz,faulted,line,72,53,54,98.30508474576273,100.0,2.0,1
line_73_3793,samples\line_73_3793.npz,faulted,line,73,53,55,98.30508474576273,100.0,2.0,1
line_74_3794,samples\line_74_3794.npz,faulted,line,74,54,55,98.30508474576273,100.0,2.0,1
line_75_3795,samples\line_75_3795.npz,faulted,line,75,55,56,98.30508474576273,100.0,2.0,1
line_76_3796,samples\line_76_3796.npz,faulted,line,76,49,56,97.45762711864408,100.0,2.0,1
line_77_3797,samples\line_77_3797.npz,faulted,line,77,55,57,98.30508474576273,100.0,2.0,1
line_78_3798,samples\line_78_3798.npz,faulted,line,78,50,57,97.45762711864408,100.0,1.0,1
line_79_3799,samples\line_79_3799.npz,faulted,line,79,53,58,98.30508474576273,100.0,2.0,1
line_80_3800,samples\line_80_3800.npz,faulted,line,80,55,58,98.30508474576273,100.0,2.0,1
line_81_3801,samples\line_81_3801.npz,faulted,line,81,55,58,98.30508474576273,100.0,2.0,1
line_82_3802,samples\line_82_3802.npz,faulted,line,82,54,58,97.45762711864408,100.0,1.0,1
line_83_3803,samples\line_83_3803.npz,faulted,line,83,58,59,98.30508474576273,100.0,1.0,1
line_84_3804,samples\line_84_3804.npz,faulted,line,84,58,60,98.30508474576273,100.0,1.0,1
line_85_3805,samples\line_85_3805.npz,faulted,line,85,59,60,98.30508474576273,100.0,2.0,1
line_86_3806,samples\line_86_3806.npz,faulted,line,86,59,61,98.30508474576273,100.0,2.0,1
line_87_3807,samples\line_87_3807.npz,faulted,line,87,60,61,98.30508474576273,100.0,2.0,1
line_88_3808,samples\line_88_3808.npz,faulted,line,88,62,63,98.30508474576273,100.0,2.0,1
line_89_3809,samples\line_89_3809.npz,faulted,line,89,37,64,98.30508474576273,100.0,2.0,1
line_90_3810,samples\line_90_3810.npz,faulted,line,90,63,64,98.30508474576273,100.0,2.0,1
line_91_3811,samples\line_91_3811.npz,faulted,line,91,48,65,98.30508474576273,100.0,2.0,1
line_92_3812,samples\line_92_3812.npz,faulted,line,92,48,65,98.30508474576273,100.0,2.0,1
line_93_3813,samples\line_93_3813.npz,faulted,line,93,61,65,98.30508474576273,100.0,2.0,1
line_94_3814,samples\line_94_3814.npz,faulted,line,94,61,66,97.45762711864408,100.0,2.0,1
line_95_3815,samples\line_95_3815.npz,faulted,line,95,65,66,98.30508474576273,100.0,2.0,1
line_96_3816,samples\line_96_3816.npz,faulted,line,96,46,68,98.30508474576273,100.0,2.0,1
line_97_3817,samples\line_97_3817.npz,faulted,line,97,48,68,98.30508474576273,100.0,2.0,1
line_98_3818,samples\line_98_3818.npz,faulted,line,98,68,69,98.30508474576273,100.0,2.0,1
line_99_3819,samples\line_99_3819.npz,faulted,line,99,23,69,98.30508474576273,100.0,1.0,1
line_100_3820,samples\line_100_3820.npz,faulted,line,100,69,70,98.30508474576273,100.0,2.0,2
line_101_3821,samples\line_101_3821.npz,faulted,line,101,23,71,98.30508474576273,100.0,2.0,1
line_102_3822,samples\line_102_3822.npz,faulted,line,102,70,71,97.45762711864408,100.0,3.0,2
line_103_3823,samples\line_103_3823.npz,faulted,line,103,70,72,97.45762711864408,100.0,3.0,2
line_104_3824,samples\line_104_3824.npz,faulted,line,104,69,73,98.30508474576273,100.0,1.0,1
line_105_3825,samples\line_105_3825.npz,faulted,line,105,69,74,98.30508474576273,100.0,2.0,1
line_106_3826,samples\line_106_3826.npz,faulted,line,106,68,74,98.30508474576273,100.0,2.0,1
line_107_3827,samples\line_107_3827.npz,faulted,line,107,73,74,97.45762711864408,100.0,2.0,1
line_108_3828,samples\line_108_3828.npz,faulted,line,108,75,76,97.45762711864408,100.0,2.0,1
line_109_3829,samples\line_109_3829.npz,faulted,line,109,68,76,98.30508474576273,100.0,2.0,1
line_110_3830,samples\line_110_3830.npz,faulted,line,110,74,76,98.30508474576273,100.0,2.0,1
line_111_3831,samples\line_111_3831.npz,faulted,line,111,76,77,97.45762711864408,100.0,2.0,1
line_112_3832,samples\line_112_3832.npz,faulted,line,112,77,78,98.30508474576273,100.0,2.0,1
line_113_3833,samples\line_113_3833.npz,faulted,line,113,76,79,98.30508474576273,100.0,2.0,1
line_114_3834,samples\line_114_3834.npz,faulted,line,114,76,79,98.30508474576273,100.0,2.0,1
line_115_3835,samples\line_115_3835.npz,faulted,line,115,78,79,97.45762711864408,100.0,2.0,1
line_116_3836,samples\line_116_3836.npz,faulted,line,116,76,81,97.45762711864408,100.0,2.0,1
line_117_3837,samples\line_117_3837.npz,faulted,line,117,81,82,98.30508474576273,100.0,2.0,1
line_118_3838,samples\line_118_3838.npz,faulted,line,118,82,83,98.30508474576273,100.0,2.0,1
line_119_3839,samples\line_119_3839.npz,faulted,line,119,82,84,97.45762711864408,100.0,3.0,1
line_120_3840,samples\line_120_3840.npz,faulted,line,120,83,84,97.45762711864408,100.0,3.0,1
line_121_3841,samples\line_121_3841.npz,faulted,line,121,84,85,98.30508474576273,100.0,2.0,2
line_122_3842,samples\line_122_3842.npz,faulted,line,122,84,87,98.30508474576273,100.0,2.0,1
line_123_3843,samples\line_123_3843.npz,faulted,line,123,84,88,98.30508474576273,100.0,2.0,1
line_124_3844,samples\line_124_3844.npz,faulted,line,124,87,88,98.30508474576273,100.0,2.0,1
line_125_3845,samples\line_125_3845.npz,faulted,line,125,88,89,98.30508474576273,100.0,2.0,1
line_126_3846,samples\line_126_3846.npz,faulted,line,126,88,89,98.30508474576273,100.0,2.0,1
line_127_3847,samples\line_127_3847.npz,faulted,line,127,89,90,98.30508474576273,100.0,2.0,1
line_128_3848,samples\line_128_3848.npz,faulted,line,128,88,91,98.30508474576273,100.0,2.0,1
line_129_3849,samples\line_129_3849.npz,faulted,line,129,88,91,98.30508474576273,100.0,2.0,1
line_130_3850,samples\line_130_3850.npz,faulted,line,130,90,91,97.45762711864408,100.0,2.0,1
line_131_3851,samples\line_131_3851.npz,faulted,line,131,91,92,98.30508474576273,100.0,2.0,1
line_132_3852,samples\line_132_3852.npz,faulted,line,132,91,93,98.30508474576273,100.0,2.0,1
line_133_3853,samples\line_133_3853.npz,faulted,line,133,92,93,98.30508474576273,100.0,2.0,1
line_134_3854,samples\line_134_3854.npz,faulted,line,134,93,94,97.45762711864408,100.0,2.0,1
line_135_3855,samples\line_135_3855.npz,faulted,line,135,79,95,98.30508474576273,100.0,2.0,1
line_136_3856,samples\line_136_3856.npz,faulted,line,136,81,95,98.30508474576273,100.0,2.0,1
line_137_3857,samples\line_137_3857.npz,faulted,line,137,93,95,98.30508474576273,100.0,2.0,1
line_138_3858,samples\line_138_3858.npz,faulted,line,138,79,96,97.45762711864408,100.0,2.0,1
line_139_3859,samples\line_139_3859.npz,faulted,line,139,79,97,98.30508474576273,100.0,2.0,1
line_140_3860,samples\line_140_3860.npz,faulted,line,140,79,98,98.30508474576273,100.0,2.0,1
line_141_3861,samples\line_141_3861.npz,faulted,line,141,91,99,98.30508474576273,100.0,2.0,1
line_142_3862,samples\line_142_3862.npz,faulted,line,142,93,99,98.30508474576273,100.0,2.0,1
line_143_3863,samples\line_143_3863.npz,faulted,line,143,94,95,98.30508474576273,100.0,2.0,1
line_144_3864,samples\line_144_3864.npz,faulted,line,144,95,96,98.30508474576273,100.0,2.0,1
line_145_3865,samples\line_145_3865.npz,faulted,line,145,97,99,98.30508474576273,100.0,2.0,1
line_146_3866,samples\line_146_3866.npz,faulted,line,146,98,99,98.30508474576273,100.0,2.0,1
line_147_3867,samples\line_147_3867.npz,faulted,line,147,99,100,97.45762711864408,100.0,3.0,1
line_148_3868,samples\line_148_3868.npz,faulted,line,148,91,101,97.45762711864408,100.0,2.0,1
line_149_3869,samples\line_149_3869.npz,faulted,line,149,100,101,98.30508474576273,100.0,2.0,1
line_150_3870,samples\line_150_3870.npz,faulted,line,150,99,102,98.30508474576273,100.0,2.0,1
line_151_3871,samples\line_151_3871.npz,faulted,line,151,99,103,98.30508474576273,100.0,2.0,1
line_152_3872,samples\line_152_3872.npz,faulted,line,152,102,103,98.30508474576273,100.0,2.0,1
line_153_3873,samples\line_153_3873.npz,faulted,line,153,102,104,98.30508474576273,100.0,2.0,1
line_154_3874,samples\line_154_3874.npz,faulted,line,154,99,105,98.30508474576273,100.0,2.0,1
line_155_3875,samples\line_155_3875.npz,faulted,line,155,103,104,98.30508474576273,100.0,2.0,1
line_156_3876,samples\line_156_3876.npz,faulted,line,156,104,105,98.30508474576273,100.0,2.0,1
line_157_3877,samples\line_157_3877.npz,faulted,line,157,104,106,97.45762711864408,100.0,3.0,1
line_158_3878,samples\line_158_3878.npz,faulted,line,158,104,107,97.45762711864408,100.0,3.0,1
line_159_3879,samples\line_159_3879.npz,faulted,line,159,105,106,98.30508474576273,100.0,2.0,1
line_160_3880,samples\line_160_3880.npz,faulted,line,160,107,108,98.30508474576273,100.0,2.0,1
line_161_3881,samples\line_161_3881.npz,faulted,line,161,102,109,98.30508474576273,100.0,2.0,1
line_162_3882,samples\line_162_3882.npz,faulted,line,162,108,109,97.45762711864408,100.0,3.0,1
line_163_3883,samples\line_163_3883.npz,faulted,line,163,109,110,97.45762711864408,100.0,3.0,2
line_164_3884,samples\line_164_3884.npz,faulted,line,164,109,111,97.45762711864408,100.0,3.0,2
line_165_3885,samples\line_165_3885.npz,faulted,line,165,16,112,98.30508474576273,100.0,2.0,1
line_166_3886,samples\line_166_3886.npz,faulted,line,166,31,112,98.30508474576273,100.0,1.0,1
line_167_3887,samples\line_167_3887.npz,faulted,line,167,31,113,97.45762711864408,100.0,1.0,1
line_168_3888,samples\line_168_3888.npz,faulted,line,168,26,114,97.45762711864408,100.0,2.0,1
line_169_3889,samples\line_169_3889.npz,faulted,line,169,113,114,98.30508474576273,100.0,2.0,1
line_170_3890,samples\line_170_3890.npz,faulted,line,170,11,116,97.45762711864408,100.0,3.0,2
line_171_3891,samples\line_171_3891.npz,faulted,line,171,74,117,97.45762711864408,100.0,2.0,1
line_172_3892,samples\line_172_3892.npz,faulted,line,172,75,117,98.30508474576273,100.0,2.0,1
trafo_0_3893,samples\trafo_0_3893.npz,faulted,trafo,0,7,4,98.30508474576273,100.0,2.0,1
trafo_1_3894,samples\trafo_1_3894.npz,faulted,trafo,1,25,24,98.30508474576273,100.0,2.0,1
trafo_2_3895,samples\trafo_2_3895.npz,faulted,trafo,2,29,16,98.30508474576273,100.0,2.0,1
trafo_3_3896,samples\trafo_3_3896.npz,faulted,trafo,3,37,36,97.45762711864408,100.0,2.0,1
trafo_4_3897,samples\trafo_4_3897.npz,faulted,trafo,4,62,58,97.45762711864408,100.0,1.0,1
trafo_5_3898,samples\trafo_5_3898.npz,faulted,trafo,5,63,60,97.45762711864408,100.0,2.0,1
trafo_6_3899,samples\trafo_6_3899.npz,faulted,trafo,6,64,65,98.30508474576273,100.0,2.0,1
trafo_7_3900,samples\trafo_7_3900.npz,faulted,trafo,7,64,67,97.45762711864408,100.0,2.0,1
trafo_8_3901,samples\trafo_8_3901.npz,faulted,trafo,8,67,68,98.30508474576273,100.0,2.0,1
trafo_9_3902,samples\trafo_9_3902.npz,faulted,trafo,9,80,67,97.45762711864408,100.0,3.0,2
trafo_10_3903,samples\trafo_10_3903.npz,faulted,trafo,10,80,79,98.30508474576273,100.0,2.0,1
trafo_11_3904,samples\trafo_11_3904.npz,faulted,trafo,11,86,85,97.45762711864408,100.0,2.0,2
trafo_12_3905,samples\trafo_12_3905.npz,faulted,trafo,12,115,67,97.45762711864408,100.0,3.0,2
line_0_3906,samples\line_0_3906.npz,faulted,line,0,0,1,100.0,100.0,0.0,1
line_1_3907,samples\line_1_3907.npz,faulted,line,1,0,2,100.0,100.0,0.0,1
line_2_3908,samples\line_2_3908.npz,faulted,line,2,3,4,100.0,100.0,0.0,1
line_3_3909,samples\line_3_3909.npz,faulted,line,3,2,4,100.0,100.0,0.0,1
line_4_3910,samples\line_4_3910.npz,faulted,line,4,4,5,99.15254237288136,100.0,0.0,1
line_5_3911,samples\line_5_3911.npz,faulted,line,5,5,6,100.0,100.0,0.0,1
line_6_3912,samples\line_6_3912.npz,faulted,line,6,7,8,99.15254237288136,100.0,0.0,2
line_7_3913,samples\line_7_3913.npz,faulted,line,7,8,9,99.15254237288136,100.0,1.0,2
line_8_3914,samples\line_8_3914.npz,faulted,line,8,3,10,100.0,100.0,0.0,1
line_9_3915,samples\line_9_3915.npz,faulted,line,9,4,10,100.0,100.0,0.0,1
line_10_3916,samples\line_10_3916.npz,faulted,line,10,10,11,100.0,100.0,0.0,1
line_11_3917,samples\line_11_3917.npz,faulted,line,11,1,11,100.0,100.0,0.0,1
line_12_3918,samples\line_12_3918.npz,faulted,line,12,2,11,100.0,100.0,0.0,1
line_13_3919,samples\line_13_3919.npz,faulted,line,13,6,11,99.15254237288136,100.0,1.0,1
line_14_3920,samples\line_14_3920.npz,faulted,line,14,10,12,99.15254237288136,100.0,0.0,1
line_15_3921,samples\line_15_3921.npz,faulted,line,15,11,13,99.15254237288136,100.0,0.0,1
line_16_3922,samples\line_16_3922.npz,faulted,line,16,12,14,100.0,100.0,0.0,1
line_17_3923,samples\line_17_3923.npz,faulted,line,17,13,14,100.0,100.0,0.0,1
line_18_3924,samples\line_18_3924.npz,faulted,line,18,11,15,100.0,100.0,0.0,1
line_19_3925,samples\line_19_3925.npz,faulted,line,19,14,16,99.15254237288136,100.0,0.0,1
line_20_3926,samples\line_20_3926.npz,faulted,line,20,15,16,100.0,100.0,0.0,1
line_21_3927,samples\line_21_3927.npz,faulted,line,21,16,17,99.15254237288136,100.0,1.0,1
line_22_3928,samples\line_22_3928.npz,faulted,line,22,17,18,100.0,100.0,0.0,1
line_23_3929,samples\line_23_3929.npz,faulted,line,23,18,19,100.0,100.0,0.0,1
line_24_3930,samples\line_24_3930.npz,faulted,line,24,14,18,100.0,100.0,0.0,1
line_25_3931,samples\line_25_3931.npz,faulted,line,25,19,20,99.15254237288136,100.0,1.0,1
line_26_3932,samples\line_26_3932.npz,faulted,line,26,20,21,100.0,100.0,0.0,1
line_27_3933,samples\line_27_3933.npz,faulted,line,27,21,22,99.15254237288136,100.0,2.0,1
line_28_3934,samples\line_28_3934.npz,faulted,line,28,22,23,99.15254237288136,100.0,1.0,1
line_29_3935,samples\line_29_3935.npz,faulted,line,29,22,24,100.0,100.0,2.0,1
line_30_3936,samples\line_30_3936.npz,faulted,line,30,24,26,100.0,100.0,0.0,1
line_31_3937,samples\line_31_3937.npz,faulted,line,31,26,27,100.0,100.0,-1.0,1
line_32_3938,samples\line_32_3938.npz,faulted,line,32,27,28,99.15254237288136,100.0,0.0,1
line_33_3939,samples\line_33_3939.npz,faulted,line,33,7,29,100.0,100.0,0.0,2
line_34_3940,samples\line_34_3940.npz,faulted,line,34,25,29,100.0,100.0,0.0,1
line_35_3941,samples\line_35_3941.npz,faulted,line,35,16,30,100.0,100.0,1.0,1
line_36_3942,samples\line_36_3942.npz,faulted,line,36,28,30,100.0,100.0,0.0,1
line_37_3943,samples\line_37_3943.npz,faulted,line,37,22,31,100.0,100.0,2.0,1
line_38_3944,samples\line_38_3944.npz,faulted,line,38,30,31,100.0,100.0,0.0,1
line_39_3945,samples\line_39_3945.npz,faulted,line,39,26,31,100.0,100.0,0.0,1
line_40_3946,samples\line_40_3946.npz,faulted,line,40,14,32,100.0,100.0,0.0,1
line_41_3947,samples\line_41_3947.npz,faulted,line,41,18,33,100.0,100.0,0.0,1
line_42_3948,samples\line_42_3948.npz,faulted,line,42,34,35,100.0,100.0,0.0,1
line_43_3949,samples\line_43_3949.npz,faulted,line,43,34,36,99.15254237288136,100.0,1.0,1
line_44_3950,samples\line_44_3950.npz,faulted,line,44,32,36,99.15254237288136,100.0,0.0,1
line_45_3951,samples\line_45_3951.npz,faulted,line,45,33,35,99.15254237288136,100.0,1.0,1
line_46_3952,samples\line_46_3952.npz,faulted,line,46,33,36,100.0,100.0,0.0,1
line_47_3953,samples\line_47_3953.npz,faulted,line,47,36,38,100.0,100.0,0.0,1
line_48_3954,samples\line_48_3954.npz,faulted,line,48,36,39,100.0,100.0,0.0,1
line_49_3955,samples\line_49_3955.npz,faulted,line,49,29,37,100.0,100.0,0.0,1
line_50_3956,samples\line_50_3956.npz,faulted,line,50,38,39,100.0,100.0,0.0,1
line_51_3957,samples\line_51_3957.npz,faulted,line,51,39,40,99.15254237288136,100.0,0.0,1
line_52_3958,samples\line_52_3958.npz,faulted,line,52,39,41,100.0,100.0,0.0,1
line_53_3959,samples\line_53_3959.npz,faulted,line,53,40,41,100.0,100.0,0.0,1
line_54_3960,samples\line_54_3960.npz,faulted,line,54,42,43,100.0,100.0,0.0,1
line_55_3961,samples\line_55_3961.npz,faulted,line,55,33,42,99.15254237288136,100.0,1.0,1
line_56_3962,samples\line_56_3962.npz,faulted,line,56,43,44,99.15254237288136,100.0,1.0,1
line_57_3963,samples\line_57_3963.npz,faulted,line,57,44,45,99.15254237288136,100.0,1.0,1
line_58_3964,samples\line_58_3964.npz,faulted,line,58,45,46,100.0,100.0,0.0,1
line_59_3965,samples\line_59_3965.npz,faulted,line,59,45,47,100.0,100.0,0.0,1
line_60_3966,samples\line_60_3966.npz,faulted,line,60,46,48,99.15254237288136,100.0,1.0,1
line_61_3967,samples\line_61_3967.npz,faulted,line,61,41,48,100.0,100.0,0.0,1
line_62_3968,samples\line_62_3968.npz,faulted,line,62,41,48,100.0,100.0,0.0,1
line_63_3969,samples\line_63_3969.npz,faulted,line,63,44,48,100.0,100.0,1.0,1
line_64_3970,samples\line_64_3970.npz,faulted,line,64,47,48,99.15254237288136,100.0,1.0,1
line_65_3971,samples\line_65_3971.npz,faulted,line,65,48,49,100.0,100.0,0.0,1
line_66_3972,samples\line_66_3972.npz,faulted,line,66,48,50,100.0,100.0,0.0,1
line_67_3973,samples\line_67_3973.npz,faulted,line,67,50,51,100.0,100.0,-1.0,1
line_68_3974,samples\line_68_3974.npz,faulted,line,68,51,52,99.15254237288136,100.0,0.0,1
line_69_3975,samples\line_69_3975.npz,faulted,line,69,52,53,100.0,100.0,0.0,1
line_70_3976,samples\line_70_3976.npz,faulted,line,70,48,53,100.0,100.0,0.0,1
line_71_3977,samples\line_71_3977.npz,faulted,line,71,48,53,100.0,100.0,0.0,1
line_72_3978,samples\line_72_3978.npz,faulted,line,72,53,54,100.0,100.0,0.0,1
line_73_3979,samples\line_73_3979.npz,faulted,line,73,53,55,100.0,100.0,0.0,1
line_74_3980,samples\line_74_3980.npz,faulted,line,74,54,55,100.0,100.0,0.0,1
line_75_3981,samples\line_75_3981.npz,faulted,line,75,55,56,100.0,100.0,0.0,1
line_76_3982,samples\line_76_3982.npz,faulted,line,76,49,56,99.15254237288136,100.0,0.0,1
line_77_3983,samples\line_77_3983.npz,faulted,line,77,55,57,100.0,100.0,0.0,1
line_78_3984,samples\line_78_3984.npz,faulted,line,78,50,57,99.15254237288136,100.0,-1.0,1
line_79_3985,samples\line_79_3985.npz,faulted,line,79,53,58,100.0,100.0,0.0,1
line_80_3986,samples\line_80_3986.npz,faulted,line,80,55,58,100.0,100.0,0.0,1
line_81_3987,samples\line_81_3987.npz,faulted,line,81,55,58,100.0,100.0,0.0,1
line_82_3988,samples\line_82_3988.npz,faulted,line,82,54,58,99.15254237288136,100.0,-1.0,1
line_83_3989,samples\line_83_3989.npz,faulted,line,83,58,59,100.0,100.0,-1.0,1
line_84_3990,samples\line_84_3990.npz,faulted,line,84,58,60,100.0,100.0,-1.0,1
line_85_3991,samples\line_85_3991.npz,faulted,line,85,59,60,100.0,100.0,0.0,1
line_86_3992,samples\line_86_3992.npz,faulted,line,86,59,61,100.0,100.0,0.0,1
line_87_3993,samples\line_87_3993.npz,faulted,line,87,60,61,100.0,100.0,0.0,1
line_88_3994,samples\line_88_3994.npz,faulted,line,88,62,63,100.0,100.0,0.0,1
line_89_3995,samples\line_89_3995.npz,faulted,line,89,37,64,100.0,100.0,0.0,1
line_90_3996,samples\line_90_3996.npz,faulted,line,90,63,64,100.0,100.0,0.0,1
line_91_3997,samples\line_91_3997.npz,faulted,line,91,48,65,100.0,100.0,0.0,1
line_92_3998,samples\line_92_3998.npz,faulted,line,92,48,65,100.0,100.0,0.0,1
line_93_3999,samples\line_93_3999.npz,faulted,line,93,61,65,100.0,100.0,0.0,1
line_94_4000,samples\line_94_4000.npz,faulted,line,94,61,66,99.15254237288136,100.0,0.0,1
line_95_4001,samples\line_95_4001.npz,faulted,line,95,65,66,100.0,100.0,0.0,1
line_96_4002,samples\line_96_4002.npz,faulted,line,96,46,68,100.0,100.0,0.0,1
line_97_4003,samples\line_97_4003.npz,faulted,line,97,48,68,100.0,100.0,0.0,1
line_98_4004,samples\line_98_4004.npz,faulted,line,98,68,69,100.0,100.0,0.0,1
line_99_4005,samples\line_99_4005.npz,faulted,line,99,23,69,100.0,100.0,0.0,1
line_100_4006,samples\line_100_4006.npz,faulted,line,100,69,70,100.0,100.0,0.0,1
line_101_4007,samples\line_101_4007.npz,faulted,line,101,23,71,100.0,100.0,0.0,1
line_102_4008,samples\line_102_4008.npz,faulted,line,102,70,71,99.15254237288136,100.0,2.0,1
line_103_4009,samples\line_103_4009.npz,faulted,line,103,70,72,99.15254237288136,100.0,2.0,2
line_104_4010,samples\line_104_4010.npz,faulted,line,104,69,73,100.0,100.0,0.0,1
line_105_4011,samples\line_105_4011.npz,faulted,line,105,69,74,100.0,100.0,0.0,1
line_106_4012,samples\line_106_4012.npz,faulted,line,106,68,74,100.0,100.0,0.0,1
line_107_4013,samples\line_107_4013.npz,faulted,line,107,73,74,99.15254237288136,100.0,1.0,1
line_108_4014,samples\line_108_4014.npz,faulted,line,108,75,76,99.15254237288136,100.0,1.0,1
line_109_4015,samples\line_109_4015.npz,faulted,line,109,68,76,100.0,100.0,1.0,1
line_110_4016,samples\line_110_4016.npz,faulted,line,110,74,76,100.0,100.0,1.0,1
line_111_4017,samples\line_111_4017.npz,faulted,line,111,76,77,99.15254237288136,100.0,1.0,1
line_112_4018,samples\line_112_4018.npz,faulted,line,112,77,78,100.0,100.0,0.0,1
line_113_4019,samples\line_113_4019.npz,faulted,line,113,76,79,100.0,100.0,0.0,1
line_114_4020,samples\line_114_4020.npz,faulted,line,114,76,79,100.0,100.0,0.0,1
line_115_4021,samples\line_115_4021.npz,faulted,line,115,78,79,99.15254237288136,100.0,0.0,1
line_116_4022,samples\line_116_4022.npz,faulted,line,116,76,81,99.15254237288136,100.0,1.0,1
line_117_4023,samples\line_117_4023.npz,faulted,line,117,81,82,100.0,100.0,0.0,1
line_118_4024,samples\line_118_4024.npz,faulted,line,118,82,83,100.0,100.0,0.0,1
line_119_4025,samples\line_119_4025.npz,faulted,line,119,82,84,99.15254237288136,100.0,1.0,1
line_120_4026,samples\line_120_4026.npz,faulted,line,120,83,84,99.15254237288136,100.0,1.0,1
line_121_4027,samples\line_121_4027.npz,faulted,line,121,84,85,100.0,100.0,0.0,2
line_122_4028,samples\line_122_4028.npz,faulted,line,122,84,87,100.0,100.0,0.0,1
line_123_4029,samples\line_123_4029.npz,faulted,line,123,84,88,100.0,100.0,0.0,1
line_124_4030,samples\line_124_4030.npz,faulted,line,124,87,88,100.0,100.0,0.0,1
line_125_4031,samples\line_125_4031.npz,faulted,line,125,88,89,100.0,100.0,0.0,1
line_126_4032,samples\line_126_4032.npz,faulted,line,126,88,89,100.0,100.0,0.0,1
line_127_4033,samples\line_127_4033.npz,faulted,line,127,89,90,100.0,100.0,0.0,1
line_128_4034,samples\line_128_4034.npz,faulted,line,128,88,91,100.0,100.0,0.0,1
line_129_4035,samples\line_129_4035.npz,faulted,line,129,88,91,100.0,100.0,0.0,1
line_130_4036,samples\line_130_4036.npz,faulted,line,130,90,91,99.15254237288136,100.0,0.0,1
line_131_4037,samples\line_131_4037.npz,faulted,line,131,91,92,100.0,100.0,0.0,1
line_132_4038,samples\line_132_4038.npz,faulted,line,132,91,93,100.0,100.0,0.0,1
line_133_4039,samples\line_133_4039.npz,faulted,line,133,92,93,100.0,100.0,0.0,1
line_134_4040,samples\line_134_4040.npz,faulted,line,134,93,94,99.15254237288136,100.0,0.0,1
line_135_4041,samples\line_135_4041.npz,faulted,line,135,79,95,100.0,100.0,0.0,1
line_136_4042,samples\line_136_4042.npz,faulted,line,136,81,95,100.0,100.0,0.0,1
line_137_4043,samples\line_137_4043.npz,faulted,line,137,93,95,100.0,100.0,0.0,1
line_138_4044,samples\line_138_4044.npz,faulted,line,138,79,96,99.15254237288136,100.0,0.0,1
line_139_4045,samples\line_139_4045.npz,faulted,line,139,79,97,100.0,100.0,0.0,1
line_140_4046,samples\line_140_4046.npz,faulted,line,140,79,98,100.0,100.0,0.0,1
line_141_4047,samples\line_141_4047.npz,faulted,line,141,91,99,100.0,100.0,1.0,1
line_142_4048,samples\line_142_4048.npz,faulted,line,142,93,99,100.0,100.0,1.0,1
line_143_4049,samples\line_143_4049.npz,faulted,line,143,94,95,100.0,100.0,0.0,1
line_144_4050,samples\line_144_4050.npz,faulted,line,144,95,96,100.0,100.0,0.0,1
line_145_4051,samples\line_145_4051.npz,faulted,line,145,97,99,100.0,100.0,1.0,1
line_146_4052,samples\line_146_4052.npz,faulted,line,146,98,99,100.0,100.0,1.0,1
line_147_4053,samples\line_147_4053.npz,faulted,line,147,99,100,99.15254237288136,100.0,1.0,1
line_148_4054,samples\line_148_4054.npz,faulted,line,148,91,101,99.15254237288136,100.0,0.0,1
line_149_4055,samples\line_149_4055.npz,faulted,line,149,100,101,100.0,100.0,0.0,1
line_150_4056,samples\line_150_4056.npz,faulted,line,150,99,102,100.0,100.0,1.0,1
line_151_4057,samples\line_151_4057.npz,faulted,line,151,99,103,100.0,100.0,1.0,1
line_152_4058,samples\line_152_4058.npz,faulted,line,152,102,103,100.0,100.0,0.0,1
line_153_4059,samples\line_153_4059.npz,faulted,line,153,102,104,100.0,100.0,0.0,1
line_154_4060,samples\line_154_4060.npz,faulted,line,154,99,105,100.0,100.0,1.0,1
line_155_4061,samples\line_155_4061.npz,faulted,line,155,103,104,100.0,100.0,0.0,1
line_156_4062,samples\line_156_4062.npz,faulted,line,156,104,105,100.0,100.0,0.0,1
line_157_4063,samples\line_157_4063.npz,faulted,line,157,104,106,99.15254237288136,100.0,1.0,1
line_158_4064,samples\line_158_4064.npz,faulted,line,158,104,107,99.15254237288136,100.0,1.0,1
line_159_4065,samples\line_159_4065.npz,faulted,line,159,105,106,100.0,100.0,0.0,1
line_160_4066,samples\line_160_4066.npz,faulted,line,160,107,108,100.0,100.0,0.0,1
line_161_4067,samples\line_161_4067.npz,faulted,line,161,102,109,100.0,100.0,0.0,1
line_162_4068,samples\line_162_4068.npz,faulted,line,162,108,109,99.15254237288136,100.0,1.0,1
line_163_4069,samples\line_163_4069.npz,faulted,line,163,109,110,99.15254237288136,100.0,1.0,2
line_164_4070,samples\line_164_4070.npz,faulted,line,164,109,111,99.15254237288136,100.0,1.0,2
line_165_4071,samples\line_165_4071.npz,faulted,line,165,16,112,100.0,100.0,1.0,1
line_166_4072,samples\line_166_4072.npz,faulted,line,166,31,112,100.0,100.0,0.0,1
line_167_4073,samples\line_167_4073.npz,faulted,line,167,31,113,99.15254237288136,100.0,0.0,1
line_168_4074,samples\line_168_4074.npz,faulted,line,168,26,114,99.15254237288136,100.0,-1.0,1
line_169_4075,samples\line_169_4075.npz,faulted,line,169,113,114,100.0,100.0,0.0,1
line_170_4076,samples\line_170_4076.npz,faulted,line,170,11,116,99.15254237288136,100.0,1.0,2
line_171_4077,samples\line_171_4077.npz,faulted,line,171,74,117,99.15254237288136,100.0,1.0,1
line_172_4078,samples\line_172_4078.npz,faulted,line,172,75,117,100.0,100.0,0.0,1
trafo_0_4079,samples\trafo_0_4079.npz,faulted,trafo,0,7,4,100.0,100.0,0.0,1
trafo_1_4080,samples\trafo_1_4080.npz,faulted,trafo,1,25,24,99.15254237288136,100.0,0.0,1
trafo_2_4081,samples\trafo_2_4081.npz,faulted,trafo,2,29,16,99.15254237288136,100.0,1.0,1
trafo_3_4082,samples\trafo_3_4082.npz,faulted,trafo,3,37,36,99.15254237288136,100.0,0.0,1
trafo_4_4083,samples\trafo_4_4083.npz,faulted,trafo,4,62,58,99.15254237288136,100.0,-1.0,1
trafo_5_4084,samples\trafo_5_4084.npz,faulted,trafo,5,63,60,99.15254237288136,100.0,0.0,1
trafo_6_4085,samples\trafo_6_4085.npz,faulted,trafo,6,64,65,100.0,100.0,0.0,1
trafo_7_4086,samples\trafo_7_4086.npz,faulted,trafo,7,64,67,99.15254237288136,100.0,1.0,1
trafo_8_4087,samples\trafo_8_4087.npz,faulted,trafo,8,67,68,100.0,100.0,0.0,1
trafo_9_4088,samples\trafo_9_4088.npz,faulted,trafo,9,80,67,100.0,100.0,0.0,1
trafo_10_4089,samples\trafo_10_4089.npz,faulted,trafo,10,80,79,100.0,100.0,0.0,1
trafo_11_4090,samples\trafo_11_4090.npz,faulted,trafo,11,86,85,99.15254237288136,100.0,0.0,2
trafo_12_4091,samples\trafo_12_4091.npz,faulted,trafo,12,115,67,99.15254237288136,100.0,0.0,2
line_0_4092,samples\line_0_4092.npz,faulted,line,0,0,1,97.45762711864408,100.0,1.0,2
line_1_4093,samples\line_1_4093.npz,faulted,line,1,0,2,97.45762711864408,100.0,1.0,2
line_2_4094,samples\line_2_4094.npz,faulted,line,2,3,4,97.45762711864408,100.0,1.0,2
line_3_4095,samples\line_3_4095.npz,faulted,line,3,2,4,97.45762711864408,100.0,1.0,2
line_4_4096,samples\line_4_4096.npz,faulted,line,4,4,5,96.61016949152544,100.0,2.0,2
line_5_4097,samples\line_5_4097.npz,faulted,line,5,5,6,97.45762711864408,100.0,1.0,2
line_6_4098,samples\line_6_4098.npz,faulted,line,6,7,8,97.45762711864408,100.0,1.0,3
line_7_4099,samples\line_7_4099.npz,faulted,line,7,8,9,96.61016949152544,100.0,2.0,3
line_8_4100,samples\line_8_4100.npz,faulted,line,8,3,10,97.45762711864408,100.0,1.0,2
line_9_4101,samples\line_9_4101.npz,faulted,line,9,4,10,97.45762711864408,100.0,1.0,2
line_10_4102,samples\line_10_4102.npz,faulted,line,10,10,11,97.45762711864408,100.0,1.0,2
line_11_4103,samples\line_11_4103.npz,faulted,line,11,1,11,97.45762711864408,100.0,1.0,2
line_12_4104,samples\line_12_4104.npz,faulted,line,12,2,11,97.45762711864408,100.0,1.0,2
line_13_4105,samples\line_13_4105.npz,faulted,line,13,6,11,96.61016949152544,100.0,2.0,2
line_14_4106,samples\line_14_4106.npz,faulted,line,14,10,12,96.61016949152544,100.0,1.0,2
line_15_4107,samples\line_15_4107.npz,faulted,line,15,11,13,96.61016949152544,100.0,1.0,2
line_16_4108,samples\line_16_4108.npz,faulted,line,16,12,14,97.45762711864408,100.0,1.0,2
line_17_4109,samples\line_17_4109.npz,faulted,line,17,13,14,97.45762711864408,100.0,1.0,2
line_18_4110,samples\line_18_4110.npz,faulted,line,18,11,15,97.45762711864408,100.0,1.0,2
line_19_4111,samples\line_19_4111.npz,faulted,line,19,14,16,96.61016949152544,100.0,1.0,2
line_20_4112,samples\line_20_4112.npz,faulted,line,20,15,16,97.45762711864408,100.0,1.0,2
line_21_4113,samples\line_21_4113.npz,faulted,line,21,16,17,96.61016949152544,100.0,1.0,2
line_22_4114,samples\line_22_4114.npz,faulted,line,22,17,18,97.45762711864408,100.0,1.0,2
line_23_4115,samples\line_23_4115.npz,faulted,line,23,18,19,97.45762711864408,100.0,1.0,2
line_24_4116,samples\line_24_4116.npz,faulted,line,24,14,18,97.45762711864408,100.0,1.0,2
line_25_4117,samples\line_25_4117.npz,faulted,line,25,19,20,96.61016949152544,100.0,2.0,2
line_26_4118,samples\line_26_4118.npz,faulted,line,26,20,21,97.45762711864408,100.0,1.0,2
line_27_4119,samples\line_27_4119.npz,faulted,line,27,21,22,96.61016949152544,100.0,3.0,2
line_28_4120,samples\line_28_4120.npz,faulted,line,28,22,23,96.61016949152544,100.0,2.0,2
line_29_4121,samples\line_29_4121.npz,faulted,line,29,22,24,97.45762711864408,100.0,3.0,2
line_30_4122,samples\line_30_4122.npz,faulted,line,30,24,26,97.45762711864408,100.0,1.0,2
line_31_4123,samples\line_31_4123.npz,faulted,line,31,26,27,97.45762711864408,100.0,0.0,2
line_32_4124,samples\line_32_4124.npz,faulted,line,32,27,28,96.61016949152544,100.0,1.0,2
line_33_4125,samples\line_33_4125.npz,faulted,line,33,7,29,97.45762711864408,100.0,1.0,2
line_34_4126,samples\line_34_4126.npz,faulted,line,34,25,29,97.45762711864408,100.0,1.0,2
line_35_4127,samples\line_35_4127.npz,faulted,line,35,16,30,97.45762711864408,100.0,1.0,2
line_36_4128,samples\line_36_4128.npz,faulted,line,36,28,30,97.45762711864408,100.0,1.0,2
line_37_4129,samples\line_37_4129.npz,faulted,line,37,22,31,97.45762711864408,100.0,3.0,2
line_38_4130,samples\line_38_4130.npz,faulted,line,38,30,31,97.45762711864408,100.0,1.0,2
line_39_4131,samples\line_39_4131.npz,faulted,line,39,26,31,97.45762711864408,100.0,1.0,2
line_40_4132,samples\line_40_4132.npz,faulted,line,40,14,32,97.45762711864408,100.0,1.0,2
line_41_4133,samples\line_41_4133.npz,faulted,line,41,18,33,97.45762711864408,100.0,1.0,2
line_42_4134,samples\line_42_4134.npz,faulted,line,42,34,35,97.45762711864408,100.0,1.0,2
line_43_4135,samples\line_43_4135.npz,faulted,line,43,34,36,96.61016949152544,100.0,2.0,2
line_44_4136,samples\line_44_4136.npz,faulted,line,44,32,36,96.61016949152544,100.0,1.0,2
line_45_4137,samples\line_45_4137.npz,faulted,line,45,33,35,96.61016949152544,100.0,2.0,2
line_46_4138,samples\line_46_4138.npz,faulted,line,46,33,36,97.45762711864408,100.0,1.0,2
line_47_4139,samples\line_47_4139.npz,faulted,line,47,36,38,97.45762711864408,100.0,1.0,2
line_48_4140,samples\line_48_4140.npz,faulted,line,48,36,39,97.45762711864408,100.0,1.0,2
line_49_4141,samples\line_49_4141.npz,faulted,line,49,29,37,97.45762711864408,100.0,1.0,2
line_50_4142,samples\line_50_4142.npz,faulted,line,50,38,39,97.45762711864408,100.0,1.0,2
line_51_4143,samples\line_51_4143.npz,faulted,line,51,39,40,96.61016949152544,100.0,1.0,2
line_52_4144,samples\line_52_4144.npz,faulted,line,52,39,41,97.45762711864408,100.0,1.0,2
line_53_4145,samples\line_53_4145.npz,faulted,line,53,40,41,97.45762711864408,100.0,1.0,2
line_54_4146,samples\line_54_4146.npz,faulted,line,54,42,43,97.45762711864408,100.0,1.0,2
line_55_4147,samples\line_55_4147.npz,faulted,line,55,33,42,96.61016949152544,100.0,2.0,2
line_56_4148,samples\line_56_4148.npz,faulted,line,56,43,44,96.61016949152544,100.0,2.0,2
line_57_4149,samples\line_57_4149.npz,faulted,line,57,44,45,96.61016949152544,100.0,2.0,2
line_58_4150,samples\line_58_4150.npz,faulted,line,58,45,46,97.45762711864408,100.0,1.0,2
line_59_4151,samples\line_59_4151.npz,faulted,line,59,45,47,97.45762711864408,100.0,1.0,2
line_60_4152,samples\line_60_4152.npz,faulted,line,60,46,48,96.61016949152544,100.0,2.0,2
line_61_4153,samples\line_61_4153.npz,faulted,line,61,41,48,97.45762711864408,100.0,1.0,2
line_62_4154,samples\line_62_4154.npz,faulted,line,62,41,48,97.45762711864408,100.0,1.0,2
line_63_4155,samples\line_63_4155.npz,faulted,line,63,44,48,97.45762711864408,100.0,2.0,2
line_64_4156,samples\line_64_4156.npz,faulted,line,64,47,48,96.61016949152544,100.0,2.0,2
line_65_4157,samples\line_65_4157.npz,faulted,line,65,48,49,97.45762711864408,100.0,1.0,2
line_66_4158,samples\line_66_4158.npz,faulted,line,66,48,50,97.45762711864408,100.0,1.0,2
line_67_4159,samples\line_67_4159.npz,faulted,line,67,50,51,97.45762711864408,100.0,0.0,2
line_68_4160,samples\line_68_4160.npz,faulted,line,68,51,52,96.61016949152544,100.0,1.0,2
line_69_4161,samples\line_69_4161.npz,faulted,line,69,52,53,97.45762711864408,100.0,1.0,2
line_70_4162,samples\line_70_4162.npz,faulted,line,70,48,53,97.45762711864408,100.0,1.0,2
line_71_4163,samples\line_71_4163.npz,faulted,line,71,48,53,97.45762711864408,100.0,1.0,2
line_72_4164,samples\line_72_4164.npz,faulted,line,72,53,54,97.45762711864408,100.0,1.0,2
line_73_4165,samples\line_73_4165.npz,faulted,line,73,53,55,97.45762711864408,100.0,1.0,2
line_74_4166,samples\line_74_4166.npz,faulted,line,74,54,55,97.45762711864408,100.0,1.0,2
line_75_4167,samples\line_75_4167.npz,faulted,line,75,55,56,97.45762711864408,100.0,1.0,2
line_76_4168,samples\line_76_4168.npz,faulted,line,76,49,56,96.61016949152544,100.0,1.0,2
line_77_4169,samples\line_77_4169.npz,faulted,line,77,55,57,97.45762711864408,100.0,1.0,2
line_78_4170,samples\line_78_4170.npz,faulted,line,78,50,57,96.61016949152544,100.0,0.0,2
line_79_4171,samples\line_79_4171.npz,faulted,line,79,53,58,97.45762711864408,100.0,1.0,2
line_80_4172,samples\line_80_4172.npz,faulted,line,80,55,58,97.45762711864408,100.0,1.0,2
line_81_4173,samples\line_81_4173.npz,faulted,line,81,55,58,97.45762711864408,100.0,1.0,2
line_82_4174,samples\line_82_4174.npz,faulted,line,82,54,58,96.61016949152544,100.0,-1.0,2
line_83_4175,samples\line_83_4175.npz,faulted,line,83,58,59,97.45762711864408,100.0,-1.0,2
line_84_4176,samples\line_84_4176.npz,faulted,line,84,58,60,97.45762711864408,100.0,-1.0,2
line_85_4177,samples\line_85_4177.npz,faulted,line,85,59,60,97.45762711864408,100.0,1.0,2
line_86_4178,samples\line_86_4178.npz,faulted,line,86,59,61,97.45762711864408,100.0,1.0,2
line_87_4179,samples\line_87_4179.npz,faulted,line,87,60,61,97.45762711864408,100.0,1.0,2
line_88_4180,samples\line_88_4180.npz,faulted,line,88,62,63,97.45762711864408,100.0,1.0,2
line_89_4181,samples\line_89_4181.npz,faulted,line,89,37,64,97.45762711864408,100.0,1.0,2
line_90_4182,samples\line_90_4182.npz,faulted,line,90,63,64,97.45762711864408,100.0,1.0,2
line_91_4183,samples\line_91_4183.npz,faulted,line,91,48,65,97.45762711864408,100.0,1.0,2
line_92_4184,samples\line_92_4184.npz,faulted,line,92,48,65,97.45762711864408,100.0,1.0,2
line_93_4185,samples\line_93_4185.npz,faulted,line,93,61,65,97.45762711864408,100.0,1.0,2
line_94_4186,samples\line_94_4186.npz,faulted,line,94,61,66,96.61016949152544,100.0,1.0,2
line_95_4187,samples\line_95_4187.npz,faulted,line,95,65,66,97.45762711864408,100.0,1.0,2
line_96_4188,samples\line_96_4188.npz,faulted,line,96,46,68,97.45762711864408,100.0,1.0,2
line_97_4189,samples\line_97_4189.npz,faulted,line,97,48,68,97.45762711864408,100.0,1.0,2
line_98_4190,samples\line_98_4190.npz,faulted,line,98,68,69,97.45762711864408,100.0,1.0,2
line_99_4191,samples\line_99_4191.npz,faulted,line,99,23,69,97.45762711864408,100.0,1.0,2
line_100_4192,samples\line_100_4192.npz,faulted,line,100,69,70,97.45762711864408,100.0,1.0,2
line_101_4193,samples\line_101_4193.npz,faulted,line,101,23,71,97.45762711864408,100.0,1.0,2
line_102_4194,samples\line_102_4194.npz,faulted,line,102,70,71,96.61016949152544,100.0,3.0,2
line_103_4195,samples\line_103_4195.npz,faulted,line,103,70,72,96.61016949152544,100.0,3.0,3
line_104_4196,samples\line_104_4196.npz,faulted,line,104,69,73,97.45762711864408,100.0,1.0,2
line_105_4197,samples\line_105_4197.npz,faulted,line,105,69,74,97.45762711864408,100.0,1.0,2
line_106_4198,samples\line_106_4198.npz,faulted,line,106,68,74,97.45762711864408,100.0,1.0,2
line_107_4199,samples\line_107_4199.npz,faulted,line,107,73,74,96.61016949152544,100.0,2.0,2
line_108_4200,samples\line_108_4200.npz,faulted,line,108,75,76,96.61016949152544,100.0,1.0,2
line_109_4201,samples\line_109_4201.npz,faulted,line,109,68,76,97.45762711864408,100.0,1.0,2
line_110_4202,samples\line_110_4202.npz,faulted,line,110,74,76,97.45762711864408,100.0,2.0,2
line_111_4203,samples\line_111_4203.npz,faulted,line,111,76,77,96.61016949152544,100.0,1.0,2
line_112_4204,samples\line_112_4204.npz,faulted,line,112,77,78,97.45762711864408,100.0,1.0,2
line_113_4205,samples\line_113_4205.npz,faulted,line,113,76,79,97.45762711864408,100.0,1.0,2
line_114_4206,samples\line_114_4206.npz,faulted,line,114,76,79,97.45762711864408,100.0,1.0,2
line_115_4207,samples\line_115_4207.npz,faulted,line,115,78,79,96.61016949152544,100.0,1.0,2
line_116_4208,samples\line_116_4208.npz,faulted,line,116,76,81,96.61016949152544,100.0,1.0,2
line_117_4209,samples\line_117_4209.npz,faulted,line,117,81,82,97.45762711864408,100.0,1.0,2
line_118_4210,samples\line_118_4210.npz,faulted,line,118,82,83,97.45762711864408,100.0,1.0,2
line_119_4211,samples\line_119_4211.npz,faulted,line,119,82,84,96.61016949152544,100.0,2.0,2
line_120_4212,samples\line_120_4212.npz,faulted,line,120,83,84,96.61016949152544,100.0,2.0,2
line_121_4213,samples\line_121_4213.npz,faulted,line,121,84,85,97.45762711864408,100.0,2.0,3
line_122_4214,samples\line_122_4214.npz,faulted,line,122,84,87,97.45762711864408,100.0,1.0,2
line_123_4215,samples\line_123_4215.npz,faulted,line,123,84,88,97.45762711864408,100.0,1.0,2
line_124_4216,samples\line_124_4216.npz,faulted,line,124,87,88,97.45762711864408,100.0,1.0,2
line_125_4217,samples\line_125_4217.npz,faulted,line,125,88,89,97.45762711864408,100.0,1.0,2
line_126_4218,samples\line_126_4218.npz,faulted,line,126,88,89,97.45762711864408,100.0,1.0,2
line_127_4219,samples\line_127_4219.npz,faulted,line,127,89,90,97.45762711864408,100.0,1.0,2
line_128_4220,samples\line_128_4220.npz,faulted,line,128,88,91,97.45762711864408,100.0,1.0,2
line_129_4221,samples\line_129_4221.npz,faulted,line,129,88,91,97.45762711864408,100.0,1.0,2
line_130_4222,samples\line_130_4222.npz,faulted,line,130,90,91,96.61016949152544,100.0,1.0,2
line_131_4223,samples\line_131_4223.npz,faulted,line,131,91,92,97.45762711864408,100.0,1.0,2
line_132_4224,samples\line_132_4224.npz,faulted,line,132,91,93,97.45762711864408,100.0,1.0,2
line_133_4225,samples\line_133_4225.npz,faulted,line,133,92,93,97.45762711864408,100.0,1.0,2
line_134_4226,samples\line_134_4226.npz,faulted,line,134,93,94,96.61016949152544,100.0,1.0,2
line_135_4227,samples\line_135_4227.npz,faulted,line,135,79,95,97.45762711864408,100.0,1.0,2
line_136_4228,samples\line_136_4228.npz,faulted,line,136,81,95,97.45762711864408,100.0,1.0,2
line_137_4229,samples\line_137_4229.npz,faulted,line,137,93,95,97.45762711864408,100.0,1.0,2
line_138_4230,samples\line_138_4230.npz,faulted,line,138,79,96,96.61016949152544,100.0,1.0,2
line_139_4231,samples\line_139_4231.npz,faulted,line,139,79,97,97.45762711864408,100.0,1.0,2
line_140_4232,samples\line_140_4232.npz,faulted,line,140,79,98,97.45762711864408,100.0,1.0,2
line_141_4233,samples\line_141_4233.npz,faulted,line,141,91,99,97.45762711864408,100.0,1.0,2
line_142_4234,samples\line_142_4234.npz,faulted,line,142,93,99,97.45762711864408,100.0,1.0,2
line_143_4235,samples\line_143_4235.npz,faulted,line,143,94,95,97.45762711864408,100.0,1.0,2
line_144_4236,samples\line_144_4236.npz,faulted,line,144,95,96,97.45762711864408,100.0,1.0,2
line_145_4237,samples\line_145_4237.npz,faulted,line,145,97,99,97.45762711864408,100.0,1.0,2
line_146_4238,samples\line_146_4238.npz,faulted,line,146,98,99,97.45762711864408,100.0,1.0,2
line_147_4239,samples\line_147_4239.npz,faulted,line,147,99,100,96.61016949152544,100.0,2.0,2
line_148_4240,samples\line_148_4240.npz,faulted,line,148,91,101,96.61016949152544,100.0,1.0,2
line_149_4241,samples\line_149_4241.npz,faulted,line,149,100,101,97.45762711864408,100.0,1.0,2
line_150_4242,samples\line_150_4242.npz,faulted,line,150,99,102,97.45762711864408,100.0,1.0,2
line_151_4243,samples\line_151_4243.npz,faulted,line,151,99,103,97.45762711864408,100.0,1.0,2
line_152_4244,samples\line_152_4244.npz,faulted,line,152,102,103,97.45762711864408,100.0,1.0,2
line_153_4245,samples\line_153_4245.npz,faulted,line,153,102,104,97.45762711864408,100.0,1.0,2
line_154_4246,samples\line_154_4246.npz,faulted,line,154,99,105,97.45762711864408,100.0,1.0,2
line_155_4247,samples\line_155_4247.npz,faulted,line,155,103,104,97.45762711864408,100.0,1.0,2
line_156_4248,samples\line_156_4248.npz,faulted,line,156,104,105,97.45762711864408,100.0,1.0,2
line_157_4249,samples\line_157_4249.npz,faulted,line,157,104,106,97.45762711864408,100.0,1.0,2
line_158_4250,samples\line_158_4250.npz,faulted,line,158,104,107,96.61016949152544,100.0,1.0,2
line_159_4251,samples\line_159_4251.npz,faulted,line,159,105,106,97.45762711864408,100.0,1.0,3
line_160_4252,samples\line_160_4252.npz,faulted,line,160,107,108,97.45762711864408,100.0,1.0,2
line_161_4253,samples\line_161_4253.npz,faulted,line,161,102,109,97.45762711864408,100.0,1.0,2
line_162_4254,samples\line_162_4254.npz,faulted,line,162,108,109,96.61016949152544,100.0,1.0,2
line_163_4255,samples\line_163_4255.npz,faulted,line,163,109,110,96.61016949152544,100.0,2.0,3
line_164_4256,samples\line_164_4256.npz,faulted,line,164,109,111,96.61016949152544,100.0,2.0,3
line_165_4257,samples\line_165_4257.npz,faulted,line,165,16,112,97.45762711864408,100.0,1.0,2
line_166_4258,samples\line_166_4258.npz,faulted,line,166,31,112,97.45762711864408,100.0,1.0,2
line_167_4259,samples\line_167_4259.npz,faulted,line,167,31,113,96.61016949152544,100.0,1.0,2
line_168_4260,samples\line_168_4260.npz,faulted,line,168,26,114,96.61016949152544,100.0,0.0,2
line_169_4261,samples\line_169_4261.npz,faulted,line,169,113,114,97.45762711864408,100.0,1.0,2
line_170_4262,samples\line_170_4262.npz,faulted,line,170,11,116,96.61016949152544,100.0,2.0,3
line_171_4263,samples\line_171_4263.npz,faulted,line,171,74,117,96.61016949152544,100.0,2.0,2
line_172_4264,samples\line_172_4264.npz,faulted,line,172,75,117,97.45762711864408,100.0,1.0,2
trafo_0_4265,samples\trafo_0_4265.npz,faulted,trafo,0,7,4,97.45762711864408,100.0,1.0,2
trafo_1_4266,samples\trafo_1_4266.npz,faulted,trafo,1,25,24,96.61016949152544,100.0,1.0,2
trafo_2_4267,samples\trafo_2_4267.npz,faulted,trafo,2,29,16,96.61016949152544,100.0,1.0,2
trafo_3_4268,samples\trafo_3_4268.npz,faulted,trafo,3,37,36,96.61016949152544,100.0,1.0,2
trafo_4_4269,samples\trafo_4_4269.npz,faulted,trafo,4,62,58,96.61016949152544,100.0,-1.0,2
trafo_5_4270,samples\trafo_5_4270.npz,faulted,trafo,5,63,60,97.45762711864408,100.0,1.0,2
trafo_6_4271,samples\trafo_6_4271.npz,faulted,trafo,6,64,65,97.45762711864408,100.0,1.0,2
trafo_7_4272,samples\trafo_7_4272.npz,faulted,trafo,7,64,67,96.61016949152544,100.0,1.0,2
trafo_8_4273,samples\trafo_8_4273.npz,faulted,trafo,8,67,68,97.45762711864408,100.0,1.0,2
trafo_9_4274,samples\trafo_9_4274.npz,faulted,trafo,9,80,67,96.61016949152544,100.0,2.0,3
trafo_10_4275,samples\trafo_10_4275.npz,faulted,trafo,10,80,79,97.45762711864408,100.0,1.0,2
trafo_11_4276,samples\trafo_11_4276.npz,faulted,trafo,11,86,85,97.45762711864408,100.0,1.0,2
trafo_12_4277,samples\trafo_12_4277.npz,faulted,trafo,12,115,67,96.61016949152544,100.0,2.0,3
line_0_4278,samples\line_0_4278.npz,faulted,line,0,0,1,98.30508474576273,100.0,0.0,1
line_1_4279,samples\line_1_4279.npz,faulted,line,1,0,2,98.30508474576273,100.0,0.0,1
line_2_4280,samples\line_2_4280.npz,faulted,line,2,3,4,98.30508474576273,100.0,0.0,1
line_3_4281,samples\line_3_4281.npz,faulted,line,3,2,4,98.30508474576273,100.0,0.0,1
line_4_4282,samples\line_4_4282.npz,faulted,line,4,4,5,97.45762711864408,100.0,1.0,1
line_5_4283,samples\line_5_4283.npz,faulted,line,5,5,6,98.30508474576273,100.0,0.0,1
line_6_4284,samples\line_6_4284.npz,faulted,line,6,7,8,98.30508474576273,100.0,0.0,2
line_7_4285,samples\line_7_4285.npz,faulted,line,7,8,9,97.45762711864408,100.0,1.0,2
line_8_4286,samples\line_8_4286.npz,faulted,line,8,3,10,98.30508474576273,100.0,0.0,1
line_9_4287,samples\line_9_4287.npz,faulted,line,9,4,10,98.30508474576273,100.0,0.0,1
line_10_4288,samples\line_10_4288.npz,faulted,line,10,10,11,98.30508474576273,100.0,0.0,1
line_11_4289,samples\line_11_4289.npz,faulted,line,11,1,11,98.30508474576273,100.0,0.0,1
line_12_4290,samples\line_12_4290.npz,faulted,line,12,2,11,98.30508474576273,100.0,0.0,1
line_13_4291,samples\line_13_4291.npz,faulted,line,13,6,11,97.45762711864408,100.0,1.0,1
line_14_4292,samples\line_14_4292.npz,faulted,line,14,10,12,97.45762711864408,100.0,0.0,1
line_15_4293,samples\line_15_4293.npz,faulted,line,15,11,13,97.45762711864408,100.0,0.0,1
line_16_4294,samples\line_16_4294.npz,faulted,line,16,12,14,98.30508474576273,100.0,0.0,1
line_17_4295,samples\line_17_4295.npz,faulted,line,17,13,14,98.30508474576273,100.0,0.0,1
line_18_4296,samples\line_18_4296.npz,faulted,line,18,11,15,98.30508474576273,100.0,0.0,1
line_19_4297,samples\line_19_4297.npz,faulted,line,19,14,16,97.45762711864408,100.0,0.0,1
line_20_4298,samples\line_20_4298.npz,faulted,line,20,15,16,98.30508474576273,100.0,0.0,1
line_21_4299,samples\line_21_4299.npz,faulted,line,21,16,17,97.45762711864408,100.0,0.0,1
line_22_4300,samples\line_22_4300.npz,faulted,line,22,17,18,98.30508474576273,100.0,0.0,1
line_23_4301,samples\line_23_4301.npz,faulted,line,23,18,19,98.30508474576273,100.0,0.0,1
line_24_4302,samples\line_24_4302.npz,faulted,line,24,14,18,98.30508474576273,100.0,0.0,1
line_25_4303,samples\line_25_4303.npz,faulted,line,25,19,20,97.45762711864408,100.0,1.0,1
line_26_4304,samples\line_26_4304.npz,faulted,line,26,20,21,98.30508474576273,100.0,0.0,1
line_27_4305,samples\line_27_4305.npz,faulted,line,27,21,22,97.45762711864408,100.0,2.0,1
line_28_4306,samples\line_28_4306.npz,faulted,line,28,22,23,97.45762711864408,100.0,1.0,1
line_29_4307,samples\line_29_4307.npz,faulted,line,29,22,24,98.30508474576273,100.0,2.0,1
line_30_4308,samples\line_30_4308.npz,faulted,line,30,24,26,98.30508474576273,100.0,0.0,1
line_31_4309,samples\line_31_4309.npz,faulted,line,31,26,27,98.30508474576273,100.0,-1.0,1
line_32_4310,samples\line_32_4310.npz,faulted,line,32,27,28,97.45762711864408,100.0,0.0,1
line_33_4311,samples\line_33_4311.npz,faulted,line,33,7,29,98.30508474576273,100.0,0.0,1
line_34_4312,samples\line_34_4312.npz,faulted,line,34,25,29,98.30508474576273,100.0,0.0,1
line_35_4313,samples\line_35_4313.npz,faulted,line,35,16,30,98.30508474576273,100.0,0.0,1
line_36_4314,samples\line_36_4314.npz,faulted,line,36,28,30,98.30508474576273,100.0,0.0,1
line_37_4315,samples\line_37_4315.npz,faulted,line,37,22,31,98.30508474576273,100.0,2.0,1
line_38_4316,samples\line_38_4316.npz,faulted,line,38,30,31,98.30508474576273,100.0,0.0,1
line_39_4317,samples\line_39_4317.npz,faulted,line,39,26,31,98.30508474576273,100.0,0.0,1
line_40_4318,samples\line_40_4318.npz,faulted,line,40,14,32,98.30508474576273,100.0,0.0,1
line_41_4319,samples\line_41_4319.npz,faulted,line,41,18,33,98.30508474576273,100.0,0.0,1
line_42_4320,samples\line_42_4320.npz,faulted,line,42,34,35,98.30508474576273,100.0,0.0,1
line_43_4321,samples\line_43_4321.npz,faulted,line,43,34,36,97.45762711864408,100.0,1.0,1
line_44_4322,samples\line_44_4322.npz,faulted,line,44,32,36,97.45762711864408,100.0,0.0,1
line_45_4323,samples\line_45_4323.npz,faulted,line,45,33,35,97.45762711864408,100.0,1.0,1
line_46_4324,samples\line_46_4324.npz,faulted,line,46,33,36,98.30508474576273,100.0,0.0,1
line_47_4325,samples\line_47_4325.npz,faulted,line,47,36,38,98.30508474576273,100.0,0.0,1
line_48_4326,samples\line_48_4326.npz,faulted,line,48,36,39,98.30508474576273,100.0,0.0,1
line_49_4327,samples\line_49_4327.npz,faulted,line,49,29,37,98.30508474576273,100.0,0.0,1
line_50_4328,samples\line_50_4328.npz,faulted,line,50,38,39,98.30508474576273,100.0,0.0,1
line_51_4329,samples\line_51_4329.npz,faulted,line,51,39,40,97.45762711864408,100.0,0.0,1
line_52_4330,samples\line_52_4330.npz,faulted,line,52,39,41,98.30508474576273,100.0,0.0,1
line_53_4331,samples\line_53_4331.npz,faulted,line,53,40,41,98.30508474576273,100.0,0.0,1
line_54_4332,samples\line_54_4332.npz,faulted,line,54,42,43,98.30508474576273,100.0,0.0,1
line_55_4333,samples\line_55_4333.npz,faulted,line,55,33,42,97.45762711864408,100.0,1.0,1
line_56_4334,samples\line_56_4334.npz,faulted,line,56,43,44,97.45762711864408,100.0,1.0,1
line_57_4335,samples\line_57_4335.npz,faulted,line,57,44,45,97.45762711864408,100.0,1.0,1
line_58_4336,samples\line_58_4336.npz,faulted,line,58,45,46,98.30508474576273,100.0,0.0,1
line_59_4337,samples\line_59_4337.npz,faulted,line,59,45,47,98.30508474576273,100.0,0.0,1
line_60_4338,samples\line_60_4338.npz,faulted,line,60,46,48,97.45762711864408,100.0,1.0,1
line_61_4339,samples\line_61_4339.npz,faulted,line,61,41,48,98.30508474576273,100.0,0.0,1
line_62_4340,samples\line_62_4340.npz,faulted,line,62,41,48,98.30508474576273,100.0,0.0,1
line_63_4341,samples\line_63_4341.npz,faulted,line,63,44,48,98.30508474576273,100.0,1.0,1
line_64_4342,samples\line_64_4342.npz,faulted,line,64,47,48,97.45762711864408,100.0,1.0,1
line_65_4343,samples\line_65_4343.npz,faulted,line,65,48,49,98.30508474576273,100.0,0.0,1
line_66_4344,samples\line_66_4344.npz,faulted,line,66,48,50,98.30508474576273,100.0,0.0,1
line_67_4345,samples\line_67_4345.npz,faulted,line,67,50,51,98.30508474576273,100.0,-1.0,1
line_68_4346,samples\line_68_4346.npz,faulted,line,68,51,52,97.45762711864408,100.0,0.0,1
line_69_4347,samples\line_69_4347.npz,faulted,line,69,52,53,98.30508474576273,100.0,0.0,1
line_70_4348,samples\line_70_4348.npz,faulted,line,70,48,53,98.30508474576273,100.0,0.0,1
line_71_4349,samples\line_71_4349.npz,faulted,line,71,48,53,98.30508474576273,100.0,0.0,1
line_72_4350,samples\line_72_4350.npz,faulted,line,72,53,54,98.30508474576273,100.0,0.0,1
line_73_4351,samples\line_73_4351.npz,faulted,line,73,53,55,98.30508474576273,100.0,0.0,1
line_74_4352,samples\line_74_4352.npz,faulted,line,74,54,55,98.30508474576273,100.0,0.0,1
line_75_4353,samples\line_75_4353.npz,faulted,line,75,55,56,98.30508474576273,100.0,0.0,1
line_76_4354,samples\line_76_4354.npz,faulted,line,76,49,56,97.45762711864408,100.0,0.0,1
line_77_4355,samples\line_77_4355.npz,faulted,line,77,55,57,98.30508474576273,100.0,0.0,1
line_78_4356,samples\line_78_4356.npz,faulted,line,78,50,57,97.45762711864408,100.0,-1.0,1
line_79_4357,samples\line_79_4357.npz,faulted,line,79,53,58,98.30508474576273,100.0,0.0,1
line_80_4358,samples\line_80_4358.npz,faulted,line,80,55,58,98.30508474576273,100.0,0.0,1
line_81_4359,samples\line_81_4359.npz,faulted,line,81,55,58,98.30508474576273,100.0,0.0,1
line_82_4360,samples\line_82_4360.npz,faulted,line,82,54,58,97.45762711864408,100.0,-1.0,1
line_83_4361,samples\line_83_4361.npz,faulted,line,83,58,59,98.30508474576273,100.0,-1.0,1
line_84_4362,samples\line_84_4362.npz,faulted,line,84,58,60,98.30508474576273,100.0,-1.0,1
line_85_4363,samples\line_85_4363.npz,faulted,line,85,59,60,98.30508474576273,100.0,0.0,1
line_86_4364,samples\line_86_4364.npz,faulted,line,86,59,61,98.30508474576273,100.0,0.0,1
line_87_4365,samples\line_87_4365.npz,faulted,line,87,60,61,98.30508474576273,100.0,0.0,1
line_88_4366,samples\line_88_4366.npz,faulted,line,88,62,63,98.30508474576273,100.0,0.0,1
line_89_4367,samples\line_89_4367.npz,faulted,line,89,37,64,98.30508474576273,100.0,0.0,1
line_90_4368,samples\line_90_4368.npz,faulted,line,90,63,64,98.30508474576273,100.0,0.0,1
line_91_4369,samples\line_91_4369.npz,faulted,line,91,48,65,98.30508474576273,100.0,0.0,1
line_92_4370,samples\line_92_4370.npz,faulted,line,92,48,65,98.30508474576273,100.0,0.0,1
line_93_4371,samples\line_93_4371.npz,faulted,line,93,61,65,98.30508474576273,100.0,0.0,1
line_94_4372,samples\line_94_4372.npz,faulted,line,94,61,66,97.45762711864408,100.0,0.0,1
line_95_4373,samples\line_95_4373.npz,faulted,line,95,65,66,98.30508474576273,100.0,1.0,1
line_96_4374,samples\line_96_4374.npz,faulted,line,96,46,68,98.30508474576273,100.0,0.0,1
line_97_4375,samples\line_97_4375.npz,faulted,line,97,48,68,98.30508474576273,100.0,0.0,1
line_98_4376,samples\line_98_4376.npz,faulted,line,98,68,69,98.30508474576273,100.0,0.0,1
line_99_4377,samples\line_99_4377.npz,faulted,line,99,23,69,98.30508474576273,100.0,0.0,1
line_100_4378,samples\line_100_4378.npz,faulted,line,100,69,70,98.30508474576273,100.0,0.0,1
line_101_4379,samples\line_101_4379.npz,faulted,line,101,23,71,98.30508474576273,100.0,0.0,1
line_102_4380,samples\line_102_4380.npz,faulted,line,102,70,71,97.45762711864408,100.0,2.0,1
line_103_4381,samples\line_103_4381.npz,faulted,line,103,70,72,97.45762711864408,100.0,2.0,2
line_104_4382,samples\line_104_4382.npz,faulted,line,104,69,73,98.30508474576273,100.0,0.0,1
line_105_4383,samples\line_105_4383.npz,faulted,line,105,69,74,98.30508474576273,100.0,0.0,1
line_106_4384,samples\line_106_4384.npz,faulted,line,106,68,74,98.30508474576273,100.0,0.0,1
line_107_4385,samples\line_107_4385.npz,faulted,line,107,73,74,97.45762711864408,100.0,1.0,1
line_108_4386,samples\line_108_4386.npz,faulted,line,108,75,76,97.45762711864408,100.0,1.0,1
line_109_4387,samples\line_109_4387.npz,faulted,line,109,68,76,98.30508474576273,100.0,0.0,1
line_110_4388,samples\line_110_4388.npz,faulted,line,110,74,76,98.30508474576273,100.0,1.0,1
line_111_4389,samples\line_111_4389.npz,faulted,line,111,76,77,97.45762711864408,100.0,1.0,1
line_112_4390,samples\line_112_4390.npz,faulted,line,112,77,78,98.30508474576273,100.0,0.0,1
line_113_4391,samples\line_113_4391.npz,faulted,line,113,76,79,98.30508474576273,100.0,0.0,1
line_114_4392,samples\line_114_4392.npz,faulted,line,114,76,79,98.30508474576273,100.0,0.0,1
line_115_4393,samples\line_115_4393.npz,faulted,line,115,78,79,97.45762711864408,100.0,1.0,1
line_116_4394,samples\line_116_4394.npz,faulted,line,116,76,81,97.45762711864408,100.0,1.0,1
line_117_4395,samples\line_117_4395.npz,faulted,line,117,81,82,98.30508474576273,100.0,0.0,1
line_118_4396,samples\line_118_4396.npz,faulted,line,118,82,83,98.30508474576273,100.0,0.0,1
line_119_4397,samples\line_119_4397.npz,faulted,line,119,82,84,97.45762711864408,100.0,1.0,1
line_120_4398,samples\line_120_4398.npz,faulted,line,120,83,84,97.45762711864408,100.0,1.0,1
line_121_4399,samples\line_121_4399.npz,faulted,line,121,84,85,98.30508474576273,100.0,0.0,2
line_122_4400,samples\line_122_4400.npz,faulted,line,122,84,87,98.30508474576273,100.0,1.0,1
line_123_4401,samples\line_123_4401.npz,faulted,line,123,84,88,98.30508474576273,100.0,0.0,1
line_124_4402,samples\line_124_4402.npz,faulted,line,124,87,88,98.30508474576273,100.0,0.0,1
line_125_4403,samples\line_125_4403.npz,faulted,line,125,88,89,98.30508474576273,100.0,0.0,1
line_126_4404,samples\line_126_4404.npz,faulted,line,126,88,89,98.30508474576273,100.0,0.0,1
line_127_4405,samples\line_127_4405.npz,faulted,line,127,89,90,98.30508474576273,100.0,1.0,2
line_128_4406,samples\line_128_4406.npz,faulted,line,128,88,91,98.30508474576273,100.0,0.0,1
line_129_4407,samples\line_129_4407.npz,faulted,line,129,88,91,98.30508474576273,100.0,0.0,1
line_130_4408,samples\line_130_4408.npz,faulted,line,130,90,91,98.30508474576273,100.0,0.0,1
line_131_4409,samples\line_131_4409.npz,faulted,line,131,91,92,98.30508474576273,100.0,0.0,1
line_132_4410,samples\line_132_4410.npz,faulted,line,132,91,93,98.30508474576273,100.0,0.0,1
line_133_4411,samples\line_133_4411.npz,faulted,line,133,92,93,98.30508474576273,100.0,0.0,1
line_134_4412,samples\line_134_4412.npz,faulted,line,134,93,94,97.45762711864408,100.0,0.0,1
line_135_4413,samples\line_135_4413.npz,faulted,line,135,79,95,98.30508474576273,100.0,0.0,1
line_136_4414,samples\line_136_4414.npz,faulted,line,136,81,95,98.30508474576273,100.0,0.0,1
line_137_4415,samples\line_137_4415.npz,faulted,line,137,93,95,98.30508474576273,100.0,0.0,1
line_138_4416,samples\line_138_4416.npz,faulted,line,138,79,96,97.45762711864408,100.0,1.0,1
line_139_4417,samples\line_139_4417.npz,faulted,line,139,79,97,98.30508474576273,100.0,0.0,1
line_140_4418,samples\line_140_4418.npz,faulted,line,140,79,98,98.30508474576273,100.0,0.0,1
line_141_4419,samples\line_141_4419.npz,faulted,line,141,91,99,98.30508474576273,100.0,1.0,1
line_142_4420,samples\line_142_4420.npz,faulted,line,142,93,99,98.30508474576273,100.0,1.0,1
line_143_4421,samples\line_143_4421.npz,faulted,line,143,94,95,98.30508474576273,100.0,0.0,1
line_144_4422,samples\line_144_4422.npz,faulted,line,144,95,96,98.30508474576273,100.0,0.0,1
line_145_4423,samples\line_145_4423.npz,faulted,line,145,97,99,98.30508474576273,100.0,1.0,1
line_146_4424,samples\line_146_4424.npz,faulted,line,146,98,99,98.30508474576273,100.0,1.0,1
line_147_4425,samples\line_147_4425.npz,faulted,line,147,99,100,97.45762711864408,100.0,2.0,1
line_148_4426,samples\line_148_4426.npz,faulted,line,148,91,101,97.45762711864408,100.0,0.0,1
line_149_4427,samples\line_149_4427.npz,faulted,line,149,100,101,98.30508474576273,100.0,0.0,1
line_150_4428,samples\line_150_4428.npz,faulted,line,150,99,102,98.30508474576273,100.0,1.0,1
line_151_4429,samples\line_151_4429.npz,faulted,line,151,99,103,98.30508474576273,100.0,1.0,1
line_152_4430,samples\line_152_4430.npz,faulted,line,152,102,103,98.30508474576273,100.0,0.0,1
line_153_4431,samples\line_153_4431.npz,faulted,line,153,102,104,98.30508474576273,100.0,0.0,1
line_154_4432,samples\line_154_4432.npz,faulted,line,154,99,105,98.30508474576273,100.0,1.0,1
line_155_4433,samples\line_155_4433.npz,faulted,line,155,103,104,98.30508474576273,100.0,0.0,1
line_156_4434,samples\line_156_4434.npz,faulted,line,156,104,105,98.30508474576273,100.0,0.0,1
line_157_4435,samples\line_157_4435.npz,faulted,line,157,104,106,97.45762711864408,100.0,1.0,1
line_158_4436,samples\line_158_4436.npz,faulted,line,158,104,107,97.45762711864408,100.0,1.0,1
line_159_4437,samples\line_159_4437.npz,faulted,line,159,105,106,98.30508474576273,100.0,0.0,1
line_160_4438,samples\line_160_4438.npz,faulted,line,160,107,108,98.30508474576273,100.0,0.0,1
line_161_4439,samples\line_161_4439.npz,faulted,line,161,102,109,98.30508474576273,100.0,0.0,1
line_162_4440,samples\line_162_4440.npz,faulted,line,162,108,109,97.45762711864408,100.0,1.0,1
line_163_4441,samples\line_163_4441.npz,faulted,line,163,109,110,97.45762711864408,100.0,1.0,2
line_164_4442,samples\line_164_4442.npz,faulted,line,164,109,111,97.45762711864408,100.0,1.0,2
line_165_4443,samples\line_165_4443.npz,faulted,line,165,16,112,98.30508474576273,100.0,0.0,1
line_166_4444,samples\line_166_4444.npz,faulted,line,166,31,112,98.30508474576273,100.0,0.0,1
line_167_4445,samples\line_167_4445.npz,faulted,line,167,31,113,97.45762711864408,100.0,0.0,1
line_168_4446,samples\line_168_4446.npz,faulted,line,168,26,114,97.45762711864408,100.0,-1.0,1
line_169_4447,samples\line_169_4447.npz,faulted,line,169,113,114,98.30508474576273,100.0,0.0,1
line_170_4448,samples\line_170_4448.npz,faulted,line,170,11,116,97.45762711864408,100.0,1.0,2
line_171_4449,samples\line_171_4449.npz,faulted,line,171,74,117,97.45762711864408,100.0,1.0,1
line_172_4450,samples\line_172_4450.npz,faulted,line,172,75,117,98.30508474576273,100.0,0.0,1
trafo_0_4451,samples\trafo_0_4451.npz,faulted,trafo,0,7,4,98.30508474576273,100.0,0.0,1
trafo_1_4452,samples\trafo_1_4452.npz,faulted,trafo,1,25,24,97.45762711864408,100.0,0.0,1
trafo_2_4453,samples\trafo_2_4453.npz,faulted,trafo,2,29,16,97.45762711864408,100.0,0.0,1
trafo_3_4454,samples\trafo_3_4454.npz,faulted,trafo,3,37,36,97.45762711864408,100.0,0.0,1
trafo_4_4455,samples\trafo_4_4455.npz,faulted,trafo,4,62,58,97.45762711864408,100.0,-1.0,1
trafo_5_4456,samples\trafo_5_4456.npz,faulted,trafo,5,63,60,97.45762711864408,100.0,0.0,1
trafo_6_4457,samples\trafo_6_4457.npz,faulted,trafo,6,64,65,98.30508474576273,100.0,1.0,1
trafo_7_4458,samples\trafo_7_4458.npz,faulted,trafo,7,64,67,98.30508474576273,100.0,0.0,1
trafo_8_4459,samples\trafo_8_4459.npz,faulted,trafo,8,67,68,98.30508474576273,100.0,0.0,1
trafo_9_4460,samples\trafo_9_4460.npz,faulted,trafo,9,80,67,98.30508474576273,100.0,0.0,1
trafo_10_4461,samples\trafo_10_4461.npz,faulted,trafo,10,80,79,98.30508474576273,100.0,0.0,1
trafo_11_4462,samples\trafo_11_4462.npz,faulted,trafo,11,86,85,97.45762711864408,100.0,0.0,2
trafo_12_4463,samples\trafo_12_4463.npz,faulted,trafo,12,115,67,97.45762711864408,100.0,1.0,2
line_0_4464,samples\line_0_4464.npz,faulted,line,0,0,1,98.30508474576273,100.0,1.0,1
line_1_4465,samples\line_1_4465.npz,faulted,line,1,0,2,98.30508474576273,100.0,1.0,1
line_2_4466,samples\line_2_4466.npz,faulted,line,2,3,4,98.30508474576273,100.0,3.0,1
line_3_4467,samples\line_3_4467.npz,faulted,line,3,2,4,98.30508474576273,100.0,1.0,1
line_4_4468,samples\line_4_4468.npz,faulted,line,4,4,5,97.45762711864408,100.0,3.0,1
line_5_4469,samples\line_5_4469.npz,faulted,line,5,5,6,98.30508474576273,100.0,1.0,1
line_6_4470,samples\line_6_4470.npz,faulted,line,6,7,8,98.30508474576273,100.0,1.0,2
line_7_4471,samples\line_7_4471.npz,faulted,line,7,8,9,97.45762711864408,100.0,2.0,2
line_8_4472,samples\line_8_4472.npz,faulted,line,8,3,10,98.30508474576273,100.0,1.0,1
line_9_4473,samples\line_9_4473.npz,faulted,line,9,4,10,98.30508474576273,100.0,1.0,1
line_10_4474,samples\line_10_4474.npz,faulted,line,10,10,11,98.30508474576273,100.0,1.0,1
line_11_4475,samples\line_11_4475.npz,faulted,line,11,1,11,98.30508474576273,100.0,1.0,1
line_12_4476,samples\line_12_4476.npz,faulted,line,12,2,11,98.30508474576273,100.0,1.0,1
line_13_4477,samples\line_13_4477.npz,faulted,line,13,6,11,97.45762711864408,100.0,2.0,1
line_14_4478,samples\line_14_4478.npz,faulted,line,14,10,12,97.45762711864408,100.0,1.0,1
line_15_4479,samples\line_15_4479.npz,faulted,line,15,11,13,97.45762711864408,100.0,1.0,1
line_16_4480,samples\line_16_4480.npz,faulted,line,16,12,14,98.30508474576273,100.0,1.0,1
line_17_4481,samples\line_17_4481.npz,faulted,line,17,13,14,98.30508474576273,100.0,1.0,1
line_18_4482,samples\line_18_4482.npz,faulted,line,18,11,15,98.30508474576273,100.0,2.0,1
line_19_4483,samples\line_19_4483.npz,faulted,line,19,14,16,97.45762711864408,100.0,1.0,1
line_20_4484,samples\line_20_4484.npz,faulted,line,20,15,16,98.30508474576273,100.0,1.0,1
line_21_4485,samples\line_21_4485.npz,faulted,line,21,16,17,97.45762711864408,100.0,1.0,1
line_22_4486,samples\line_22_4486.npz,faulted,line,22,17,18,98.30508474576273,100.0,1.0,1
line_23_4487,samples\line_23_4487.npz,faulted,line,23,18,19,98.30508474576273,100.0,1.0,1
line_24_4488,samples\line_24_4488.npz,faulted,line,24,14,18,98.30508474576273,100.0,1.0,1
line_25_4489,samples\line_25_4489.npz,faulted,line,25,19,20,97.45762711864408,100.0,1.0,1
line_26_4490,samples\line_26_4490.npz,faulted,line,26,20,21,98.30508474576273,100.0,2.0,1
line_27_4491,samples\line_27_4491.npz,faulted,line,27,21,22,97.45762711864408,100.0,1.0,1
line_28_4492,samples\line_28_4492.npz,faulted,line,28,22,23,97.45762711864408,100.0,1.0,1
line_29_4493,samples\line_29_4493.npz,faulted,line,29,22,24,98.30508474576273,100.0,1.0,1
line_30_4494,samples\line_30_4494.npz,faulted,line,30,24,26,98.30508474576273,100.0,1.0,1
line_31_4495,samples\line_31_4495.npz,faulted,line,31,26,27,98.30508474576273,100.0,1.0,1
line_32_4496,samples\line_32_4496.npz,faulted,line,32,27,28,97.45762711864408,100.0,1.0,1
line_33_4497,samples\line_33_4497.npz,faulted,line,33,7,29,98.30508474576273,100.0,1.0,1
line_34_4498,samples\line_34_4498.npz,faulted,line,34,25,29,98.30508474576273,100.0,2.0,1
line_35_4499,samples\line_35_4499.npz,faulted,line,35,16,30,98.30508474576273,100.0,1.0,1
line_36_4500,samples\line_36_4500.npz,faulted,line,36,28,30,98.30508474576273,100.0,1.0,1
line_37_4501,samples\line_37_4501.npz,faulted,line,37,22,31,98.30508474576273,100.0,4.0,1
line_38_4502,samples\line_38_4502.npz,faulted,line,38,30,31,98.30508474576273,100.0,2.0,1
line_39_4503,samples\line_39_4503.npz,faulted,line,39,26,31,98.30508474576273,100.0,2.0,1
line_40_4504,samples\line_40_4504.npz,faulted,line,40,14,32,98.30508474576273,100.0,1.0,1
line_41_4505,samples\line_41_4505.npz,faulted,line,41,18,33,98.30508474576273,100.0,1.0,1
line_42_4506,samples\line_42_4506.npz,faulted,line,42,34,35,98.30508474576273,100.0,1.0,1
line_43_4507,samples\line_43_4507.npz,faulted,line,43,34,36,97.45762711864408,100.0,2.0,1
line_44_4508,samples\line_44_4508.npz,faulted,line,44,32,36,97.45762711864408,100.0,1.0,1
line_45_4509,samples\line_45_4509.npz,faulted,line,45,33,35,97.45762711864408,100.0,2.0,1
line_46_4510,samples\line_46_4510.npz,faulted,line,46,33,36,98.30508474576273,100.0,1.0,1
line_47_4511,samples\line_47_4511.npz,faulted,line,47,36,38,98.30508474576273,100.0,1.0,1
line_48_4512,samples\line_48_4512.npz,faulted,line,48,36,39,98.30508474576273,100.0,1.0,1
line_49_4513,samples\line_49_4513.npz,faulted,line,49,29,37,98.30508474576273,100.0,1.0,1
line_50_4514,samples\line_50_4514.npz,faulted,line,50,38,39,98.30508474576273,100.0,1.0,1
line_51_4515,samples\line_51_4515.npz,faulted,line,51,39,40,97.45762711864408,100.0,1.0,1
line_52_4516,samples\line_52_4516.npz,faulted,line,52,39,41,98.30508474576273,100.0,1.0,1
line_53_4517,samples\line_53_4517.npz,faulted,line,53,40,41,98.30508474576273,100.0,1.0,1
line_54_4518,samples\line_54_4518.npz,faulted,line,54,42,43,98.30508474576273,100.0,1.0,1
line_55_4519,samples\line_55_4519.npz,faulted,line,55,33,42,97.45762711864408,100.0,2.0,1
line_56_4520,samples\line_56_4520.npz,faulted,line,56,43,44,97.45762711864408,100.0,2.0,1
line_57_4521,samples\line_57_4521.npz,faulted,line,57,44,45,97.45762711864408,100.0,2.0,1
line_58_4522,samples\line_58_4522.npz,faulted,line,58,45,46,98.30508474576273,100.0,1.0,1
line_59_4523,samples\line_59_4523.npz,faulted,line,59,45,47,98.30508474576273,100.0,1.0,1
line_60_4524,samples\line_60_4524.npz,faulted,line,60,46,48,97.45762711864408,100.0,2.0,1
line_61_4525,samples\line_61_4525.npz,faulted,line,61,41,48,98.30508474576273,100.0,1.0,1
line_62_4526,samples\line_62_4526.npz,faulted,line,62,41,48,98.30508474576273,100.0,1.0,1
line_63_4527,samples\line_63_4527.npz,faulted,line,63,44,48,98.30508474576273,100.0,2.0,1
line_64_4528,samples\line_64_4528.npz,faulted,line,64,47,48,97.45762711864408,100.0,2.0,1
line_65_4529,samples\line_65_4529.npz,faulted,line,65,48,49,98.30508474576273,100.0,1.0,1
line_66_4530,samples\line_66_4530.npz,faulted,line,66,48,50,98.30508474576273,100.0,1.0,1
line_67_4531,samples\line_67_4531.npz,faulted,line,67,50,51,98.30508474576273,100.0,0.0,1
line_68_4532,samples\line_68_4532.npz,faulted,line,68,51,52,97.45762711864408,100.0,1.0,1
line_69_4533,samples\line_69_4533.npz,faulted,line,69,52,53,98.30508474576273,100.0,1.0,1
line_70_4534,samples\line_70_4534.npz,faulted,line,70,48,53,98.30508474576273,100.0,1.0,1
line_71_4535,samples\line_71_4535.npz,faulted,line,71,48,53,98.30508474576273,100.0,1.0,1
line_72_4536,samples\line_72_4536.npz,faulted,line,72,53,54,98.30508474576273,100.0,1.0,1
line_73_4537,samples\line_73_4537.npz,faulted,line,73,53,55,98.30508474576273,100.0,1.0,1
line_74_4538,samples\line_74_4538.npz,faulted,line,74,54,55,98.30508474576273,100.0,1.0,1
line_75_4539,samples\line_75_4539.npz,faulted,line,75,55,56,98.30508474576273,100.0,1.0,1
line_76_4540,samples\line_76_4540.npz,faulted,line,76,49,56,97.45762711864408,100.0,1.0,1
line_77_4541,samples\line_77_4541.npz,faulted,line,77,55,57,98.30508474576273,100.0,1.0,1
line_78_4542,samples\line_78_4542.npz,faulted,line,78,50,57,97.45762711864408,100.0,0.0,1
line_79_4543,samples\line_79_4543.npz,faulted,line,79,53,58,98.30508474576273,100.0,1.0,1
line_80_4544,samples\line_80_4544.npz,faulted,line,80,55,58,98.30508474576273,100.0,1.0,1
line_81_4545,samples\line_81_4545.npz,faulted,line,81,55,58,98.30508474576273,100.0,1.0,1
line_82_4546,samples\line_82_4546.npz,faulted,line,82,54,58,97.45762711864408,100.0,0.0,1
line_83_4547,samples\line_83_4547.npz,faulted,line,83,58,59,98.30508474576273,100.0,0.0,1
line_84_4548,samples\line_84_4548.npz,faulted,line,84,58,60,98.30508474576273,100.0,0.0,1
line_85_4549,samples\line_85_4549.npz,faulted,line,85,59,60,98.30508474576273,100.0,1.0,1
line_86_4550,samples\line_86_4550.npz,faulted,line,86,59,61,98.30508474576273,100.0,1.0,1
line_87_4551,samples\line_87_4551.npz,faulted,line,87,60,61,98.30508474576273,100.0,1.0,1
line_88_4552,samples\line_88_4552.npz,faulted,line,88,62,63,98.30508474576273,100.0,1.0,1
line_89_4553,samples\line_89_4553.npz,faulted,line,89,37,64,98.30508474576273,100.0,1.0,1
line_90_4554,samples\line_90_4554.npz,faulted,line,90,63,64,98.30508474576273,100.0,1.0,1
line_91_4555,samples\line_91_4555.npz,faulted,line,91,48,65,98.30508474576273,100.0,1.0,1
line_92_4556,samples\line_92_4556.npz,faulted,line,92,48,65,98.30508474576273,100.0,1.0,1
line_93_4557,samples\line_93_4557.npz,faulted,line,93,61,65,98.30508474576273,100.0,1.0,1
line_94_4558,samples\line_94_4558.npz,faulted,line,94,61,66,97.45762711864408,100.0,1.0,1
line_95_4559,samples\line_95_4559.npz,faulted,line,95,65,66,98.30508474576273,100.0,1.0,1
line_96_4560,samples\line_96_4560.npz,faulted,line,96,46,68,98.30508474576273,100.0,1.0,1
line_97_4561,samples\line_97_4561.npz,faulted,line,97,48,68,98.30508474576273,100.0,1.0,1
line_98_4562,samples\line_98_4562.npz,faulted,line,98,68,69,98.30508474576273,100.0,1.0,1
line_99_4563,samples\line_99_4563.npz,faulted,line,99,23,69,98.30508474576273,100.0,1.0,1
line_100_4564,samples\line_100_4564.npz,faulted,line,100,69,70,98.30508474576273,100.0,1.0,1
line_101_4565,samples\line_101_4565.npz,faulted,line,101,23,71,98.30508474576273,100.0,1.0,1
line_102_4566,samples\line_102_4566.npz,faulted,line,102,70,71,97.45762711864408,100.0,2.0,1
line_103_4567,samples\line_103_4567.npz,faulted,line,103,70,72,97.45762711864408,100.0,2.0,2
line_104_4568,samples\line_104_4568.npz,faulted,line,104,69,73,98.30508474576273,100.0,1.0,1
line_105_4569,samples\line_105_4569.npz,faulted,line,105,69,74,98.30508474576273,100.0,1.0,1
line_106_4570,samples\line_106_4570.npz,faulted,line,106,68,74,98.30508474576273,100.0,1.0,1
line_107_4571,samples\line_107_4571.npz,faulted,line,107,73,74,97.45762711864408,100.0,1.0,1
line_108_4572,samples\line_108_4572.npz,faulted,line,108,75,76,97.45762711864408,100.0,1.0,1
line_109_4573,samples\line_109_4573.npz,faulted,line,109,68,76,98.30508474576273,100.0,1.0,1
line_110_4574,samples\line_110_4574.npz,faulted,line,110,74,76,98.30508474576273,100.0,1.0,1
line_111_4575,samples\line_111_4575.npz,faulted,line,111,76,77,97.45762711864408,100.0,1.0,1
line_112_4576,samples\line_112_4576.npz,faulted,line,112,77,78,98.30508474576273,100.0,1.0,1
line_113_4577,samples\line_113_4577.npz,faulted,line,113,76,79,98.30508474576273,100.0,1.0,1
line_114_4578,samples\line_114_4578.npz,faulted,line,114,76,79,98.30508474576273,100.0,1.0,1
line_115_4579,samples\line_115_4579.npz,faulted,line,115,78,79,97.45762711864408,100.0,1.0,1
line_116_4580,samples\line_116_4580.npz,faulted,line,116,76,81,97.45762711864408,100.0,1.0,1
line_117_4581,samples\line_117_4581.npz,faulted,line,117,81,82,98.30508474576273,100.0,1.0,1
line_118_4582,samples\line_118_4582.npz,faulted,line,118,82,83,98.30508474576273,100.0,1.0,1
line_119_4583,samples\line_119_4583.npz,faulted,line,119,82,84,98.30508474576273,100.0,1.0,1
line_120_4584,samples\line_120_4584.npz,faulted,line,120,83,84,97.45762711864408,100.0,1.0,1
line_121_4585,samples\line_121_4585.npz,faulted,line,121,84,85,98.30508474576273,100.0,1.0,2
line_122_4586,samples\line_122_4586.npz,faulted,line,122,84,87,98.30508474576273,100.0,1.0,1
line_123_4587,samples\line_123_4587.npz,faulted,line,123,84,88,98.30508474576273,100.0,1.0,1
line_124_4588,samples\line_124_4588.npz,faulted,line,124,87,88,98.30508474576273,100.0,1.0,1
line_125_4589,samples\line_125_4589.npz,faulted,line,125,88,89,98.30508474576273,100.0,1.0,1
line_126_4590,samples\line_126_4590.npz,faulted,line,126,88,89,98.30508474576273,100.0,1.0,1
line_127_4591,samples\line_127_4591.npz,faulted,line,127,89,90,98.30508474576273,100.0,1.0,1
line_128_4592,samples\line_128_4592.npz,faulted,line,128,88,91,98.30508474576273,100.0,1.0,1
line_129_4593,samples\line_129_4593.npz,faulted,line,129,88,91,98.30508474576273,100.0,1.0,1
line_130_4594,samples\line_130_4594.npz,faulted,line,130,90,91,97.45762711864408,100.0,1.0,1
line_131_4595,samples\line_131_4595.npz,faulted,line,131,91,92,98.30508474576273,100.0,1.0,1
line_132_4596,samples\line_132_4596.npz,faulted,line,132,91,93,98.30508474576273,100.0,1.0,1
line_133_4597,samples\line_133_4597.npz,faulted,line,133,92,93,98.30508474576273,100.0,1.0,1
line_134_4598,samples\line_134_4598.npz,faulted,line,134,93,94,97.45762711864408,100.0,1.0,1
line_135_4599,samples\line_135_4599.npz,faulted,line,135,79,95,98.30508474576273,100.0,1.0,1
line_136_4600,samples\line_136_4600.npz,faulted,line,136,81,95,98.30508474576273,100.0,1.0,1
line_137_4601,samples\line_137_4601.npz,faulted,line,137,93,95,98.30508474576273,100.0,1.0,1
line_138_4602,samples\line_138_4602.npz,faulted,line,138,79,96,97.45762711864408,100.0,1.0,1
line_139_4603,samples\line_139_4603.npz,faulted,line,139,79,97,98.30508474576273,100.0,1.0,1
line_140_4604,samples\line_140_4604.npz,faulted,line,140,79,98,98.30508474576273,100.0,1.0,1
line_141_4605,samples\line_141_4605.npz,faulted,line,141,91,99,98.30508474576273,100.0,1.0,1
line_142_4606,samples\line_142_4606.npz,faulted,line,142,93,99,98.30508474576273,100.0,1.0,1
line_143_4607,samples\line_143_4607.npz,faulted,line,143,94,95,98.30508474576273,100.0,1.0,1
line_144_4608,samples\line_144_4608.npz,faulted,line,144,95,96,98.30508474576273,100.0,1.0,1
line_145_4609,samples\line_145_4609.npz,faulted,line,145,97,99,98.30508474576273,100.0,1.0,1
line_146_4610,samples\line_146_4610.npz,faulted,line,146,98,99,98.30508474576273,100.0,1.0,1
line_147_4611,samples\line_147_4611.npz,faulted,line,147,99,100,97.45762711864408,100.0,1.0,1
line_148_4612,samples\line_148_4612.npz,faulted,line,148,91,101,97.45762711864408,100.0,1.0,1
line_149_4613,samples\line_149_4613.npz,faulted,line,149,100,101,98.30508474576273,100.0,1.0,1
line_150_4614,samples\line_150_4614.npz,faulted,line,150,99,102,98.30508474576273,100.0,1.0,1
line_151_4615,samples\line_151_4615.npz,faulted,line,151,99,103,98.30508474576273,100.0,1.0,1
line_152_4616,samples\line_152_4616.npz,faulted,line,152,102,103,98.30508474576273,100.0,1.0,1
line_153_4617,samples\line_153_4617.npz,faulted,line,153,102,104,98.30508474576273,100.0,1.0,1
line_154_4618,samples\line_154_4618.npz,faulted,line,154,99,105,98.30508474576273,100.0,1.0,1
line_155_4619,samples\line_155_4619.npz,faulted,line,155,103,104,98.30508474576273,100.0,1.0,1
line_156_4620,samples\line_156_4620.npz,faulted,line,156,104,105,98.30508474576273,100.0,1.0,1
line_157_4621,samples\line_157_4621.npz,faulted,line,157,104,106,97.45762711864408,100.0,2.0,1
line_158_4622,samples\line_158_4622.npz,faulted,line,158,104,107,97.45762711864408,100.0,2.0,1
line_159_4623,samples\line_159_4623.npz,faulted,line,159,105,106,98.30508474576273,100.0,1.0,1
line_160_4624,samples\line_160_4624.npz,faulted,line,160,107,108,98.30508474576273,100.0,1.0,1
line_161_4625,samples\line_161_4625.npz,faulted,line,161,102,109,98.30508474576273,100.0,1.0,1
line_162_4626,samples\line_162_4626.npz,faulted,line,162,108,109,97.45762711864408,100.0,2.0,1
line_163_4627,samples\line_163_4627.npz,faulted,line,163,109,110,97.45762711864408,100.0,2.0,2
line_164_4628,samples\line_164_4628.npz,faulted,line,164,109,111,97.45762711864408,100.0,2.0,2
line_165_4629,samples\line_165_4629.npz,faulted,line,165,16,112,98.30508474576273,100.0,1.0,1
line_166_4630,samples\line_166_4630.npz,faulted,line,166,31,112,98.30508474576273,100.0,2.0,1
line_167_4631,samples\line_167_4631.npz,faulted,line,167,31,113,97.45762711864408,100.0,2.0,1
line_168_4632,samples\line_168_4632.npz,faulted,line,168,26,114,97.45762711864408,100.0,1.0,1
line_169_4633,samples\line_169_4633.npz,faulted,line,169,113,114,98.30508474576273,100.0,1.0,1
line_170_4634,samples\line_170_4634.npz,faulted,line,170,11,116,97.45762711864408,100.0,2.0,2
line_171_4635,samples\line_171_4635.npz,faulted,line,171,74,117,97.45762711864408,100.0,1.0,1
line_172_4636,samples\line_172_4636.npz,faulted,line,172,75,117,98.30508474576273,100.0,1.0,1
trafo_0_4637,samples\trafo_0_4637.npz,faulted,trafo,0,7,4,98.30508474576273,100.0,2.0,1
trafo_1_4638,samples\trafo_1_4638.npz,faulted,trafo,1,25,24,97.45762711864408,100.0,2.0,1
trafo_2_4639,samples\trafo_2_4639.npz,faulted,trafo,2,29,16,98.30508474576273,100.0,1.0,1
trafo_3_4640,samples\trafo_3_4640.npz,faulted,trafo,3,37,36,97.45762711864408,100.0,1.0,1
trafo_4_4641,samples\trafo_4_4641.npz,faulted,trafo,4,62,58,97.45762711864408,100.0,0.0,1
trafo_5_4642,samples\trafo_5_4642.npz,faulted,trafo,5,63,60,97.45762711864408,100.0,1.0,1
trafo_6_4643,samples\trafo_6_4643.npz,faulted,trafo,6,64,65,98.30508474576273,100.0,1.0,1
trafo_7_4644,samples\trafo_7_4644.npz,faulted,trafo,7,64,67,97.45762711864408,100.0,1.0,1
trafo_8_4645,samples\trafo_8_4645.npz,faulted,trafo,8,67,68,98.30508474576273,100.0,1.0,1
trafo_9_4646,samples\trafo_9_4646.npz,faulted,trafo,9,80,67,98.30508474576273,100.0,1.0,1
trafo_10_4647,samples\trafo_10_4647.npz,faulted,trafo,10,80,79,98.30508474576273,100.0,1.0,1
trafo_11_4648,samples\trafo_11_4648.npz,faulted,trafo,11,86,85,97.45762711864408,100.0,1.0,2
trafo_12_4649,samples\trafo_12_4649.npz,faulted,trafo,12,115,67,97.45762711864408,100.0,1.0,2
line_0_4650,samples\line_0_4650.npz,faulted,line,0,0,1,97.45762711864408,100.0,0.0,1
line_1_4651,samples\line_1_4651.npz,faulted,line,1,0,2,97.45762711864408,100.0,0.0,1
line_2_4652,samples\line_2_4652.npz,faulted,line,2,3,4,97.45762711864408,100.0,0.0,1
line_3_4653,samples\line_3_4653.npz,faulted,line,3,2,4,97.45762711864408,100.0,0.0,1
line_4_4654,samples\line_4_4654.npz,faulted,line,4,4,5,96.61016949152544,100.0,0.0,1
line_5_4655,samples\line_5_4655.npz,faulted,line,5,5,6,97.45762711864408,100.0,0.0,1
line_6_4656,samples\line_6_4656.npz,faulted,line,6,7,8,97.45762711864408,100.0,-1.0,2
line_7_4657,samples\line_7_4657.npz,faulted,line,7,8,9,96.61016949152544,100.0,0.0,2
line_8_4658,samples\line_8_4658.npz,faulted,line,8,3,10,97.45762711864408,100.0,0.0,1
line_9_4659,samples\line_9_4659.npz,faulted,line,9,4,10,97.45762711864408,100.0,0.0,1
line_10_4660,samples\line_10_4660.npz,faulted,line,10,10,11,97.45762711864408,100.0,0.0,1
line_11_4661,samples\line_11_4661.npz,faulted,line,11,1,11,97.45762711864408,100.0,0.0,1
line_12_4662,samples\line_12_4662.npz,faulted,line,12,2,11,97.45762711864408,100.0,0.0,1
line_13_4663,samples\line_13_4663.npz,faulted,line,13,6,11,96.61016949152544,100.0,1.0,1
line_14_4664,samples\line_14_4664.npz,faulted,line,14,10,12,96.61016949152544,100.0,0.0,1
line_15_4665,samples\line_15_4665.npz,faulted,line,15,11,13,96.61016949152544,100.0,0.0,1
line_16_4666,samples\line_16_4666.npz,faulted,line,16,12,14,97.45762711864408,100.0,0.0,1
line_17_4667,samples\line_17_4667.npz,faulted,line,17,13,14,97.45762711864408,100.0,0.0,1
line_18_4668,samples\line_18_4668.npz,faulted,line,18,11,15,97.45762711864408,100.0,0.0,1
line_19_4669,samples\line_19_4669.npz,faulted,line,19,14,16,96.61016949152544,100.0,0.0,1
line_20_4670,samples\line_20_4670.npz,faulted,line,20,15,16,97.45762711864408,100.0,0.0,1
line_21_4671,samples\line_21_4671.npz,faulted,line,21,16,17,96.61016949152544,100.0,1.0,1
line_22_4672,samples\line_22_4672.npz,faulted,line,22,17,18,97.45762711864408,100.0,0.0,1
line_23_4673,samples\line_23_4673.npz,faulted,line,23,18,19,97.45762711864408,100.0,0.0,1
line_24_4674,samples\line_24_4674.npz,faulted,line,24,14,18,97.45762711864408,100.0,0.0,1
line_25_4675,samples\line_25_4675.npz,faulted,line,25,19,20,96.61016949152544,100.0,1.0,1
line_26_4676,samples\line_26_4676.npz,faulted,line,26,20,21,97.45762711864408,100.0,0.0,1
line_27_4677,samples\line_27_4677.npz,faulted,line,27,21,22,96.61016949152544,100.0,2.0,1
line_28_4678,samples\line_28_4678.npz,faulted,line,28,22,23,96.61016949152544,100.0,1.0,1
line_29_4679,samples\line_29_4679.npz,faulted,line,29,22,24,97.45762711864408,100.0,2.0,1
line_30_4680,samples\line_30_4680.npz,faulted,line,30,24,26,97.45762711864408,100.0,0.0,1
line_31_4681,samples\line_31_4681.npz,faulted,line,31,26,27,97.45762711864408,100.0,-1.0,1
line_32_4682,samples\line_32_4682.npz,faulted,line,32,27,28,96.61016949152544,100.0,0.0,1
line_33_4683,samples\line_33_4683.npz,faulted,line,33,7,29,97.45762711864408,100.0,-1.0,1
line_34_4684,samples\line_34_4684.npz,faulted,line,34,25,29,97.45762711864408,100.0,0.0,1
line_35_4685,samples\line_35_4685.npz,faulted,line,35,16,30,97.45762711864408,100.0,0.0,1
line_36_4686,samples\line_36_4686.npz,faulted,line,36,28,30,97.45762711864408,100.0,0.0,1
line_37_4687,samples\line_37_4687.npz,faulted,line,37,22,31,97.45762711864408,100.0,2.0,1
line_38_4688,samples\line_38_4688.npz,faulted,line,38,30,31,97.45762711864408,100.0,0.0,1
line_39_4689,samples\line_39_4689.npz,faulted,line,39,26,31,97.45762711864408,100.0,0.0,1
line_40_4690,samples\line_40_4690.npz,faulted,line,40,14,32,97.45762711864408,100.0,0.0,1
line_41_4691,samples\line_41_4691.npz,faulted,line,41,18,33,97.45762711864408,100.0,0.0,1
line_42_4692,samples\line_42_4692.npz,faulted,line,42,34,35,97.45762711864408,100.0,0.0,1
line_43_4693,samples\line_43_4693.npz,faulted,line,43,34,36,96.61016949152544,100.0,1.0,1
line_44_4694,samples\line_44_4694.npz,faulted,line,44,32,36,96.61016949152544,100.0,0.0,1
line_45_4695,samples\line_45_4695.npz,faulted,line,45,33,35,96.61016949152544,100.0,1.0,1
line_46_4696,samples\line_46_4696.npz,faulted,line,46,33,36,97.45762711864408,100.0,0.0,1
line_47_4697,samples\line_47_4697.npz,faulted,line,47,36,38,97.45762711864408,100.0,0.0,1
line_48_4698,samples\line_48_4698.npz,faulted,line,48,36,39,97.45762711864408,100.0,0.0,1
line_49_4699,samples\line_49_4699.npz,faulted,line,49,29,37,97.45762711864408,100.0,0.0,1
line_50_4700,samples\line_50_4700.npz,faulted,line,50,38,39,97.45762711864408,100.0,0.0,1
line_51_4701,samples\line_51_4701.npz,faulted,line,51,39,40,96.61016949152544,100.0,0.0,1
line_52_4702,samples\line_52_4702.npz,faulted,line,52,39,41,97.45762711864408,100.0,0.0,1
line_53_4703,samples\line_53_4703.npz,faulted,line,53,40,41,97.45762711864408,100.0,0.0,1
line_54_4704,samples\line_54_4704.npz,faulted,line,54,42,43,97.45762711864408,100.0,0.0,1
line_55_4705,samples\line_55_4705.npz,faulted,line,55,33,42,96.61016949152544,100.0,1.0,1
line_56_4706,samples\line_56_4706.npz,faulted,line,56,43,44,96.61016949152544,100.0,1.0,1
line_57_4707,samples\line_57_4707.npz,faulted,line,57,44,45,96.61016949152544,100.0,1.0,1
line_58_4708,samples\line_58_4708.npz,faulted,line,58,45,46,97.45762711864408,100.0,0.0,1
line_59_4709,samples\line_59_4709.npz,faulted,line,59,45,47,97.45762711864408,100.0,0.0,1
line_60_4710,samples\line_60_4710.npz,faulted,line,60,46,48,96.61016949152544,100.0,1.0,1
line_61_4711,samples\line_61_4711.npz,faulted,line,61,41,48,97.45762711864408,100.0,0.0,1
line_62_4712,samples\line_62_4712.npz,faulted,line,62,41,48,97.45762711864408,100.0,0.0,1
line_63_4713,samples\line_63_4713.npz,faulted,line,63,44,48,97.45762711864408,100.0,1.0,1
line_64_4714,samples\line_64_4714.npz,faulted,line,64,47,48,96.61016949152544,100.0,1.0,1
line_65_4715,samples\line_65_4715.npz,faulted,line,65,48,49,97.45762711864408,100.0,1.0,2
line_66_4716,samples\line_66_4716.npz,faulted,line,66,48,50,97.45762711864408,100.0,0.0,1
line_67_4717,samples\line_67_4717.npz,faulted,line,67,50,51,97.45762711864408,100.0,0.0,1
line_68_4718,samples\line_68_4718.npz,faulted,line,68,51,52,96.61016949152544,100.0,1.0,1
line_69_4719,samples\line_69_4719.npz,faulted,line,69,52,53,97.45762711864408,100.0,0.0,1
line_70_4720,samples\line_70_4720.npz,faulted,line,70,48,53,97.45762711864408,100.0,0.0,1
line_71_4721,samples\line_71_4721.npz,faulted,line,71,48,53,97.45762711864408,100.0,0.0,1
line_72_4722,samples\line_72_4722.npz,faulted,line,72,53,54,97.45762711864408,100.0,0.0,1
line_73_4723,samples\line_73_4723.npz,faulted,line,73,53,55,97.45762711864408,100.0,0.0,1
line_74_4724,samples\line_74_4724.npz,faulted,line,74,54,55,97.45762711864408,100.0,2.0,1
line_75_4725,samples\line_75_4725.npz,faulted,line,75,55,56,97.45762711864408,100.0,2.0,2
line_76_4726,samples\line_76_4726.npz,faulted,line,76,49,56,97.45762711864408,100.0,0.0,1
line_77_4727,samples\line_77_4727.npz,faulted,line,77,55,57,97.45762711864408,100.0,2.0,1
line_78_4728,samples\line_78_4728.npz,faulted,line,78,50,57,96.61016949152544,100.0,0.0,1
line_79_4729,samples\line_79_4729.npz,faulted,line,79,53,58,97.45762711864408,100.0,0.0,1
line_80_4730,samples\line_80_4730.npz,faulted,line,80,55,58,97.45762711864408,100.0,0.0,1
line_81_4731,samples\line_81_4731.npz,faulted,line,81,55,58,97.45762711864408,100.0,0.0,1
line_82_4732,samples\line_82_4732.npz,faulted,line,82,54,58,96.61016949152544,100.0,0.0,1
line_83_4733,samples\line_83_4733.npz,faulted,line,83,58,59,97.45762711864408,100.0,0.0,1
line_84_4734,samples\line_84_4734.npz,faulted,line,84,58,60,97.45762711864408,100.0,0.0,1
line_85_4735,samples\line_85_4735.npz,faulted,line,85,59,60,97.45762711864408,100.0,-1.0,1
line_86_4736,samples\line_86_4736.npz,faulted,line,86,59,61,97.45762711864408,100.0,0.0,1
line_87_4737,samples\line_87_4737.npz,faulted,line,87,60,61,97.45762711864408,100.0,-1.0,1
line_88_4738,samples\line_88_4738.npz,faulted,line,88,62,63,97.45762711864408,100.0,0.0,2
line_89_4739,samples\line_89_4739.npz,faulted,line,89,37,64,97.45762711864408,100.0,0.0,1
line_90_4740,samples\line_90_4740.npz,faulted,line,90,63,64,97.45762711864408,100.0,0.0,1
line_91_4741,samples\line_91_4741.npz,faulted,line,91,48,65,97.45762711864408,100.0,0.0,1
line_92_4742,samples\line_92_4742.npz,faulted,line,92,48,65,97.45762711864408,100.0,0.0,1
line_93_4743,samples\line_93_4743.npz,faulted,line,93,61,65,97.45762711864408,100.0,0.0,1
line_94_4744,samples\line_94_4744.npz,faulted,line,94,61,66,96.61016949152544,100.0,0.0,1
line_95_4745,samples\line_95_4745.npz,faulted,line,95,65,66,97.45762711864408,100.0,0.0,1
line_96_4746,samples\line_96_4746.npz,faulted,line,96,46,68,97.45762711864408,100.0,0.0,1
line_97_4747,samples\line_97_4747.npz,faulted,line,97,48,68,97.45762711864408,100.0,0.0,1
line_98_4748,samples\line_98_4748.npz,faulted,line,98,68,69,97.45762711864408,100.0,0.0,1
line_99_4749,samples\line_99_4749.npz,faulted,line,99,23,69,97.45762711864408,100.0,0.0,1
line_100_4750,samples\line_100_4750.npz,faulted,line,100,69,70,97.45762711864408,100.0,0.0,1
line_101_4751,samples\line_101_4751.npz,faulted,line,101,23,71,97.45762711864408,100.0,0.0,1
line_102_4752,samples\line_102_4752.npz,faulted,line,102,70,71,96.61016949152544,100.0,2.0,1
line_103_4753,samples\line_103_4753.npz,faulted,line,103,70,72,96.61016949152544,100.0,2.0,2
line_104_4754,samples\line_104_4754.npz,faulted,line,104,69,73,97.45762711864408,100.0,0.0,1
line_105_4755,samples\line_105_4755.npz,faulted,line,105,69,74,97.45762711864408,100.0,0.0,1
line_106_4756,samples\line_106_4756.npz,faulted,line,106,68,74,97.45762711864408,100.0,0.0,1
line_107_4757,samples\line_107_4757.npz,faulted,line,107,73,74,96.61016949152544,100.0,1.0,1
line_108_4758,samples\line_108_4758.npz,faulted,line,108,75,76,96.61016949152544,100.0,1.0,1
line_109_4759,samples\line_109_4759.npz,faulted,line,109,68,76,97.45762711864408,100.0,0.0,1
line_110_4760,samples\line_110_4760.npz,faulted,line,110,74,76,97.45762711864408,100.0,1.0,1
line_111_4761,samples\line_111_4761.npz,faulted,line,111,76,77,96.61016949152544,100.0,1.0,1
line_112_4762,samples\line_112_4762.npz,faulted,line,112,77,78,97.45762711864408,100.0,0.0,1
line_113_4763,samples\line_113_4763.npz,faulted,line,113,76,79,97.45762711864408,100.0,0.0,1
line_114_4764,samples\line_114_4764.npz,faulted,line,114,76,79,97.45762711864408,100.0,0.0,1
line_115_4765,samples\line_115_4765.npz,faulted,line,115,78,79,96.61016949152544,100.0,0.0,1
line_116_4766,samples\line_116_4766.npz,faulted,line,116,76,81,96.61016949152544,100.0,1.0,1
line_117_4767,samples\line_117_4767.npz,faulted,line,117,81,82,97.45762711864408,100.0,0.0,1
line_118_4768,samples\line_118_4768.npz,faulted,line,118,82,83,97.45762711864408,100.0,0.0,1
line_119_4769,samples\line_119_4769.npz,faulted,line,119,82,84,96.61016949152544,100.0,1.0,1
line_120_4770,samples\line_120_4770.npz,faulted,line,120,83,84,96.61016949152544,100.0,1.0,1
line_121_4771,samples\line_121_4771.npz,faulted,line,121,84,85,97.45762711864408,100.0,0.0,2
line_122_4772,samples\line_122_4772.npz,faulted,line,122,84,87,97.45762711864408,100.0,0.0,1
line_123_4773,samples\line_123_4773.npz,faulted,line,123,84,88,97.45762711864408,100.0,0.0,1
line_124_4774,samples\line_124_4774.npz,faulted,line,124,87,88,97.45762711864408,100.0,0.0,1
line_125_4775,samples\line_125_4775.npz,faulted,line,125,88,89,97.45762711864408,100.0,0.0,1
line_126_4776,samples\line_126_4776.npz,faulted,line,126,88,89,97.45762711864408,100.0,0.0,1
line_127_4777,samples\line_127_4777.npz,faulted,line,127,89,90,97.45762711864408,100.0,0.0,1
line_128_4778,samples\line_128_4778.npz,faulted,line,128,88,91,97.45762711864408,100.0,0.0,1
line_129_4779,samples\line_129_4779.npz,faulted,line,129,88,91,97.45762711864408,100.0,0.0,1
line_130_4780,samples\line_130_4780.npz,faulted,line,130,90,91,96.61016949152544,100.0,0.0,1
line_131_4781,samples\line_131_4781.npz,faulted,line,131,91,92,97.45762711864408,100.0,0.0,1
line_132_4782,samples\line_132_4782.npz,faulted,line,132,91,93,97.45762711864408,100.0,0.0,1
line_133_4783,samples\line_133_4783.npz,faulted,line,133,92,93,97.45762711864408,100.0,0.0,1
line_134_4784,samples\line_134_4784.npz,faulted,line,134,93,94,96.61016949152544,100.0,0.0,1
line_135_4785,samples\line_135_4785.npz,faulted,line,135,79,95,97.45762711864408,100.0,0.0,1
line_136_4786,samples\line_136_4786.npz,faulted,line,136,81,95,97.45762711864408,100.0,0.0,1
line_137_4787,samples\line_137_4787.npz,faulted,line,137,93,95,97.45762711864408,100.0,0.0,1
line_138_4788,samples\line_138_4788.npz,faulted,line,138,79,96,96.61016949152544,100.0,0.0,1
line_139_4789,samples\line_139_4789.npz,faulted,line,139,79,97,97.45762711864408,100.0,0.0,1
line_140_4790,samples\line_140_4790.npz,faulted,line,140,79,98,97.45762711864408,100.0,0.0,1
line_141_4791,samples\line_141_4791.npz,faulted,line,141,91,99,97.45762711864408,100.0,1.0,1
line_142_4792,samples\line_142_4792.npz,faulted,line,142,93,99,97.45762711864408,100.0,1.0,1
line_143_4793,samples\line_143_4793.npz,faulted,line,143,94,95,97.45762711864408,100.0,0.0,1
line_144_4794,samples\line_144_4794.npz,faulted,line,144,95,96,97.45762711864408,100.0,0.0,1
line_145_4795,samples\line_145_4795.npz,faulted,line,145,97,99,97.45762711864408,100.0,1.0,1
line_146_4796,samples\line_146_4796.npz,faulted,line,146,98,99,97.45762711864408,100.0,1.0,1
line_147_4797,samples\line_147_4797.npz,faulted,line,147,99,100,96.61016949152544,100.0,1.0,1
line_148_4798,samples\line_148_4798.npz,faulted,line,148,91,101,96.61016949152544,100.0,0.0,1
line_149_4799,samples\line_149_4799.npz,faulted,line,149,100,101,97.45762711864408,100.0,0.0,1
line_150_4800,samples\line_150_4800.npz,faulted,line,150,99,102,97.45762711864408,100.0,1.0,1
line_151_4801,samples\line_151_4801.npz,faulted,line,151,99,103,97.45762711864408,100.0,1.0,1
line_152_4802,samples\line_152_4802.npz,faulted,line,152,102,103,97.45762711864408,100.0,0.0,1
line_153_4803,samples\line_153_4803.npz,faulted,line,153,102,104,97.45762711864408,100.0,0.0,1
line_154_4804,samples\line_154_4804.npz,faulted,line,154,99,105,97.45762711864408,100.0,1.0,1
line_155_4805,samples\line_155_4805.npz,faulted,line,155,103,104,97.45762711864408,100.0,0.0,1
line_156_4806,samples\line_156_4806.npz,faulted,line,156,104,105,97.45762711864408,100.0,0.0,1
line_157_4807,samples\line_157_4807.npz,faulted,line,157,104,106,96.61016949152544,100.0,1.0,1
line_158_4808,samples\line_158_4808.npz,faulted,line,158,104,107,96.61016949152544,100.0,1.0,1
line_159_4809,samples\line_159_4809.npz,faulted,line,159,105,106,97.45762711864408,100.0,0.0,1
line_160_4810,samples\line_160_4810.npz,faulted,line,160,107,108,97.45762711864408,100.0,0.0,1
line_161_4811,samples\line_161_4811.npz,faulted,line,161,102,109,97.45762711864408,100.0,0.0,1
line_162_4812,samples\line_162_4812.npz,faulted,line,162,108,109,96.61016949152544,100.0,1.0,1
line_163_4813,samples\line_163_4813.npz,faulted,line,163,109,110,96.61016949152544,100.0,1.0,2
line_164_4814,samples\line_164_4814.npz,faulted,line,164,109,111,96.61016949152544,100.0,1.0,2
line_165_4815,samples\line_165_4815.npz,faulted,line,165,16,112,96.61016949152544,100.0,1.0,2
line_166_4816,samples\line_166_4816.npz,faulted,line,166,31,112,97.45762711864408,100.0,0.0,1
line_167_4817,samples\line_167_4817.npz,faulted,line,167,31,113,96.61016949152544,100.0,0.0,1
line_168_4818,samples\line_168_4818.npz,faulted,line,168,26,114,96.61016949152544,100.0,-1.0,1
line_169_4819,samples\line_169_4819.npz,faulted,line,169,113,114,97.45762711864408,100.0,0.0,1
line_170_4820,samples\line_170_4820.npz,faulted,line,170,11,116,96.61016949152544,100.0,1.0,2
line_171_4821,samples\line_171_4821.npz,faulted,line,171,74,117,96.61016949152544,100.0,1.0,1
line_172_4822,samples\line_172_4822.npz,faulted,line,172,75,117,97.45762711864408,100.0,0.0,1
trafo_0_4823,samples\trafo_0_4823.npz,faulted,trafo,0,7,4,97.45762711864408,100.0,0.0,1
trafo_1_4824,samples\trafo_1_4824.npz,faulted,trafo,1,25,24,96.61016949152544,100.0,0.0,1
trafo_2_4825,samples\trafo_2_4825.npz,faulted,trafo,2,29,16,97.45762711864408,100.0,0.0,1
trafo_3_4826,samples\trafo_3_4826.npz,faulted,trafo,3,37,36,96.61016949152544,100.0,-1.0,1
trafo_4_4827,samples\trafo_4_4827.npz,faulted,trafo,4,62,58,97.45762711864408,100.0,0.0,1
trafo_5_4828,samples\trafo_5_4828.npz,faulted,trafo,5,63,60,96.61016949152544,100.0,-1.0,1
trafo_6_4829,samples\trafo_6_4829.npz,faulted,trafo,6,64,65,97.45762711864408,100.0,0.0,1
trafo_7_4830,samples\trafo_7_4830.npz,faulted,trafo,7,64,67,96.61016949152544,100.0,0.0,1
trafo_8_4831,samples\trafo_8_4831.npz,faulted,trafo,8,67,68,97.45762711864408,100.0,0.0,1
trafo_9_4832,samples\trafo_9_4832.npz,faulted,trafo,9,80,67,97.45762711864408,100.0,0.0,1
trafo_10_4833,samples\trafo_10_4833.npz,faulted,trafo,10,80,79,97.45762711864408,100.0,0.0,1
trafo_11_4834,samples\trafo_11_4834.npz,faulted,trafo,11,86,85,96.61016949152544,100.0,0.0,2
trafo_12_4835,samples\trafo_12_4835.npz,faulted,trafo,12,115,67,96.61016949152544,100.0,1.0,2
line_0_4836,samples\line_0_4836.npz,faulted,line,0,0,1,99.15254237288136,100.0,2.0,2
line_1_4837,samples\line_1_4837.npz,faulted,line,1,0,2,99.15254237288136,100.0,2.0,2
line_2_4838,samples\line_2_4838.npz,faulted,line,2,3,4,99.15254237288136,100.0,2.0,2
line_3_4839,samples\line_3_4839.npz,faulted,line,3,2,4,99.15254237288136,100.0,2.0,2
line_4_4840,samples\line_4_4840.npz,faulted,line,4,4,5,98.30508474576273,100.0,3.0,2
line_5_4841,samples\line_5_4841.npz,faulted,line,5,5,6,99.15254237288136,100.0,2.0,2
line_6_4842,samples\line_6_4842.npz,faulted,line,6,7,8,99.15254237288136,100.0,2.0,3
line_7_4843,samples\line_7_4843.npz,faulted,line,7,8,9,98.30508474576273,100.0,3.0,3
line_8_4844,samples\line_8_4844.npz,faulted,line,8,3,10,99.15254237288136,100.0,2.0,2
line_9_4845,samples\line_9_4845.npz,faulted,line,9,4,10,99.15254237288136,100.0,2.0,2
line_10_4846,samples\line_10_4846.npz,faulted,line,10,10,11,99.15254237288136,100.0,2.0,2
line_11_4847,samples\line_11_4847.npz,faulted,line,11,1,11,99.15254237288136,100.0,2.0,2
line_12_4848,samples\line_12_4848.npz,faulted,line,12,2,11,99.15254237288136,100.0,2.0,2
line_13_4849,samples\line_13_4849.npz,faulted,line,13,6,11,98.30508474576273,100.0,3.0,2
line_14_4850,samples\line_14_4850.npz,faulted,line,14,10,12,98.30508474576273,100.0,2.0,2
line_15_4851,samples\line_15_4851.npz,faulted,line,15,11,13,98.30508474576273,100.0,1.0,2
line_16_4852,samples\line_16_4852.npz,faulted,line,16,12,14,99.15254237288136,100.0,2.0,2
line_17_4853,samples\line_17_4853.npz,faulted,line,17,13,14,99.15254237288136,100.0,2.0,2
line_18_4854,samples\line_18_4854.npz,faulted,line,18,11,15,99.15254237288136,100.0,2.0,2
line_19_4855,samples\line_19_4855.npz,faulted,line,19,14,16,98.30508474576273,100.0,0.0,2
line_20_4856,samples\line_20_4856.npz,faulted,line,20,15,16,99.15254237288136,100.0,2.0,2
line_21_4857,samples\line_21_4857.npz,faulted,line,21,16,17,98.30508474576273,100.0,0.0,2
line_22_4858,samples\line_22_4858.npz,faulted,line,22,17,18,99.15254237288136,100.0,2.0,2
line_23_4859,samples\line_23_4859.npz,faulted,line,23,18,19,99.15254237288136,100.0,1.0,2
line_24_4860,samples\line_24_4860.npz,faulted,line,24,14,18,99.15254237288136,100.0,2.0,2
line_25_4861,samples\line_25_4861.npz,faulted,line,25,19,20,98.30508474576273,100.0,2.0,2
line_26_4862,samples\line_26_4862.npz,faulted,line,26,20,21,99.15254237288136,100.0,2.0,2
line_27_4863,samples\line_27_4863.npz,faulted,line,27,21,22,98.30508474576273,100.0,2.0,2
line_28_4864,samples\line_28_4864.npz,faulted,line,28,22,23,98.30508474576273,100.0,1.0,2
line_29_4865,samples\line_29_4865.npz,faulted,line,29,22,24,99.15254237288136,100.0,2.0,2
line_30_4866,samples\line_30_4866.npz,faulted,line,30,24,26,99.15254237288136,100.0,0.0,2
line_31_4867,samples\line_31_4867.npz,faulted,line,31,26,27,99.15254237288136,100.0,-1.0,2
line_32_4868,samples\line_32_4868.npz,faulted,line,32,27,28,98.30508474576273,100.0,2.0,2
line_33_4869,samples\line_33_4869.npz,faulted,line,33,7,29,99.15254237288136,100.0,2.0,2
line_34_4870,samples\line_34_4870.npz,faulted,line,34,25,29,99.15254237288136,100.0,2.0,2
line_35_4871,samples\line_35_4871.npz,faulted,line,35,16,30,99.15254237288136,100.0,0.0,2
line_36_4872,samples\line_36_4872.npz,faulted,line,36,28,30,99.15254237288136,100.0,2.0,2
line_37_4873,samples\line_37_4873.npz,faulted,line,37,22,31,99.15254237288136,100.0,2.0,2
line_38_4874,samples\line_38_4874.npz,faulted,line,38,30,31,99.15254237288136,100.0,2.0,2
line_39_4875,samples\line_39_4875.npz,faulted,line,39,26,31,99.15254237288136,100.0,0.0,2
line_40_4876,samples\line_40_4876.npz,faulted,line,40,14,32,99.15254237288136,100.0,2.0,2
line_41_4877,samples\line_41_4877.npz,faulted,line,41,18,33,99.15254237288136,100.0,2.0,2
line_42_4878,samples\line_42_4878.npz,faulted,line,42,34,35,99.15254237288136,100.0,2.0,2
line_43_4879,samples\line_43_4879.npz,faulted,line,43,34,36,98.30508474576273,100.0,3.0,2
line_44_4880,samples\line_44_4880.npz,faulted,line,44,32,36,98.30508474576273,100.0,1.0,2
line_45_4881,samples\line_45_4881.npz,faulted,line,45,33,35,98.30508474576273,100.0,3.0,2
line_46_4882,samples\line_46_4882.npz,faulted,line,46,33,36,99.15254237288136,100.0,1.0,2
line_47_4883,samples\line_47_4883.npz,faulted,line,47,36,38,99.15254237288136,100.0,2.0,2
line_48_4884,samples\line_48_4884.npz,faulted,line,48,36,39,99.15254237288136,100.0,2.0,2
line_49_4885,samples\line_49_4885.npz,faulted,line,49,29,37,99.15254237288136,100.0,2.0,2
line_50_4886,samples\line_50_4886.npz,faulted,line,50,38,39,99.15254237288136,100.0,2.0,2
line_51_4887,samples\line_51_4887.npz,faulted,line,51,39,40,98.30508474576273,100.0,2.0,2
line_52_4888,samples\line_52_4888.npz,faulted,line,52,39,41,99.15254237288136,100.0,2.0,2
line_53_4889,samples\line_53_4889.npz,faulted,line,53,40,41,99.15254237288136,100.0,2.0,2
line_54_4890,samples\line_54_4890.npz,faulted,line,54,42,43,99.15254237288136,100.0,2.0,2
line_55_4891,samples\line_55_4891.npz,faulted,line,55,33,42,98.30508474576273,100.0,3.0,2
line_56_4892,samples\line_56_4892.npz,faulted,line,56,43,44,98.30508474576273,100.0,3.0,2
line_57_4893,samples\line_57_4893.npz,faulted,line,57,44,45,98.30508474576273,100.0,3.0,2
line_58_4894,samples\line_58_4894.npz,faulted,line,58,45,46,99.15254237288136,100.0,2.0,2
line_59_4895,samples\line_59_4895.npz,faulted,line,59,45,47,99.15254237288136,100.0,2.0,2
line_60_4896,samples\line_60_4896.npz,faulted,line,60,46,48,98.30508474576273,100.0,3.0,2
line_61_4897,samples\line_61_4897.npz,faulted,line,61,41,48,99.15254237288136,100.0,2.0,2
line_62_4898,samples\line_62_4898.npz,faulted,line,62,41,48,99.15254237288136,100.0,2.0,2
line_63_4899,samples\line_63_4899.npz,faulted,line,63,44,48,99.15254237288136,100.0,3.0,2
line_64_4900,samples\line_64_4900.npz,faulted,line,64,47,48,98.30508474576273,100.0,3.0,2
line_65_4901,samples\line_65_4901.npz,faulted,line,65,48,49,99.15254237288136,100.0,2.0,2
line_66_4902,samples\line_66_4902.npz,faulted,line,66,48,50,99.15254237288136,100.0,2.0,2
line_67_4903,samples\line_67_4903.npz,faulted,line,67,50,51,99.15254237288136,100.0,1.0,2
line_68_4904,samples\line_68_4904.npz,faulted,line,68,51,52,98.30508474576273,100.0,2.0,2
line_69_4905,samples\line_69_4905.npz,faulted,line,69,52,53,99.15254237288136,100.0,2.0,2
line_70_4906,samples\line_70_4906.npz,faulted,line,70,48,53,99.15254237288136,100.0,2.0,2
line_71_4907,samples\line_71_4907.npz,faulted,line,71,48,53,99.15254237288136,100.0,2.0,2
line_72_4908,samples\line_72_4908.npz,faulted,line,72,53,54,99.15254237288136,100.0,2.0,2
line_73_4909,samples\line_73_4909.npz,faulted,line,73,53,55,99.15254237288136,100.0,2.0,2
line_74_4910,samples\line_74_4910.npz,faulted,line,74,54,55,99.15254237288136,100.0,2.0,2
line_75_4911,samples\line_75_4911.npz,faulted,line,75,55,56,99.15254237288136,100.0,2.0,2
line_76_4912,samples\line_76_4912.npz,faulted,line,76,49,56,98.30508474576273,100.0,2.0,2
line_77_4913,samples\line_77_4913.npz,faulted,line,77,55,57,99.15254237288136,100.0,2.0,2
line_78_4914,samples\line_78_4914.npz,faulted,line,78,50,57,98.30508474576273,100.0,1.0,2
line_79_4915,samples\line_79_4915.npz,faulted,line,79,53,58,99.15254237288136,100.0,2.0,2
line_80_4916,samples\line_80_4916.npz,faulted,line,80,55,58,99.15254237288136,100.0,2.0,2
line_81_4917,samples\line_81_4917.npz,faulted,line,81,55,58,99.15254237288136,100.0,2.0,2
line_82_4918,samples\line_82_4918.npz,faulted,line,82,54,58,98.30508474576273,100.0,2.0,2
line_83_4919,samples\line_83_4919.npz,faulted,line,83,58,59,99.15254237288136,100.0,2.0,2
line_84_4920,samples\line_84_4920.npz,faulted,line,84,58,60,99.15254237288136,100.0,2.0,2
line_85_4921,samples\line_85_4921.npz,faulted,line,85,59,60,99.15254237288136,100.0,2.0,2
line_86_4922,samples\line_86_4922.npz,faulted,line,86,59,61,99.15254237288136,100.0,2.0,2
line_87_4923,samples\line_87_4923.npz,faulted,line,87,60,61,99.15254237288136,100.0,2.0,2
line_88_4924,samples\line_88_4924.npz,faulted,line,88,62,63,99.15254237288136,100.0,2.0,2
line_89_4925,samples\line_89_4925.npz,faulted,line,89,37,64,99.15254237288136,100.0,2.0,2
line_90_4926,samples\line_90_4926.npz,faulted,line,90,63,64,99.15254237288136,100.0,3.0,2
line_91_4927,samples\line_91_4927.npz,faulted,line,91,48,65,99.15254237288136,100.0,2.0,2
line_92_4928,samples\line_92_4928.npz,faulted,line,92,48,65,99.15254237288136,100.0,2.0,2
line_93_4929,samples\line_93_4929.npz,faulted,line,93,61,65,99.15254237288136,100.0,2.0,2
line_94_4930,samples\line_94_4930.npz,faulted,line,94,61,66,98.30508474576273,100.0,2.0,2
line_95_4931,samples\line_95_4931.npz,faulted,line,95,65,66,99.15254237288136,100.0,2.0,2
line_96_4932,samples\line_96_4932.npz,faulted,line,96,46,68,99.15254237288136,100.0,2.0,2
line_97_4933,samples\line_97_4933.npz,faulted,line,97,48,68,99.15254237288136,100.0,2.0,2
line_98_4934,samples\line_98_4934.npz,faulted,line,98,68,69,99.15254237288136,100.0,2.0,2
line_99_4935,samples\line_99_4935.npz,faulted,line,99,23,69,99.15254237288136,100.0,0.0,2
line_100_4936,samples\line_100_4936.npz,faulted,line,100,69,70,99.15254237288136,100.0,1.0,2
line_101_4937,samples\line_101_4937.npz,faulted,line,101,23,71,99.15254237288136,100.0,1.0,2
line_102_4938,samples\line_102_4938.npz,faulted,line,102,70,71,98.30508474576273,100.0,2.0,2
line_103_4939,samples\line_103_4939.npz,faulted,line,103,70,72,98.30508474576273,100.0,2.0,3
line_104_4940,samples\line_104_4940.npz,faulted,line,104,69,73,99.15254237288136,100.0,1.0,2
line_105_4941,samples\line_105_4941.npz,faulted,line,105,69,74,99.15254237288136,100.0,2.0,2
line_106_4942,samples\line_106_4942.npz,faulted,line,106,68,74,99.15254237288136,100.0,2.0,2
line_107_4943,samples\line_107_4943.npz,faulted,line,107,73,74,98.30508474576273,100.0,2.0,2
line_108_4944,samples\line_108_4944.npz,faulted,line,108,75,76,98.30508474576273,100.0,1.0,2
line_109_4945,samples\line_109_4945.npz,faulted,line,109,68,76,99.15254237288136,100.0,2.0,2
line_110_4946,samples\line_110_4946.npz,faulted,line,110,74,76,99.15254237288136,100.0,1.0,2
line_111_4947,samples\line_111_4947.npz,faulted,line,111,76,77,98.30508474576273,100.0,1.0,2
line_112_4948,samples\line_112_4948.npz,faulted,line,112,77,78,99.15254237288136,100.0,2.0,2
line_113_4949,samples\line_113_4949.npz,faulted,line,113,76,79,99.15254237288136,100.0,2.0,2
line_114_4950,samples\line_114_4950.npz,faulted,line,114,76,79,99.15254237288136,100.0,2.0,2
line_115_4951,samples\line_115_4951.npz,faulted,line,115,78,79,98.30508474576273,100.0,3.0,2
line_116_4952,samples\line_116_4952.npz,faulted,line,116,76,81,98.30508474576273,100.0,1.0,2
line_117_4953,samples\line_117_4953.npz,faulted,line,117,81,82,99.15254237288136,100.0,2.0,2
line_118_4954,samples\line_118_4954.npz,faulted,line,118,82,83,99.15254237288136,100.0,2.0,2
line_119_4955,samples\line_119_4955.npz,faulted,line,119,82,84,98.30508474576273,100.0,3.0,2
line_120_4956,samples\line_120_4956.npz,faulted,line,120,83,84,98.30508474576273,100.0,3.0,2
line_121_4957,samples\line_121_4957.npz,faulted,line,121,84,85,99.15254237288136,100.0,2.0,3
line_122_4958,samples\line_122_4958.npz,faulted,line,122,84,87,99.15254237288136,100.0,2.0,2
line_123_4959,samples\line_123_4959.npz,faulted,line,123,84,88,99.15254237288136,100.0,2.0,2
line_124_4960,samples\line_124_4960.npz,faulted,line,124,87,88,99.15254237288136,100.0,2.0,2
line_125_4961,samples\line_125_4961.npz,faulted,line,125,88,89,99.15254237288136,100.0,2.0,2
line_126_4962,samples\line_126_4962.npz,faulted,line,126,88,89,99.15254237288136,100.0,2.0,2
line_127_4963,samples\line_127_4963.npz,faulted,line,127,89,90,99.15254237288136,100.0,2.0,2
line_128_4964,samples\line_128_4964.npz,faulted,line,128,88,91,99.15254237288136,100.0,2.0,2
line_129_4965,samples\line_129_4965.npz,faulted,line,129,88,91,99.15254237288136,100.0,2.0,2
line_130_4966,samples\line_130_4966.npz,faulted,line,130,90,91,98.30508474576273,100.0,2.0,2
line_131_4967,samples\line_131_4967.npz,faulted,line,131,91,92,99.15254237288136,100.0,2.0,2
line_132_4968,samples\line_132_4968.npz,faulted,line,132,91,93,99.15254237288136,100.0,2.0,2
line_133_4969,samples\line_133_4969.npz,faulted,line,133,92,93,99.15254237288136,100.0,2.0,2
line_134_4970,samples\line_134_4970.npz,faulted,line,134,93,94,98.30508474576273,100.0,2.0,2
line_135_4971,samples\line_135_4971.npz,faulted,line,135,79,95,99.15254237288136,100.0,2.0,2
line_136_4972,samples\line_136_4972.npz,faulted,line,136,81,95,99.15254237288136,100.0,2.0,2
line_137_4973,samples\line_137_4973.npz,faulted,line,137,93,95,99.15254237288136,100.0,2.0,2
line_138_4974,samples\line_138_4974.npz,faulted,line,138,79,96,98.30508474576273,100.0,2.0,2
line_139_4975,samples\line_139_4975.npz,faulted,line,139,79,97,99.15254237288136,100.0,2.0,2
line_140_4976,samples\line_140_4976.npz,faulted,line,140,79,98,99.15254237288136,100.0,2.0,2
line_141_4977,samples\line_141_4977.npz,faulted,line,141,91,99,99.15254237288136,100.0,1.0,2
line_142_4978,samples\line_142_4978.npz,faulted,line,142,93,99,99.15254237288136,100.0,1.0,2
line_143_4979,samples\line_143_4979.npz,faulted,line,143,94,95,99.15254237288136,100.0,2.0,2
line_144_4980,samples\line_144_4980.npz,faulted,line,144,95,96,99.15254237288136,100.0,2.0,2
line_145_4981,samples\line_145_4981.npz,faulted,line,145,97,99,99.15254237288136,100.0,1.0,2
line_146_4982,samples\line_146_4982.npz,faulted,line,146,98,99,99.15254237288136,100.0,1.0,2
line_147_4983,samples\line_147_4983.npz,faulted,line,147,99,100,98.30508474576273,100.0,1.0,2
line_148_4984,samples\line_148_4984.npz,faulted,line,148,91,101,98.30508474576273,100.0,2.0,2
line_149_4985,samples\line_149_4985.npz,faulted,line,149,100,101,99.15254237288136,100.0,2.0,2
line_150_4986,samples\line_150_4986.npz,faulted,line,150,99,102,99.15254237288136,100.0,1.0,2
line_151_4987,samples\line_151_4987.npz,faulted,line,151,99,103,99.15254237288136,100.0,1.0,2
line_152_4988,samples\line_152_4988.npz,faulted,line,152,102,103,99.15254237288136,100.0,2.0,2
line_153_4989,samples\line_153_4989.npz,faulted,line,153,102,104,99.15254237288136,100.0,2.0,2
line_154_4990,samples\line_154_4990.npz,faulted,line,154,99,105,99.15254237288136,100.0,1.0,2
line_155_4991,samples\line_155_4991.npz,faulted,line,155,103,104,99.15254237288136,100.0,2.0,2
line_156_4992,samples\line_156_4992.npz,faulted,line,156,104,105,99.15254237288136,100.0,2.0,2
line_157_4993,samples\line_157_4993.npz,faulted,line,157,104,106,98.30508474576273,100.0,3.0,2
line_158_4994,samples\line_158_4994.npz,faulted,line,158,104,107,98.30508474576273,100.0,3.0,2
line_159_4995,samples\line_159_4995.npz,faulted,line,159,105,106,99.15254237288136,100.0,2.0,2
line_160_4996,samples\line_160_4996.npz,faulted,line,160,107,108,99.15254237288136,100.0,2.0,2
line_161_4997,samples\line_161_4997.npz,faulted,line,161,102,109,99.15254237288136,100.0,2.0,2
line_162_4998,samples\line_162_4998.npz,faulted,line,162,108,109,98.30508474576273,100.0,3.0,2
line_163_4999,samples\line_163_4999.npz,faulted,line,163,109,110,98.30508474576273,100.0,3.0,3
line_164_5000,samples\line_164_5000.npz,faulted,line,164,109,111,98.30508474576273,100.0,3.0,3
line_165_5001,samples\line_165_5001.npz,faulted,line,165,16,112,99.15254237288136,100.0,0.0,2
line_166_5002,samples\line_166_5002.npz,faulted,line,166,31,112,99.15254237288136,100.0,2.0,2
line_167_5003,samples\line_167_5003.npz,faulted,line,167,31,113,98.30508474576273,100.0,2.0,2
line_168_5004,samples\line_168_5004.npz,faulted,line,168,26,114,98.30508474576273,100.0,-1.0,2
line_169_5005,samples\line_169_5005.npz,faulted,line,169,113,114,99.15254237288136,100.0,2.0,2
line_170_5006,samples\line_170_5006.npz,faulted,line,170,11,116,98.30508474576273,100.0,3.0,3
line_171_5007,samples\line_171_5007.npz,faulted,line,171,74,117,98.30508474576273,100.0,2.0,2
line_172_5008,samples\line_172_5008.npz,faulted,line,172,75,117,99.15254237288136,100.0,2.0,2
trafo_0_5009,samples\trafo_0_5009.npz,faulted,trafo,0,7,4,99.15254237288136,100.0,2.0,2
trafo_1_5010,samples\trafo_1_5010.npz,faulted,trafo,1,25,24,98.30508474576273,100.0,2.0,2
trafo_2_5011,samples\trafo_2_5011.npz,faulted,trafo,2,29,16,98.30508474576273,100.0,0.0,2
trafo_3_5012,samples\trafo_3_5012.npz,faulted,trafo,3,37,36,98.30508474576273,100.0,2.0,2
trafo_4_5013,samples\trafo_4_5013.npz,faulted,trafo,4,62,58,98.30508474576273,100.0,2.0,2
trafo_5_5014,samples\trafo_5_5014.npz,faulted,trafo,5,63,60,98.30508474576273,100.0,2.0,2
trafo_6_5015,samples\trafo_6_5015.npz,faulted,trafo,6,64,65,99.15254237288136,100.0,2.0,2
trafo_7_5016,samples\trafo_7_5016.npz,faulted,trafo,7,64,67,98.30508474576273,100.0,3.0,2
trafo_8_5017,samples\trafo_8_5017.npz,faulted,trafo,8,67,68,99.15254237288136,100.0,2.0,2
trafo_9_5018,samples\trafo_9_5018.npz,faulted,trafo,9,80,67,99.15254237288136,100.0,2.0,2
trafo_10_5019,samples\trafo_10_5019.npz,faulted,trafo,10,80,79,99.15254237288136,100.0,3.0,2
trafo_11_5020,samples\trafo_11_5020.npz,faulted,trafo,11,86,85,98.30508474576273,100.0,2.0,3
trafo_12_5021,samples\trafo_12_5021.npz,faulted,trafo,12,115,67,99.15254237288136,100.0,2.0,2
line_0_5022,samples\line_0_5022.npz,faulted,line,0,0,1,99.15254237288136,100.0,0.0,2
line_1_5023,samples\line_1_5023.npz,faulted,line,1,0,2,99.15254237288136,100.0,0.0,2
line_2_5024,samples\line_2_5024.npz,faulted,line,2,3,4,99.15254237288136,100.0,0.0,2
line_3_5025,samples\line_3_5025.npz,faulted,line,3,2,4,99.15254237288136,100.0,0.0,2
line_4_5026,samples\line_4_5026.npz,faulted,line,4,4,5,98.30508474576273,100.0,1.0,2
line_5_5027,samples\line_5_5027.npz,faulted,line,5,5,6,99.15254237288136,100.0,0.0,2
line_6_5028,samples\line_6_5028.npz,faulted,line,6,7,8,99.15254237288136,100.0,0.0,3
line_7_5029,samples\line_7_5029.npz,faulted,line,7,8,9,98.30508474576273,100.0,1.0,3
line_8_5030,samples\line_8_5030.npz,faulted,line,8,3,10,99.15254237288136,100.0,0.0,2
line_9_5031,samples\line_9_5031.npz,faulted,line,9,4,10,99.15254237288136,100.0,0.0,2
line_10_5032,samples\line_10_5032.npz,faulted,line,10,10,11,99.15254237288136,100.0,0.0,2
line_11_5033,samples\line_11_5033.npz,faulted,line,11,1,11,99.15254237288136,100.0,0.0,2
line_12_5034,samples\line_12_5034.npz,faulted,line,12,2,11,99.15254237288136,100.0,0.0,2
line_13_5035,samples\line_13_5035.npz,faulted,line,13,6,11,98.30508474576273,100.0,1.0,2
line_14_5036,samples\line_14_5036.npz,faulted,line,14,10,12,98.30508474576273,100.0,0.0,2
line_15_5037,samples\line_15_5037.npz,faulted,line,15,11,13,98.30508474576273,100.0,0.0,2
line_16_5038,samples\line_16_5038.npz,faulted,line,16,12,14,99.15254237288136,100.0,0.0,2
line_17_5039,samples\line_17_5039.npz,faulted,line,17,13,14,99.15254237288136,100.0,0.0,2
line_18_5040,samples\line_18_5040.npz,faulted,line,18,11,15,99.15254237288136,100.0,0.0,2
line_19_5041,samples\line_19_5041.npz,faulted,line,19,14,16,98.30508474576273,100.0,0.0,2
line_20_5042,samples\line_20_5042.npz,faulted,line,20,15,16,99.15254237288136,100.0,0.0,2
line_21_5043,samples\line_21_5043.npz,faulted,line,21,16,17,98.30508474576273,100.0,0.0,2
line_22_5044,samples\line_22_5044.npz,faulted,line,22,17,18,99.15254237288136,100.0,0.0,2
line_23_5045,samples\line_23_5045.npz,faulted,line,23,18,19,99.15254237288136,100.0,0.0,2
line_24_5046,samples\line_24_5046.npz,faulted,line,24,14,18,99.15254237288136,100.0,0.0,2
line_25_5047,samples\line_25_5047.npz,faulted,line,25,19,20,98.30508474576273,100.0,1.0,2
line_26_5048,samples\line_26_5048.npz,faulted,line,26,20,21,99.15254237288136,100.0,0.0,2
line_27_5049,samples\line_27_5049.npz,faulted,line,27,21,22,98.30508474576273,100.0,1.0,2
line_28_5050,samples\line_28_5050.npz,faulted,line,28,22,23,98.30508474576273,100.0,1.0,2
line_29_5051,samples\line_29_5051.npz,faulted,line,29,22,24,99.15254237288136,100.0,0.0,2
line_30_5052,samples\line_30_5052.npz,faulted,line,30,24,26,99.15254237288136,100.0,0.0,2
line_31_5053,samples\line_31_5053.npz,faulted,line,31,26,27,99.15254237288136,100.0,-1.0,2
line_32_5054,samples\line_32_5054.npz,faulted,line,32,27,28,98.30508474576273,100.0,0.0,2
line_33_5055,samples\line_33_5055.npz,faulted,line,33,7,29,99.15254237288136,100.0,0.0,2
line_34_5056,samples\line_34_5056.npz,faulted,line,34,25,29,99.15254237288136,100.0,0.0,2
line_35_5057,samples\line_35_5057.npz,faulted,line,35,16,30,99.15254237288136,100.0,0.0,2
line_36_5058,samples\line_36_5058.npz,faulted,line,36,28,30,99.15254237288136,100.0,0.0,2
line_37_5059,samples\line_37_5059.npz,faulted,line,37,22,31,99.15254237288136,100.0,0.0,2
line_38_5060,samples\line_38_5060.npz,faulted,line,38,30,31,99.15254237288136,100.0,0.0,2
line_39_5061,samples\line_39_5061.npz,faulted,line,39,26,31,99.15254237288136,100.0,0.0,2
line_40_5062,samples\line_40_5062.npz,faulted,line,40,14,32,99.15254237288136,100.0,0.0,2
line_41_5063,samples\line_41_5063.npz,faulted,line,41,18,33,99.15254237288136,100.0,0.0,2
line_42_5064,samples\line_42_5064.npz,faulted,line,42,34,35,99.15254237288136,100.0,0.0,2
line_43_5065,samples\line_43_5065.npz,faulted,line,43,34,36,98.30508474576273,100.0,1.0,2
line_44_5066,samples\line_44_5066.npz,faulted,line,44,32,36,98.30508474576273,100.0,0.0,2
line_45_5067,samples\line_45_5067.npz,faulted,line,45,33,35,98.30508474576273,100.0,1.0,2
line_46_5068,samples\line_46_5068.npz,faulted,line,46,33,36,99.15254237288136,100.0,0.0,2
line_47_5069,samples\line_47_5069.npz,faulted,line,47,36,38,99.15254237288136,100.0,0.0,2
line_48_5070,samples\line_48_5070.npz,faulted,line,48,36,39,99.15254237288136,100.0,0.0,2
line_49_5071,samples\line_49_5071.npz,faulted,line,49,29,37,99.15254237288136,100.0,0.0,2
line_50_5072,samples\line_50_5072.npz,faulted,line,50,38,39,99.15254237288136,100.0,0.0,2
line_51_5073,samples\line_51_5073.npz,faulted,line,51,39,40,98.30508474576273,100.0,0.0,2
line_52_5074,samples\line_52_5074.npz,faulted,line,52,39,41,99.15254237288136,100.0,0.0,2
line_53_5075,samples\line_53_5075.npz,faulted,line,53,40,41,99.15254237288136,100.0,0.0,2
line_54_5076,samples\line_54_5076.npz,faulted,line,54,42,43,99.15254237288136,100.0,0.0,2
line_55_5077,samples\line_55_5077.npz,faulted,line,55,33,42,98.30508474576273,100.0,1.0,2
line_56_5078,samples\line_56_5078.npz,faulted,line,56,43,44,98.30508474576273,100.0,1.0,2
line_57_5079,samples\line_57_5079.npz,faulted,line,57,44,45,98.30508474576273,100.0,1.0,2
line_58_5080,samples\line_58_5080.npz,faulted,line,58,45,46,99.15254237288136,100.0,0.0,2
line_59_5081,samples\line_59_5081.npz,faulted,line,59,45,47,99.15254237288136,100.0,0.0,2
line_60_5082,samples\line_60_5082.npz,faulted,line,60,46,48,98.30508474576273,100.0,1.0,2
line_61_5083,samples\line_61_5083.npz,faulted,line,61,41,48,99.15254237288136,100.0,0.0,2
line_62_5084,samples\line_62_5084.npz,faulted,line,62,41,48,99.15254237288136,100.0,0.0,2
line_63_5085,samples\line_63_5085.npz,faulted,line,63,44,48,99.15254237288136,100.0,1.0,2
line_64_5086,samples\line_64_5086.npz,faulted,line,64,47,48,98.30508474576273,100.0,1.0,2
line_65_5087,samples\line_65_5087.npz,faulted,line,65,48,49,99.15254237288136,100.0,0.0,2
line_66_5088,samples\line_66_5088.npz,faulted,line,66,48,50,99.15254237288136,100.0,0.0,2
line_67_5089,samples\line_67_5089.npz,faulted,line,67,50,51,99.15254237288136,100.0,-1.0,2
line_68_5090,samples\line_68_5090.npz,faulted,line,68,51,52,98.30508474576273,100.0,0.0,2
line_69_5091,samples\line_69_5091.npz,faulted,line,69,52,53,99.15254237288136,100.0,0.0,2
line_70_5092,samples\line_70_5092.npz,faulted,line,70,48,53,99.15254237288136,100.0,0.0,2
line_71_5093,samples\line_71_5093.npz,faulted,line,71,48,53,99.15254237288136,100.0,0.0,2
line_72_5094,samples\line_72_5094.npz,faulted,line,72,53,54,99.15254237288136,100.0,0.0,2
line_73_5095,samples\line_73_5095.npz,faulted,line,73,53,55,99.15254237288136,100.0,0.0,2
line_74_5096,samples\line_74_5096.npz,faulted,line,74,54,55,99.15254237288136,100.0,0.0,2
line_75_5097,samples\line_75_5097.npz,faulted,line,75,55,56,99.15254237288136,100.0,0.0,2
line_76_5098,samples\line_76_5098.npz,faulted,line,76,49,56,98.30508474576273,100.0,0.0,2
line_77_5099,samples\line_77_5099.npz,faulted,line,77,55,57,99.15254237288136,100.0,0.0,2
line_78_5100,samples\line_78_5100.npz,faulted,line,78,50,57,98.30508474576273,100.0,-1.0,2
line_79_5101,samples\line_79_5101.npz,faulted,line,79,53,58,99.15254237288136,100.0,0.0,2
line_80_5102,samples\line_80_5102.npz,faulted,line,80,55,58,99.15254237288136,100.0,0.0,2
line_81_5103,samples\line_81_5103.npz,faulted,line,81,55,58,99.15254237288136,100.0,0.0,2
line_82_5104,samples\line_82_5104.npz,faulted,line,82,54,58,98.30508474576273,100.0,-1.0,2
line_83_5105,samples\line_83_5105.npz,faulted,line,83,58,59,99.15254237288136,100.0,-1.0,2
line_84_5106,samples\line_84_5106.npz,faulted,line,84,58,60,99.15254237288136,100.0,-1.0,2
line_85_5107,samples\line_85_5107.npz,faulted,line,85,59,60,99.15254237288136,100.0,0.0,2
line_86_5108,samples\line_86_5108.npz,faulted,line,86,59,61,99.15254237288136,100.0,0.0,2
line_87_5109,samples\line_87_5109.npz,faulted,line,87,60,61,99.15254237288136,100.0,0.0,2
line_88_5110,samples\line_88_5110.npz,faulted,line,88,62,63,99.15254237288136,100.0,0.0,2
line_89_5111,samples\line_89_5111.npz,faulted,line,89,37,64,99.15254237288136,100.0,0.0,2
line_90_5112,samples\line_90_5112.npz,faulted,line,90,63,64,99.15254237288136,100.0,0.0,2
line_91_5113,samples\line_91_5113.npz,faulted,line,91,48,65,99.15254237288136,100.0,0.0,2
line_92_5114,samples\line_92_5114.npz,faulted,line,92,48,65,99.15254237288136,100.0,0.0,2
line_93_5115,samples\line_93_5115.npz,faulted,line,93,61,65,99.15254237288136,100.0,0.0,2
line_94_5116,samples\line_94_5116.npz,faulted,line,94,61,66,98.30508474576273,100.0,0.0,2
line_95_5117,samples\line_95_5117.npz,faulted,line,95,65,66,99.15254237288136,100.0,0.0,2
line_96_5118,samples\line_96_5118.npz,faulted,line,96,46,68,99.15254237288136,100.0,0.0,2
line_97_5119,samples\line_97_5119.npz,faulted,line,97,48,68,99.15254237288136,100.0,0.0,2
line_98_5120,samples\line_98_5120.npz,faulted,line,98,68,69,99.15254237288136,100.0,0.0,2
line_99_5121,samples\line_99_5121.npz,faulted,line,99,23,69,99.15254237288136,100.0,0.0,2
line_100_5122,samples\line_100_5122.npz,faulted,line,100,69,70,99.15254237288136,100.0,0.0,2
line_101_5123,samples\line_101_5123.npz,faulted,line,101,23,71,99.15254237288136,100.0,0.0,2
line_102_5124,samples\line_102_5124.npz,faulted,line,102,70,71,98.30508474576273,100.0,1.0,2
line_103_5125,samples\line_103_5125.npz,faulted,line,103,70,72,98.30508474576273,100.0,1.0,3
line_104_5126,samples\line_104_5126.npz,faulted,line,104,69,73,99.15254237288136,100.0,0.0,2
line_105_5127,samples\line_105_5127.npz,faulted,line,105,69,74,99.15254237288136,100.0,0.0,2
line_106_5128,samples\line_106_5128.npz,faulted,line,106,68,74,99.15254237288136,100.0,0.0,2
line_107_5129,samples\line_107_5129.npz,faulted,line,107,73,74,98.30508474576273,100.0,1.0,3
line_108_5130,samples\line_108_5130.npz,faulted,line,108,75,76,98.30508474576273,100.0,1.0,2
line_109_5131,samples\line_109_5131.npz,faulted,line,109,68,76,99.15254237288136,100.0,0.0,2
line_110_5132,samples\line_110_5132.npz,faulted,line,110,74,76,99.15254237288136,100.0,0.0,2
line_111_5133,samples\line_111_5133.npz,faulted,line,111,76,77,98.30508474576273,100.0,1.0,2
line_112_5134,samples\line_112_5134.npz,faulted,line,112,77,78,99.15254237288136,100.0,0.0,2
line_113_5135,samples\line_113_5135.npz,faulted,line,113,76,79,99.15254237288136,100.0,0.0,2
line_114_5136,samples\line_114_5136.npz,faulted,line,114,76,79,99.15254237288136,100.0,0.0,2
line_115_5137,samples\line_115_5137.npz,faulted,line,115,78,79,98.30508474576273,100.0,0.0,2
line_116_5138,samples\line_116_5138.npz,faulted,line,116,76,81,98.30508474576273,100.0,0.0,2
line_117_5139,samples\line_117_5139.npz,faulted,line,117,81,82,99.15254237288136,100.0,0.0,2
line_118_5140,samples\line_118_5140.npz,faulted,line,118,82,83,99.15254237288136,100.0,0.0,2
line_119_5141,samples\line_119_5141.npz,faulted,line,119,82,84,98.30508474576273,100.0,1.0,2
line_120_5142,samples\line_120_5142.npz,faulted,line,120,83,84,98.30508474576273,100.0,1.0,2
line_121_5143,samples\line_121_5143.npz,faulted,line,121,84,85,99.15254237288136,100.0,1.0,3
line_122_5144,samples\line_122_5144.npz,faulted,line,122,84,87,99.15254237288136,100.0,0.0,2
line_123_5145,samples\line_123_5145.npz,faulted,line,123,84,88,99.15254237288136,100.0,0.0,2
line_124_5146,samples\line_124_5146.npz,faulted,line,124,87,88,99.15254237288136,100.0,0.0,2
line_125_5147,samples\line_125_5147.npz,faulted,line,125,88,89,99.15254237288136,100.0,0.0,2
line_126_5148,samples\line_126_5148.npz,faulted,line,126,88,89,99.15254237288136,100.0,0.0,2
line_127_5149,samples\line_127_5149.npz,faulted,line,127,89,90,99.15254237288136,100.0,0.0,2
line_128_5150,samples\line_128_5150.npz,faulted,line,128,88,91,99.15254237288136,100.0,0.0,2
line_129_5151,samples\line_129_5151.npz,faulted,line,129,88,91,99.15254237288136,100.0,0.0,2
line_130_5152,samples\line_130_5152.npz,faulted,line,130,90,91,98.30508474576273,100.0,0.0,2
line_131_5153,samples\line_131_5153.npz,faulted,line,131,91,92,99.15254237288136,100.0,0.0,2
line_132_5154,samples\line_132_5154.npz,faulted,line,132,91,93,99.15254237288136,100.0,0.0,2
line_133_5155,samples\line_133_5155.npz,faulted,line,133,92,93,99.15254237288136,100.0,0.0,2
line_134_5156,samples\line_134_5156.npz,faulted,line,134,93,94,98.30508474576273,100.0,0.0,2
line_135_5157,samples\line_135_5157.npz,faulted,line,135,79,95,99.15254237288136,100.0,0.0,2
line_136_5158,samples\line_136_5158.npz,faulted,line,136,81,95,99.15254237288136,100.0,0.0,2
line_137_5159,samples\line_137_5159.npz,faulted,line,137,93,95,99.15254237288136,100.0,0.0,2
line_138_5160,samples\line_138_5160.npz,faulted,line,138,79,96,98.30508474576273,100.0,0.0,2
line_139_5161,samples\line_139_5161.npz,faulted,line,139,79,97,99.15254237288136,100.0,0.0,2
line_140_5162,samples\line_140_5162.npz,faulted,line,140,79,98,99.15254237288136,100.0,0.0,2
line_141_5163,samples\line_141_5163.npz,faulted,line,141,91,99,99.15254237288136,100.0,0.0,2
line_142_5164,samples\line_142_5164.npz,faulted,line,142,93,99,99.15254237288136,100.0,0.0,2
line_143_5165,samples\line_143_5165.npz,faulted,line,143,94,95,99.15254237288136,100.0,0.0,2
line_144_5166,samples\line_144_5166.npz,faulted,line,144,95,96,99.15254237288136,100.0,0.0,2
line_145_5167,samples\line_145_5167.npz,faulted,line,145,97,99,99.15254237288136,100.0,0.0,2
line_146_5168,samples\line_146_5168.npz,faulted,line,146,98,99,99.15254237288136,100.0,0.0,2
line_147_5169,samples\line_147_5169.npz,faulted,line,147,99,100,98.30508474576273,100.0,0.0,2
line_148_5170,samples\line_148_5170.npz,faulted,line,148,91,101,98.30508474576273,100.0,0.0,2
line_149_5171,samples\line_149_5171.npz,faulted,line,149,100,101,99.15254237288136,100.0,0.0,2
line_150_5172,samples\line_150_5172.npz,faulted,line,150,99,102,99.15254237288136,100.0,0.0,2
line_151_5173,samples\line_151_5173.npz,faulted,line,151,99,103,99.15254237288136,100.0,0.0,2
line_152_5174,samples\line_152_5174.npz,faulted,line,152,102,103,99.15254237288136,100.0,0.0,2
line_153_5175,samples\line_153_5175.npz,faulted,line,153,102,104,99.15254237288136,100.0,0.0,2
line_154_5176,samples\line_154_5176.npz,faulted,line,154,99,105,99.15254237288136,100.0,0.0,2
line_155_5177,samples\line_155_5177.npz,faulted,line,155,103,104,99.15254237288136,100.0,0.0,2
line_156_5178,samples\line_156_5178.npz,faulted,line,156,104,105,99.15254237288136,100.0,0.0,2
line_157_5179,samples\line_157_5179.npz,faulted,line,157,104,106,98.30508474576273,100.0,1.0,2
line_158_5180,samples\line_158_5180.npz,faulted,line,158,104,107,98.30508474576273,100.0,1.0,2
line_159_5181,samples\line_159_5181.npz,faulted,line,159,105,106,99.15254237288136,100.0,0.0,2
line_160_5182,samples\line_160_5182.npz,faulted,line,160,107,108,99.15254237288136,100.0,0.0,2
line_161_5183,samples\line_161_5183.npz,faulted,line,161,102,109,99.15254237288136,100.0,0.0,2
line_162_5184,samples\line_162_5184.npz,faulted,line,162,108,109,98.30508474576273,100.0,1.0,2
line_163_5185,samples\line_163_5185.npz,faulted,line,163,109,110,98.30508474576273,100.0,1.0,3
line_164_5186,samples\line_164_5186.npz,faulted,line,164,109,111,98.30508474576273,100.0,1.0,3
line_165_5187,samples\line_165_5187.npz,faulted,line,165,16,112,99.15254237288136,100.0,0.0,2
line_166_5188,samples\line_166_5188.npz,faulted,line,166,31,112,99.15254237288136,100.0,0.0,2
line_167_5189,samples\line_167_5189.npz,faulted,line,167,31,113,98.30508474576273,100.0,0.0,2
line_168_5190,samples\line_168_5190.npz,faulted,line,168,26,114,98.30508474576273,100.0,-1.0,2
line_169_5191,samples\line_169_5191.npz,faulted,line,169,113,114,99.15254237288136,100.0,0.0,2
line_170_5192,samples\line_170_5192.npz,faulted,line,170,11,116,98.30508474576273,100.0,1.0,3
line_171_5193,samples\line_171_5193.npz,faulted,line,171,74,117,98.30508474576273,100.0,1.0,2
line_172_5194,samples\line_172_5194.npz,faulted,line,172,75,117,99.15254237288136,100.0,0.0,2
trafo_0_5195,samples\trafo_0_5195.npz,faulted,trafo,0,7,4,99.15254237288136,100.0,0.0,2
trafo_1_5196,samples\trafo_1_5196.npz,faulted,trafo,1,25,24,98.30508474576273,100.0,0.0,2
trafo_2_5197,samples\trafo_2_5197.npz,faulted,trafo,2,29,16,98.30508474576273,100.0,0.0,2
trafo_3_5198,samples\trafo_3_5198.npz,faulted,trafo,3,37,36,98.30508474576273,100.0,0.0,2
trafo_4_5199,samples\trafo_4_5199.npz,faulted,trafo,4,62,58,98.30508474576273,100.0,-1.0,2
trafo_5_5200,samples\trafo_5_5200.npz,faulted,trafo,5,63,60,98.30508474576273,100.0,0.0,2
trafo_6_5201,samples\trafo_6_5201.npz,faulted,trafo,6,64,65,99.15254237288136,100.0,0.0,2
trafo_7_5202,samples\trafo_7_5202.npz,faulted,trafo,7,64,67,98.30508474576273,100.0,0.0,2
trafo_8_5203,samples\trafo_8_5203.npz,faulted,trafo,8,67,68,99.15254237288136,100.0,0.0,2
trafo_9_5204,samples\trafo_9_5204.npz,faulted,trafo,9,80,67,99.15254237288136,100.0,0.0,2
trafo_10_5205,samples\trafo_10_5205.npz,faulted,trafo,10,80,79,99.15254237288136,100.0,0.0,2
trafo_11_5206,samples\trafo_11_5206.npz,faulted,trafo,11,86,85,99.15254237288136,100.0,0.0,2
trafo_12_5207,samples\trafo_12_5207.npz,faulted,trafo,12,115,67,98.30508474576273,100.0,0.0,3
line_0_5208,samples\line_0_5208.npz,faulted,line,0,0,1,96.61016949152544,100.0,0.0,2
line_1_5209,samples\line_1_5209.npz,faulted,line,1,0,2,96.61016949152544,100.0,0.0,2
line_2_5210,samples\line_2_5210.npz,faulted,line,2,3,4,96.61016949152544,100.0,0.0,2
line_3_5211,samples\line_3_5211.npz,faulted,line,3,2,4,96.61016949152544,100.0,0.0,2
line_4_5212,samples\line_4_5212.npz,faulted,line,4,4,5,95.76271186440678,100.0,1.0,2
line_5_5213,samples\line_5_5213.npz,faulted,line,5,5,6,96.61016949152544,100.0,0.0,2
line_6_5214,samples\line_6_5214.npz,faulted,line,6,7,8,96.61016949152544,100.0,0.0,3
line_7_5215,samples\line_7_5215.npz,faulted,line,7,8,9,95.76271186440678,100.0,1.0,3
line_8_5216,samples\line_8_5216.npz,faulted,line,8,3,10,96.61016949152544,100.0,0.0,2
line_9_5217,samples\line_9_5217.npz,faulted,line,9,4,10,96.61016949152544,100.0,0.0,2
line_10_5218,samples\line_10_5218.npz,faulted,line,10,10,11,96.61016949152544,100.0,0.0,2
line_11_5219,samples\line_11_5219.npz,faulted,line,11,1,11,96.61016949152544,100.0,0.0,2
line_12_5220,samples\line_12_5220.npz,faulted,line,12,2,11,96.61016949152544,100.0,0.0,2
line_13_5221,samples\line_13_5221.npz,faulted,line,13,6,11,95.76271186440678,100.0,1.0,2
line_14_5222,samples\line_14_5222.npz,faulted,line,14,10,12,95.76271186440678,100.0,0.0,2
line_15_5223,samples\line_15_5223.npz,faulted,line,15,11,13,95.76271186440678,100.0,0.0,2
line_16_5224,samples\line_16_5224.npz,faulted,line,16,12,14,96.61016949152544,100.0,0.0,2
line_17_5225,samples\line_17_5225.npz,faulted,line,17,13,14,96.61016949152544,100.0,0.0,2
line_18_5226,samples\line_18_5226.npz,faulted,line,18,11,15,96.61016949152544,100.0,0.0,2
line_19_5227,samples\line_19_5227.npz,faulted,line,19,14,16,95.76271186440678,100.0,-1.0,2
line_20_5228,samples\line_20_5228.npz,faulted,line,20,15,16,96.61016949152544,100.0,0.0,2
line_21_5229,samples\line_21_5229.npz,faulted,line,21,16,17,95.76271186440678,100.0,0.0,2
line_22_5230,samples\line_22_5230.npz,faulted,line,22,17,18,96.61016949152544,100.0,0.0,2
line_23_5231,samples\line_23_5231.npz,faulted,line,23,18,19,96.61016949152544,100.0,0.0,2
line_24_5232,samples\line_24_5232.npz,faulted,line,24,14,18,96.61016949152544,100.0,0.0,2
line_25_5233,samples\line_25_5233.npz,faulted,line,25,19,20,95.76271186440678,100.0,1.0,2
line_26_5234,samples\line_26_5234.npz,faulted,line,26,20,21,96.61016949152544,100.0,0.0,2
line_27_5235,samples\line_27_5235.npz,faulted,line,27,21,22,95.76271186440678,100.0,1.0,2
line_28_5236,samples\line_28_5236.npz,faulted,line,28,22,23,95.76271186440678,100.0,0.0,2
line_29_5237,samples\line_29_5237.npz,faulted,line,29,22,24,96.61016949152544,100.0,1.0,2
line_30_5238,samples\line_30_5238.npz,faulted,line,30,24,26,96.61016949152544,100.0,0.0,2
line_31_5239,samples\line_31_5239.npz,faulted,line,31,26,27,96.61016949152544,100.0,-1.0,2
line_32_5240,samples\line_32_5240.npz,faulted,line,32,27,28,95.76271186440678,100.0,0.0,2
line_33_5241,samples\line_33_5241.npz,faulted,line,33,7,29,96.61016949152544,100.0,0.0,2
line_34_5242,samples\line_34_5242.npz,faulted,line,34,25,29,96.61016949152544,100.0,0.0,3
line_35_5243,samples\line_35_5243.npz,faulted,line,35,16,30,96.61016949152544,100.0,0.0,2
line_36_5244,samples\line_36_5244.npz,faulted,line,36,28,30,96.61016949152544,100.0,0.0,2
line_37_5245,samples\line_37_5245.npz,faulted,line,37,22,31,96.61016949152544,100.0,1.0,2
line_38_5246,samples\line_38_5246.npz,faulted,line,38,30,31,96.61016949152544,100.0,0.0,2
line_39_5247,samples\line_39_5247.npz,faulted,line,39,26,31,96.61016949152544,100.0,0.0,2
line_40_5248,samples\line_40_5248.npz,faulted,line,40,14,32,96.61016949152544,100.0,0.0,2
line_41_5249,samples\line_41_5249.npz,faulted,line,41,18,33,96.61016949152544,100.0,0.0,2
line_42_5250,samples\line_42_5250.npz,faulted,line,42,34,35,96.61016949152544,100.0,0.0,2
line_43_5251,samples\line_43_5251.npz,faulted,line,43,34,36,95.76271186440678,100.0,1.0,2
line_44_5252,samples\line_44_5252.npz,faulted,line,44,32,36,95.76271186440678,100.0,0.0,2
line_45_5253,samples\line_45_5253.npz,faulted,line,45,33,35,95.76271186440678,100.0,1.0,2
line_46_5254,samples\line_46_5254.npz,faulted,line,46,33,36,96.61016949152544,100.0,0.0,2
line_47_5255,samples\line_47_5255.npz,faulted,line,47,36,38,96.61016949152544,100.0,0.0,2
line_48_5256,samples\line_48_5256.npz,faulted,line,48,36,39,96.61016949152544,100.0,0.0,2
line_49_5257,samples\line_49_5257.npz,faulted,line,49,29,37,96.61016949152544,100.0,0.0,2
line_50_5258,samples\line_50_5258.npz,faulted,line,50,38,39,96.61016949152544,100.0,0.0,2
line_51_5259,samples\line_51_5259.npz,faulted,line,51,39,40,95.76271186440678,100.0,0.0,2
line_52_5260,samples\line_52_5260.npz,faulted,line,52,39,41,96.61016949152544,100.0,0.0,2
line_53_5261,samples\line_53_5261.npz,faulted,line,53,40,41,96.61016949152544,100.0,0.0,2
line_54_5262,samples\line_54_5262.npz,faulted,line,54,42,43,96.61016949152544,100.0,0.0,2
line_55_5263,samples\line_55_5263.npz,faulted,line,55,33,42,95.76271186440678,100.0,1.0,2
line_56_5264,samples\line_56_5264.npz,faulted,line,56,43,44,95.76271186440678,100.0,1.0,2
line_57_5265,samples\line_57_5265.npz,faulted,line,57,44,45,95.76271186440678,100.0,1.0,2
line_58_5266,samples\line_58_5266.npz,faulted,line,58,45,46,96.61016949152544,100.0,0.0,2
line_59_5267,samples\line_59_5267.npz,faulted,line,59,45,47,96.61016949152544,100.0,0.0,2
line_60_5268,samples\line_60_5268.npz,faulted,line,60,46,48,95.76271186440678,100.0,1.0,2
line_61_5269,samples\line_61_5269.npz,faulted,line,61,41,48,96.61016949152544,100.0,0.0,2
line_62_5270,samples\line_62_5270.npz,faulted,line,62,41,48,96.61016949152544,100.0,0.0,2
line_63_5271,samples\line_63_5271.npz,faulted,line,63,44,48,96.61016949152544,100.0,1.0,2
line_64_5272,samples\line_64_5272.npz,faulted,line,64,47,48,95.76271186440678,100.0,1.0,2
line_65_5273,samples\line_65_5273.npz,faulted,line,65,48,49,96.61016949152544,100.0,1.0,2
line_66_5274,samples\line_66_5274.npz,faulted,line,66,48,50,96.61016949152544,100.0,0.0,2
line_67_5275,samples\line_67_5275.npz,faulted,line,67,50,51,96.61016949152544,100.0,0.0,2
line_68_5276,samples\line_68_5276.npz,faulted,line,68,51,52,95.76271186440678,100.0,1.0,2
line_69_5277,samples\line_69_5277.npz,faulted,line,69,52,53,96.61016949152544,100.0,0.0,2
line_70_5278,samples\line_70_5278.npz,faulted,line,70,48,53,96.61016949152544,100.0,0.0,2
line_71_5279,samples\line_71_5279.npz,faulted,line,71,48,53,96.61016949152544,100.0,0.0,2
line_72_5280,samples\line_72_5280.npz,faulted,line,72,53,54,96.61016949152544,100.0,0.0,2
line_73_5281,samples\line_73_5281.npz,faulted,line,73,53,55,96.61016949152544,100.0,0.0,2
line_74_5282,samples\line_74_5282.npz,faulted,line,74,54,55,96.61016949152544,100.0,2.0,2
line_75_5283,samples\line_75_5283.npz,faulted,line,75,55,56,96.61016949152544,100.0,2.0,2
line_76_5284,samples\line_76_5284.npz,faulted,line,76,49,56,95.76271186440678,100.0,0.0,2
line_77_5285,samples\line_77_5285.npz,faulted,line,77,55,57,96.61016949152544,100.0,2.0,2
line_78_5286,samples\line_78_5286.npz,faulted,line,78,50,57,95.76271186440678,100.0,0.0,2
line_79_5287,samples\line_79_5287.npz,faulted,line,79,53,58,96.61016949152544,100.0,0.0,2
line_80_5288,samples\line_80_5288.npz,faulted,line,80,55,58,96.61016949152544,100.0,0.0,2
line_81_5289,samples\line_81_5289.npz,faulted,line,81,55,58,96.61016949152544,100.0,0.0,2
line_82_5290,samples\line_82_5290.npz,faulted,line,82,54,58,95.76271186440678,100.0,0.0,2
line_83_5291,samples\line_83_5291.npz,faulted,line,83,58,59,96.61016949152544,100.0,0.0,2
line_84_5292,samples\line_84_5292.npz,faulted,line,84,58,60,96.61016949152544,100.0,0.0,2
line_85_5293,samples\line_85_5293.npz,faulted,line,85,59,60,96.61016949152544,100.0,-1.0,2
line_86_5294,samples\line_86_5294.npz,faulted,line,86,59,61,96.61016949152544,100.0,0.0,2
line_87_5295,samples\line_87_5295.npz,faulted,line,87,60,61,96.61016949152544,100.0,-1.0,2
line_88_5296,samples\line_88_5296.npz,faulted,line,88,62,63,96.61016949152544,100.0,0.0,3
line_89_5297,samples\line_89_5297.npz,faulted,line,89,37,64,96.61016949152544,100.0,0.0,2
line_90_5298,samples\line_90_5298.npz,faulted,line,90,63,64,96.61016949152544,100.0,0.0,2
line_91_5299,samples\line_91_5299.npz,faulted,line,91,48,65,96.61016949152544,100.0,0.0,2
line_92_5300,samples\line_92_5300.npz,faulted,line,92,48,65,96.61016949152544,100.0,0.0,2
line_93_5301,samples\line_93_5301.npz,faulted,line,93,61,65,96.61016949152544,100.0,0.0,2
line_94_5302,samples\line_94_5302.npz,faulted,line,94,61,66,95.76271186440678,100.0,0.0,2
line_95_5303,samples\line_95_5303.npz,faulted,line,95,65,66,96.61016949152544,100.0,0.0,2
line_96_5304,samples\line_96_5304.npz,faulted,line,96,46,68,96.61016949152544,100.0,0.0,2
line_97_5305,samples\line_97_5305.npz,faulted,line,97,48,68,96.61016949152544,100.0,0.0,2
line_98_5306,samples\line_98_5306.npz,faulted,line,98,68,69,96.61016949152544,100.0,0.0,2
line_99_5307,samples\line_99_5307.npz,faulted,line,99,23,69,96.61016949152544,100.0,0.0,2
line_100_5308,samples\line_100_5308.npz,faulted,line,100,69,70,96.61016949152544,100.0,0.0,2
line_101_5309,samples\line_101_5309.npz,faulted,line,101,23,71,96.61016949152544,100.0,0.0,2
line_102_5310,samples\line_102_5310.npz,faulted,line,102,70,71,95.76271186440678,100.0,1.0,2
line_103_5311,samples\line_103_5311.npz,faulted,line,103,70,72,95.76271186440678,100.0,1.0,3
line_104_5312,samples\line_104_5312.npz,faulted,line,104,69,73,96.61016949152544,100.0,0.0,3
line_105_5313,samples\line_105_5313.npz,faulted,line,105,69,74,96.61016949152544,100.0,0.0,2
line_106_5314,samples\line_106_5314.npz,faulted,line,106,68,74,96.61016949152544,100.0,0.0,2
line_107_5315,samples\line_107_5315.npz,faulted,line,107,73,74,96.61016949152544,100.0,0.0,2
line_108_5316,samples\line_108_5316.npz,faulted,line,108,75,76,95.76271186440678,100.0,0.0,2
line_109_5317,samples\line_109_5317.npz,faulted,line,109,68,76,96.61016949152544,100.0,0.0,2
line_110_5318,samples\line_110_5318.npz,faulted,line,110,74,76,96.61016949152544,100.0,0.0,2
line_111_5319,samples\line_111_5319.npz,faulted,line,111,76,77,95.76271186440678,100.0,0.0,2
line_112_5320,samples\line_112_5320.npz,faulted,line,112,77,78,96.61016949152544,100.0,0.0,2
line_113_5321,samples\line_113_5321.npz,faulted,line,113,76,79,96.61016949152544,100.0,0.0,2
line_114_5322,samples\line_114_5322.npz,faulted,line,114,76,79,96.61016949152544,100.0,0.0,2
line_115_5323,samples\line_115_5323.npz,faulted,line,115,78,79,95.76271186440678,100.0,0.0,2
line_116_5324,samples\line_116_5324.npz,faulted,line,116,76,81,95.76271186440678,100.0,0.0,2
line_117_5325,samples\line_117_5325.npz,faulted,line,117,81,82,96.61016949152544,100.0,0.0,2
line_118_5326,samples\line_118_5326.npz,faulted,line,118,82,83,96.61016949152544,100.0,0.0,2
line_119_5327,samples\line_119_5327.npz,faulted,line,119,82,84,95.76271186440678,100.0,1.0,2
line_120_5328,samples\line_120_5328.npz,faulted,line,120,83,84,95.76271186440678,100.0,1.0,2
line_121_5329,samples\line_121_5329.npz,faulted,line,121,84,85,96.61016949152544,100.0,1.0,3
line_122_5330,samples\line_122_5330.npz,faulted,line,122,84,87,96.61016949152544,100.0,0.0,2
line_123_5331,samples\line_123_5331.npz,faulted,line,123,84,88,96.61016949152544,100.0,0.0,2
line_124_5332,samples\line_124_5332.npz,faulted,line,124,87,88,96.61016949152544,100.0,0.0,2
line_125_5333,samples\line_125_5333.npz,faulted,line,125,88,89,96.61016949152544,100.0,0.0,2
line_126_5334,samples\line_126_5334.npz,faulted,line,126,88,89,96.61016949152544,100.0,0.0,2
line_127_5335,samples\line_127_5335.npz,faulted,line,127,89,90,96.61016949152544,100.0,0.0,2
line_128_5336,samples\line_128_5336.npz,faulted,line,128,88,91,96.61016949152544,100.0,0.0,2
line_129_5337,samples\line_129_5337.npz,faulted,line,129,88,91,96.61016949152544,100.0,0.0,2
line_130_5338,samples\line_130_5338.npz,faulted,line,130,90,91,95.76271186440678,100.0,0.0,2
line_131_5339,samples\line_131_5339.npz,faulted,line,131,91,92,96.61016949152544,100.0,0.0,2
line_132_5340,samples\line_132_5340.npz,faulted,line,132,91,93,96.61016949152544,100.0,0.0,2
line_133_5341,samples\line_133_5341.npz,faulted,line,133,92,93,96.61016949152544,100.0,0.0,2
line_134_5342,samples\line_134_5342.npz,faulted,line,134,93,94,95.76271186440678,100.0,0.0,2
line_135_5343,samples\line_135_5343.npz,faulted,line,135,79,95,96.61016949152544,100.0,0.0,2
line_136_5344,samples\line_136_5344.npz,faulted,line,136,81,95,96.61016949152544,100.0,0.0,2
line_137_5345,samples\line_137_5345.npz,faulted,line,137,93,95,96.61016949152544,100.0,0.0,2
line_138_5346,samples\line_138_5346.npz,faulted,line,138,79,96,95.76271186440678,100.0,0.0,2
line_139_5347,samples\line_139_5347.npz,faulted,line,139,79,97,96.61016949152544,100.0,0.0,2
line_140_5348,samples\line_140_5348.npz,faulted,line,140,79,98,96.61016949152544,100.0,0.0,2
line_141_5349,samples\line_141_5349.npz,faulted,line,141,91,99,96.61016949152544,100.0,0.0,2
line_142_5350,samples\line_142_5350.npz,faulted,line,142,93,99,96.61016949152544,100.0,0.0,2
line_143_5351,samples\line_143_5351.npz,faulted,line,143,94,95,96.61016949152544,100.0,0.0,2
line_144_5352,samples\line_144_5352.npz,faulted,line,144,95,96,96.61016949152544,100.0,0.0,2
line_145_5353,samples\line_145_5353.npz,faulted,line,145,97,99,96.61016949152544,100.0,0.0,2
line_146_5354,samples\line_146_5354.npz,faulted,line,146,98,99,96.61016949152544,100.0,0.0,2
line_147_5355,samples\line_147_5355.npz,faulted,line,147,99,100,95.76271186440678,100.0,0.0,2
line_148_5356,samples\line_148_5356.npz,faulted,line,148,91,101,95.76271186440678,100.0,0.0,2
line_149_5357,samples\line_149_5357.npz,faulted,line,149,100,101,96.61016949152544,100.0,0.0,2
line_150_5358,samples\line_150_5358.npz,faulted,line,150,99,102,96.61016949152544,100.0,0.0,2
line_151_5359,samples\line_151_5359.npz,faulted,line,151,99,103,96.61016949152544,100.0,0.0,2
line_152_5360,samples\line_152_5360.npz,faulted,line,152,102,103,96.61016949152544,100.0,0.0,2
line_153_5361,samples\line_153_5361.npz,faulted,line,153,102,104,96.61016949152544,100.0,0.0,2
line_154_5362,samples\line_154_5362.npz,faulted,line,154,99,105,96.61016949152544,100.0,0.0,2
line_155_5363,samples\line_155_5363.npz,faulted,line,155,103,104,96.61016949152544,100.0,0.0,2
line_156_5364,samples\line_156_5364.npz,faulted,line,156,104,105,96.61016949152544,100.0,0.0,2
line_157_5365,samples\line_157_5365.npz,faulted,line,157,104,106,95.76271186440678,100.0,1.0,2
line_158_5366,samples\line_158_5366.npz,faulted,line,158,104,107,95.76271186440678,100.0,1.0,3
line_159_5367,samples\line_159_5367.npz,faulted,line,159,105,106,96.61016949152544,100.0,0.0,2
line_160_5368,samples\line_160_5368.npz,faulted,line,160,107,108,96.61016949152544,100.0,0.0,3
line_161_5369,samples\line_161_5369.npz,faulted,line,161,102,109,96.61016949152544,100.0,0.0,2
line_162_5370,samples\line_162_5370.npz,faulted,line,162,108,109,95.76271186440678,100.0,1.0,3
line_163_5371,samples\line_163_5371.npz,faulted,line,163,109,110,95.76271186440678,100.0,1.0,3
line_164_5372,samples\line_164_5372.npz,faulted,line,164,109,111,95.76271186440678,100.0,1.0,3
line_165_5373,samples\line_165_5373.npz,faulted,line,165,16,112,96.61016949152544,100.0,0.0,2
line_166_5374,samples\line_166_5374.npz,faulted,line,166,31,112,96.61016949152544,100.0,0.0,2
line_167_5375,samples\line_167_5375.npz,faulted,line,167,31,113,95.76271186440678,100.0,0.0,2
line_168_5376,samples\line_168_5376.npz,faulted,line,168,26,114,95.76271186440678,100.0,-1.0,2
line_169_5377,samples\line_169_5377.npz,faulted,line,169,113,114,96.61016949152544,100.0,0.0,2
line_170_5378,samples\line_170_5378.npz,faulted,line,170,11,116,95.76271186440678,100.0,1.0,3
line_171_5379,samples\line_171_5379.npz,faulted,line,171,74,117,95.76271186440678,100.0,0.0,2
line_172_5380,samples\line_172_5380.npz,faulted,line,172,75,117,96.61016949152544,100.0,0.0,2
trafo_0_5381,samples\trafo_0_5381.npz,faulted,trafo,0,7,4,96.61016949152544,100.0,0.0,2
trafo_1_5382,samples\trafo_1_5382.npz,faulted,trafo,1,25,24,96.61016949152544,100.0,0.0,2
trafo_2_5383,samples\trafo_2_5383.npz,faulted,trafo,2,29,16,95.76271186440678,100.0,0.0,2
trafo_3_5384,samples\trafo_3_5384.npz,faulted,trafo,3,37,36,95.76271186440678,100.0,0.0,2
trafo_4_5385,samples\trafo_4_5385.npz,faulted,trafo,4,62,58,96.61016949152544,100.0,0.0,2
trafo_5_5386,samples\trafo_5_5386.npz,faulted,trafo,5,63,60,95.76271186440678,100.0,-1.0,2
trafo_6_5387,samples\trafo_6_5387.npz,faulted,trafo,6,64,65,96.61016949152544,100.0,0.0,2
trafo_7_5388,samples\trafo_7_5388.npz,faulted,trafo,7,64,67,95.76271186440678,100.0,0.0,2
trafo_8_5389,samples\trafo_8_5389.npz,faulted,trafo,8,67,68,96.61016949152544,100.0,0.0,2
trafo_9_5390,samples\trafo_9_5390.npz,faulted,trafo,9,80,67,96.61016949152544,100.0,0.0,2
trafo_10_5391,samples\trafo_10_5391.npz,faulted,trafo,10,80,79,96.61016949152544,100.0,0.0,2
trafo_11_5392,samples\trafo_11_5392.npz,faulted,trafo,11,86,85,96.61016949152544,100.0,0.0,2
trafo_12_5393,samples\trafo_12_5393.npz,faulted,trafo,12,115,67,95.76271186440678,100.0,1.0,3
line_0_5394,samples\line_0_5394.npz,faulted,line,0,0,1,99.15254237288136,100.0,0.0,2
line_1_5395,samples\line_1_5395.npz,faulted,line,1,0,2,99.15254237288136,100.0,0.0,1
line_2_5396,samples\line_2_5396.npz,faulted,line,2,3,4,99.15254237288136,100.0,2.0,1
line_3_5397,samples\line_3_5397.npz,faulted,line,3,2,4,99.15254237288136,100.0,0.0,1
line_4_5398,samples\line_4_5398.npz,faulted,line,4,4,5,98.30508474576273,100.0,2.0,1
line_5_5399,samples\line_5_5399.npz,faulted,line,5,5,6,99.15254237288136,100.0,0.0,1
line_6_5400,samples\line_6_5400.npz,faulted,line,6,7,8,99.15254237288136,100.0,0.0,2
line_7_5401,samples\line_7_5401.npz,faulted,line,7,8,9,98.30508474576273,100.0,1.0,2
line_8_5402,samples\line_8_5402.npz,faulted,line,8,3,10,99.15254237288136,100.0,0.0,1
line_9_5403,samples\line_9_5403.npz,faulted,line,9,4,10,99.15254237288136,100.0,0.0,1
line_10_5404,samples\line_10_5404.npz,faulted,line,10,10,11,99.15254237288136,100.0,0.0,1
line_11_5405,samples\line_11_5405.npz,faulted,line,11,1,11,99.15254237288136,100.0,0.0,2
line_12_5406,samples\line_12_5406.npz,faulted,line,12,2,11,99.15254237288136,100.0,0.0,1
line_13_5407,samples\line_13_5407.npz,faulted,line,13,6,11,98.30508474576273,100.0,1.0,1
line_14_5408,samples\line_14_5408.npz,faulted,line,14,10,12,98.30508474576273,100.0,0.0,1
line_15_5409,samples\line_15_5409.npz,faulted,line,15,11,13,98.30508474576273,100.0,0.0,1
line_16_5410,samples\line_16_5410.npz,faulted,line,16,12,14,99.15254237288136,100.0,0.0,1
line_17_5411,samples\line_17_5411.npz,faulted,line,17,13,14,99.15254237288136,100.0,0.0,1
line_18_5412,samples\line_18_5412.npz,faulted,line,18,11,15,99.15254237288136,100.0,1.0,1
line_19_5413,samples\line_19_5413.npz,faulted,line,19,14,16,98.30508474576273,100.0,0.0,1
line_20_5414,samples\line_20_5414.npz,faulted,line,20,15,16,99.15254237288136,100.0,0.0,1
line_21_5415,samples\line_21_5415.npz,faulted,line,21,16,17,98.30508474576273,100.0,0.0,1
line_22_5416,samples\line_22_5416.npz,faulted,line,22,17,18,99.15254237288136,100.0,0.0,1
line_23_5417,samples\line_23_5417.npz,faulted,line,23,18,19,99.15254237288136,100.0,0.0,1
line_24_5418,samples\line_24_5418.npz,faulted,line,24,14,18,99.15254237288136,100.0,0.0,1
line_25_5419,samples\line_25_5419.npz,faulted,line,25,19,20,98.30508474576273,100.0,0.0,1
line_26_5420,samples\line_26_5420.npz,faulted,line,26,20,21,99.15254237288136,100.0,1.0,1
line_27_5421,samples\line_27_5421.npz,faulted,line,27,21,22,98.30508474576273,100.0,0.0,1
line_28_5422,samples\line_28_5422.npz,faulted,line,28,22,23,98.30508474576273,100.0,0.0,1
line_29_5423,samples\line_29_5423.npz,faulted,line,29,22,24,99.15254237288136,100.0,0.0,1
line_30_5424,samples\line_30_5424.npz,faulted,line,30,24,26,99.15254237288136,100.0,0.0,1
line_31_5425,samples\line_31_5425.npz,faulted,line,31,26,27,99.15254237288136,100.0,0.0,1
line_32_5426,samples\line_32_5426.npz,faulted,line,32,27,28,98.30508474576273,100.0,0.0,1
line_33_5427,samples\line_33_5427.npz,faulted,line,33,7,29,99.15254237288136,100.0,0.0,1
line_34_5428,samples\line_34_5428.npz,faulted,line,34,25,29,99.15254237288136,100.0,1.0,1
line_35_5429,samples\line_35_5429.npz,faulted,line,35,16,30,99.15254237288136,100.0,0.0,1
line_36_5430,samples\line_36_5430.npz,faulted,line,36,28,30,99.15254237288136,100.0,0.0,1
line_37_5431,samples\line_37_5431.npz,faulted,line,37,22,31,99.15254237288136,100.0,3.0,1
line_38_5432,samples\line_38_5432.npz,faulted,line,38,30,31,99.15254237288136,100.0,1.0,1
line_39_5433,samples\line_39_5433.npz,faulted,line,39,26,31,99.15254237288136,100.0,1.0,1
line_40_5434,samples\line_40_5434.npz,faulted,line,40,14,32,99.15254237288136,100.0,0.0,1
line_41_5435,samples\line_41_5435.npz,faulted,line,41,18,33,99.15254237288136,100.0,0.0,1
line_42_5436,samples\line_42_5436.npz,faulted,line,42,34,35,99.15254237288136,100.0,0.0,1
line_43_5437,samples\line_43_5437.npz,faulted,line,43,34,36,98.30508474576273,100.0,1.0,1
line_44_5438,samples\line_44_5438.npz,faulted,line,44,32,36,98.30508474576273,100.0,0.0,1
line_45_5439,samples\line_45_5439.npz,faulted,line,45,33,35,98.30508474576273,100.0,1.0,1
line_46_5440,samples\line_46_5440.npz,faulted,line,46,33,36,99.15254237288136,100.0,0.0,1
line_47_5441,samples\line_47_5441.npz,faulted,line,47,36,38,99.15254237288136,100.0,0.0,1
line_48_5442,samples\line_48_5442.npz,faulted,line,48,36,39,99.15254237288136,100.0,0.0,1
line_49_5443,samples\line_49_5443.npz,faulted,line,49,29,37,99.15254237288136,100.0,0.0,1
line_50_5444,samples\line_50_5444.npz,faulted,line,50,38,39,99.15254237288136,100.0,0.0,1
line_51_5445,samples\line_51_5445.npz,faulted,line,51,39,40,98.30508474576273,100.0,0.0,1
line_52_5446,samples\line_52_5446.npz,faulted,line,52,39,41,99.15254237288136,100.0,0.0,1
line_53_5447,samples\line_53_5447.npz,faulted,line,53,40,41,99.15254237288136,100.0,0.0,1
line_54_5448,samples\line_54_5448.npz,faulted,line,54,42,43,99.15254237288136,100.0,0.0,1
line_55_5449,samples\line_55_5449.npz,faulted,line,55,33,42,98.30508474576273,100.0,1.0,1
line_56_5450,samples\line_56_5450.npz,faulted,line,56,43,44,98.30508474576273,100.0,1.0,1
line_57_5451,samples\line_57_5451.npz,faulted,line,57,44,45,98.30508474576273,100.0,1.0,1
line_58_5452,samples\line_58_5452.npz,faulted,line,58,45,46,99.15254237288136,100.0,0.0,1
line_59_5453,samples\line_59_5453.npz,faulted,line,59,45,47,99.15254237288136,100.0,0.0,1
line_60_5454,samples\line_60_5454.npz,faulted,line,60,46,48,98.30508474576273,100.0,1.0,1
line_61_5455,samples\line_61_5455.npz,faulted,line,61,41,48,99.15254237288136,100.0,0.0,1
line_62_5456,samples\line_62_5456.npz,faulted,line,62,41,48,99.15254237288136,100.0,0.0,1
line_63_5457,samples\line_63_5457.npz,faulted,line,63,44,48,99.15254237288136,100.0,1.0,1
line_64_5458,samples\line_64_5458.npz,faulted,line,64,47,48,98.30508474576273,100.0,1.0,1
line_65_5459,samples\line_65_5459.npz,faulted,line,65,48,49,99.15254237288136,100.0,0.0,1
line_66_5460,samples\line_66_5460.npz,faulted,line,66,48,50,99.15254237288136,100.0,0.0,1
line_67_5461,samples\line_67_5461.npz,faulted,line,67,50,51,99.15254237288136,100.0,-1.0,1
line_68_5462,samples\line_68_5462.npz,faulted,line,68,51,52,98.30508474576273,100.0,0.0,1
line_69_5463,samples\line_69_5463.npz,faulted,line,69,52,53,99.15254237288136,100.0,0.0,1
line_70_5464,samples\line_70_5464.npz,faulted,line,70,48,53,99.15254237288136,100.0,0.0,1
line_71_5465,samples\line_71_5465.npz,faulted,line,71,48,53,99.15254237288136,100.0,0.0,1
line_72_5466,samples\line_72_5466.npz,faulted,line,72,53,54,99.15254237288136,100.0,0.0,1
line_73_5467,samples\line_73_5467.npz,faulted,line,73,53,55,99.15254237288136,100.0,0.0,1
line_74_5468,samples\line_74_5468.npz,faulted,line,74,54,55,99.15254237288136,100.0,0.0,1
line_75_5469,samples\line_75_5469.npz,faulted,line,75,55,56,99.15254237288136,100.0,0.0,1
line_76_5470,samples\line_76_5470.npz,faulted,line,76,49,56,98.30508474576273,100.0,0.0,1
line_77_5471,samples\line_77_5471.npz,faulted,line,77,55,57,99.15254237288136,100.0,0.0,1
line_78_5472,samples\line_78_5472.npz,faulted,line,78,50,57,98.30508474576273,100.0,-1.0,1
line_79_5473,samples\line_79_5473.npz,faulted,line,79,53,58,99.15254237288136,100.0,0.0,1
line_80_5474,samples\line_80_5474.npz,faulted,line,80,55,58,99.15254237288136,100.0,0.0,1
line_81_5475,samples\line_81_5475.npz,faulted,line,81,55,58,99.15254237288136,100.0,0.0,1
line_82_5476,samples\line_82_5476.npz,faulted,line,82,54,58,98.30508474576273,100.0,-1.0,1
line_83_5477,samples\line_83_5477.npz,faulted,line,83,58,59,99.15254237288136,100.0,-1.0,1
line_84_5478,samples\line_84_5478.npz,faulted,line,84,58,60,99.15254237288136,100.0,-1.0,1
line_85_5479,samples\line_85_5479.npz,faulted,line,85,59,60,99.15254237288136,100.0,0.0,1
line_86_5480,samples\line_86_5480.npz,faulted,line,86,59,61,99.15254237288136,100.0,0.0,1
line_87_5481,samples\line_87_5481.npz,faulted,line,87,60,61,99.15254237288136,100.0,0.0,1
line_88_5482,samples\line_88_5482.npz,faulted,line,88,62,63,99.15254237288136,100.0,0.0,1
line_89_5483,samples\line_89_5483.npz,faulted,line,89,37,64,99.15254237288136,100.0,0.0,1
line_90_5484,samples\line_90_5484.npz,faulted,line,90,63,64,99.15254237288136,100.0,0.0,1
line_91_5485,samples\line_91_5485.npz,faulted,line,91,48,65,99.15254237288136,100.0,0.0,1
line_92_5486,samples\line_92_5486.npz,faulted,line,92,48,65,99.15254237288136,100.0,0.0,1
line_93_5487,samples\line_93_5487.npz,faulted,line,93,61,65,99.15254237288136,100.0,0.0,1
line_94_5488,samples\line_94_5488.npz,faulted,line,94,61,66,98.30508474576273,100.0,0.0,1
line_95_5489,samples\line_95_5489.npz,faulted,line,95,65,66,99.15254237288136,100.0,0.0,1
line_96_5490,samples\line_96_5490.npz,faulted,line,96,46,68,99.15254237288136,100.0,0.0,1
line_97_5491,samples\line_97_5491.npz,faulted,line,97,48,68,99.15254237288136,100.0,0.0,1
line_98_5492,samples\line_98_5492.npz,faulted,line,98,68,69,99.15254237288136,100.0,0.0,1
line_99_5493,samples\line_99_5493.npz,faulted,line,99,23,69,99.15254237288136,100.0,0.0,1
line_100_5494,samples\line_100_5494.npz,faulted,line,100,69,70,99.15254237288136,100.0,0.0,1
line_101_5495,samples\line_101_5495.npz,faulted,line,101,23,71,99.15254237288136,100.0,0.0,1
line_102_5496,samples\line_102_5496.npz,faulted,line,102,70,71,98.30508474576273,100.0,1.0,1
line_103_5497,samples\line_103_5497.npz,faulted,line,103,70,72,98.30508474576273,100.0,1.0,2
line_104_5498,samples\line_104_5498.npz,faulted,line,104,69,73,99.15254237288136,100.0,0.0,1
line_105_5499,samples\line_105_5499.npz,faulted,line,105,69,74,99.15254237288136,100.0,0.0,1
line_106_5500,samples\line_106_5500.npz,faulted,line,106,68,74,99.15254237288136,100.0,0.0,1
line_107_5501,samples\line_107_5501.npz,faulted,line,107,73,74,98.30508474576273,100.0,0.0,1
line_108_5502,samples\line_108_5502.npz,faulted,line,108,75,76,98.30508474576273,100.0,0.0,1
line_109_5503,samples\line_109_5503.npz,faulted,line,109,68,76,99.15254237288136,100.0,0.0,1
line_110_5504,samples\line_110_5504.npz,faulted,line,110,74,76,99.15254237288136,100.0,0.0,1
line_111_5505,samples\line_111_5505.npz,faulted,line,111,76,77,98.30508474576273,100.0,0.0,1
line_112_5506,samples\line_112_5506.npz,faulted,line,112,77,78,99.15254237288136,100.0,0.0,1
line_113_5507,samples\line_113_5507.npz,faulted,line,113,76,79,99.15254237288136,100.0,0.0,1
line_114_5508,samples\line_114_5508.npz,faulted,line,114,76,79,99.15254237288136,100.0,0.0,1
line_115_5509,samples\line_115_5509.npz,faulted,line,115,78,79,98.30508474576273,100.0,0.0,1
line_116_5510,samples\line_116_5510.npz,faulted,line,116,76,81,98.30508474576273,100.0,0.0,1
line_117_5511,samples\line_117_5511.npz,faulted,line,117,81,82,99.15254237288136,100.0,0.0,1
line_118_5512,samples\line_118_5512.npz,faulted,line,118,82,83,99.15254237288136,100.0,0.0,1
line_119_5513,samples\line_119_5513.npz,faulted,line,119,82,84,98.30508474576273,100.0,1.0,1
line_120_5514,samples\line_120_5514.npz,faulted,line,120,83,84,98.30508474576273,100.0,1.0,1
line_121_5515,samples\line_121_5515.npz,faulted,line,121,84,85,99.15254237288136,100.0,0.0,2
line_122_5516,samples\line_122_5516.npz,faulted,line,122,84,87,99.15254237288136,100.0,0.0,1
line_123_5517,samples\line_123_5517.npz,faulted,line,123,84,88,99.15254237288136,100.0,0.0,1
line_124_5518,samples\line_124_5518.npz,faulted,line,124,87,88,99.15254237288136,100.0,0.0,1
line_125_5519,samples\line_125_5519.npz,faulted,line,125,88,89,99.15254237288136,100.0,0.0,1
line_126_5520,samples\line_126_5520.npz,faulted,line,126,88,89,99.15254237288136,100.0,0.0,1
line_127_5521,samples\line_127_5521.npz,faulted,line,127,89,90,99.15254237288136,100.0,0.0,1
line_128_5522,samples\line_128_5522.npz,faulted,line,128,88,91,99.15254237288136,100.0,0.0,1
line_129_5523,samples\line_129_5523.npz,faulted,line,129,88,91,99.15254237288136,100.0,0.0,1
line_130_5524,samples\line_130_5524.npz,faulted,line,130,90,91,98.30508474576273,100.0,0.0,1
line_131_5525,samples\line_131_5525.npz,faulted,line,131,91,92,99.15254237288136,100.0,0.0,1
line_132_5526,samples\line_132_5526.npz,faulted,line,132,91,93,99.15254237288136,100.0,0.0,1
line_133_5527,samples\line_133_5527.npz,faulted,line,133,92,93,99.15254237288136,100.0,0.0,1
line_134_5528,samples\line_134_5528.npz,faulted,line,134,93,94,98.30508474576273,100.0,0.0,1
line_135_5529,samples\line_135_5529.npz,faulted,line,135,79,95,99.15254237288136,100.0,0.0,1
line_136_5530,samples\line_136_5530.npz,faulted,line,136,81,95,99.15254237288136,100.0,0.0,1
line_137_5531,samples\line_137_5531.npz,faulted,line,137,93,95,99.15254237288136,100.0,0.0,1
line_138_5532,samples\line_138_5532.npz,faulted,line,138,79,96,98.30508474576273,100.0,0.0,1
line_139_5533,samples\line_139_5533.npz,faulted,line,139,79,97,99.15254237288136,100.0,0.0,1
line_140_5534,samples\line_140_5534.npz,faulted,line,140,79,98,99.15254237288136,100.0,0.0,1
line_141_5535,samples\line_141_5535.npz,faulted,line,141,91,99,99.15254237288136,100.0,0.0,1
line_142_5536,samples\line_142_5536.npz,faulted,line,142,93,99,99.15254237288136,100.0,0.0,1
line_143_5537,samples\line_143_5537.npz,faulted,line,143,94,95,99.15254237288136,100.0,0.0,1
line_144_5538,samples\line_144_5538.npz,faulted,line,144,95,96,99.15254237288136,100.0,0.0,1
line_145_5539,samples\line_145_5539.npz,faulted,line,145,97,99,99.15254237288136,100.0,0.0,1
line_146_5540,samples\line_146_5540.npz,faulted,line,146,98,99,99.15254237288136,100.0,0.0,1
line_147_5541,samples\line_147_5541.npz,faulted,line,147,99,100,98.30508474576273,100.0,0.0,1
line_148_5542,samples\line_148_5542.npz,faulted,line,148,91,101,98.30508474576273,100.0,0.0,1
line_149_5543,samples\line_149_5543.npz,faulted,line,149,100,101,99.15254237288136,100.0,0.0,1
line_150_5544,samples\line_150_5544.npz,faulted,line,150,99,102,99.15254237288136,100.0,0.0,1
line_151_5545,samples\line_151_5545.npz,faulted,line,151,99,103,99.15254237288136,100.0,0.0,1
line_152_5546,samples\line_152_5546.npz,faulted,line,152,102,103,99.15254237288136,100.0,0.0,1
line_153_5547,samples\line_153_5547.npz,faulted,line,153,102,104,99.15254237288136,100.0,0.0,1
line_154_5548,samples\line_154_5548.npz,faulted,line,154,99,105,99.15254237288136,100.0,0.0,1
line_155_5549,samples\line_155_5549.npz,faulted,line,155,103,104,99.15254237288136,100.0,0.0,1
line_156_5550,samples\line_156_5550.npz,faulted,line,156,104,105,99.15254237288136,100.0,0.0,1
line_157_5551,samples\line_157_5551.npz,faulted,line,157,104,106,98.30508474576273,100.0,1.0,1
line_158_5552,samples\line_158_5552.npz,faulted,line,158,104,107,98.30508474576273,100.0,1.0,1
line_159_5553,samples\line_159_5553.npz,faulted,line,159,105,106,99.15254237288136,100.0,0.0,1
line_160_5554,samples\line_160_5554.npz,faulted,line,160,107,108,99.15254237288136,100.0,0.0,1
line_161_5555,samples\line_161_5555.npz,faulted,line,161,102,109,99.15254237288136,100.0,0.0,1
line_162_5556,samples\line_162_5556.npz,faulted,line,162,108,109,98.30508474576273,100.0,1.0,1
line_163_5557,samples\line_163_5557.npz,faulted,line,163,109,110,98.30508474576273,100.0,1.0,2
line_164_5558,samples\line_164_5558.npz,faulted,line,164,109,111,98.30508474576273,100.0,1.0,2
line_165_5559,samples\line_165_5559.npz,faulted,line,165,16,112,99.15254237288136,100.0,0.0,1
line_166_5560,samples\line_166_5560.npz,faulted,line,166,31,112,99.15254237288136,100.0,1.0,1
line_167_5561,samples\line_167_5561.npz,faulted,line,167,31,113,98.30508474576273,100.0,1.0,1
line_168_5562,samples\line_168_5562.npz,faulted,line,168,26,114,98.30508474576273,100.0,0.0,1
line_169_5563,samples\line_169_5563.npz,faulted,line,169,113,114,99.15254237288136,100.0,0.0,1
line_170_5564,samples\line_170_5564.npz,faulted,line,170,11,116,98.30508474576273,100.0,1.0,2
line_171_5565,samples\line_171_5565.npz,faulted,line,171,74,117,98.30508474576273,100.0,0.0,1
line_172_5566,samples\line_172_5566.npz,faulted,line,172,75,117,99.15254237288136,100.0,0.0,1
trafo_0_5567,samples\trafo_0_5567.npz,faulted,trafo,0,7,4,99.15254237288136,100.0,1.0,1
trafo_1_5568,samples\trafo_1_5568.npz,faulted,trafo,1,25,24,98.30508474576273,100.0,1.0,1
trafo_2_5569,samples\trafo_2_5569.npz,faulted,trafo,2,29,16,99.15254237288136,100.0,0.0,1
trafo_3_5570,samples\trafo_3_5570.npz,faulted,trafo,3,37,36,98.30508474576273,100.0,0.0,1
trafo_4_5571,samples\trafo_4_5571.npz,faulted,trafo,4,62,58,98.30508474576273,100.0,-1.0,1
trafo_5_5572,samples\trafo_5_5572.npz,faulted,trafo,5,63,60,98.30508474576273,100.0,0.0,1
trafo_6_5573,samples\trafo_6_5573.npz,faulted,trafo,6,64,65,99.15254237288136,100.0,0.0,1
trafo_7_5574,samples\trafo_7_5574.npz,faulted,trafo,7,64,67,98.30508474576273,100.0,0.0,1
trafo_8_5575,samples\trafo_8_5575.npz,faulted,trafo,8,67,68,99.15254237288136,100.0,0.0,1
trafo_9_5576,samples\trafo_9_5576.npz,faulted,trafo,9,80,67,99.15254237288136,100.0,0.0,1
trafo_10_5577,samples\trafo_10_5577.npz,faulted,trafo,10,80,79,99.15254237288136,100.0,0.0,1
trafo_11_5578,samples\trafo_11_5578.npz,faulted,trafo,11,86,85,98.30508474576273,100.0,0.0,2
trafo_12_5579,samples\trafo_12_5579.npz,faulted,trafo,12,115,67,98.30508474576273,100.0,0.0,2
line_0_5580,samples\line_0_5580.npz,faulted,line,0,0,1,99.15254237288136,100.0,1.0,2
line_1_5581,samples\line_1_5581.npz,faulted,line,1,0,2,99.15254237288136,100.0,1.0,2
line_2_5582,samples\line_2_5582.npz,faulted,line,2,3,4,99.15254237288136,100.0,1.0,2
line_3_5583,samples\line_3_5583.npz,faulted,line,3,2,4,99.15254237288136,100.0,1.0,2
line_4_5584,samples\line_4_5584.npz,faulted,line,4,4,5,98.30508474576273,100.0,1.0,2
line_5_5585,samples\line_5_5585.npz,faulted,line,5,5,6,99.15254237288136,100.0,1.0,2
line_6_5586,samples\line_6_5586.npz,faulted,line,6,7,8,98.30508474576273,100.0,1.0,3
line_7_5587,samples\line_7_5587.npz,faulted,line,7,8,9,98.30508474576273,100.0,2.0,3
line_8_5588,samples\line_8_5588.npz,faulted,line,8,3,10,99.15254237288136,100.0,1.0,2
line_9_5589,samples\line_9_5589.npz,faulted,line,9,4,10,99.15254237288136,100.0,1.0,2
line_10_5590,samples\line_10_5590.npz,faulted,line,10,10,11,99.15254237288136,100.0,1.0,2
line_11_5591,samples\line_11_5591.npz,faulted,line,11,1,11,99.15254237288136,100.0,1.0,2
line_12_5592,samples\line_12_5592.npz,faulted,line,12,2,11,99.15254237288136,100.0,1.0,2
line_13_5593,samples\line_13_5593.npz,faulted,line,13,6,11,98.30508474576273,100.0,2.0,2
line_14_5594,samples\line_14_5594.npz,faulted,line,14,10,12,98.30508474576273,100.0,1.0,2
line_15_5595,samples\line_15_5595.npz,faulted,line,15,11,13,98.30508474576273,100.0,1.0,2
line_16_5596,samples\line_16_5596.npz,faulted,line,16,12,14,99.15254237288136,100.0,1.0,2
line_17_5597,samples\line_17_5597.npz,faulted,line,17,13,14,99.15254237288136,100.0,1.0,2
line_18_5598,samples\line_18_5598.npz,faulted,line,18,11,15,99.15254237288136,100.0,1.0,2
line_19_5599,samples\line_19_5599.npz,faulted,line,19,14,16,98.30508474576273,100.0,1.0,2
line_20_5600,samples\line_20_5600.npz,faulted,line,20,15,16,99.15254237288136,100.0,1.0,2
line_21_5601,samples\line_21_5601.npz,faulted,line,21,16,17,98.30508474576273,100.0,2.0,2
line_22_5602,samples\line_22_5602.npz,faulted,line,22,17,18,99.15254237288136,100.0,1.0,2
line_23_5603,samples\line_23_5603.npz,faulted,line,23,18,19,99.15254237288136,100.0,1.0,2
line_24_5604,samples\line_24_5604.npz,faulted,line,24,14,18,99.15254237288136,100.0,1.0,2
line_25_5605,samples\line_25_5605.npz,faulted,line,25,19,20,98.30508474576273,100.0,2.0,3
line_26_5606,samples\line_26_5606.npz,faulted,line,26,20,21,99.15254237288136,100.0,1.0,3
line_27_5607,samples\line_27_5607.npz,faulted,line,27,21,22,98.30508474576273,100.0,2.0,3
line_28_5608,samples\line_28_5608.npz,faulted,line,28,22,23,98.30508474576273,100.0,1.0,2
line_29_5609,samples\line_29_5609.npz,faulted,line,29,22,24,99.15254237288136,100.0,2.0,2
line_30_5610,samples\line_30_5610.npz,faulted,line,30,24,26,99.15254237288136,100.0,1.0,2
line_31_5611,samples\line_31_5611.npz,faulted,line,31,26,27,99.15254237288136,100.0,0.0,2
line_32_5612,samples\line_32_5612.npz,faulted,line,32,27,28,98.30508474576273,100.0,1.0,2
line_33_5613,samples\line_33_5613.npz,faulted,line,33,7,29,99.15254237288136,100.0,1.0,3
line_34_5614,samples\line_34_5614.npz,faulted,line,34,25,29,99.15254237288136,100.0,1.0,2
line_35_5615,samples\line_35_5615.npz,faulted,line,35,16,30,99.15254237288136,100.0,2.0,2
line_36_5616,samples\line_36_5616.npz,faulted,line,36,28,30,99.15254237288136,100.0,1.0,2
line_37_5617,samples\line_37_5617.npz,faulted,line,37,22,31,99.15254237288136,100.0,2.0,2
line_38_5618,samples\line_38_5618.npz,faulted,line,38,30,31,99.15254237288136,100.0,1.0,2
line_39_5619,samples\line_39_5619.npz,faulted,line,39,26,31,99.15254237288136,100.0,1.0,2
line_40_5620,samples\line_40_5620.npz,faulted,line,40,14,32,99.15254237288136,100.0,1.0,2
line_41_5621,samples\line_41_5621.npz,faulted,line,41,18,33,98.30508474576273,100.0,1.0,2
line_42_5622,samples\line_42_5622.npz,faulted,line,42,34,35,99.15254237288136,100.0,1.0,2
line_43_5623,samples\line_43_5623.npz,faulted,line,43,34,36,98.30508474576273,100.0,2.0,2
line_44_5624,samples\line_44_5624.npz,faulted,line,44,32,36,98.30508474576273,100.0,1.0,2
line_45_5625,samples\line_45_5625.npz,faulted,line,45,33,35,98.30508474576273,100.0,2.0,2
line_46_5626,samples\line_46_5626.npz,faulted,line,46,33,36,99.15254237288136,100.0,1.0,2
line_47_5627,samples\line_47_5627.npz,faulted,line,47,36,38,99.15254237288136,100.0,1.0,2
line_48_5628,samples\line_48_5628.npz,faulted,line,48,36,39,99.15254237288136,100.0,1.0,2
line_49_5629,samples\line_49_5629.npz,faulted,line,49,29,37,99.15254237288136,100.0,1.0,2
line_50_5630,samples\line_50_5630.npz,faulted,line,50,38,39,99.15254237288136,100.0,1.0,2
line_51_5631,samples\line_51_5631.npz,faulted,line,51,39,40,98.30508474576273,100.0,1.0,2
line_52_5632,samples\line_52_5632.npz,faulted,line,52,39,41,99.15254237288136,100.0,1.0,2
line_53_5633,samples\line_53_5633.npz,faulted,line,53,40,41,99.15254237288136,100.0,1.0,2
line_54_5634,samples\line_54_5634.npz,faulted,line,54,42,43,99.15254237288136,100.0,1.0,2
line_55_5635,samples\line_55_5635.npz,faulted,line,55,33,42,98.30508474576273,100.0,2.0,2
line_56_5636,samples\line_56_5636.npz,faulted,line,56,43,44,98.30508474576273,100.0,2.0,2
line_57_5637,samples\line_57_5637.npz,faulted,line,57,44,45,98.30508474576273,100.0,2.0,2
line_58_5638,samples\line_58_5638.npz,faulted,line,58,45,46,99.15254237288136,100.0,1.0,2
line_59_5639,samples\line_59_5639.npz,faulted,line,59,45,47,99.15254237288136,100.0,1.0,2
line_60_5640,samples\line_60_5640.npz,faulted,line,60,46,48,98.30508474576273,100.0,2.0,2
line_61_5641,samples\line_61_5641.npz,faulted,line,61,41,48,99.15254237288136,100.0,1.0,2
line_62_5642,samples\line_62_5642.npz,faulted,line,62,41,48,99.15254237288136,100.0,1.0,2
line_63_5643,samples\line_63_5643.npz,faulted,line,63,44,48,99.15254237288136,100.0,1.0,2
line_64_5644,samples\line_64_5644.npz,faulted,line,64,47,48,98.30508474576273,100.0,2.0,2
line_65_5645,samples\line_65_5645.npz,faulted,line,65,48,49,99.15254237288136,100.0,1.0,2
line_66_5646,samples\line_66_5646.npz,faulted,line,66,48,50,99.15254237288136,100.0,1.0,2
line_67_5647,samples\line_67_5647.npz,faulted,line,67,50,51,99.15254237288136,100.0,0.0,2
line_68_5648,samples\line_68_5648.npz,faulted,line,68,51,52,98.30508474576273,100.0,1.0,2
line_69_5649,samples\line_69_5649.npz,faulted,line,69,52,53,99.15254237288136,100.0,1.0,2
line_70_5650,samples\line_70_5650.npz,faulted,line,70,48,53,99.15254237288136,100.0,1.0,2
line_71_5651,samples\line_71_5651.npz,faulted,line,71,48,53,99.15254237288136,100.0,1.0,2
line_72_5652,samples\line_72_5652.npz,faulted,line,72,53,54,99.15254237288136,100.0,1.0,2
line_73_5653,samples\line_73_5653.npz,faulted,line,73,53,55,99.15254237288136,100.0,1.0,2
line_74_5654,samples\line_74_5654.npz,faulted,line,74,54,55,99.15254237288136,100.0,1.0,2
line_75_5655,samples\line_75_5655.npz,faulted,line,75,55,56,99.15254237288136,100.0,1.0,2
line_76_5656,samples\line_76_5656.npz,faulted,line,76,49,56,98.30508474576273,100.0,1.0,2
line_77_5657,samples\line_77_5657.npz,faulted,line,77,55,57,99.15254237288136,100.0,1.0,2
line_78_5658,samples\line_78_5658.npz,faulted,line,78,50,57,98.30508474576273,100.0,0.0,2
line_79_5659,samples\line_79_5659.npz,faulted,line,79,53,58,99.15254237288136,100.0,1.0,2
line_80_5660,samples\line_80_5660.npz,faulted,line,80,55,58,99.15254237288136,100.0,1.0,2
line_81_5661,samples\line_81_5661.npz,faulted,line,81,55,58,99.15254237288136,100.0,1.0,2
line_82_5662,samples\line_82_5662.npz,faulted,line,82,54,58,98.30508474576273,100.0,0.0,2
line_83_5663,samples\line_83_5663.npz,faulted,line,83,58,59,99.15254237288136,100.0,0.0,2
line_84_5664,samples\line_84_5664.npz,faulted,line,84,58,60,99.15254237288136,100.0,0.0,2
line_85_5665,samples\line_85_5665.npz,faulted,line,85,59,60,99.15254237288136,100.0,1.0,2
line_86_5666,samples\line_86_5666.npz,faulted,line,86,59,61,99.15254237288136,100.0,1.0,2
line_87_5667,samples\line_87_5667.npz,faulted,line,87,60,61,99.15254237288136,100.0,1.0,2
line_88_5668,samples\line_88_5668.npz,faulted,line,88,62,63,99.15254237288136,100.0,1.0,2
line_89_5669,samples\line_89_5669.npz,faulted,line,89,37,64,99.15254237288136,100.0,1.0,2
line_90_5670,samples\line_90_5670.npz,faulted,line,90,63,64,99.15254237288136,100.0,1.0,2
line_91_5671,samples\line_91_5671.npz,faulted,line,91,48,65,99.15254237288136,100.0,1.0,2
line_92_5672,samples\line_92_5672.npz,faulted,line,92,48,65,99.15254237288136,100.0,1.0,2
line_93_5673,samples\line_93_5673.npz,faulted,line,93,61,65,99.15254237288136,100.0,1.0,2
line_94_5674,samples\line_94_5674.npz,faulted,line,94,61,66,98.30508474576273,100.0,1.0,2
line_95_5675,samples\line_95_5675.npz,faulted,line,95,65,66,99.15254237288136,100.0,1.0,2
line_96_5676,samples\line_96_5676.npz,faulted,line,96,46,68,99.15254237288136,100.0,1.0,2
line_97_5677,samples\line_97_5677.npz,faulted,line,97,48,68,99.15254237288136,100.0,1.0,2
line_98_5678,samples\line_98_5678.npz,faulted,line,98,68,69,99.15254237288136,100.0,1.0,2
line_99_5679,samples\line_99_5679.npz,faulted,line,99,23,69,99.15254237288136,100.0,1.0,2
line_100_5680,samples\line_100_5680.npz,faulted,line,100,69,70,99.15254237288136,100.0,1.0,2
line_101_5681,samples\line_101_5681.npz,faulted,line,101,23,71,99.15254237288136,100.0,1.0,2
line_102_5682,samples\line_102_5682.npz,faulted,line,102,70,71,98.30508474576273,100.0,3.0,2
line_103_5683,samples\line_103_5683.npz,faulted,line,103,70,72,98.30508474576273,100.0,3.0,3
line_104_5684,samples\line_104_5684.npz,faulted,line,104,69,73,99.15254237288136,100.0,1.0,2
line_105_5685,samples\line_105_5685.npz,faulted,line,105,69,74,99.15254237288136,100.0,1.0,2
line_106_5686,samples\line_106_5686.npz,faulted,line,106,68,74,99.15254237288136,100.0,1.0,2
line_107_5687,samples\line_107_5687.npz,faulted,line,107,73,74,98.30508474576273,100.0,2.0,2
line_108_5688,samples\line_108_5688.npz,faulted,line,108,75,76,98.30508474576273,100.0,1.0,2
line_109_5689,samples\line_109_5689.npz,faulted,line,109,68,76,99.15254237288136,100.0,1.0,2
line_110_5690,samples\line_110_5690.npz,faulted,line,110,74,76,99.15254237288136,100.0,2.0,2
line_111_5691,samples\line_111_5691.npz,faulted,line,111,76,77,98.30508474576273,100.0,1.0,2
line_112_5692,samples\line_112_5692.npz,faulted,line,112,77,78,99.15254237288136,100.0,1.0,2
line_113_5693,samples\line_113_5693.npz,faulted,line,113,76,79,99.15254237288136,100.0,1.0,2
line_114_5694,samples\line_114_5694.npz,faulted,line,114,76,79,99.15254237288136,100.0,1.0,2
line_115_5695,samples\line_115_5695.npz,faulted,line,115,78,79,98.30508474576273,100.0,1.0,2
line_116_5696,samples\line_116_5696.npz,faulted,line,116,76,81,98.30508474576273,100.0,1.0,2
line_117_5697,samples\line_117_5697.npz,faulted,line,117,81,82,99.15254237288136,100.0,1.0,2
line_118_5698,samples\line_118_5698.npz,faulted,line,118,82,83,99.15254237288136,100.0,1.0,2
line_119_5699,samples\line_119_5699.npz,faulted,line,119,82,84,98.30508474576273,100.0,2.0,2
line_120_5700,samples\line_120_5700.npz,faulted,line,120,83,84,98.30508474576273,100.0,2.0,2
line_121_5701,samples\line_121_5701.npz,faulted,line,121,84,85,99.15254237288136,100.0,1.0,3
line_122_5702,samples\line_122_5702.npz,faulted,line,122,84,87,99.15254237288136,100.0,1.0,2
line_123_5703,samples\line_123_5703.npz,faulted,line,123,84,88,99.15254237288136,100.0,1.0,2
line_124_5704,samples\line_124_5704.npz,faulted,line,124,87,88,99.15254237288136,100.0,1.0,2
line_125_5705,samples\line_125_5705.npz,faulted,line,125,88,89,99.15254237288136,100.0,1.0,2
line_126_5706,samples\line_126_5706.npz,faulted,line,126,88,89,99.15254237288136,100.0,1.0,2
line_127_5707,samples\line_127_5707.npz,faulted,line,127,89,90,99.15254237288136,100.0,1.0,2
line_128_5708,samples\line_128_5708.npz,faulted,line,128,88,91,99.15254237288136,100.0,1.0,2
line_129_5709,samples\line_129_5709.npz,faulted,line,129,88,91,99.15254237288136,100.0,1.0,2
line_130_5710,samples\line_130_5710.npz,faulted,line,130,90,91,98.30508474576273,100.0,1.0,2
line_131_5711,samples\line_131_5711.npz,faulted,line,131,91,92,99.15254237288136,100.0,1.0,2
line_132_5712,samples\line_132_5712.npz,faulted,line,132,91,93,99.15254237288136,100.0,1.0,2
line_133_5713,samples\line_133_5713.npz,faulted,line,133,92,93,99.15254237288136,100.0,1.0,2
line_134_5714,samples\line_134_5714.npz,faulted,line,134,93,94,98.30508474576273,100.0,1.0,2
line_135_5715,samples\line_135_5715.npz,faulted,line,135,79,95,99.15254237288136,100.0,1.0,2
line_136_5716,samples\line_136_5716.npz,faulted,line,136,81,95,99.15254237288136,100.0,1.0,2
line_137_5717,samples\line_137_5717.npz,faulted,line,137,93,95,99.15254237288136,100.0,1.0,2
line_138_5718,samples\line_138_5718.npz,faulted,line,138,79,96,98.30508474576273,100.0,1.0,2
line_139_5719,samples\line_139_5719.npz,faulted,line,139,79,97,99.15254237288136,100.0,1.0,2
line_140_5720,samples\line_140_5720.npz,faulted,line,140,79,98,99.15254237288136,100.0,1.0,2
line_141_5721,samples\line_141_5721.npz,faulted,line,141,91,99,99.15254237288136,100.0,1.0,2
line_142_5722,samples\line_142_5722.npz,faulted,line,142,93,99,99.15254237288136,100.0,1.0,2
line_143_5723,samples\line_143_5723.npz,faulted,line,143,94,95,99.15254237288136,100.0,1.0,2
line_144_5724,samples\line_144_5724.npz,faulted,line,144,95,96,99.15254237288136,100.0,1.0,2
line_145_5725,samples\line_145_5725.npz,faulted,line,145,97,99,99.15254237288136,100.0,1.0,2
line_146_5726,samples\line_146_5726.npz,faulted,line,146,98,99,99.15254237288136,100.0,1.0,2
line_147_5727,samples\line_147_5727.npz,faulted,line,147,99,100,98.30508474576273,100.0,2.0,2
line_148_5728,samples\line_148_5728.npz,faulted,line,148,91,101,98.30508474576273,100.0,1.0,2
line_149_5729,samples\line_149_5729.npz,faulted,line,149,100,101,99.15254237288136,100.0,1.0,2
line_150_5730,samples\line_150_5730.npz,faulted,line,150,99,102,99.15254237288136,100.0,1.0,2
line_151_5731,samples\line_151_5731.npz,faulted,line,151,99,103,99.15254237288136,100.0,1.0,2
line_152_5732,samples\line_152_5732.npz,faulted,line,152,102,103,99.15254237288136,100.0,1.0,2
line_153_5733,samples\line_153_5733.npz,faulted,line,153,102,104,99.15254237288136,100.0,1.0,2
line_154_5734,samples\line_154_5734.npz,faulted,line,154,99,105,99.15254237288136,100.0,1.0,2
line_155_5735,samples\line_155_5735.npz,faulted,line,155,103,104,99.15254237288136,100.0,1.0,2
line_156_5736,samples\line_156_5736.npz,faulted,line,156,104,105,99.15254237288136,100.0,1.0,2
line_157_5737,samples\line_157_5737.npz,faulted,line,157,104,106,98.30508474576273,100.0,2.0,2
line_158_5738,samples\line_158_5738.npz,faulted,line,158,104,107,98.30508474576273,100.0,2.0,2
line_159_5739,samples\line_159_5739.npz,faulted,line,159,105,106,99.15254237288136,100.0,1.0,2
line_160_5740,samples\line_160_5740.npz,faulted,line,160,107,108,99.15254237288136,100.0,1.0,2
line_161_5741,samples\line_161_5741.npz,faulted,line,161,102,109,99.15254237288136,100.0,1.0,2
line_162_5742,samples\line_162_5742.npz,faulted,line,162,108,109,98.30508474576273,100.0,2.0,2
line_163_5743,samples\line_163_5743.npz,faulted,line,163,109,110,98.30508474576273,100.0,2.0,3
line_164_5744,samples\line_164_5744.npz,faulted,line,164,109,111,98.30508474576273,100.0,2.0,3
line_165_5745,samples\line_165_5745.npz,faulted,line,165,16,112,99.15254237288136,100.0,2.0,2
line_166_5746,samples\line_166_5746.npz,faulted,line,166,31,112,99.15254237288136,100.0,1.0,2
line_167_5747,samples\line_167_5747.npz,faulted,line,167,31,113,98.30508474576273,100.0,1.0,2
line_168_5748,samples\line_168_5748.npz,faulted,line,168,26,114,98.30508474576273,100.0,0.0,2
line_169_5749,samples\line_169_5749.npz,faulted,line,169,113,114,99.15254237288136,100.0,1.0,2
line_170_5750,samples\line_170_5750.npz,faulted,line,170,11,116,98.30508474576273,100.0,2.0,3
line_171_5751,samples\line_171_5751.npz,faulted,line,171,74,117,98.30508474576273,100.0,2.0,2
line_172_5752,samples\line_172_5752.npz,faulted,line,172,75,117,99.15254237288136,100.0,1.0,2
trafo_0_5753,samples\trafo_0_5753.npz,faulted,trafo,0,7,4,99.15254237288136,100.0,1.0,2
trafo_1_5754,samples\trafo_1_5754.npz,faulted,trafo,1,25,24,98.30508474576273,100.0,1.0,2
trafo_2_5755,samples\trafo_2_5755.npz,faulted,trafo,2,29,16,98.30508474576273,100.0,2.0,2
trafo_3_5756,samples\trafo_3_5756.npz,faulted,trafo,3,37,36,98.30508474576273,100.0,1.0,2
trafo_4_5757,samples\trafo_4_5757.npz,faulted,trafo,4,62,58,98.30508474576273,100.0,0.0,2
trafo_5_5758,samples\trafo_5_5758.npz,faulted,trafo,5,63,60,98.30508474576273,100.0,1.0,2
trafo_6_5759,samples\trafo_6_5759.npz,faulted,trafo,6,64,65,99.15254237288136,100.0,1.0,2
trafo_7_5760,samples\trafo_7_5760.npz,faulted,trafo,7,64,67,98.30508474576273,100.0,1.0,2
trafo_8_5761,samples\trafo_8_5761.npz,faulted,trafo,8,67,68,99.15254237288136,100.0,1.0,2
trafo_9_5762,samples\trafo_9_5762.npz,faulted,trafo,9,80,67,98.30508474576273,100.0,1.0,3
trafo_10_5763,samples\trafo_10_5763.npz,faulted,trafo,10,80,79,99.15254237288136,100.0,1.0,2
trafo_11_5764,samples\trafo_11_5764.npz,faulted,trafo,11,86,85,98.30508474576273,100.0,1.0,3
trafo_12_5765,samples\trafo_12_5765.npz,faulted,trafo,12,115,67,99.15254237288136,100.0,1.0,2
line_0_5766,samples\line_0_5766.npz,faulted,line,0,0,1,99.15254237288136,100.0,0.0,1
line_1_5767,samples\line_1_5767.npz,faulted,line,1,0,2,99.15254237288136,100.0,0.0,1
line_2_5768,samples\line_2_5768.npz,faulted,line,2,3,4,99.15254237288136,100.0,0.0,1
line_3_5769,samples\line_3_5769.npz,faulted,line,3,2,4,99.15254237288136,100.0,0.0,1
line_4_5770,samples\line_4_5770.npz,faulted,line,4,4,5,98.30508474576273,100.0,1.0,1
line_5_5771,samples\line_5_5771.npz,faulted,line,5,5,6,99.15254237288136,100.0,0.0,1
line_6_5772,samples\line_6_5772.npz,faulted,line,6,7,8,99.15254237288136,100.0,0.0,2
line_7_5773,samples\line_7_5773.npz,faulted,line,7,8,9,98.30508474576273,100.0,1.0,2
line_8_5774,samples\line_8_5774.npz,faulted,line,8,3,10,99.15254237288136,100.0,0.0,1
line_9_5775,samples\line_9_5775.npz,faulted,line,9,4,10,99.15254237288136,100.0,0.0,1
line_10_5776,samples\line_10_5776.npz,faulted,line,10,10,11,99.15254237288136,100.0,0.0,1
line_11_5777,samples\line_11_5777.npz,faulted,line,11,1,11,99.15254237288136,100.0,0.0,1
line_12_5778,samples\line_12_5778.npz,faulted,line,12,2,11,99.15254237288136,100.0,0.0,1
line_13_5779,samples\line_13_5779.npz,faulted,line,13,6,11,98.30508474576273,100.0,1.0,1
line_14_5780,samples\line_14_5780.npz,faulted,line,14,10,12,98.30508474576273,100.0,0.0,1
line_15_5781,samples\line_15_5781.npz,faulted,line,15,11,13,98.30508474576273,100.0,0.0,1
line_16_5782,samples\line_16_5782.npz,faulted,line,16,12,14,99.15254237288136,100.0,0.0,1
line_17_5783,samples\line_17_5783.npz,faulted,line,17,13,14,99.15254237288136,100.0,0.0,1
line_18_5784,samples\line_18_5784.npz,faulted,line,18,11,15,99.15254237288136,100.0,0.0,1
line_19_5785,samples\line_19_5785.npz,faulted,line,19,14,16,98.30508474576273,100.0,0.0,1
line_20_5786,samples\line_20_5786.npz,faulted,line,20,15,16,99.15254237288136,100.0,0.0,1
line_21_5787,samples\line_21_5787.npz,faulted,line,21,16,17,98.30508474576273,100.0,0.0,1
line_22_5788,samples\line_22_5788.npz,faulted,line,22,17,18,99.15254237288136,100.0,0.0,1
line_23_5789,samples\line_23_5789.npz,faulted,line,23,18,19,99.15254237288136,100.0,0.0,1
line_24_5790,samples\line_24_5790.npz,faulted,line,24,14,18,99.15254237288136,100.0,0.0,1
line_25_5791,samples\line_25_5791.npz,faulted,line,25,19,20,98.30508474576273,100.0,1.0,1
line_26_5792,samples\line_26_5792.npz,faulted,line,26,20,21,99.15254237288136,100.0,0.0,1
line_27_5793,samples\line_27_5793.npz,faulted,line,27,21,22,98.30508474576273,100.0,2.0,1
line_28_5794,samples\line_28_5794.npz,faulted,line,28,22,23,98.30508474576273,100.0,1.0,1
line_29_5795,samples\line_29_5795.npz,faulted,line,29,22,24,99.15254237288136,100.0,2.0,1
line_30_5796,samples\line_30_5796.npz,faulted,line,30,24,26,99.15254237288136,100.0,0.0,1
line_31_5797,samples\line_31_5797.npz,faulted,line,31,26,27,99.15254237288136,100.0,-1.0,1
line_32_5798,samples\line_32_5798.npz,faulted,line,32,27,28,98.30508474576273,100.0,0.0,1
line_33_5799,samples\line_33_5799.npz,faulted,line,33,7,29,99.15254237288136,100.0,0.0,1
line_34_5800,samples\line_34_5800.npz,faulted,line,34,25,29,99.15254237288136,100.0,0.0,1
line_35_5801,samples\line_35_5801.npz,faulted,line,35,16,30,99.15254237288136,100.0,0.0,1
line_36_5802,samples\line_36_5802.npz,faulted,line,36,28,30,99.15254237288136,100.0,0.0,1
line_37_5803,samples\line_37_5803.npz,faulted,line,37,22,31,99.15254237288136,100.0,2.0,1
line_38_5804,samples\line_38_5804.npz,faulted,line,38,30,31,99.15254237288136,100.0,0.0,1
line_39_5805,samples\line_39_5805.npz,faulted,line,39,26,31,99.15254237288136,100.0,0.0,1
line_40_5806,samples\line_40_5806.npz,faulted,line,40,14,32,99.15254237288136,100.0,0.0,1
line_41_5807,samples\line_41_5807.npz,faulted,line,41,18,33,99.15254237288136,100.0,0.0,1
line_42_5808,samples\line_42_5808.npz,faulted,line,42,34,35,99.15254237288136,100.0,0.0,1
line_43_5809,samples\line_43_5809.npz,faulted,line,43,34,36,98.30508474576273,100.0,1.0,1
line_44_5810,samples\line_44_5810.npz,faulted,line,44,32,36,98.30508474576273,100.0,0.0,1
line_45_5811,samples\line_45_5811.npz,faulted,line,45,33,35,98.30508474576273,100.0,1.0,1
line_46_5812,samples\line_46_5812.npz,faulted,line,46,33,36,99.15254237288136,100.0,0.0,1
line_47_5813,samples\line_47_5813.npz,faulted,line,47,36,38,99.15254237288136,100.0,0.0,1
line_48_5814,samples\line_48_5814.npz,faulted,line,48,36,39,99.15254237288136,100.0,0.0,1
line_49_5815,samples\line_49_5815.npz,faulted,line,49,29,37,99.15254237288136,100.0,0.0,1
line_50_5816,samples\line_50_5816.npz,faulted,line,50,38,39,99.15254237288136,100.0,0.0,1
line_51_5817,samples\line_51_5817.npz,faulted,line,51,39,40,98.30508474576273,100.0,0.0,1
line_52_5818,samples\line_52_5818.npz,faulted,line,52,39,41,99.15254237288136,100.0,0.0,1
line_53_5819,samples\line_53_5819.npz,faulted,line,53,40,41,99.15254237288136,100.0,0.0,1
line_54_5820,samples\line_54_5820.npz,faulted,line,54,42,43,99.15254237288136,100.0,0.0,1
line_55_5821,samples\line_55_5821.npz,faulted,line,55,33,42,98.30508474576273,100.0,1.0,1
line_56_5822,samples\line_56_5822.npz,faulted,line,56,43,44,98.30508474576273,100.0,1.0,1
line_57_5823,samples\line_57_5823.npz,faulted,line,57,44,45,98.30508474576273,100.0,1.0,1
line_58_5824,samples\line_58_5824.npz,faulted,line,58,45,46,99.15254237288136,100.0,0.0,1
line_59_5825,samples\line_59_5825.npz,faulted,line,59,45,47,99.15254237288136,100.0,0.0,1
line_60_5826,samples\line_60_5826.npz,faulted,line,60,46,48,98.30508474576273,100.0,1.0,1
line_61_5827,samples\line_61_5827.npz,faulted,line,61,41,48,99.15254237288136,100.0,0.0,1
line_62_5828,samples\line_62_5828.npz,faulted,line,62,41,48,99.15254237288136,100.0,0.0,1
line_63_5829,samples\line_63_5829.npz,faulted,line,63,44,48,99.15254237288136,100.0,1.0,1
line_64_5830,samples\line_64_5830.npz,faulted,line,64,47,48,98.30508474576273,100.0,1.0,1
line_65_5831,samples\line_65_5831.npz,faulted,line,65,48,49,99.15254237288136,100.0,0.0,1
line_66_5832,samples\line_66_5832.npz,faulted,line,66,48,50,99.15254237288136,100.0,0.0,1
line_67_5833,samples\line_67_5833.npz,faulted,line,67,50,51,99.15254237288136,100.0,-1.0,1
line_68_5834,samples\line_68_5834.npz,faulted,line,68,51,52,98.30508474576273,100.0,0.0,1
line_69_5835,samples\line_69_5835.npz,faulted,line,69,52,53,99.15254237288136,100.0,0.0,1
line_70_5836,samples\line_70_5836.npz,faulted,line,70,48,53,99.15254237288136,100.0,0.0,1
line_71_5837,samples\line_71_5837.npz,faulted,line,71,48,53,99.15254237288136,100.0,0.0,1
line_72_5838,samples\line_72_5838.npz,faulted,line,72,53,54,99.15254237288136,100.0,0.0,1
line_73_5839,samples\line_73_5839.npz,faulted,line,73,53,55,99.15254237288136,100.0,0.0,1
line_74_5840,samples\line_74_5840.npz,faulted,line,74,54,55,99.15254237288136,100.0,0.0,1
line_75_5841,samples\line_75_5841.npz,faulted,line,75,55,56,99.15254237288136,100.0,0.0,1
line_76_5842,samples\line_76_5842.npz,faulted,line,76,49,56,98.30508474576273,100.0,0.0,1
line_77_5843,samples\line_77_5843.npz,faulted,line,77,55,57,99.15254237288136,100.0,0.0,1
line_78_5844,samples\line_78_5844.npz,faulted,line,78,50,57,98.30508474576273,100.0,-1.0,1
line_79_5845,samples\line_79_5845.npz,faulted,line,79,53,58,99.15254237288136,100.0,0.0,1
line_80_5846,samples\line_80_5846.npz,faulted,line,80,55,58,99.15254237288136,100.0,0.0,1
line_81_5847,samples\line_81_5847.npz,faulted,line,81,55,58,99.15254237288136,100.0,0.0,1
line_82_5848,samples\line_82_5848.npz,faulted,line,82,54,58,98.30508474576273,100.0,-1.0,1
line_83_5849,samples\line_83_5849.npz,faulted,line,83,58,59,99.15254237288136,100.0,-1.0,1
line_84_5850,samples\line_84_5850.npz,faulted,line,84,58,60,99.15254237288136,100.0,-1.0,1
line_85_5851,samples\line_85_5851.npz,faulted,line,85,59,60,99.15254237288136,100.0,0.0,1
line_86_5852,samples\line_86_5852.npz,faulted,line,86,59,61,99.15254237288136,100.0,0.0,1
line_87_5853,samples\line_87_5853.npz,faulted,line,87,60,61,99.15254237288136,100.0,0.0,1
line_88_5854,samples\line_88_5854.npz,faulted,line,88,62,63,99.15254237288136,100.0,0.0,1
line_89_5855,samples\line_89_5855.npz,faulted,line,89,37,64,99.15254237288136,100.0,0.0,1
line_90_5856,samples\line_90_5856.npz,faulted,line,90,63,64,99.15254237288136,100.0,0.0,1
line_91_5857,samples\line_91_5857.npz,faulted,line,91,48,65,99.15254237288136,100.0,0.0,1
line_92_5858,samples\line_92_5858.npz,faulted,line,92,48,65,99.15254237288136,100.0,0.0,1
line_93_5859,samples\line_93_5859.npz,faulted,line,93,61,65,99.15254237288136,100.0,0.0,1
line_94_5860,samples\line_94_5860.npz,faulted,line,94,61,66,98.30508474576273,100.0,0.0,1
line_95_5861,samples\line_95_5861.npz,faulted,line,95,65,66,99.15254237288136,100.0,1.0,1
line_96_5862,samples\line_96_5862.npz,faulted,line,96,46,68,99.15254237288136,100.0,0.0,1
line_97_5863,samples\line_97_5863.npz,faulted,line,97,48,68,99.15254237288136,100.0,0.0,1
line_98_5864,samples\line_98_5864.npz,faulted,line,98,68,69,99.15254237288136,100.0,0.0,1
line_99_5865,samples\line_99_5865.npz,faulted,line,99,23,69,99.15254237288136,100.0,0.0,1
line_100_5866,samples\line_100_5866.npz,faulted,line,100,69,70,99.15254237288136,100.0,0.0,1
line_101_5867,samples\line_101_5867.npz,faulted,line,101,23,71,99.15254237288136,100.0,0.0,1
line_102_5868,samples\line_102_5868.npz,faulted,line,102,70,71,98.30508474576273,100.0,2.0,1
line_103_5869,samples\line_103_5869.npz,faulted,line,103,70,72,98.30508474576273,100.0,2.0,2
line_104_5870,samples\line_104_5870.npz,faulted,line,104,69,73,99.15254237288136,100.0,0.0,1
line_105_5871,samples\line_105_5871.npz,faulted,line,105,69,74,99.15254237288136,100.0,0.0,1
line_106_5872,samples\line_106_5872.npz,faulted,line,106,68,74,99.15254237288136,100.0,0.0,1
line_107_5873,samples\line_107_5873.npz,faulted,line,107,73,74,98.30508474576273,100.0,1.0,1
line_108_5874,samples\line_108_5874.npz,faulted,line,108,75,76,98.30508474576273,100.0,1.0,1
line_109_5875,samples\line_109_5875.npz,faulted,line,109,68,76,99.15254237288136,100.0,0.0,1
line_110_5876,samples\line_110_5876.npz,faulted,line,110,74,76,99.15254237288136,100.0,1.0,1
line_111_5877,samples\line_111_5877.npz,faulted,line,111,76,77,98.30508474576273,100.0,1.0,1
line_112_5878,samples\line_112_5878.npz,faulted,line,112,77,78,99.15254237288136,100.0,0.0,1
line_113_5879,samples\line_113_5879.npz,faulted,line,113,76,79,99.15254237288136,100.0,0.0,1
line_114_5880,samples\line_114_5880.npz,faulted,line,114,76,79,99.15254237288136,100.0,0.0,1
line_115_5881,samples\line_115_5881.npz,faulted,line,115,78,79,98.30508474576273,100.0,0.0,1
line_116_5882,samples\line_116_5882.npz,faulted,line,116,76,81,98.30508474576273,100.0,1.0,1
line_117_5883,samples\line_117_5883.npz,faulted,line,117,81,82,99.15254237288136,100.0,0.0,1
line_118_5884,samples\line_118_5884.npz,faulted,line,118,82,83,99.15254237288136,100.0,0.0,1
line_119_5885,samples\line_119_5885.npz,faulted,line,119,82,84,98.30508474576273,100.0,1.0,1
line_120_5886,samples\line_120_5886.npz,faulted,line,120,83,84,98.30508474576273,100.0,1.0,1
line_121_5887,samples\line_121_5887.npz,faulted,line,121,84,85,99.15254237288136,100.0,0.0,2
line_122_5888,samples\line_122_5888.npz,faulted,line,122,84,87,98.30508474576273,100.0,1.0,2
line_123_5889,samples\line_123_5889.npz,faulted,line,123,84,88,99.15254237288136,100.0,0.0,1
line_124_5890,samples\line_124_5890.npz,faulted,line,124,87,88,99.15254237288136,100.0,0.0,1
line_125_5891,samples\line_125_5891.npz,faulted,line,125,88,89,99.15254237288136,100.0,0.0,1
line_126_5892,samples\line_126_5892.npz,faulted,line,126,88,89,99.15254237288136,100.0,0.0,1
line_127_5893,samples\line_127_5893.npz,faulted,line,127,89,90,99.15254237288136,100.0,0.0,1
line_128_5894,samples\line_128_5894.npz,faulted,line,128,88,91,99.15254237288136,100.0,0.0,1
line_129_5895,samples\line_129_5895.npz,faulted,line,129,88,91,99.15254237288136,100.0,0.0,1
line_130_5896,samples\line_130_5896.npz,faulted,line,130,90,91,98.30508474576273,100.0,0.0,1
line_131_5897,samples\line_131_5897.npz,faulted,line,131,91,92,99.15254237288136,100.0,0.0,1
line_132_5898,samples\line_132_5898.npz,faulted,line,132,91,93,99.15254237288136,100.0,0.0,1
line_133_5899,samples\line_133_5899.npz,faulted,line,133,92,93,99.15254237288136,100.0,0.0,1
line_134_5900,samples\line_134_5900.npz,faulted,line,134,93,94,98.30508474576273,100.0,0.0,1
line_135_5901,samples\line_135_5901.npz,faulted,line,135,79,95,99.15254237288136,100.0,0.0,1
line_136_5902,samples\line_136_5902.npz,faulted,line,136,81,95,99.15254237288136,100.0,0.0,1
line_137_5903,samples\line_137_5903.npz,faulted,line,137,93,95,99.15254237288136,100.0,0.0,1
line_138_5904,samples\line_138_5904.npz,faulted,line,138,79,96,98.30508474576273,100.0,0.0,1
line_139_5905,samples\line_139_5905.npz,faulted,line,139,79,97,99.15254237288136,100.0,0.0,1
line_140_5906,samples\line_140_5906.npz,faulted,line,140,79,98,99.15254237288136,100.0,0.0,1
line_141_5907,samples\line_141_5907.npz,faulted,line,141,91,99,99.15254237288136,100.0,1.0,1
line_142_5908,samples\line_142_5908.npz,faulted,line,142,93,99,99.15254237288136,100.0,1.0,1
line_143_5909,samples\line_143_5909.npz,faulted,line,143,94,95,99.15254237288136,100.0,0.0,1
line_144_5910,samples\line_144_5910.npz,faulted,line,144,95,96,99.15254237288136,100.0,0.0,1
line_145_5911,samples\line_145_5911.npz,faulted,line,145,97,99,99.15254237288136,100.0,1.0,1
line_146_5912,samples\line_146_5912.npz,faulted,line,146,98,99,99.15254237288136,100.0,1.0,1
line_147_5913,samples\line_147_5913.npz,faulted,line,147,99,100,98.30508474576273,100.0,1.0,1
line_148_5914,samples\line_148_5914.npz,faulted,line,148,91,101,98.30508474576273,100.0,0.0,1
line_149_5915,samples\line_149_5915.npz,faulted,line,149,100,101,99.15254237288136,100.0,0.0,1
line_150_5916,samples\line_150_5916.npz,faulted,line,150,99,102,99.15254237288136,100.0,1.0,1
line_151_5917,samples\line_151_5917.npz,faulted,line,151,99,103,99.15254237288136,100.0,1.0,1
line_152_5918,samples\line_152_5918.npz,faulted,line,152,102,103,99.15254237288136,100.0,0.0,1
line_153_5919,samples\line_153_5919.npz,faulted,line,153,102,104,99.15254237288136,100.0,0.0,1
line_154_5920,samples\line_154_5920.npz,faulted,line,154,99,105,99.15254237288136,100.0,1.0,1
line_155_5921,samples\line_155_5921.npz,faulted,line,155,103,104,99.15254237288136,100.0,0.0,1
line_156_5922,samples\line_156_5922.npz,faulted,line,156,104,105,99.15254237288136,100.0,0.0,1
line_157_5923,samples\line_157_5923.npz,faulted,line,157,104,106,98.30508474576273,100.0,1.0,1
line_158_5924,samples\line_158_5924.npz,faulted,line,158,104,107,98.30508474576273,100.0,1.0,1
line_159_5925,samples\line_159_5925.npz,faulted,line,159,105,106,99.15254237288136,100.0,0.0,1
line_160_5926,samples\line_160_5926.npz,faulted,line,160,107,108,99.15254237288136,100.0,0.0,1
line_161_5927,samples\line_161_5927.npz,faulted,line,161,102,109,99.15254237288136,100.0,0.0,1
line_162_5928,samples\line_162_5928.npz,faulted,line,162,108,109,98.30508474576273,100.0,1.0,1
line_163_5929,samples\line_163_5929.npz,faulted,line,163,109,110,98.30508474576273,100.0,1.0,2
line_164_5930,samples\line_164_5930.npz,faulted,line,164,109,111,98.30508474576273,100.0,1.0,2
line_165_5931,samples\line_165_5931.npz,faulted,line,165,16,112,99.15254237288136,100.0,0.0,1
line_166_5932,samples\line_166_5932.npz,faulted,line,166,31,112,99.15254237288136,100.0,0.0,1
line_167_5933,samples\line_167_5933.npz,faulted,line,167,31,113,98.30508474576273,100.0,0.0,1
line_168_5934,samples\line_168_5934.npz,faulted,line,168,26,114,98.30508474576273,100.0,-1.0,1
line_169_5935,samples\line_169_5935.npz,faulted,line,169,113,114,99.15254237288136,100.0,0.0,1
line_170_5936,samples\line_170_5936.npz,faulted,line,170,11,116,98.30508474576273,100.0,1.0,2
line_171_5937,samples\line_171_5937.npz,faulted,line,171,74,117,98.30508474576273,100.0,1.0,1
line_172_5938,samples\line_172_5938.npz,faulted,line,172,75,117,99.15254237288136,100.0,0.0,1
trafo_0_5939,samples\trafo_0_5939.npz,faulted,trafo,0,7,4,99.15254237288136,100.0,0.0,1
trafo_1_5940,samples\trafo_1_5940.npz,faulted,trafo,1,25,24,98.30508474576273,100.0,0.0,1
trafo_2_5941,samples\trafo_2_5941.npz,faulted,trafo,2,29,16,98.30508474576273,100.0,0.0,1
trafo_3_5942,samples\trafo_3_5942.npz,faulted,trafo,3,37,36,98.30508474576273,100.0,0.0,1
trafo_4_5943,samples\trafo_4_5943.npz,faulted,trafo,4,62,58,98.30508474576273,100.0,-1.0,1
trafo_5_5944,samples\trafo_5_5944.npz,faulted,trafo,5,63,60,98.30508474576273,100.0,0.0,1
trafo_6_5945,samples\trafo_6_5945.npz,faulted,trafo,6,64,65,99.15254237288136,100.0,1.0,1
trafo_7_5946,samples\trafo_7_5946.npz,faulted,trafo,7,64,67,99.15254237288136,100.0,0.0,1
trafo_8_5947,samples\trafo_8_5947.npz,faulted,trafo,8,67,68,99.15254237288136,100.0,0.0,1
trafo_9_5948,samples\trafo_9_5948.npz,faulted,trafo,9,80,67,99.15254237288136,100.0,0.0,1
trafo_10_5949,samples\trafo_10_5949.npz,faulted,trafo,10,80,79,99.15254237288136,100.0,0.0,1
trafo_11_5950,samples\trafo_11_5950.npz,faulted,trafo,11,86,85,98.30508474576273,100.0,0.0,2
trafo_12_5951,samples\trafo_12_5951.npz,faulted,trafo,12,115,67,98.30508474576273,100.0,1.0,2
line_0_5952,samples\line_0_5952.npz,faulted,line,0,0,1,99.15254237288136,100.0,-1.0,1
line_1_5953,samples\line_1_5953.npz,faulted,line,1,0,2,99.15254237288136,100.0,-1.0,1
line_2_5954,samples\line_2_5954.npz,faulted,line,2,3,4,99.15254237288136,100.0,-1.0,1
line_3_5955,samples\line_3_5955.npz,faulted,line,3,2,4,99.15254237288136,100.0,-1.0,1
line_4_5956,samples\line_4_5956.npz,faulted,line,4,4,5,98.30508474576273,100.0,0.0,1
line_5_5957,samples\line_5_5957.npz,faulted,line,5,5,6,99.15254237288136,100.0,-1.0,1
line_6_5958,samples\line_6_5958.npz,faulted,line,6,7,8,99.15254237288136,100.0,-1.0,2
line_7_5959,samples\line_7_5959.npz,faulted,line,7,8,9,98.30508474576273,100.0,0.0,2
line_8_5960,samples\line_8_5960.npz,faulted,line,8,3,10,99.15254237288136,100.0,-1.0,1
line_9_5961,samples\line_9_5961.npz,faulted,line,9,4,10,99.15254237288136,100.0,-1.0,1
line_10_5962,samples\line_10_5962.npz,faulted,line,10,10,11,99.15254237288136,100.0,-1.0,1
line_11_5963,samples\line_11_5963.npz,faulted,line,11,1,11,99.15254237288136,100.0,-1.0,1
line_12_5964,samples\line_12_5964.npz,faulted,line,12,2,11,99.15254237288136,100.0,-1.0,1
line_13_5965,samples\line_13_5965.npz,faulted,line,13,6,11,98.30508474576273,100.0,0.0,1
line_14_5966,samples\line_14_5966.npz,faulted,line,14,10,12,98.30508474576273,100.0,-1.0,1
line_15_5967,samples\line_15_5967.npz,faulted,line,15,11,13,98.30508474576273,100.0,-1.0,1
line_16_5968,samples\line_16_5968.npz,faulted,line,16,12,14,99.15254237288136,100.0,-1.0,1
line_17_5969,samples\line_17_5969.npz,faulted,line,17,13,14,99.15254237288136,100.0,-1.0,1
line_18_5970,samples\line_18_5970.npz,faulted,line,18,11,15,99.15254237288136,100.0,-1.0,1
line_19_5971,samples\line_19_5971.npz,faulted,line,19,14,16,98.30508474576273,100.0,-1.0,1
line_20_5972,samples\line_20_5972.npz,faulted,line,20,15,16,99.15254237288136,100.0,-1.0,1
line_21_5973,samples\line_21_5973.npz,faulted,line,21,16,17,98.30508474576273,100.0,-1.0,1
line_22_5974,samples\line_22_5974.npz,faulted,line,22,17,18,99.15254237288136,100.0,-1.0,1
line_23_5975,samples\line_23_5975.npz,faulted,line,23,18,19,99.15254237288136,100.0,-1.0,1
line_24_5976,samples\line_24_5976.npz,faulted,line,24,14,18,99.15254237288136,100.0,-1.0,1
line_25_5977,samples\line_25_5977.npz,faulted,line,25,19,20,98.30508474576273,100.0,0.0,1
line_26_5978,samples\line_26_5978.npz,faulted,line,26,20,21,99.15254237288136,100.0,-1.0,1
line_27_5979,samples\line_27_5979.npz,faulted,line,27,21,22,98.30508474576273,100.0,1.0,1
line_28_5980,samples\line_28_5980.npz,faulted,line,28,22,23,98.30508474576273,100.0,0.0,1
line_29_5981,samples\line_29_5981.npz,faulted,line,29,22,24,99.15254237288136,100.0,1.0,1
line_30_5982,samples\line_30_5982.npz,faulted,line,30,24,26,99.15254237288136,100.0,-1.0,1
line_31_5983,samples\line_31_5983.npz,faulted,line,31,26,27,99.15254237288136,100.0,-2.0,1
line_32_5984,samples\line_32_5984.npz,faulted,line,32,27,28,98.30508474576273,100.0,-1.0,1
line_33_5985,samples\line_33_5985.npz,faulted,line,33,7,29,99.15254237288136,100.0,-1.0,1
line_34_5986,samples\line_34_5986.npz,faulted,line,34,25,29,99.15254237288136,100.0,-1.0,1
line_35_5987,samples\line_35_5987.npz,faulted,line,35,16,30,99.15254237288136,100.0,-1.0,1
line_36_5988,samples\line_36_5988.npz,faulted,line,36,28,30,99.15254237288136,100.0,-1.0,1
line_37_5989,samples\line_37_5989.npz,faulted,line,37,22,31,99.15254237288136,100.0,1.0,1
line_38_5990,samples\line_38_5990.npz,faulted,line,38,30,31,99.15254237288136,100.0,-1.0,1
line_39_5991,samples\line_39_5991.npz,faulted,line,39,26,31,99.15254237288136,100.0,-1.0,1
line_40_5992,samples\line_40_5992.npz,faulted,line,40,14,32,99.15254237288136,100.0,-1.0,1
line_41_5993,samples\line_41_5993.npz,faulted,line,41,18,33,99.15254237288136,100.0,-1.0,1
line_42_5994,samples\line_42_5994.npz,faulted,line,42,34,35,99.15254237288136,100.0,-1.0,1
line_43_5995,samples\line_43_5995.npz,faulted,line,43,34,36,98.30508474576273,100.0,0.0,1
line_44_5996,samples\line_44_5996.npz,faulted,line,44,32,36,98.30508474576273,100.0,-1.0,1
line_45_5997,samples\line_45_5997.npz,faulted,line,45,33,35,98.30508474576273,100.0,0.0,1
line_46_5998,samples\line_46_5998.npz,faulted,line,46,33,36,99.15254237288136,100.0,-1.0,1
line_47_5999,samples\line_47_5999.npz,faulted,line,47,36,38,99.15254237288136,100.0,-1.0,1
line_48_6000,samples\line_48_6000.npz,faulted,line,48,36,39,99.15254237288136,100.0,-1.0,1
line_49_6001,samples\line_49_6001.npz,faulted,line,49,29,37,99.15254237288136,100.0,-1.0,1
line_50_6002,samples\line_50_6002.npz,faulted,line,50,38,39,99.15254237288136,100.0,-1.0,1
line_51_6003,samples\line_51_6003.npz,faulted,line,51,39,40,98.30508474576273,100.0,-1.0,1
line_52_6004,samples\line_52_6004.npz,faulted,line,52,39,41,99.15254237288136,100.0,-1.0,1
line_53_6005,samples\line_53_6005.npz,faulted,line,53,40,41,99.15254237288136,100.0,-1.0,1
line_54_6006,samples\line_54_6006.npz,faulted,line,54,42,43,99.15254237288136,100.0,-1.0,1
line_55_6007,samples\line_55_6007.npz,faulted,line,55,33,42,98.30508474576273,100.0,0.0,1
line_56_6008,samples\line_56_6008.npz,faulted,line,56,43,44,98.30508474576273,100.0,0.0,1
line_57_6009,samples\line_57_6009.npz,faulted,line,57,44,45,98.30508474576273,100.0,0.0,1
line_58_6010,samples\line_58_6010.npz,faulted,line,58,45,46,99.15254237288136,100.0,-1.0,1
line_59_6011,samples\line_59_6011.npz,faulted,line,59,45,47,99.15254237288136,100.0,-1.0,1
line_60_6012,samples\line_60_6012.npz,faulted,line,60,46,48,98.30508474576273,100.0,0.0,1
line_61_6013,samples\line_61_6013.npz,faulted,line,61,41,48,99.15254237288136,100.0,-1.0,1
line_62_6014,samples\line_62_6014.npz,faulted,line,62,41,48,99.15254237288136,100.0,-1.0,1
line_63_6015,samples\line_63_6015.npz,faulted,line,63,44,48,99.15254237288136,100.0,0.0,1
line_64_6016,samples\line_64_6016.npz,faulted,line,64,47,48,98.30508474576273,100.0,0.0,1
line_65_6017,samples\line_65_6017.npz,faulted,line,65,48,49,99.15254237288136,100.0,0.0,1
line_66_6018,samples\line_66_6018.npz,faulted,line,66,48,50,99.15254237288136,100.0,-1.0,1
line_67_6019,samples\line_67_6019.npz,faulted,line,67,50,51,99.15254237288136,100.0,-1.0,1
line_68_6020,samples\line_68_6020.npz,faulted,line,68,51,52,98.30508474576273,100.0,0.0,1
line_69_6021,samples\line_69_6021.npz,faulted,line,69,52,53,99.15254237288136,100.0,-1.0,1
line_70_6022,samples\line_70_6022.npz,faulted,line,70,48,53,99.15254237288136,100.0,-1.0,1
line_71_6023,samples\line_71_6023.npz,faulted,line,71,48,53,99.15254237288136,100.0,-1.0,1
line_72_6024,samples\line_72_6024.npz,faulted,line,72,53,54,99.15254237288136,100.0,-1.0,1
line_73_6025,samples\line_73_6025.npz,faulted,line,73,53,55,99.15254237288136,100.0,-1.0,1
line_74_6026,samples\line_74_6026.npz,faulted,line,74,54,55,99.15254237288136,100.0,0.0,1
line_75_6027,samples\line_75_6027.npz,faulted,line,75,55,56,99.15254237288136,100.0,0.0,1
line_76_6028,samples\line_76_6028.npz,faulted,line,76,49,56,98.30508474576273,100.0,-1.0,1
line_77_6029,samples\line_77_6029.npz,faulted,line,77,55,57,99.15254237288136,100.0,0.0,1
line_78_6030,samples\line_78_6030.npz,faulted,line,78,50,57,98.30508474576273,100.0,-1.0,1
line_79_6031,samples\line_79_6031.npz,faulted,line,79,53,58,99.15254237288136,100.0,-1.0,1
line_80_6032,samples\line_80_6032.npz,faulted,line,80,55,58,99.15254237288136,100.0,-1.0,1
line_81_6033,samples\line_81_6033.npz,faulted,line,81,55,58,99.15254237288136,100.0,-1.0,1
line_82_6034,samples\line_82_6034.npz,faulted,line,82,54,58,98.30508474576273,100.0,-1.0,1
line_83_6035,samples\line_83_6035.npz,faulted,line,83,58,59,99.15254237288136,100.0,-1.0,1
line_84_6036,samples\line_84_6036.npz,faulted,line,84,58,60,99.15254237288136,100.0,-1.0,1
line_85_6037,samples\line_85_6037.npz,faulted,line,85,59,60,99.15254237288136,100.0,-2.0,1
line_86_6038,samples\line_86_6038.npz,faulted,line,86,59,61,99.15254237288136,100.0,-1.0,1
line_87_6039,samples\line_87_6039.npz,faulted,line,87,60,61,99.15254237288136,100.0,-1.0,1
line_88_6040,samples\line_88_6040.npz,faulted,line,88,62,63,99.15254237288136,100.0,0.0,2
line_89_6041,samples\line_89_6041.npz,faulted,line,89,37,64,99.15254237288136,100.0,-1.0,1
line_90_6042,samples\line_90_6042.npz,faulted,line,90,63,64,99.15254237288136,100.0,-1.0,1
line_91_6043,samples\line_91_6043.npz,faulted,line,91,48,65,99.15254237288136,100.0,-1.0,1
line_92_6044,samples\line_92_6044.npz,faulted,line,92,48,65,99.15254237288136,100.0,-1.0,1
line_93_6045,samples\line_93_6045.npz,faulted,line,93,61,65,99.15254237288136,100.0,-1.0,1
line_94_6046,samples\line_94_6046.npz,faulted,line,94,61,66,98.30508474576273,100.0,-1.0,1
line_95_6047,samples\line_95_6047.npz,faulted,line,95,65,66,99.15254237288136,100.0,-1.0,1
line_96_6048,samples\line_96_6048.npz,faulted,line,96,46,68,99.15254237288136,100.0,-1.0,1
line_97_6049,samples\line_97_6049.npz,faulted,line,97,48,68,99.15254237288136,100.0,-1.0,1
line_98_6050,samples\line_98_6050.npz,faulted,line,98,68,69,99.15254237288136,100.0,-1.0,1
line_99_6051,samples\line_99_6051.npz,faulted,line,99,23,69,99.15254237288136,100.0,-1.0,1
line_100_6052,samples\line_100_6052.npz,faulted,line,100,69,70,99.15254237288136,100.0,-1.0,1
line_101_6053,samples\line_101_6053.npz,faulted,line,101,23,71,99.15254237288136,100.0,-1.0,1
line_102_6054,samples\line_102_6054.npz,faulted,line,102,70,71,98.30508474576273,100.0,1.0,1
line_103_6055,samples\line_103_6055.npz,faulted,line,103,70,72,98.30508474576273,100.0,1.0,2
line_104_6056,samples\line_104_6056.npz,faulted,line,104,69,73,99.15254237288136,100.0,-1.0,1
line_105_6057,samples\line_105_6057.npz,faulted,line,105,69,74,99.15254237288136,100.0,-1.0,1
line_106_6058,samples\line_106_6058.npz,faulted,line,106,68,74,99.15254237288136,100.0,-1.0,1
line_107_6059,samples\line_107_6059.npz,faulted,line,107,73,74,98.30508474576273,100.0,0.0,1
line_108_6060,samples\line_108_6060.npz,faulted,line,108,75,76,98.30508474576273,100.0,-1.0,1
line_109_6061,samples\line_109_6061.npz,faulted,line,109,68,76,99.15254237288136,100.0,-1.0,1
line_110_6062,samples\line_110_6062.npz,faulted,line,110,74,76,99.15254237288136,100.0,0.0,1
line_111_6063,samples\line_111_6063.npz,faulted,line,111,76,77,98.30508474576273,100.0,-1.0,1
line_112_6064,samples\line_112_6064.npz,faulted,line,112,77,78,99.15254237288136,100.0,-1.0,1
line_113_6065,samples\line_113_6065.npz,faulted,line,113,76,79,99.15254237288136,100.0,-1.0,1
line_114_6066,samples\line_114_6066.npz,faulted,line,114,76,79,99.15254237288136,100.0,-1.0,1
line_115_6067,samples\line_115_6067.npz,faulted,line,115,78,79,98.30508474576273,100.0,-1.0,1
line_116_6068,samples\line_116_6068.npz,faulted,line,116,76,81,98.30508474576273,100.0,-1.0,1
line_117_6069,samples\line_117_6069.npz,faulted,line,117,81,82,99.15254237288136,100.0,-1.0,1
line_118_6070,samples\line_118_6070.npz,faulted,line,118,82,83,99.15254237288136,100.0,-1.0,1
line_119_6071,samples\line_119_6071.npz,faulted,line,119,82,84,98.30508474576273,100.0,0.0,1
line_120_6072,samples\line_120_6072.npz,faulted,line,120,83,84,98.30508474576273,100.0,0.0,1
line_121_6073,samples\line_121_6073.npz,faulted,line,121,84,85,99.15254237288136,100.0,-1.0,2
line_122_6074,samples\line_122_6074.npz,faulted,line,122,84,87,99.15254237288136,100.0,-1.0,1
line_123_6075,samples\line_123_6075.npz,faulted,line,123,84,88,99.15254237288136,100.0,-1.0,1
line_124_6076,samples\line_124_6076.npz,faulted,line,124,87,88,99.15254237288136,100.0,-1.0,1
line_125_6077,samples\line_125_6077.npz,faulted,line,125,88,89,99.15254237288136,100.0,-1.0,1
line_126_6078,samples\line_126_6078.npz,faulted,line,126,88,89,99.15254237288136,100.0,-1.0,1
line_127_6079,samples\line_127_6079.npz,faulted,line,127,89,90,99.15254237288136,100.0,-1.0,1
line_128_6080,samples\line_128_6080.npz,faulted,line,128,88,91,99.15254237288136,100.0,-1.0,1
line_129_6081,samples\line_129_6081.npz,faulted,line,129,88,91,99.15254237288136,100.0,-1.0,1
line_130_6082,samples\line_130_6082.npz,faulted,line,130,90,91,98.30508474576273,100.0,-1.0,1
line_131_6083,samples\line_131_6083.npz,faulted,line,131,91,92,99.15254237288136,100.0,-1.0,1
line_132_6084,samples\line_132_6084.npz,faulted,line,132,91,93,99.15254237288136,100.0,-1.0,1
line_133_6085,samples\line_133_6085.npz,faulted,line,133,92,93,99.15254237288136,100.0,-1.0,1
line_134_6086,samples\line_134_6086.npz,faulted,line,134,93,94,98.30508474576273,100.0,-1.0,1
line_135_6087,samples\line_135_6087.npz,faulted,line,135,79,95,99.15254237288136,100.0,-1.0,1
line_136_6088,samples\line_136_6088.npz,faulted,line,136,81,95,99.15254237288136,100.0,-1.0,1
line_137_6089,samples\line_137_6089.npz,faulted,line,137,93,95,99.15254237288136,100.0,-1.0,1
line_138_6090,samples\line_138_6090.npz,faulted,line,138,79,96,98.30508474576273,100.0,-1.0,1
line_139_6091,samples\line_139_6091.npz,faulted,line,139,79,97,99.15254237288136,100.0,-1.0,1
line_140_6092,samples\line_140_6092.npz,faulted,line,140,79,98,99.15254237288136,100.0,-1.0,1
line_141_6093,samples\line_141_6093.npz,faulted,line,141,91,99,99.15254237288136,100.0,-1.0,1
line_142_6094,samples\line_142_6094.npz,faulted,line,142,93,99,99.15254237288136,100.0,-1.0,1
line_143_6095,samples\line_143_6095.npz,faulted,line,143,94,95,99.15254237288136,100.0,-1.0,1
line_144_6096,samples\line_144_6096.npz,faulted,line,144,95,96,99.15254237288136,100.0,-1.0,1
line_145_6097,samples\line_145_6097.npz,faulted,line,145,97,99,99.15254237288136,100.0,-1.0,1
line_146_6098,samples\line_146_6098.npz,faulted,line,146,98,99,99.15254237288136,100.0,-1.0,1
line_147_6099,samples\line_147_6099.npz,faulted,line,147,99,100,98.30508474576273,100.0,0.0,1
line_148_6100,samples\line_148_6100.npz,faulted,line,148,91,101,98.30508474576273,100.0,-1.0,1
line_149_6101,samples\line_149_6101.npz,faulted,line,149,100,101,99.15254237288136,100.0,-1.0,1
line_150_6102,samples\line_150_6102.npz,faulted,line,150,99,102,99.15254237288136,100.0,-1.0,1
line_151_6103,samples\line_151_6103.npz,faulted,line,151,99,103,99.15254237288136,100.0,-1.0,1
line_152_6104,samples\line_152_6104.npz,faulted,line,152,102,103,99.15254237288136,100.0,-1.0,1
line_153_6105,samples\line_153_6105.npz,faulted,line,153,102,104,99.15254237288136,100.0,-1.0,1
line_154_6106,samples\line_154_6106.npz,faulted,line,154,99,105,99.15254237288136,100.0,-1.0,1
line_155_6107,samples\line_155_6107.npz,faulted,line,155,103,104,99.15254237288136,100.0,-1.0,1
line_156_6108,samples\line_156_6108.npz,faulted,line,156,104,105,99.15254237288136,100.0,-1.0,1
line_157_6109,samples\line_157_6109.npz,faulted,line,157,104,106,98.30508474576273,100.0,0.0,1
line_158_6110,samples\line_158_6110.npz,faulted,line,158,104,107,98.30508474576273,100.0,0.0,1
line_159_6111,samples\line_159_6111.npz,faulted,line,159,105,106,99.15254237288136,100.0,-1.0,1
line_160_6112,samples\line_160_6112.npz,faulted,line,160,107,108,99.15254237288136,100.0,-1.0,1
line_161_6113,samples\line_161_6113.npz,faulted,line,161,102,109,99.15254237288136,100.0,-1.0,1
line_162_6114,samples\line_162_6114.npz,faulted,line,162,108,109,98.30508474576273,100.0,0.0,1
line_163_6115,samples\line_163_6115.npz,faulted,line,163,109,110,98.30508474576273,100.0,0.0,2
line_164_6116,samples\line_164_6116.npz,faulted,line,164,109,111,98.30508474576273,100.0,0.0,2
line_165_6117,samples\line_165_6117.npz,faulted,line,165,16,112,99.15254237288136,100.0,-1.0,1
line_166_6118,samples\line_166_6118.npz,faulted,line,166,31,112,99.15254237288136,100.0,-1.0,1
line_167_6119,samples\line_167_6119.npz,faulted,line,167,31,113,98.30508474576273,100.0,-1.0,1
line_168_6120,samples\line_168_6120.npz,faulted,line,168,26,114,98.30508474576273,100.0,-2.0,1
line_169_6121,samples\line_169_6121.npz,faulted,line,169,113,114,99.15254237288136,100.0,-1.0,1
line_170_6122,samples\line_170_6122.npz,faulted,line,170,11,116,98.30508474576273,100.0,0.0,2
line_171_6123,samples\line_171_6123.npz,faulted,line,171,74,117,98.30508474576273,100.0,0.0,1
line_172_6124,samples\line_172_6124.npz,faulted,line,172,75,117,99.15254237288136,100.0,-1.0,1
trafo_0_6125,samples\trafo_0_6125.npz,faulted,trafo,0,7,4,99.15254237288136,100.0,-1.0,1
trafo_1_6126,samples\trafo_1_6126.npz,faulted,trafo,1,25,24,98.30508474576273,100.0,-1.0,1
trafo_2_6127,samples\trafo_2_6127.npz,faulted,trafo,2,29,16,98.30508474576273,100.0,-1.0,1
trafo_3_6128,samples\trafo_3_6128.npz,faulted,trafo,3,37,36,98.30508474576273,100.0,-1.0,1
trafo_4_6129,samples\trafo_4_6129.npz,faulted,trafo,4,62,58,99.15254237288136,100.0,-1.0,1
trafo_5_6130,samples\trafo_5_6130.npz,faulted,trafo,5,63,60,98.30508474576273,100.0,-1.0,2
trafo_6_6131,samples\trafo_6_6131.npz,faulted,trafo,6,64,65,99.15254237288136,100.0,-1.0,1
trafo_7_6132,samples\trafo_7_6132.npz,faulted,trafo,7,64,67,98.30508474576273,100.0,-1.0,1
trafo_8_6133,samples\trafo_8_6133.npz,faulted,trafo,8,67,68,99.15254237288136,100.0,-1.0,1
trafo_9_6134,samples\trafo_9_6134.npz,faulted,trafo,9,80,67,98.30508474576273,100.0,0.0,2
trafo_10_6135,samples\trafo_10_6135.npz,faulted,trafo,10,80,79,99.15254237288136,100.0,-1.0,1
trafo_11_6136,samples\trafo_11_6136.npz,faulted,trafo,11,86,85,98.30508474576273,100.0,-1.0,2
trafo_12_6137,samples\trafo_12_6137.npz,faulted,trafo,12,115,67,98.30508474576273,100.0,0.0,2
line_0_6138,samples\line_0_6138.npz,faulted,line,0,0,1,97.45762711864408,100.0,0.0,1
line_1_6139,samples\line_1_6139.npz,faulted,line,1,0,2,97.45762711864408,100.0,0.0,1
line_2_6140,samples\line_2_6140.npz,faulted,line,2,3,4,97.45762711864408,100.0,2.0,1
line_3_6141,samples\line_3_6141.npz,faulted,line,3,2,4,97.45762711864408,100.0,0.0,1
line_4_6142,samples\line_4_6142.npz,faulted,line,4,4,5,96.61016949152544,100.0,2.0,1
line_5_6143,samples\line_5_6143.npz,faulted,line,5,5,6,97.45762711864408,100.0,0.0,1
line_6_6144,samples\line_6_6144.npz,faulted,line,6,7,8,97.45762711864408,100.0,0.0,2
line_7_6145,samples\line_7_6145.npz,faulted,line,7,8,9,96.61016949152544,100.0,1.0,2
line_8_6146,samples\line_8_6146.npz,faulted,line,8,3,10,97.45762711864408,100.0,0.0,1
line_9_6147,samples\line_9_6147.npz,faulted,line,9,4,10,97.45762711864408,100.0,0.0,1
line_10_6148,samples\line_10_6148.npz,faulted,line,10,10,11,97.45762711864408,100.0,0.0,1
line_11_6149,samples\line_11_6149.npz,faulted,line,11,1,11,97.45762711864408,100.0,0.0,1
line_12_6150,samples\line_12_6150.npz,faulted,line,12,2,11,97.45762711864408,100.0,0.0,1
line_13_6151,samples\line_13_6151.npz,faulted,line,13,6,11,96.61016949152544,100.0,1.0,1
line_14_6152,samples\line_14_6152.npz,faulted,line,14,10,12,96.61016949152544,100.0,0.0,1
line_15_6153,samples\line_15_6153.npz,faulted,line,15,11,13,96.61016949152544,100.0,0.0,1
line_16_6154,samples\line_16_6154.npz,faulted,line,16,12,14,97.45762711864408,100.0,0.0,1
line_17_6155,samples\line_17_6155.npz,faulted,line,17,13,14,97.45762711864408,100.0,0.0,1
line_18_6156,samples\line_18_6156.npz,faulted,line,18,11,15,97.45762711864408,100.0,1.0,1
line_19_6157,samples\line_19_6157.npz,faulted,line,19,14,16,96.61016949152544,100.0,0.0,1
line_20_6158,samples\line_20_6158.npz,faulted,line,20,15,16,97.45762711864408,100.0,0.0,1
line_21_6159,samples\line_21_6159.npz,faulted,line,21,16,17,96.61016949152544,100.0,0.0,1
line_22_6160,samples\line_22_6160.npz,faulted,line,22,17,18,97.45762711864408,100.0,0.0,1
line_23_6161,samples\line_23_6161.npz,faulted,line,23,18,19,97.45762711864408,100.0,0.0,1
line_24_6162,samples\line_24_6162.npz,faulted,line,24,14,18,97.45762711864408,100.0,0.0,1
line_25_6163,samples\line_25_6163.npz,faulted,line,25,19,20,96.61016949152544,100.0,0.0,1
line_26_6164,samples\line_26_6164.npz,faulted,line,26,20,21,97.45762711864408,100.0,1.0,1
line_27_6165,samples\line_27_6165.npz,faulted,line,27,21,22,96.61016949152544,100.0,0.0,1
line_28_6166,samples\line_28_6166.npz,faulted,line,28,22,23,96.61016949152544,100.0,0.0,1
line_29_6167,samples\line_29_6167.npz,faulted,line,29,22,24,97.45762711864408,100.0,0.0,1
line_30_6168,samples\line_30_6168.npz,faulted,line,30,24,26,97.45762711864408,100.0,0.0,1
line_31_6169,samples\line_31_6169.npz,faulted,line,31,26,27,97.45762711864408,100.0,0.0,1
line_32_6170,samples\line_32_6170.npz,faulted,line,32,27,28,96.61016949152544,100.0,0.0,1
line_33_6171,samples\line_33_6171.npz,faulted,line,33,7,29,97.45762711864408,100.0,0.0,1
line_34_6172,samples\line_34_6172.npz,faulted,line,34,25,29,97.45762711864408,100.0,1.0,1
line_35_6173,samples\line_35_6173.npz,faulted,line,35,16,30,97.45762711864408,100.0,0.0,1
line_36_6174,samples\line_36_6174.npz,faulted,line,36,28,30,97.45762711864408,100.0,0.0,1
line_37_6175,samples\line_37_6175.npz,faulted,line,37,22,31,97.45762711864408,100.0,3.0,1
line_38_6176,samples\line_38_6176.npz,faulted,line,38,30,31,97.45762711864408,100.0,1.0,1
line_39_6177,samples\line_39_6177.npz,faulted,line,39,26,31,97.45762711864408,100.0,1.0,1
line_40_6178,samples\line_40_6178.npz,faulted,line,40,14,32,97.45762711864408,100.0,0.0,1
line_41_6179,samples\line_41_6179.npz,faulted,line,41,18,33,97.45762711864408,100.0,0.0,1
line_42_6180,samples\line_42_6180.npz,faulted,line,42,34,35,97.45762711864408,100.0,0.0,2
line_43_6181,samples\line_43_6181.npz,faulted,line,43,34,36,97.45762711864408,100.0,0.0,1
line_44_6182,samples\line_44_6182.npz,faulted,line,44,32,36,96.61016949152544,100.0,0.0,1
line_45_6183,samples\line_45_6183.npz,faulted,line,45,33,35,96.61016949152544,100.0,0.0,2
line_46_6184,samples\line_46_6184.npz,faulted,line,46,33,36,97.45762711864408,100.0,0.0,1
line_47_6185,samples\line_47_6185.npz,faulted,line,47,36,38,97.45762711864408,100.0,0.0,1
line_48_6186,samples\line_48_6186.npz,faulted,line,48,36,39,97.45762711864408,100.0,0.0,1
line_49_6187,samples\line_49_6187.npz,faulted,line,49,29,37,97.45762711864408,100.0,0.0,1
line_50_6188,samples\line_50_6188.npz,faulted,line,50,38,39,97.45762711864408,100.0,0.0,1
line_51_6189,samples\line_51_6189.npz,faulted,line,51,39,40,96.61016949152544,100.0,0.0,1
line_52_6190,samples\line_52_6190.npz,faulted,line,52,39,41,97.45762711864408,100.0,0.0,1
line_53_6191,samples\line_53_6191.npz,faulted,line,53,40,41,97.45762711864408,100.0,0.0,1
line_54_6192,samples\line_54_6192.npz,faulted,line,54,42,43,97.45762711864408,100.0,0.0,1
line_55_6193,samples\line_55_6193.npz,faulted,line,55,33,42,96.61016949152544,100.0,0.0,1
line_56_6194,samples\line_56_6194.npz,faulted,line,56,43,44,96.61016949152544,100.0,1.0,1
line_57_6195,samples\line_57_6195.npz,faulted,line,57,44,45,96.61016949152544,100.0,1.0,1
line_58_6196,samples\line_58_6196.npz,faulted,line,58,45,46,97.45762711864408,100.0,0.0,1
line_59_6197,samples\line_59_6197.npz,faulted,line,59,45,47,97.45762711864408,100.0,0.0,1
line_60_6198,samples\line_60_6198.npz,faulted,line,60,46,48,96.61016949152544,100.0,1.0,1
line_61_6199,samples\line_61_6199.npz,faulted,line,61,41,48,97.45762711864408,100.0,0.0,1
line_62_6200,samples\line_62_6200.npz,faulted,line,62,41,48,97.45762711864408,100.0,0.0,1
line_63_6201,samples\line_63_6201.npz,faulted,line,63,44,48,97.45762711864408,100.0,0.0,1
line_64_6202,samples\line_64_6202.npz,faulted,line,64,47,48,96.61016949152544,100.0,1.0,1
line_65_6203,samples\line_65_6203.npz,faulted,line,65,48,49,97.45762711864408,100.0,1.0,1
line_66_6204,samples\line_66_6204.npz,faulted,line,66,48,50,97.45762711864408,100.0,0.0,1
line_67_6205,samples\line_67_6205.npz,faulted,line,67,50,51,97.45762711864408,100.0,0.0,1
line_68_6206,samples\line_68_6206.npz,faulted,line,68,51,52,96.61016949152544,100.0,1.0,1
line_69_6207,samples\line_69_6207.npz,faulted,line,69,52,53,97.45762711864408,100.0,0.0,1
line_70_6208,samples\line_70_6208.npz,faulted,line,70,48,53,97.45762711864408,100.0,0.0,1
line_71_6209,samples\line_71_6209.npz,faulted,line,71,48,53,97.45762711864408,100.0,0.0,1
line_72_6210,samples\line_72_6210.npz,faulted,line,72,53,54,97.45762711864408,100.0,0.0,1
line_73_6211,samples\line_73_6211.npz,faulted,line,73,53,55,97.45762711864408,100.0,0.0,1
line_74_6212,samples\line_74_6212.npz,faulted,line,74,54,55,97.45762711864408,100.0,2.0,1
line_75_6213,samples\line_75_6213.npz,faulted,line,75,55,56,97.45762711864408,100.0,2.0,1
line_76_6214,samples\line_76_6214.npz,faulted,line,76,49,56,96.61016949152544,100.0,0.0,1
line_77_6215,samples\line_77_6215.npz,faulted,line,77,55,57,97.45762711864408,100.0,2.0,1
line_78_6216,samples\line_78_6216.npz,faulted,line,78,50,57,96.61016949152544,100.0,0.0,1
line_79_6217,samples\line_79_6217.npz,faulted,line,79,53,58,97.45762711864408,100.0,0.0,1
line_80_6218,samples\line_80_6218.npz,faulted,line,80,55,58,97.45762711864408,100.0,0.0,1
line_81_6219,samples\line_81_6219.npz,faulted,line,81,55,58,97.45762711864408,100.0,0.0,1
line_82_6220,samples\line_82_6220.npz,faulted,line,82,54,58,96.61016949152544,100.0,0.0,1
line_83_6221,samples\line_83_6221.npz,faulted,line,83,58,59,97.45762711864408,100.0,0.0,1
line_84_6222,samples\line_84_6222.npz,faulted,line,84,58,60,97.45762711864408,100.0,0.0,1
line_85_6223,samples\line_85_6223.npz,faulted,line,85,59,60,97.45762711864408,100.0,-1.0,1
line_86_6224,samples\line_86_6224.npz,faulted,line,86,59,61,97.45762711864408,100.0,0.0,1
line_87_6225,samples\line_87_6225.npz,faulted,line,87,60,61,97.45762711864408,100.0,-1.0,1
line_88_6226,samples\line_88_6226.npz,faulted,line,88,62,63,97.45762711864408,100.0,0.0,2
line_89_6227,samples\line_89_6227.npz,faulted,line,89,37,64,97.45762711864408,100.0,0.0,1
line_90_6228,samples\line_90_6228.npz,faulted,line,90,63,64,97.45762711864408,100.0,0.0,1
line_91_6229,samples\line_91_6229.npz,faulted,line,91,48,65,97.45762711864408,100.0,0.0,1
line_92_6230,samples\line_92_6230.npz,faulted,line,92,48,65,97.45762711864408,100.0,0.0,1
line_93_6231,samples\line_93_6231.npz,faulted,line,93,61,65,97.45762711864408,100.0,0.0,1
line_94_6232,samples\line_94_6232.npz,faulted,line,94,61,66,96.61016949152544,100.0,0.0,1
line_95_6233,samples\line_95_6233.npz,faulted,line,95,65,66,97.45762711864408,100.0,0.0,1
line_96_6234,samples\line_96_6234.npz,faulted,line,96,46,68,97.45762711864408,100.0,0.0,1
line_97_6235,samples\line_97_6235.npz,faulted,line,97,48,68,97.45762711864408,100.0,0.0,1
line_98_6236,samples\line_98_6236.npz,faulted,line,98,68,69,97.45762711864408,100.0,0.0,1
line_99_6237,samples\line_99_6237.npz,faulted,line,99,23,69,97.45762711864408,100.0,0.0,1
line_100_6238,samples\line_100_6238.npz,faulted,line,100,69,70,97.45762711864408,100.0,0.0,1
line_101_6239,samples\line_101_6239.npz,faulted,line,101,23,71,97.45762711864408,100.0,0.0,1
line_102_6240,samples\line_102_6240.npz,faulted,line,102,70,71,96.61016949152544,100.0,1.0,1
line_103_6241,samples\line_103_6241.npz,faulted,line,103,70,72,96.61016949152544,100.0,1.0,2
line_104_6242,samples\line_104_6242.npz,faulted,line,104,69,73,97.45762711864408,100.0,0.0,1
line_105_6243,samples\line_105_6243.npz,faulted,line,105,69,74,97.45762711864408,100.0,0.0,1
line_106_6244,samples\line_106_6244.npz,faulted,line,106,68,74,97.45762711864408,100.0,0.0,1
line_107_6245,samples\line_107_6245.npz,faulted,line,107,73,74,96.61016949152544,100.0,0.0,1
line_108_6246,samples\line_108_6246.npz,faulted,line,108,75,76,96.61016949152544,100.0,0.0,1
line_109_6247,samples\line_109_6247.npz,faulted,line,109,68,76,97.45762711864408,100.0,0.0,1
line_110_6248,samples\line_110_6248.npz,faulted,line,110,74,76,97.45762711864408,100.0,0.0,1
line_111_6249,samples\line_111_6249.npz,faulted,line,111,76,77,96.61016949152544,100.0,0.0,1
line_112_6250,samples\line_112_6250.npz,faulted,line,112,77,78,97.45762711864408,100.0,0.0,1
line_113_6251,samples\line_113_6251.npz,faulted,line,113,76,79,97.45762711864408,100.0,0.0,1
line_114_6252,samples\line_114_6252.npz,faulted,line,114,76,79,97.45762711864408,100.0,0.0,1
line_115_6253,samples\line_115_6253.npz,faulted,line,115,78,79,96.61016949152544,100.0,0.0,1
line_116_6254,samples\line_116_6254.npz,faulted,line,116,76,81,96.61016949152544,100.0,0.0,1
line_117_6255,samples\line_117_6255.npz,faulted,line,117,81,82,97.45762711864408,100.0,0.0,1
line_118_6256,samples\line_118_6256.npz,faulted,line,118,82,83,97.45762711864408,100.0,0.0,1
line_119_6257,samples\line_119_6257.npz,faulted,line,119,82,84,96.61016949152544,100.0,1.0,1
line_120_6258,samples\line_120_6258.npz,faulted,line,120,83,84,96.61016949152544,100.0,1.0,1
line_121_6259,samples\line_121_6259.npz,faulted,line,121,84,85,97.45762711864408,100.0,0.0,2
line_122_6260,samples\line_122_6260.npz,faulted,line,122,84,87,97.45762711864408,100.0,0.0,1
line_123_6261,samples\line_123_6261.npz,faulted,line,123,84,88,97.45762711864408,100.0,0.0,1
line_124_6262,samples\line_124_6262.npz,faulted,line,124,87,88,97.45762711864408,100.0,0.0,1
line_125_6263,samples\line_125_6263.npz,faulted,line,125,88,89,97.45762711864408,100.0,0.0,1
line_126_6264,samples\line_126_6264.npz,faulted,line,126,88,89,97.45762711864408,100.0,0.0,1
line_127_6265,samples\line_127_6265.npz,faulted,line,127,89,90,97.45762711864408,100.0,0.0,1
line_128_6266,samples\line_128_6266.npz,faulted,line,128,88,91,97.45762711864408,100.0,0.0,1
line_129_6267,samples\line_129_6267.npz,faulted,line,129,88,91,97.45762711864408,100.0,0.0,1
line_130_6268,samples\line_130_6268.npz,faulted,line,130,90,91,96.61016949152544,100.0,0.0,1
line_131_6269,samples\line_131_6269.npz,faulted,line,131,91,92,97.45762711864408,100.0,0.0,1
line_132_6270,samples\line_132_6270.npz,faulted,line,132,91,93,97.45762711864408,100.0,0.0,1
line_133_6271,samples\line_133_6271.npz,faulted,line,133,92,93,97.45762711864408,100.0,0.0,1
line_134_6272,samples\line_134_6272.npz,faulted,line,134,93,94,96.61016949152544,100.0,0.0,1
line_135_6273,samples\line_135_6273.npz,faulted,line,135,79,95,97.45762711864408,100.0,0.0,1
line_136_6274,samples\line_136_6274.npz,faulted,line,136,81,95,97.45762711864408,100.0,0.0,1
line_137_6275,samples\line_137_6275.npz,faulted,line,137,93,95,97.45762711864408,100.0,0.0,1
line_138_6276,samples\line_138_6276.npz,faulted,line,138,79,96,96.61016949152544,100.0,0.0,1
line_139_6277,samples\line_139_6277.npz,faulted,line,139,79,97,97.45762711864408,100.0,0.0,1
line_140_6278,samples\line_140_6278.npz,faulted,line,140,79,98,97.45762711864408,100.0,0.0,1
line_141_6279,samples\line_141_6279.npz,faulted,line,141,91,99,97.45762711864408,100.0,0.0,1
line_142_6280,samples\line_142_6280.npz,faulted,line,142,93,99,97.45762711864408,100.0,0.0,1
line_143_6281,samples\line_143_6281.npz,faulted,line,143,94,95,97.45762711864408,100.0,0.0,1
line_144_6282,samples\line_144_6282.npz,faulted,line,144,95,96,97.45762711864408,100.0,0.0,1
line_145_6283,samples\line_145_6283.npz,faulted,line,145,97,99,97.45762711864408,100.0,0.0,1
line_146_6284,samples\line_146_6284.npz,faulted,line,146,98,99,96.61016949152544,100.0,1.0,2
line_147_6285,samples\line_147_6285.npz,faulted,line,147,99,100,96.61016949152544,100.0,1.0,1
line_148_6286,samples\line_148_6286.npz,faulted,line,148,91,101,96.61016949152544,100.0,0.0,1
line_149_6287,samples\line_149_6287.npz,faulted,line,149,100,101,97.45762711864408,100.0,0.0,1
line_150_6288,samples\line_150_6288.npz,faulted,line,150,99,102,97.45762711864408,100.0,0.0,1
line_151_6289,samples\line_151_6289.npz,faulted,line,151,99,103,97.45762711864408,100.0,0.0,1
line_152_6290,samples\line_152_6290.npz,faulted,line,152,102,103,97.45762711864408,100.0,0.0,1
line_153_6291,samples\line_153_6291.npz,faulted,line,153,102,104,97.45762711864408,100.0,0.0,1
line_154_6292,samples\line_154_6292.npz,faulted,line,154,99,105,97.45762711864408,100.0,0.0,1
line_155_6293,samples\line_155_6293.npz,faulted,line,155,103,104,97.45762711864408,100.0,0.0,1
line_156_6294,samples\line_156_6294.npz,faulted,line,156,104,105,97.45762711864408,100.0,0.0,1
line_157_6295,samples\line_157_6295.npz,faulted,line,157,104,106,96.61016949152544,100.0,1.0,1
line_158_6296,samples\line_158_6296.npz,faulted,line,158,104,107,96.61016949152544,100.0,1.0,1
line_159_6297,samples\line_159_6297.npz,faulted,line,159,105,106,97.45762711864408,100.0,0.0,1
line_160_6298,samples\line_160_6298.npz,faulted,line,160,107,108,97.45762711864408,100.0,0.0,1
line_161_6299,samples\line_161_6299.npz,faulted,line,161,102,109,97.45762711864408,100.0,0.0,1
line_162_6300,samples\line_162_6300.npz,faulted,line,162,108,109,96.61016949152544,100.0,1.0,1
line_163_6301,samples\line_163_6301.npz,faulted,line,163,109,110,96.61016949152544,100.0,1.0,2
line_164_6302,samples\line_164_6302.npz,faulted,line,164,109,111,96.61016949152544,100.0,1.0,2
line_165_6303,samples\line_165_6303.npz,faulted,line,165,16,112,97.45762711864408,100.0,0.0,1
line_166_6304,samples\line_166_6304.npz,faulted,line,166,31,112,97.45762711864408,100.0,1.0,1
line_167_6305,samples\line_167_6305.npz,faulted,line,167,31,113,96.61016949152544,100.0,1.0,1
line_168_6306,samples\line_168_6306.npz,faulted,line,168,26,114,96.61016949152544,100.0,0.0,1
line_169_6307,samples\line_169_6307.npz,faulted,line,169,113,114,97.45762711864408,100.0,0.0,1
line_170_6308,samples\line_170_6308.npz,faulted,line,170,11,116,96.61016949152544,100.0,1.0,2
line_171_6309,samples\line_171_6309.npz,faulted,line,171,74,117,96.61016949152544,100.0,0.0,1
line_172_6310,samples\line_172_6310.npz,faulted,line,172,75,117,97.45762711864408,100.0,0.0,1
trafo_0_6311,samples\trafo_0_6311.npz,faulted,trafo,0,7,4,97.45762711864408,100.0,1.0,1
trafo_1_6312,samples\trafo_1_6312.npz,faulted,trafo,1,25,24,96.61016949152544,100.0,1.0,1
trafo_2_6313,samples\trafo_2_6313.npz,faulted,trafo,2,29,16,97.45762711864408,100.0,0.0,1
trafo_3_6314,samples\trafo_3_6314.npz,faulted,trafo,3,37,36,96.61016949152544,100.0,0.0,1
trafo_4_6315,samples\trafo_4_6315.npz,faulted,trafo,4,62,58,97.45762711864408,100.0,0.0,1
trafo_5_6316,samples\trafo_5_6316.npz,faulted,trafo,5,63,60,96.61016949152544,100.0,-1.0,1
trafo_6_6317,samples\trafo_6_6317.npz,faulted,trafo,6,64,65,97.45762711864408,100.0,0.0,1
trafo_7_6318,samples\trafo_7_6318.npz,faulted,trafo,7,64,67,96.61016949152544,100.0,0.0,1
trafo_8_6319,samples\trafo_8_6319.npz,faulted,trafo,8,67,68,97.45762711864408,100.0,0.0,1
trafo_9_6320,samples\trafo_9_6320.npz,faulted,trafo,9,80,67,96.61016949152544,100.0,1.0,2
trafo_10_6321,samples\trafo_10_6321.npz,faulted,trafo,10,80,79,97.45762711864408,100.0,0.0,1
trafo_11_6322,samples\trafo_11_6322.npz,faulted,trafo,11,86,85,96.61016949152544,100.0,0.0,2
trafo_12_6323,samples\trafo_12_6323.npz,faulted,trafo,12,115,67,96.61016949152544,100.0,1.0,2
line_0_6324,samples\line_0_6324.npz,faulted,line,0,0,1,98.30508474576273,100.0,0.0,2
line_1_6325,samples\line_1_6325.npz,faulted,line,1,0,2,98.30508474576273,100.0,0.0,2
line_2_6326,samples\line_2_6326.npz,faulted,line,2,3,4,98.30508474576273,100.0,0.0,2
line_3_6327,samples\line_3_6327.npz,faulted,line,3,2,4,98.30508474576273,100.0,0.0,2
line_4_6328,samples\line_4_6328.npz,faulted,line,4,4,5,97.45762711864408,100.0,1.0,2
line_5_6329,samples\line_5_6329.npz,faulted,line,5,5,6,98.30508474576273,100.0,0.0,2
line_6_6330,samples\line_6_6330.npz,faulted,line,6,7,8,98.30508474576273,100.0,0.0,3
line_7_6331,samples\line_7_6331.npz,faulted,line,7,8,9,97.45762711864408,100.0,1.0,3
line_8_6332,samples\line_8_6332.npz,faulted,line,8,3,10,98.30508474576273,100.0,0.0,2
line_9_6333,samples\line_9_6333.npz,faulted,line,9,4,10,98.30508474576273,100.0,0.0,2
line_10_6334,samples\line_10_6334.npz,faulted,line,10,10,11,98.30508474576273,100.0,0.0,2
line_11_6335,samples\line_11_6335.npz,faulted,line,11,1,11,98.30508474576273,100.0,0.0,2
line_12_6336,samples\line_12_6336.npz,faulted,line,12,2,11,98.30508474576273,100.0,0.0,2
line_13_6337,samples\line_13_6337.npz,faulted,line,13,6,11,97.45762711864408,100.0,1.0,2
line_14_6338,samples\line_14_6338.npz,faulted,line,14,10,12,97.45762711864408,100.0,0.0,2
line_15_6339,samples\line_15_6339.npz,faulted,line,15,11,13,97.45762711864408,100.0,0.0,2
line_16_6340,samples\line_16_6340.npz,faulted,line,16,12,14,98.30508474576273,100.0,0.0,2
line_17_6341,samples\line_17_6341.npz,faulted,line,17,13,14,98.30508474576273,100.0,0.0,2
line_18_6342,samples\line_18_6342.npz,faulted,line,18,11,15,98.30508474576273,100.0,0.0,2
line_19_6343,samples\line_19_6343.npz,faulted,line,19,14,16,97.45762711864408,100.0,1.0,2
line_20_6344,samples\line_20_6344.npz,faulted,line,20,15,16,98.30508474576273,100.0,0.0,2
line_21_6345,samples\line_21_6345.npz,faulted,line,21,16,17,97.45762711864408,100.0,0.0,2
line_22_6346,samples\line_22_6346.npz,faulted,line,22,17,18,98.30508474576273,100.0,0.0,2
line_23_6347,samples\line_23_6347.npz,faulted,line,23,18,19,98.30508474576273,100.0,0.0,2
line_24_6348,samples\line_24_6348.npz,faulted,line,24,14,18,98.30508474576273,100.0,0.0,2
line_25_6349,samples\line_25_6349.npz,faulted,line,25,19,20,97.45762711864408,100.0,1.0,2
line_26_6350,samples\line_26_6350.npz,faulted,line,26,20,21,98.30508474576273,100.0,0.0,2
line_27_6351,samples\line_27_6351.npz,faulted,line,27,21,22,97.45762711864408,100.0,2.0,2
line_28_6352,samples\line_28_6352.npz,faulted,line,28,22,23,97.45762711864408,100.0,1.0,2
line_29_6353,samples\line_29_6353.npz,faulted,line,29,22,24,98.30508474576273,100.0,2.0,2
line_30_6354,samples\line_30_6354.npz,faulted,line,30,24,26,98.30508474576273,100.0,0.0,2
line_31_6355,samples\line_31_6355.npz,faulted,line,31,26,27,98.30508474576273,100.0,-1.0,3
line_32_6356,samples\line_32_6356.npz,faulted,line,32,27,28,97.45762711864408,100.0,0.0,3
line_33_6357,samples\line_33_6357.npz,faulted,line,33,7,29,98.30508474576273,100.0,0.0,2
line_34_6358,samples\line_34_6358.npz,faulted,line,34,25,29,98.30508474576273,100.0,0.0,2
line_35_6359,samples\line_35_6359.npz,faulted,line,35,16,30,98.30508474576273,100.0,0.0,2
line_36_6360,samples\line_36_6360.npz,faulted,line,36,28,30,98.30508474576273,100.0,0.0,2
line_37_6361,samples\line_37_6361.npz,faulted,line,37,22,31,98.30508474576273,100.0,2.0,2
line_38_6362,samples\line_38_6362.npz,faulted,line,38,30,31,98.30508474576273,100.0,0.0,2
line_39_6363,samples\line_39_6363.npz,faulted,line,39,26,31,98.30508474576273,100.0,0.0,2
line_40_6364,samples\line_40_6364.npz,faulted,line,40,14,32,98.30508474576273,100.0,0.0,2
line_41_6365,samples\line_41_6365.npz,faulted,line,41,18,33,98.30508474576273,100.0,0.0,2
line_42_6366,samples\line_42_6366.npz,faulted,line,42,34,35,98.30508474576273,100.0,0.0,2
line_43_6367,samples\line_43_6367.npz,faulted,line,43,34,36,97.45762711864408,100.0,1.0,2
line_44_6368,samples\line_44_6368.npz,faulted,line,44,32,36,97.45762711864408,100.0,0.0,2
line_45_6369,samples\line_45_6369.npz,faulted,line,45,33,35,97.45762711864408,100.0,1.0,2
line_46_6370,samples\line_46_6370.npz,faulted,line,46,33,36,98.30508474576273,100.0,0.0,2
line_47_6371,samples\line_47_6371.npz,faulted,line,47,36,38,98.30508474576273,100.0,0.0,2
line_48_6372,samples\line_48_6372.npz,faulted,line,48,36,39,98.30508474576273,100.0,0.0,2
line_49_6373,samples\line_49_6373.npz,faulted,line,49,29,37,98.30508474576273,100.0,0.0,2
line_50_6374,samples\line_50_6374.npz,faulted,line,50,38,39,98.30508474576273,100.0,0.0,2
line_51_6375,samples\line_51_6375.npz,faulted,line,51,39,40,97.45762711864408,100.0,0.0,2
line_52_6376,samples\line_52_6376.npz,faulted,line,52,39,41,98.30508474576273,100.0,0.0,2
line_53_6377,samples\line_53_6377.npz,faulted,line,53,40,41,98.30508474576273,100.0,0.0,2
line_54_6378,samples\line_54_6378.npz,faulted,line,54,42,43,98.30508474576273,100.0,0.0,2
line_55_6379,samples\line_55_6379.npz,faulted,line,55,33,42,97.45762711864408,100.0,1.0,2
line_56_6380,samples\line_56_6380.npz,faulted,line,56,43,44,97.45762711864408,100.0,1.0,2
line_57_6381,samples\line_57_6381.npz,faulted,line,57,44,45,97.45762711864408,100.0,1.0,2
line_58_6382,samples\line_58_6382.npz,faulted,line,58,45,46,98.30508474576273,100.0,0.0,2
line_59_6383,samples\line_59_6383.npz,faulted,line,59,45,47,98.30508474576273,100.0,0.0,2
line_60_6384,samples\line_60_6384.npz,faulted,line,60,46,48,97.45762711864408,100.0,1.0,2
line_61_6385,samples\line_61_6385.npz,faulted,line,61,41,48,98.30508474576273,100.0,0.0,2
line_62_6386,samples\line_62_6386.npz,faulted,line,62,41,48,98.30508474576273,100.0,0.0,2
line_63_6387,samples\line_63_6387.npz,faulted,line,63,44,48,98.30508474576273,100.0,1.0,2
line_64_6388,samples\line_64_6388.npz,faulted,line,64,47,48,97.45762711864408,100.0,1.0,2
line_65_6389,samples\line_65_6389.npz,faulted,line,65,48,49,98.30508474576273,100.0,0.0,2
line_66_6390,samples\line_66_6390.npz,faulted,line,66,48,50,98.30508474576273,100.0,0.0,2
line_67_6391,samples\line_67_6391.npz,faulted,line,67,50,51,98.30508474576273,100.0,-1.0,2
line_68_6392,samples\line_68_6392.npz,faulted,line,68,51,52,97.45762711864408,100.0,0.0,2
line_69_6393,samples\line_69_6393.npz,faulted,line,69,52,53,98.30508474576273,100.0,0.0,2
line_70_6394,samples\line_70_6394.npz,faulted,line,70,48,53,98.30508474576273,100.0,0.0,2
line_71_6395,samples\line_71_6395.npz,faulted,line,71,48,53,98.30508474576273,100.0,0.0,2
line_72_6396,samples\line_72_6396.npz,faulted,line,72,53,54,98.30508474576273,100.0,0.0,2
line_73_6397,samples\line_73_6397.npz,faulted,line,73,53,55,98.30508474576273,100.0,0.0,2
line_74_6398,samples\line_74_6398.npz,faulted,line,74,54,55,98.30508474576273,100.0,0.0,2
line_75_6399,samples\line_75_6399.npz,faulted,line,75,55,56,98.30508474576273,100.0,0.0,2
line_76_6400,samples\line_76_6400.npz,faulted,line,76,49,56,97.45762711864408,100.0,0.0,2
line_77_6401,samples\line_77_6401.npz,faulted,line,77,55,57,98.30508474576273,100.0,0.0,2
line_78_6402,samples\line_78_6402.npz,faulted,line,78,50,57,97.45762711864408,100.0,-1.0,2
line_79_6403,samples\line_79_6403.npz,faulted,line,79,53,58,98.30508474576273,100.0,0.0,2
line_80_6404,samples\line_80_6404.npz,faulted,line,80,55,58,98.30508474576273,100.0,0.0,2
line_81_6405,samples\line_81_6405.npz,faulted,line,81,55,58,98.30508474576273,100.0,0.0,2
line_82_6406,samples\line_82_6406.npz,faulted,line,82,54,58,97.45762711864408,100.0,-1.0,2
line_83_6407,samples\line_83_6407.npz,faulted,line,83,58,59,98.30508474576273,100.0,-1.0,2
line_84_6408,samples\line_84_6408.npz,faulted,line,84,58,60,98.30508474576273,100.0,-1.0,2
line_85_6409,samples\line_85_6409.npz,faulted,line,85,59,60,98.30508474576273,100.0,0.0,2
line_86_6410,samples\line_86_6410.npz,faulted,line,86,59,61,98.30508474576273,100.0,0.0,2
line_87_6411,samples\line_87_6411.npz,faulted,line,87,60,61,98.30508474576273,100.0,0.0,2
line_88_6412,samples\line_88_6412.npz,faulted,line,88,62,63,98.30508474576273,100.0,0.0,2
line_89_6413,samples\line_89_6413.npz,faulted,line,89,37,64,98.30508474576273,100.0,0.0,2
line_90_6414,samples\line_90_6414.npz,faulted,line,90,63,64,98.30508474576273,100.0,0.0,2
line_91_6415,samples\line_91_6415.npz,faulted,line,91,48,65,98.30508474576273,100.0,0.0,2
line_92_6416,samples\line_92_6416.npz,faulted,line,92,48,65,98.30508474576273,100.0,0.0,2
line_93_6417,samples\line_93_6417.npz,faulted,line,93,61,65,98.30508474576273,100.0,0.0,2
line_94_6418,samples\line_94_6418.npz,faulted,line,94,61,66,97.45762711864408,100.0,0.0,2
line_95_6419,samples\line_95_6419.npz,faulted,line,95,65,66,98.30508474576273,100.0,1.0,2
line_96_6420,samples\line_96_6420.npz,faulted,line,96,46,68,98.30508474576273,100.0,0.0,2
line_97_6421,samples\line_97_6421.npz,faulted,line,97,48,68,98.30508474576273,100.0,0.0,2
line_98_6422,samples\line_98_6422.npz,faulted,line,98,68,69,98.30508474576273,100.0,0.0,2
line_99_6423,samples\line_99_6423.npz,faulted,line,99,23,69,98.30508474576273,100.0,0.0,2
line_100_6424,samples\line_100_6424.npz,faulted,line,100,69,70,98.30508474576273,100.0,0.0,2
line_101_6425,samples\line_101_6425.npz,faulted,line,101,23,71,98.30508474576273,100.0,0.0,2
line_102_6426,samples\line_102_6426.npz,faulted,line,102,70,71,97.45762711864408,100.0,2.0,2
line_103_6427,samples\line_103_6427.npz,faulted,line,103,70,72,97.45762711864408,100.0,2.0,3
line_104_6428,samples\line_104_6428.npz,faulted,line,104,69,73,98.30508474576273,100.0,0.0,2
line_105_6429,samples\line_105_6429.npz,faulted,line,105,69,74,98.30508474576273,100.0,0.0,2
line_106_6430,samples\line_106_6430.npz,faulted,line,106,68,74,98.30508474576273,100.0,0.0,2
line_107_6431,samples\line_107_6431.npz,faulted,line,107,73,74,97.45762711864408,100.0,1.0,2
line_108_6432,samples\line_108_6432.npz,faulted,line,108,75,76,97.45762711864408,100.0,1.0,2
line_109_6433,samples\line_109_6433.npz,faulted,line,109,68,76,98.30508474576273,100.0,0.0,2
line_110_6434,samples\line_110_6434.npz,faulted,line,110,74,76,98.30508474576273,100.0,1.0,2
line_111_6435,samples\line_111_6435.npz,faulted,line,111,76,77,97.45762711864408,100.0,1.0,2
line_112_6436,samples\line_112_6436.npz,faulted,line,112,77,78,98.30508474576273,100.0,0.0,2
line_113_6437,samples\line_113_6437.npz,faulted,line,113,76,79,98.30508474576273,100.0,0.0,2
line_114_6438,samples\line_114_6438.npz,faulted,line,114,76,79,98.30508474576273,100.0,0.0,2
line_115_6439,samples\line_115_6439.npz,faulted,line,115,78,79,97.45762711864408,100.0,1.0,2
line_116_6440,samples\line_116_6440.npz,faulted,line,116,76,81,97.45762711864408,100.0,1.0,2
line_117_6441,samples\line_117_6441.npz,faulted,line,117,81,82,98.30508474576273,100.0,0.0,2
line_118_6442,samples\line_118_6442.npz,faulted,line,118,82,83,98.30508474576273,100.0,0.0,2
line_119_6443,samples\line_119_6443.npz,faulted,line,119,82,84,97.45762711864408,100.0,1.0,2
line_120_6444,samples\line_120_6444.npz,faulted,line,120,83,84,97.45762711864408,100.0,1.0,2
line_121_6445,samples\line_121_6445.npz,faulted,line,121,84,85,98.30508474576273,100.0,1.0,3
line_122_6446,samples\line_122_6446.npz,faulted,line,122,84,87,98.30508474576273,100.0,0.0,2
line_123_6447,samples\line_123_6447.npz,faulted,line,123,84,88,98.30508474576273,100.0,0.0,2
line_124_6448,samples\line_124_6448.npz,faulted,line,124,87,88,98.30508474576273,100.0,0.0,2
line_125_6449,samples\line_125_6449.npz,faulted,line,125,88,89,98.30508474576273,100.0,0.0,2
line_126_6450,samples\line_126_6450.npz,faulted,line,126,88,89,98.30508474576273,100.0,0.0,2
line_127_6451,samples\line_127_6451.npz,faulted,line,127,89,90,98.30508474576273,100.0,0.0,2
line_128_6452,samples\line_128_6452.npz,faulted,line,128,88,91,98.30508474576273,100.0,0.0,2
line_129_6453,samples\line_129_6453.npz,faulted,line,129,88,91,98.30508474576273,100.0,0.0,2
line_130_6454,samples\line_130_6454.npz,faulted,line,130,90,91,97.45762711864408,100.0,0.0,2
line_131_6455,samples\line_131_6455.npz,faulted,line,131,91,92,97.45762711864408,100.0,1.0,3
line_132_6456,samples\line_132_6456.npz,faulted,line,132,91,93,98.30508474576273,100.0,0.0,2
line_133_6457,samples\line_133_6457.npz,faulted,line,133,92,93,98.30508474576273,100.0,0.0,2
line_134_6458,samples\line_134_6458.npz,faulted,line,134,93,94,97.45762711864408,100.0,0.0,2
line_135_6459,samples\line_135_6459.npz,faulted,line,135,79,95,98.30508474576273,100.0,0.0,2
line_136_6460,samples\line_136_6460.npz,faulted,line,136,81,95,98.30508474576273,100.0,0.0,2
line_137_6461,samples\line_137_6461.npz,faulted,line,137,93,95,98.30508474576273,100.0,0.0,2
line_138_6462,samples\line_138_6462.npz,faulted,line,138,79,96,97.45762711864408,100.0,0.0,2
line_139_6463,samples\line_139_6463.npz,faulted,line,139,79,97,98.30508474576273,100.0,0.0,2
line_140_6464,samples\line_140_6464.npz,faulted,line,140,79,98,98.30508474576273,100.0,0.0,2
line_141_6465,samples\line_141_6465.npz,faulted,line,141,91,99,98.30508474576273,100.0,1.0,2
line_142_6466,samples\line_142_6466.npz,faulted,line,142,93,99,98.30508474576273,100.0,1.0,2
line_143_6467,samples\line_143_6467.npz,faulted,line,143,94,95,98.30508474576273,100.0,0.0,2
line_144_6468,samples\line_144_6468.npz,faulted,line,144,95,96,98.30508474576273,100.0,0.0,2
line_145_6469,samples\line_145_6469.npz,faulted,line,145,97,99,98.30508474576273,100.0,1.0,2
line_146_6470,samples\line_146_6470.npz,faulted,line,146,98,99,98.30508474576273,100.0,1.0,2
line_147_6471,samples\line_147_6471.npz,faulted,line,147,99,100,97.45762711864408,100.0,1.0,2
line_148_6472,samples\line_148_6472.npz,faulted,line,148,91,101,97.45762711864408,100.0,1.0,2
line_149_6473,samples\line_149_6473.npz,faulted,line,149,100,101,98.30508474576273,100.0,0.0,2
line_150_6474,samples\line_150_6474.npz,faulted,line,150,99,102,98.30508474576273,100.0,1.0,2
line_151_6475,samples\line_151_6475.npz,faulted,line,151,99,103,98.30508474576273,100.0,1.0,2
line_152_6476,samples\line_152_6476.npz,faulted,line,152,102,103,98.30508474576273,100.0,0.0,2
line_153_6477,samples\line_153_6477.npz,faulted,line,153,102,104,98.30508474576273,100.0,0.0,2
line_154_6478,samples\line_154_6478.npz,faulted,line,154,99,105,98.30508474576273,100.0,1.0,2
line_155_6479,samples\line_155_6479.npz,faulted,line,155,103,104,98.30508474576273,100.0,0.0,2
line_156_6480,samples\line_156_6480.npz,faulted,line,156,104,105,98.30508474576273,100.0,0.0,2
line_157_6481,samples\line_157_6481.npz,faulted,line,157,104,106,97.45762711864408,100.0,1.0,2
line_158_6482,samples\line_158_6482.npz,faulted,line,158,104,107,97.45762711864408,100.0,1.0,2
line_159_6483,samples\line_159_6483.npz,faulted,line,159,105,106,98.30508474576273,100.0,0.0,2
line_160_6484,samples\line_160_6484.npz,faulted,line,160,107,108,98.30508474576273,100.0,0.0,2
line_161_6485,samples\line_161_6485.npz,faulted,line,161,102,109,98.30508474576273,100.0,0.0,2
line_162_6486,samples\line_162_6486.npz,faulted,line,162,108,109,97.45762711864408,100.0,1.0,2
line_163_6487,samples\line_163_6487.npz,faulted,line,163,109,110,97.45762711864408,100.0,1.0,3
line_164_6488,samples\line_164_6488.npz,faulted,line,164,109,111,97.45762711864408,100.0,1.0,3
line_165_6489,samples\line_165_6489.npz,faulted,line,165,16,112,98.30508474576273,100.0,0.0,2
line_166_6490,samples\line_166_6490.npz,faulted,line,166,31,112,98.30508474576273,100.0,0.0,2
line_167_6491,samples\line_167_6491.npz,faulted,line,167,31,113,97.45762711864408,100.0,0.0,2
line_168_6492,samples\line_168_6492.npz,faulted,line,168,26,114,97.45762711864408,100.0,-1.0,2
line_169_6493,samples\line_169_6493.npz,faulted,line,169,113,114,98.30508474576273,100.0,0.0,2
line_170_6494,samples\line_170_6494.npz,faulted,line,170,11,116,97.45762711864408,100.0,1.0,3
line_171_6495,samples\line_171_6495.npz,faulted,line,171,74,117,97.45762711864408,100.0,1.0,2
line_172_6496,samples\line_172_6496.npz,faulted,line,172,75,117,98.30508474576273,100.0,0.0,2
trafo_0_6497,samples\trafo_0_6497.npz,faulted,trafo,0,7,4,98.30508474576273,100.0,0.0,2
trafo_1_6498,samples\trafo_1_6498.npz,faulted,trafo,1,25,24,97.45762711864408,100.0,0.0,2
trafo_2_6499,samples\trafo_2_6499.npz,faulted,trafo,2,29,16,97.45762711864408,100.0,0.0,2
trafo_3_6500,samples\trafo_3_6500.npz,faulted,trafo,3,37,36,97.45762711864408,100.0,0.0,2
trafo_4_6501,samples\trafo_4_6501.npz,faulted,trafo,4,62,58,97.45762711864408,100.0,-1.0,2
trafo_5_6502,samples\trafo_5_6502.npz,faulted,trafo,5,63,60,97.45762711864408,100.0,0.0,2
trafo_6_6503,samples\trafo_6_6503.npz,faulted,trafo,6,64,65,98.30508474576273,100.0,1.0,2
trafo_7_6504,samples\trafo_7_6504.npz,faulted,trafo,7,64,67,98.30508474576273,100.0,0.0,2
trafo_8_6505,samples\trafo_8_6505.npz,faulted,trafo,8,67,68,98.30508474576273,100.0,0.0,3
trafo_9_6506,samples\trafo_9_6506.npz,faulted,trafo,9,80,67,98.30508474576273,100.0,0.0,2
trafo_10_6507,samples\trafo_10_6507.npz,faulted,trafo,10,80,79,97.45762711864408,100.0,1.0,3
trafo_11_6508,samples\trafo_11_6508.npz,faulted,trafo,11,86,85,98.30508474576273,100.0,0.0,2
trafo_12_6509,samples\trafo_12_6509.npz,faulted,trafo,12,115,67,97.45762711864408,100.0,1.0,3
line_0_6510,samples\line_0_6510.npz,faulted,line,0,0,1,98.30508474576273,100.0,1.0,2
line_1_6511,samples\line_1_6511.npz,faulted,line,1,0,2,99.15254237288136,100.0,0.0,2
line_2_6512,samples\line_2_6512.npz,faulted,line,2,3,4,99.15254237288136,100.0,0.0,1
line_3_6513,samples\line_3_6513.npz,faulted,line,3,2,4,99.15254237288136,100.0,0.0,1
line_4_6514,samples\line_4_6514.npz,faulted,line,4,4,5,98.30508474576273,100.0,1.0,1
line_5_6515,samples\line_5_6515.npz,faulted,line,5,5,6,99.15254237288136,100.0,0.0,1
line_6_6516,samples\line_6_6516.npz,faulted,line,6,7,8,99.15254237288136,100.0,0.0,2
line_7_6517,samples\line_7_6517.npz,faulted,line,7,8,9,98.30508474576273,100.0,1.0,2
line_8_6518,samples\line_8_6518.npz,faulted,line,8,3,10,99.15254237288136,100.0,0.0,1
line_9_6519,samples\line_9_6519.npz,faulted,line,9,4,10,99.15254237288136,100.0,0.0,1
line_10_6520,samples\line_10_6520.npz,faulted,line,10,10,11,99.15254237288136,100.0,0.0,1
line_11_6521,samples\line_11_6521.npz,faulted,line,11,1,11,99.15254237288136,100.0,0.0,1
line_12_6522,samples\line_12_6522.npz,faulted,line,12,2,11,99.15254237288136,100.0,0.0,1
line_13_6523,samples\line_13_6523.npz,faulted,line,13,6,11,98.30508474576273,100.0,1.0,1
line_14_6524,samples\line_14_6524.npz,faulted,line,14,10,12,98.30508474576273,100.0,0.0,1
line_15_6525,samples\line_15_6525.npz,faulted,line,15,11,13,98.30508474576273,100.0,0.0,1
line_16_6526,samples\line_16_6526.npz,faulted,line,16,12,14,99.15254237288136,100.0,0.0,1
line_17_6527,samples\line_17_6527.npz,faulted,line,17,13,14,99.15254237288136,100.0,0.0,1
line_18_6528,samples\line_18_6528.npz,faulted,line,18,11,15,99.15254237288136,100.0,0.0,1
line_19_6529,samples\line_19_6529.npz,faulted,line,19,14,16,98.30508474576273,100.0,0.0,1
line_20_6530,samples\line_20_6530.npz,faulted,line,20,15,16,99.15254237288136,100.0,0.0,1
line_21_6531,samples\line_21_6531.npz,faulted,line,21,16,17,98.30508474576273,100.0,1.0,1
line_22_6532,samples\line_22_6532.npz,faulted,line,22,17,18,99.15254237288136,100.0,0.0,1
line_23_6533,samples\line_23_6533.npz,faulted,line,23,18,19,99.15254237288136,100.0,0.0,1
line_24_6534,samples\line_24_6534.npz,faulted,line,24,14,18,99.15254237288136,100.0,0.0,1
line_25_6535,samples\line_25_6535.npz,faulted,line,25,19,20,98.30508474576273,100.0,1.0,1
line_26_6536,samples\line_26_6536.npz,faulted,line,26,20,21,99.15254237288136,100.0,0.0,1
line_27_6537,samples\line_27_6537.npz,faulted,line,27,21,22,98.30508474576273,100.0,2.0,1
line_28_6538,samples\line_28_6538.npz,faulted,line,28,22,23,98.30508474576273,100.0,1.0,1
line_29_6539,samples\line_29_6539.npz,faulted,line,29,22,24,99.15254237288136,100.0,2.0,1
line_30_6540,samples\line_30_6540.npz,faulted,line,30,24,26,99.15254237288136,100.0,0.0,1
line_31_6541,samples\line_31_6541.npz,faulted,line,31,26,27,99.15254237288136,100.0,-1.0,1
line_32_6542,samples\line_32_6542.npz,faulted,line,32,27,28,98.30508474576273,100.0,0.0,1
line_33_6543,samples\line_33_6543.npz,faulted,line,33,7,29,99.15254237288136,100.0,0.0,1
line_34_6544,samples\line_34_6544.npz,faulted,line,34,25,29,99.15254237288136,100.0,0.0,2
line_35_6545,samples\line_35_6545.npz,faulted,line,35,16,30,99.15254237288136,100.0,1.0,1
line_36_6546,samples\line_36_6546.npz,faulted,line,36,28,30,99.15254237288136,100.0,0.0,1
line_37_6547,samples\line_37_6547.npz,faulted,line,37,22,31,99.15254237288136,100.0,2.0,1
line_38_6548,samples\line_38_6548.npz,faulted,line,38,30,31,99.15254237288136,100.0,0.0,1
line_39_6549,samples\line_39_6549.npz,faulted,line,39,26,31,99.15254237288136,100.0,0.0,1
line_40_6550,samples\line_40_6550.npz,faulted,line,40,14,32,99.15254237288136,100.0,0.0,1
line_41_6551,samples\line_41_6551.npz,faulted,line,41,18,33,99.15254237288136,100.0,0.0,1
line_42_6552,samples\line_42_6552.npz,faulted,line,42,34,35,99.15254237288136,100.0,0.0,1
line_43_6553,samples\line_43_6553.npz,faulted,line,43,34,36,98.30508474576273,100.0,1.0,1
line_44_6554,samples\line_44_6554.npz,faulted,line,44,32,36,98.30508474576273,100.0,0.0,1
line_45_6555,samples\line_45_6555.npz,faulted,line,45,33,35,98.30508474576273,100.0,1.0,1
line_46_6556,samples\line_46_6556.npz,faulted,line,46,33,36,99.15254237288136,100.0,0.0,1
line_47_6557,samples\line_47_6557.npz,faulted,line,47,36,38,99.15254237288136,100.0,0.0,1
line_48_6558,samples\line_48_6558.npz,faulted,line,48,36,39,99.15254237288136,100.0,0.0,1
line_49_6559,samples\line_49_6559.npz,faulted,line,49,29,37,99.15254237288136,100.0,0.0,1
line_50_6560,samples\line_50_6560.npz,faulted,line,50,38,39,99.15254237288136,100.0,0.0,1
line_51_6561,samples\line_51_6561.npz,faulted,line,51,39,40,98.30508474576273,100.0,0.0,1
line_52_6562,samples\line_52_6562.npz,faulted,line,52,39,41,99.15254237288136,100.0,0.0,1
line_53_6563,samples\line_53_6563.npz,faulted,line,53,40,41,99.15254237288136,100.0,0.0,1
line_54_6564,samples\line_54_6564.npz,faulted,line,54,42,43,99.15254237288136,100.0,0.0,1
line_55_6565,samples\line_55_6565.npz,faulted,line,55,33,42,98.30508474576273,100.0,1.0,1
line_56_6566,samples\line_56_6566.npz,faulted,line,56,43,44,98.30508474576273,100.0,1.0,1
line_57_6567,samples\line_57_6567.npz,faulted,line,57,44,45,98.30508474576273,100.0,1.0,1
line_58_6568,samples\line_58_6568.npz,faulted,line,58,45,46,99.15254237288136,100.0,0.0,1
line_59_6569,samples\line_59_6569.npz,faulted,line,59,45,47,99.15254237288136,100.0,0.0,1
line_60_6570,samples\line_60_6570.npz,faulted,line,60,46,48,98.30508474576273,100.0,1.0,1
line_61_6571,samples\line_61_6571.npz,faulted,line,61,41,48,99.15254237288136,100.0,0.0,1
line_62_6572,samples\line_62_6572.npz,faulted,line,62,41,48,99.15254237288136,100.0,0.0,1
line_63_6573,samples\line_63_6573.npz,faulted,line,63,44,48,99.15254237288136,100.0,1.0,1
line_64_6574,samples\line_64_6574.npz,faulted,line,64,47,48,98.30508474576273,100.0,1.0,1
line_65_6575,samples\line_65_6575.npz,faulted,line,65,48,49,99.15254237288136,100.0,0.0,1
line_66_6576,samples\line_66_6576.npz,faulted,line,66,48,50,99.15254237288136,100.0,0.0,1
line_67_6577,samples\line_67_6577.npz,faulted,line,67,50,51,99.15254237288136,100.0,-1.0,1
line_68_6578,samples\line_68_6578.npz,faulted,line,68,51,52,98.30508474576273,100.0,0.0,1
line_69_6579,samples\line_69_6579.npz,faulted,line,69,52,53,99.15254237288136,100.0,0.0,1
line_70_6580,samples\line_70_6580.npz,faulted,line,70,48,53,99.15254237288136,100.0,0.0,1
line_71_6581,samples\line_71_6581.npz,faulted,line,71,48,53,99.15254237288136,100.0,0.0,1
line_72_6582,samples\line_72_6582.npz,faulted,line,72,53,54,99.15254237288136,100.0,0.0,1
line_73_6583,samples\line_73_6583.npz,faulted,line,73,53,55,99.15254237288136,100.0,0.0,1
line_74_6584,samples\line_74_6584.npz,faulted,line,74,54,55,99.15254237288136,100.0,0.0,1
line_75_6585,samples\line_75_6585.npz,faulted,line,75,55,56,99.15254237288136,100.0,0.0,1
line_76_6586,samples\line_76_6586.npz,faulted,line,76,49,56,98.30508474576273,100.0,0.0,1
line_77_6587,samples\line_77_6587.npz,faulted,line,77,55,57,99.15254237288136,100.0,0.0,1
line_78_6588,samples\line_78_6588.npz,faulted,line,78,50,57,98.30508474576273,100.0,-1.0,1
line_79_6589,samples\line_79_6589.npz,faulted,line,79,53,58,99.15254237288136,100.0,0.0,1
line_80_6590,samples\line_80_6590.npz,faulted,line,80,55,58,99.15254237288136,100.0,0.0,1
line_81_6591,samples\line_81_6591.npz,faulted,line,81,55,58,99.15254237288136,100.0,0.0,1
line_82_6592,samples\line_82_6592.npz,faulted,line,82,54,58,98.30508474576273,100.0,-1.0,1
line_83_6593,samples\line_83_6593.npz,faulted,line,83,58,59,99.15254237288136,100.0,-1.0,1
line_84_6594,samples\line_84_6594.npz,faulted,line,84,58,60,99.15254237288136,100.0,-1.0,1
line_85_6595,samples\line_85_6595.npz,faulted,line,85,59,60,99.15254237288136,100.0,0.0,1
line_86_6596,samples\line_86_6596.npz,faulted,line,86,59,61,99.15254237288136,100.0,0.0,1
line_87_6597,samples\line_87_6597.npz,faulted,line,87,60,61,99.15254237288136,100.0,0.0,1
line_88_6598,samples\line_88_6598.npz,faulted,line,88,62,63,99.15254237288136,100.0,0.0,1
line_89_6599,samples\line_89_6599.npz,faulted,line,89,37,64,99.15254237288136,100.0,0.0,1
line_90_6600,samples\line_90_6600.npz,faulted,line,90,63,64,99.15254237288136,100.0,0.0,1
line_91_6601,samples\line_91_6601.npz,faulted,line,91,48,65,99.15254237288136,100.0,0.0,1
line_92_6602,samples\line_92_6602.npz,faulted,line,92,48,65,99.15254237288136,100.0,0.0,1
line_93_6603,samples\line_93_6603.npz,faulted,line,93,61,65,99.15254237288136,100.0,0.0,1
line_94_6604,samples\line_94_6604.npz,faulted,line,94,61,66,98.30508474576273,100.0,0.0,2
line_95_6605,samples\line_95_6605.npz,faulted,line,95,65,66,99.15254237288136,100.0,0.0,1
line_96_6606,samples\line_96_6606.npz,faulted,line,96,46,68,99.15254237288136,100.0,0.0,1
line_97_6607,samples\line_97_6607.npz,faulted,line,97,48,68,99.15254237288136,100.0,0.0,1
line_98_6608,samples\line_98_6608.npz,faulted,line,98,68,69,99.15254237288136,100.0,0.0,1
line_99_6609,samples\line_99_6609.npz,faulted,line,99,23,69,99.15254237288136,100.0,0.0,1
line_100_6610,samples\line_100_6610.npz,faulted,line,100,69,70,99.15254237288136,100.0,0.0,1
line_101_6611,samples\line_101_6611.npz,faulted,line,101,23,71,99.15254237288136,100.0,0.0,1
line_102_6612,samples\line_102_6612.npz,faulted,line,102,70,71,98.30508474576273,100.0,2.0,1
line_103_6613,samples\line_103_6613.npz,faulted,line,103,70,72,98.30508474576273,100.0,2.0,2
line_104_6614,samples\line_104_6614.npz,faulted,line,104,69,73,99.15254237288136,100.0,0.0,1
line_105_6615,samples\line_105_6615.npz,faulted,line,105,69,74,99.15254237288136,100.0,0.0,1
line_106_6616,samples\line_106_6616.npz,faulted,line,106,68,74,99.15254237288136,100.0,0.0,1
line_107_6617,samples\line_107_6617.npz,faulted,line,107,73,74,98.30508474576273,100.0,1.0,1
line_108_6618,samples\line_108_6618.npz,faulted,line,108,75,76,98.30508474576273,100.0,0.0,1
line_109_6619,samples\line_109_6619.npz,faulted,line,109,68,76,99.15254237288136,100.0,0.0,1
line_110_6620,samples\line_110_6620.npz,faulted,line,110,74,76,99.15254237288136,100.0,1.0,1
line_111_6621,samples\line_111_6621.npz,faulted,line,111,76,77,98.30508474576273,100.0,0.0,1
line_112_6622,samples\line_112_6622.npz,faulted,line,112,77,78,99.15254237288136,100.0,0.0,1
line_113_6623,samples\line_113_6623.npz,faulted,line,113,76,79,99.15254237288136,100.0,0.0,1
line_114_6624,samples\line_114_6624.npz,faulted,line,114,76,79,99.15254237288136,100.0,0.0,1
line_115_6625,samples\line_115_6625.npz,faulted,line,115,78,79,98.30508474576273,100.0,0.0,1
line_116_6626,samples\line_116_6626.npz,faulted,line,116,76,81,98.30508474576273,100.0,0.0,1
line_117_6627,samples\line_117_6627.npz,faulted,line,117,81,82,99.15254237288136,100.0,0.0,1
line_118_6628,samples\line_118_6628.npz,faulted,line,118,82,83,99.15254237288136,100.0,0.0,1
line_119_6629,samples\line_119_6629.npz,faulted,line,119,82,84,98.30508474576273,100.0,1.0,1
line_120_6630,samples\line_120_6630.npz,faulted,line,120,83,84,98.30508474576273,100.0,1.0,1
line_121_6631,samples\line_121_6631.npz,faulted,line,121,84,85,99.15254237288136,100.0,0.0,2
line_122_6632,samples\line_122_6632.npz,faulted,line,122,84,87,99.15254237288136,100.0,0.0,1
line_123_6633,samples\line_123_6633.npz,faulted,line,123,84,88,99.15254237288136,100.0,0.0,1
line_124_6634,samples\line_124_6634.npz,faulted,line,124,87,88,99.15254237288136,100.0,0.0,1
line_125_6635,samples\line_125_6635.npz,faulted,line,125,88,89,99.15254237288136,100.0,0.0,1
line_126_6636,samples\line_126_6636.npz,faulted,line,126,88,89,99.15254237288136,100.0,0.0,1
line_127_6637,samples\line_127_6637.npz,faulted,line,127,89,90,99.15254237288136,100.0,0.0,1
line_128_6638,samples\line_128_6638.npz,faulted,line,128,88,91,99.15254237288136,100.0,0.0,1
line_129_6639,samples\line_129_6639.npz,faulted,line,129,88,91,99.15254237288136,100.0,0.0,1
line_130_6640,samples\line_130_6640.npz,faulted,line,130,90,91,98.30508474576273,100.0,0.0,1
line_131_6641,samples\line_131_6641.npz,faulted,line,131,91,92,99.15254237288136,100.0,0.0,1
line_132_6642,samples\line_132_6642.npz,faulted,line,132,91,93,99.15254237288136,100.0,0.0,1
line_133_6643,samples\line_133_6643.npz,faulted,line,133,92,93,99.15254237288136,100.0,0.0,1
line_134_6644,samples\line_134_6644.npz,faulted,line,134,93,94,98.30508474576273,100.0,0.0,1
line_135_6645,samples\line_135_6645.npz,faulted,line,135,79,95,99.15254237288136,100.0,0.0,1
line_136_6646,samples\line_136_6646.npz,faulted,line,136,81,95,99.15254237288136,100.0,0.0,1
line_137_6647,samples\line_137_6647.npz,faulted,line,137,93,95,99.15254237288136,100.0,0.0,1
line_138_6648,samples\line_138_6648.npz,faulted,line,138,79,96,98.30508474576273,100.0,0.0,1
line_139_6649,samples\line_139_6649.npz,faulted,line,139,79,97,99.15254237288136,100.0,0.0,1
line_140_6650,samples\line_140_6650.npz,faulted,line,140,79,98,99.15254237288136,100.0,0.0,1
line_141_6651,samples\line_141_6651.npz,faulted,line,141,91,99,99.15254237288136,100.0,0.0,1
line_142_6652,samples\line_142_6652.npz,faulted,line,142,93,99,99.15254237288136,100.0,0.0,1
line_143_6653,samples\line_143_6653.npz,faulted,line,143,94,95,99.15254237288136,100.0,0.0,1
line_144_6654,samples\line_144_6654.npz,faulted,line,144,95,96,99.15254237288136,100.0,0.0,1
line_145_6655,samples\line_145_6655.npz,faulted,line,145,97,99,99.15254237288136,100.0,0.0,1
line_146_6656,samples\line_146_6656.npz,faulted,line,146,98,99,99.15254237288136,100.0,0.0,1
line_147_6657,samples\line_147_6657.npz,faulted,line,147,99,100,98.30508474576273,100.0,1.0,1
line_148_6658,samples\line_148_6658.npz,faulted,line,148,91,101,98.30508474576273,100.0,0.0,1
line_149_6659,samples\line_149_6659.npz,faulted,line,149,100,101,99.15254237288136,100.0,0.0,1
line_150_6660,samples\line_150_6660.npz,faulted,line,150,99,102,99.15254237288136,100.0,0.0,1
line_151_6661,samples\line_151_6661.npz,faulted,line,151,99,103,99.15254237288136,100.0,0.0,1
line_152_6662,samples\line_152_6662.npz,faulted,line,152,102,103,99.15254237288136,100.0,0.0,1
line_153_6663,samples\line_153_6663.npz,faulted,line,153,102,104,99.15254237288136,100.0,0.0,1
line_154_6664,samples\line_154_6664.npz,faulted,line,154,99,105,99.15254237288136,100.0,0.0,1
line_155_6665,samples\line_155_6665.npz,faulted,line,155,103,104,99.15254237288136,100.0,0.0,1
line_156_6666,samples\line_156_6666.npz,faulted,line,156,104,105,99.15254237288136,100.0,0.0,1
line_157_6667,samples\line_157_6667.npz,faulted,line,157,104,106,98.30508474576273,100.0,1.0,2
line_158_6668,samples\line_158_6668.npz,faulted,line,158,104,107,98.30508474576273,100.0,1.0,1
line_159_6669,samples\line_159_6669.npz,faulted,line,159,105,106,99.15254237288136,100.0,0.0,1
line_160_6670,samples\line_160_6670.npz,faulted,line,160,107,108,99.15254237288136,100.0,0.0,1
line_161_6671,samples\line_161_6671.npz,faulted,line,161,102,109,99.15254237288136,100.0,0.0,1
line_162_6672,samples\line_162_6672.npz,faulted,line,162,108,109,98.30508474576273,100.0,1.0,1
line_163_6673,samples\line_163_6673.npz,faulted,line,163,109,110,98.30508474576273,100.0,1.0,2
line_164_6674,samples\line_164_6674.npz,faulted,line,164,109,111,98.30508474576273,100.0,1.0,2
line_165_6675,samples\line_165_6675.npz,faulted,line,165,16,112,99.15254237288136,100.0,1.0,1
line_166_6676,samples\line_166_6676.npz,faulted,line,166,31,112,99.15254237288136,100.0,0.0,1
line_167_6677,samples\line_167_6677.npz,faulted,line,167,31,113,98.30508474576273,100.0,0.0,1
line_168_6678,samples\line_168_6678.npz,faulted,line,168,26,114,98.30508474576273,100.0,-1.0,1
line_169_6679,samples\line_169_6679.npz,faulted,line,169,113,114,99.15254237288136,100.0,0.0,1
line_170_6680,samples\line_170_6680.npz,faulted,line,170,11,116,98.30508474576273,100.0,1.0,2
line_171_6681,samples\line_171_6681.npz,faulted,line,171,74,117,98.30508474576273,100.0,1.0,1
line_172_6682,samples\line_172_6682.npz,faulted,line,172,75,117,99.15254237288136,100.0,0.0,1
trafo_0_6683,samples\trafo_0_6683.npz,faulted,trafo,0,7,4,99.15254237288136,100.0,0.0,1
trafo_1_6684,samples\trafo_1_6684.npz,faulted,trafo,1,25,24,99.15254237288136,100.0,0.0,1
trafo_2_6685,samples\trafo_2_6685.npz,faulted,trafo,2,29,16,98.30508474576273,100.0,1.0,1
trafo_3_6686,samples\trafo_3_6686.npz,faulted,trafo,3,37,36,98.30508474576273,100.0,0.0,1
trafo_4_6687,samples\trafo_4_6687.npz,faulted,trafo,4,62,58,98.30508474576273,100.0,-1.0,1
trafo_5_6688,samples\trafo_5_6688.npz,faulted,trafo,5,63,60,98.30508474576273,100.0,0.0,1
trafo_6_6689,samples\trafo_6_6689.npz,faulted,trafo,6,64,65,99.15254237288136,100.0,0.0,1
trafo_7_6690,samples\trafo_7_6690.npz,faulted,trafo,7,64,67,98.30508474576273,100.0,1.0,1
trafo_8_6691,samples\trafo_8_6691.npz,faulted,trafo,8,67,68,99.15254237288136,100.0,0.0,1
trafo_9_6692,samples\trafo_9_6692.npz,faulted,trafo,9,80,67,98.30508474576273,100.0,1.0,2
trafo_10_6693,samples\trafo_10_6693.npz,faulted,trafo,10,80,79,99.15254237288136,100.0,0.0,1
trafo_11_6694,samples\trafo_11_6694.npz,faulted,trafo,11,86,85,98.30508474576273,100.0,0.0,2
trafo_12_6695,samples\trafo_12_6695.npz,faulted,trafo,12,115,67,98.30508474576273,100.0,1.0,2
line_0_6696,samples\line_0_6696.npz,faulted,line,0,0,1,99.15254237288136,100.0,0.0,2
line_1_6697,samples\line_1_6697.npz,faulted,line,1,0,2,99.15254237288136,100.0,0.0,2
line_2_6698,samples\line_2_6698.npz,faulted,line,2,3,4,99.15254237288136,100.0,0.0,2
line_3_6699,samples\line_3_6699.npz,faulted,line,3,2,4,99.15254237288136,100.0,0.0,2
line_4_6700,samples\line_4_6700.npz,faulted,line,4,4,5,98.30508474576273,100.0,1.0,2
line_5_6701,samples\line_5_6701.npz,faulted,line,5,5,6,99.15254237288136,100.0,0.0,2
line_6_6702,samples\line_6_6702.npz,faulted,line,6,7,8,99.15254237288136,100.0,0.0,3
line_7_6703,samples\line_7_6703.npz,faulted,line,7,8,9,98.30508474576273,100.0,1.0,3
line_8_6704,samples\line_8_6704.npz,faulted,line,8,3,10,99.15254237288136,100.0,0.0,2
line_9_6705,samples\line_9_6705.npz,faulted,line,9,4,10,99.15254237288136,100.0,0.0,2
line_10_6706,samples\line_10_6706.npz,faulted,line,10,10,11,99.15254237288136,100.0,0.0,2
line_11_6707,samples\line_11_6707.npz,faulted,line,11,1,11,99.15254237288136,100.0,0.0,2
line_12_6708,samples\line_12_6708.npz,faulted,line,12,2,11,99.15254237288136,100.0,0.0,2
line_13_6709,samples\line_13_6709.npz,faulted,line,13,6,11,98.30508474576273,100.0,1.0,2
line_14_6710,samples\line_14_6710.npz,faulted,line,14,10,12,98.30508474576273,100.0,0.0,2
line_15_6711,samples\line_15_6711.npz,faulted,line,15,11,13,98.30508474576273,100.0,0.0,2
line_16_6712,samples\line_16_6712.npz,faulted,line,16,12,14,99.15254237288136,100.0,0.0,2
line_17_6713,samples\line_17_6713.npz,faulted,line,17,13,14,99.15254237288136,100.0,0.0,2
line_18_6714,samples\line_18_6714.npz,faulted,line,18,11,15,99.15254237288136,100.0,0.0,2
line_19_6715,samples\line_19_6715.npz,faulted,line,19,14,16,98.30508474576273,100.0,0.0,2
line_20_6716,samples\line_20_6716.npz,faulted,line,20,15,16,99.15254237288136,100.0,0.0,2
line_21_6717,samples\line_21_6717.npz,faulted,line,21,16,17,98.30508474576273,100.0,1.0,2
line_22_6718,samples\line_22_6718.npz,faulted,line,22,17,18,99.15254237288136,100.0,0.0,2
line_23_6719,samples\line_23_6719.npz,faulted,line,23,18,19,99.15254237288136,100.0,0.0,2
line_24_6720,samples\line_24_6720.npz,faulted,line,24,14,18,99.15254237288136,100.0,0.0,2
line_25_6721,samples\line_25_6721.npz,faulted,line,25,19,20,98.30508474576273,100.0,1.0,2
line_26_6722,samples\line_26_6722.npz,faulted,line,26,20,21,99.15254237288136,100.0,0.0,2
line_27_6723,samples\line_27_6723.npz,faulted,line,27,21,22,98.30508474576273,100.0,2.0,2
line_28_6724,samples\line_28_6724.npz,faulted,line,28,22,23,98.30508474576273,100.0,1.0,2
line_29_6725,samples\line_29_6725.npz,faulted,line,29,22,24,99.15254237288136,100.0,2.0,2
line_30_6726,samples\line_30_6726.npz,faulted,line,30,24,26,99.15254237288136,100.0,0.0,2
line_31_6727,samples\line_31_6727.npz,faulted,line,31,26,27,99.15254237288136,100.0,-1.0,2
line_32_6728,samples\line_32_6728.npz,faulted,line,32,27,28,98.30508474576273,100.0,0.0,2
line_33_6729,samples\line_33_6729.npz,faulted,line,33,7,29,99.15254237288136,100.0,0.0,2
line_34_6730,samples\line_34_6730.npz,faulted,line,34,25,29,99.15254237288136,100.0,0.0,2
line_35_6731,samples\line_35_6731.npz,faulted,line,35,16,30,98.30508474576273,100.0,0.0,2
line_36_6732,samples\line_36_6732.npz,faulted,line,36,28,30,99.15254237288136,100.0,0.0,2
line_37_6733,samples\line_37_6733.npz,faulted,line,37,22,31,99.15254237288136,100.0,2.0,2
line_38_6734,samples\line_38_6734.npz,faulted,line,38,30,31,99.15254237288136,100.0,0.0,2
line_39_6735,samples\line_39_6735.npz,faulted,line,39,26,31,99.15254237288136,100.0,0.0,2
line_40_6736,samples\line_40_6736.npz,faulted,line,40,14,32,99.15254237288136,100.0,0.0,2
line_41_6737,samples\line_41_6737.npz,faulted,line,41,18,33,99.15254237288136,100.0,0.0,2
line_42_6738,samples\line_42_6738.npz,faulted,line,42,34,35,99.15254237288136,100.0,0.0,2
line_43_6739,samples\line_43_6739.npz,faulted,line,43,34,36,98.30508474576273,100.0,1.0,2
line_44_6740,samples\line_44_6740.npz,faulted,line,44,32,36,98.30508474576273,100.0,0.0,2
line_45_6741,samples\line_45_6741.npz,faulted,line,45,33,35,98.30508474576273,100.0,1.0,2
line_46_6742,samples\line_46_6742.npz,faulted,line,46,33,36,99.15254237288136,100.0,0.0,2
line_47_6743,samples\line_47_6743.npz,faulted,line,47,36,38,99.15254237288136,100.0,0.0,2
line_48_6744,samples\line_48_6744.npz,faulted,line,48,36,39,99.15254237288136,100.0,0.0,2
line_49_6745,samples\line_49_6745.npz,faulted,line,49,29,37,99.15254237288136,100.0,0.0,2
line_50_6746,samples\line_50_6746.npz,faulted,line,50,38,39,99.15254237288136,100.0,0.0,2
line_51_6747,samples\line_51_6747.npz,faulted,line,51,39,40,98.30508474576273,100.0,0.0,2
line_52_6748,samples\line_52_6748.npz,faulted,line,52,39,41,99.15254237288136,100.0,0.0,2
line_53_6749,samples\line_53_6749.npz,faulted,line,53,40,41,99.15254237288136,100.0,0.0,2
line_54_6750,samples\line_54_6750.npz,faulted,line,54,42,43,99.15254237288136,100.0,0.0,2
line_55_6751,samples\line_55_6751.npz,faulted,line,55,33,42,98.30508474576273,100.0,1.0,2
line_56_6752,samples\line_56_6752.npz,faulted,line,56,43,44,98.30508474576273,100.0,1.0,2
line_57_6753,samples\line_57_6753.npz,faulted,line,57,44,45,98.30508474576273,100.0,1.0,2
line_58_6754,samples\line_58_6754.npz,faulted,line,58,45,46,99.15254237288136,100.0,0.0,2
line_59_6755,samples\line_59_6755.npz,faulted,line,59,45,47,99.15254237288136,100.0,0.0,2
line_60_6756,samples\line_60_6756.npz,faulted,line,60,46,48,98.30508474576273,100.0,1.0,2
line_61_6757,samples\line_61_6757.npz,faulted,line,61,41,48,99.15254237288136,100.0,0.0,2
line_62_6758,samples\line_62_6758.npz,faulted,line,62,41,48,99.15254237288136,100.0,0.0,2
line_63_6759,samples\line_63_6759.npz,faulted,line,63,44,48,99.15254237288136,100.0,1.0,2
line_64_6760,samples\line_64_6760.npz,faulted,line,64,47,48,98.30508474576273,100.0,1.0,2
line_65_6761,samples\line_65_6761.npz,faulted,line,65,48,49,99.15254237288136,100.0,0.0,2
line_66_6762,samples\line_66_6762.npz,faulted,line,66,48,50,99.15254237288136,100.0,0.0,2
line_67_6763,samples\line_67_6763.npz,faulted,line,67,50,51,99.15254237288136,100.0,-1.0,2
line_68_6764,samples\line_68_6764.npz,faulted,line,68,51,52,98.30508474576273,100.0,0.0,2
line_69_6765,samples\line_69_6765.npz,faulted,line,69,52,53,99.15254237288136,100.0,0.0,2
line_70_6766,samples\line_70_6766.npz,faulted,line,70,48,53,99.15254237288136,100.0,0.0,2
line_71_6767,samples\line_71_6767.npz,faulted,line,71,48,53,99.15254237288136,100.0,0.0,2
line_72_6768,samples\line_72_6768.npz,faulted,line,72,53,54,99.15254237288136,100.0,0.0,2
line_73_6769,samples\line_73_6769.npz,faulted,line,73,53,55,99.15254237288136,100.0,0.0,2
line_74_6770,samples\line_74_6770.npz,faulted,line,74,54,55,99.15254237288136,100.0,0.0,2
line_75_6771,samples\line_75_6771.npz,faulted,line,75,55,56,99.15254237288136,100.0,0.0,2
line_76_6772,samples\line_76_6772.npz,faulted,line,76,49,56,98.30508474576273,100.0,0.0,2
line_77_6773,samples\line_77_6773.npz,faulted,line,77,55,57,99.15254237288136,100.0,0.0,2
line_78_6774,samples\line_78_6774.npz,faulted,line,78,50,57,98.30508474576273,100.0,-1.0,2
line_79_6775,samples\line_79_6775.npz,faulted,line,79,53,58,99.15254237288136,100.0,0.0,2
line_80_6776,samples\line_80_6776.npz,faulted,line,80,55,58,99.15254237288136,100.0,0.0,2
line_81_6777,samples\line_81_6777.npz,faulted,line,81,55,58,99.15254237288136,100.0,0.0,2
line_82_6778,samples\line_82_6778.npz,faulted,line,82,54,58,98.30508474576273,100.0,0.0,2
line_83_6779,samples\line_83_6779.npz,faulted,line,83,58,59,99.15254237288136,100.0,0.0,2
line_84_6780,samples\line_84_6780.npz,faulted,line,84,58,60,99.15254237288136,100.0,0.0,2
line_85_6781,samples\line_85_6781.npz,faulted,line,85,59,60,99.15254237288136,100.0,0.0,2
line_86_6782,samples\line_86_6782.npz,faulted,line,86,59,61,99.15254237288136,100.0,0.0,2
line_87_6783,samples\line_87_6783.npz,faulted,line,87,60,61,99.15254237288136,100.0,0.0,2
line_88_6784,samples\line_88_6784.npz,faulted,line,88,62,63,99.15254237288136,100.0,0.0,2
line_89_6785,samples\line_89_6785.npz,faulted,line,89,37,64,99.15254237288136,100.0,0.0,2
line_90_6786,samples\line_90_6786.npz,faulted,line,90,63,64,99.15254237288136,100.0,1.0,2
line_91_6787,samples\line_91_6787.npz,faulted,line,91,48,65,99.15254237288136,100.0,0.0,2
line_92_6788,samples\line_92_6788.npz,faulted,line,92,48,65,99.15254237288136,100.0,0.0,2
line_93_6789,samples\line_93_6789.npz,faulted,line,93,61,65,99.15254237288136,100.0,0.0,2
line_94_6790,samples\line_94_6790.npz,faulted,line,94,61,66,98.30508474576273,100.0,0.0,2
line_95_6791,samples\line_95_6791.npz,faulted,line,95,65,66,99.15254237288136,100.0,0.0,2
line_96_6792,samples\line_96_6792.npz,faulted,line,96,46,68,99.15254237288136,100.0,0.0,2
line_97_6793,samples\line_97_6793.npz,faulted,line,97,48,68,99.15254237288136,100.0,0.0,2
line_98_6794,samples\line_98_6794.npz,faulted,line,98,68,69,99.15254237288136,100.0,0.0,2
line_99_6795,samples\line_99_6795.npz,faulted,line,99,23,69,99.15254237288136,100.0,0.0,2
line_100_6796,samples\line_100_6796.npz,faulted,line,100,69,70,99.15254237288136,100.0,0.0,2
line_101_6797,samples\line_101_6797.npz,faulted,line,101,23,71,99.15254237288136,100.0,0.0,2
line_102_6798,samples\line_102_6798.npz,faulted,line,102,70,71,98.30508474576273,100.0,2.0,2
line_103_6799,samples\line_103_6799.npz,faulted,line,103,70,72,98.30508474576273,100.0,2.0,3
line_104_6800,samples\line_104_6800.npz,faulted,line,104,69,73,99.15254237288136,100.0,0.0,2
line_105_6801,samples\line_105_6801.npz,faulted,line,105,69,74,99.15254237288136,100.0,0.0,2
line_106_6802,samples\line_106_6802.npz,faulted,line,106,68,74,99.15254237288136,100.0,0.0,2
line_107_6803,samples\line_107_6803.npz,faulted,line,107,73,74,98.30508474576273,100.0,1.0,2
line_108_6804,samples\line_108_6804.npz,faulted,line,108,75,76,98.30508474576273,100.0,1.0,2
line_109_6805,samples\line_109_6805.npz,faulted,line,109,68,76,99.15254237288136,100.0,0.0,2
line_110_6806,samples\line_110_6806.npz,faulted,line,110,74,76,99.15254237288136,100.0,1.0,2
line_111_6807,samples\line_111_6807.npz,faulted,line,111,76,77,98.30508474576273,100.0,1.0,2
line_112_6808,samples\line_112_6808.npz,faulted,line,112,77,78,99.15254237288136,100.0,0.0,2
line_113_6809,samples\line_113_6809.npz,faulted,line,113,76,79,99.15254237288136,100.0,0.0,2
line_114_6810,samples\line_114_6810.npz,faulted,line,114,76,79,99.15254237288136,100.0,0.0,2
line_115_6811,samples\line_115_6811.npz,faulted,line,115,78,79,98.30508474576273,100.0,1.0,2
line_116_6812,samples\line_116_6812.npz,faulted,line,116,76,81,98.30508474576273,100.0,1.0,2
line_117_6813,samples\line_117_6813.npz,faulted,line,117,81,82,99.15254237288136,100.0,0.0,2
line_118_6814,samples\line_118_6814.npz,faulted,line,118,82,83,99.15254237288136,100.0,0.0,2
line_119_6815,samples\line_119_6815.npz,faulted,line,119,82,84,98.30508474576273,100.0,1.0,2
line_120_6816,samples\line_120_6816.npz,faulted,line,120,83,84,98.30508474576273,100.0,1.0,2
line_121_6817,samples\line_121_6817.npz,faulted,line,121,84,85,99.15254237288136,100.0,0.0,3
line_122_6818,samples\line_122_6818.npz,faulted,line,122,84,87,99.15254237288136,100.0,0.0,2
line_123_6819,samples\line_123_6819.npz,faulted,line,123,84,88,99.15254237288136,100.0,0.0,2
line_124_6820,samples\line_124_6820.npz,faulted,line,124,87,88,99.15254237288136,100.0,0.0,2
line_125_6821,samples\line_125_6821.npz,faulted,line,125,88,89,99.15254237288136,100.0,0.0,2
line_126_6822,samples\line_126_6822.npz,faulted,line,126,88,89,99.15254237288136,100.0,0.0,2
line_127_6823,samples\line_127_6823.npz,faulted,line,127,89,90,99.15254237288136,100.0,0.0,2
line_128_6824,samples\line_128_6824.npz,faulted,line,128,88,91,99.15254237288136,100.0,0.0,2
line_129_6825,samples\line_129_6825.npz,faulted,line,129,88,91,99.15254237288136,100.0,0.0,2
line_130_6826,samples\line_130_6826.npz,faulted,line,130,90,91,98.30508474576273,100.0,0.0,2
line_131_6827,samples\line_131_6827.npz,faulted,line,131,91,92,99.15254237288136,100.0,0.0,2
line_132_6828,samples\line_132_6828.npz,faulted,line,132,91,93,99.15254237288136,100.0,0.0,2
line_133_6829,samples\line_133_6829.npz,faulted,line,133,92,93,99.15254237288136,100.0,0.0,2
line_134_6830,samples\line_134_6830.npz,faulted,line,134,93,94,98.30508474576273,100.0,0.0,2
line_135_6831,samples\line_135_6831.npz,faulted,line,135,79,95,99.15254237288136,100.0,0.0,2
line_136_6832,samples\line_136_6832.npz,faulted,line,136,81,95,99.15254237288136,100.0,0.0,2
line_137_6833,samples\line_137_6833.npz,faulted,line,137,93,95,99.15254237288136,100.0,0.0,2
line_138_6834,samples\line_138_6834.npz,faulted,line,138,79,96,98.30508474576273,100.0,0.0,2
line_139_6835,samples\line_139_6835.npz,faulted,line,139,79,97,99.15254237288136,100.0,0.0,2
line_140_6836,samples\line_140_6836.npz,faulted,line,140,79,98,99.15254237288136,100.0,0.0,2
line_141_6837,samples\line_141_6837.npz,faulted,line,141,91,99,99.15254237288136,100.0,1.0,2
line_142_6838,samples\line_142_6838.npz,faulted,line,142,93,99,99.15254237288136,100.0,1.0,2
line_143_6839,samples\line_143_6839.npz,faulted,line,143,94,95,99.15254237288136,100.0,0.0,2
line_144_6840,samples\line_144_6840.npz,faulted,line,144,95,96,99.15254237288136,100.0,0.0,2
line_145_6841,samples\line_145_6841.npz,faulted,line,145,97,99,99.15254237288136,100.0,1.0,2
line_146_6842,samples\line_146_6842.npz,faulted,line,146,98,99,99.15254237288136,100.0,1.0,2
line_147_6843,samples\line_147_6843.npz,faulted,line,147,99,100,98.30508474576273,100.0,1.0,2
line_148_6844,samples\line_148_6844.npz,faulted,line,148,91,101,98.30508474576273,100.0,0.0,2
line_149_6845,samples\line_149_6845.npz,faulted,line,149,100,101,99.15254237288136,100.0,0.0,2
line_150_6846,samples\line_150_6846.npz,faulted,line,150,99,102,99.15254237288136,100.0,1.0,2
line_151_6847,samples\line_151_6847.npz,faulted,line,151,99,103,99.15254237288136,100.0,1.0,2
line_152_6848,samples\line_152_6848.npz,faulted,line,152,102,103,99.15254237288136,100.0,0.0,2
line_153_6849,samples\line_153_6849.npz,faulted,line,153,102,104,99.15254237288136,100.0,0.0,2
line_154_6850,samples\line_154_6850.npz,faulted,line,154,99,105,99.15254237288136,100.0,1.0,2
line_155_6851,samples\line_155_6851.npz,faulted,line,155,103,104,99.15254237288136,100.0,0.0,2
line_156_6852,samples\line_156_6852.npz,faulted,line,156,104,105,99.15254237288136,100.0,0.0,2
line_157_6853,samples\line_157_6853.npz,faulted,line,157,104,106,98.30508474576273,100.0,1.0,2
line_158_6854,samples\line_158_6854.npz,faulted,line,158,104,107,98.30508474576273,100.0,1.0,2
line_159_6855,samples\line_159_6855.npz,faulted,line,159,105,106,99.15254237288136,100.0,0.0,2
line_160_6856,samples\line_160_6856.npz,faulted,line,160,107,108,99.15254237288136,100.0,0.0,2
line_161_6857,samples\line_161_6857.npz,faulted,line,161,102,109,99.15254237288136,100.0,0.0,2
line_162_6858,samples\line_162_6858.npz,faulted,line,162,108,109,98.30508474576273,100.0,1.0,2
line_163_6859,samples\line_163_6859.npz,faulted,line,163,109,110,98.30508474576273,100.0,1.0,3
line_164_6860,samples\line_164_6860.npz,faulted,line,164,109,111,98.30508474576273,100.0,1.0,3
line_165_6861,samples\line_165_6861.npz,faulted,line,165,16,112,99.15254237288136,100.0,0.0,2
line_166_6862,samples\line_166_6862.npz,faulted,line,166,31,112,99.15254237288136,100.0,0.0,2
line_167_6863,samples\line_167_6863.npz,faulted,line,167,31,113,98.30508474576273,100.0,0.0,2
line_168_6864,samples\line_168_6864.npz,faulted,line,168,26,114,98.30508474576273,100.0,-1.0,2
line_169_6865,samples\line_169_6865.npz,faulted,line,169,113,114,99.15254237288136,100.0,0.0,2
line_170_6866,samples\line_170_6866.npz,faulted,line,170,11,116,98.30508474576273,100.0,1.0,3
line_171_6867,samples\line_171_6867.npz,faulted,line,171,74,117,98.30508474576273,100.0,1.0,2
line_172_6868,samples\line_172_6868.npz,faulted,line,172,75,117,99.15254237288136,100.0,0.0,2
trafo_0_6869,samples\trafo_0_6869.npz,faulted,trafo,0,7,4,99.15254237288136,100.0,0.0,2
trafo_1_6870,samples\trafo_1_6870.npz,faulted,trafo,1,25,24,98.30508474576273,100.0,0.0,2
trafo_2_6871,samples\trafo_2_6871.npz,faulted,trafo,2,29,16,98.30508474576273,100.0,1.0,2
trafo_3_6872,samples\trafo_3_6872.npz,faulted,trafo,3,37,36,98.30508474576273,100.0,0.0,2
trafo_4_6873,samples\trafo_4_6873.npz,faulted,trafo,4,62,58,98.30508474576273,100.0,0.0,2
trafo_5_6874,samples\trafo_5_6874.npz,faulted,trafo,5,63,60,98.30508474576273,100.0,0.0,2
trafo_6_6875,samples\trafo_6_6875.npz,faulted,trafo,6,64,65,99.15254237288136,100.0,0.0,2
trafo_7_6876,samples\trafo_7_6876.npz,faulted,trafo,7,64,67,98.30508474576273,100.0,1.0,2
trafo_8_6877,samples\trafo_8_6877.npz,faulted,trafo,8,67,68,99.15254237288136,100.0,0.0,2
trafo_9_6878,samples\trafo_9_6878.npz,faulted,trafo,9,80,67,99.15254237288136,100.0,0.0,2
trafo_10_6879,samples\trafo_10_6879.npz,faulted,trafo,10,80,79,99.15254237288136,100.0,1.0,2
trafo_11_6880,samples\trafo_11_6880.npz,faulted,trafo,11,86,85,98.30508474576273,100.0,0.0,3
trafo_12_6881,samples\trafo_12_6881.npz,faulted,trafo,12,115,67,99.15254237288136,100.0,0.0,2
line_0_6882,samples\line_0_6882.npz,faulted,line,0,0,1,98.30508474576273,100.0,1.0,2
line_1_6883,samples\line_1_6883.npz,faulted,line,1,0,2,98.30508474576273,100.0,1.0,2
line_2_6884,samples\line_2_6884.npz,faulted,line,2,3,4,98.30508474576273,100.0,1.0,2
line_3_6885,samples\line_3_6885.npz,faulted,line,3,2,4,98.30508474576273,100.0,1.0,2
line_4_6886,samples\line_4_6886.npz,faulted,line,4,4,5,97.45762711864408,100.0,2.0,2
line_5_6887,samples\line_5_6887.npz,faulted,line,5,5,6,98.30508474576273,100.0,1.0,2
line_6_6888,samples\line_6_6888.npz,faulted,line,6,7,8,98.30508474576273,100.0,1.0,3
line_7_6889,samples\line_7_6889.npz,faulted,line,7,8,9,97.45762711864408,100.0,2.0,3
line_8_6890,samples\line_8_6890.npz,faulted,line,8,3,10,98.30508474576273,100.0,1.0,2
line_9_6891,samples\line_9_6891.npz,faulted,line,9,4,10,98.30508474576273,100.0,1.0,2
line_10_6892,samples\line_10_6892.npz,faulted,line,10,10,11,98.30508474576273,100.0,1.0,2
line_11_6893,samples\line_11_6893.npz,faulted,line,11,1,11,98.30508474576273,100.0,1.0,2
line_12_6894,samples\line_12_6894.npz,faulted,line,12,2,11,98.30508474576273,100.0,1.0,2
line_13_6895,samples\line_13_6895.npz,faulted,line,13,6,11,97.45762711864408,100.0,2.0,2
line_14_6896,samples\line_14_6896.npz,faulted,line,14,10,12,97.45762711864408,100.0,1.0,2
line_15_6897,samples\line_15_6897.npz,faulted,line,15,11,13,97.45762711864408,100.0,0.0,2
line_16_6898,samples\line_16_6898.npz,faulted,line,16,12,14,98.30508474576273,100.0,1.0,2
line_17_6899,samples\line_17_6899.npz,faulted,line,17,13,14,98.30508474576273,100.0,1.0,2
line_18_6900,samples\line_18_6900.npz,faulted,line,18,11,15,98.30508474576273,100.0,1.0,2
line_19_6901,samples\line_19_6901.npz,faulted,line,19,14,16,97.45762711864408,100.0,0.0,2
line_20_6902,samples\line_20_6902.npz,faulted,line,20,15,16,98.30508474576273,100.0,1.0,2
line_21_6903,samples\line_21_6903.npz,faulted,line,21,16,17,97.45762711864408,100.0,0.0,2
line_22_6904,samples\line_22_6904.npz,faulted,line,22,17,18,98.30508474576273,100.0,1.0,2
line_23_6905,samples\line_23_6905.npz,faulted,line,23,18,19,97.45762711864408,100.0,1.0,2
line_24_6906,samples\line_24_6906.npz,faulted,line,24,14,18,98.30508474576273,100.0,1.0,2
line_25_6907,samples\line_25_6907.npz,faulted,line,25,19,20,97.45762711864408,100.0,2.0,2
line_26_6908,samples\line_26_6908.npz,faulted,line,26,20,21,98.30508474576273,100.0,1.0,2
line_27_6909,samples\line_27_6909.npz,faulted,line,27,21,22,97.45762711864408,100.0,2.0,2
line_28_6910,samples\line_28_6910.npz,faulted,line,28,22,23,97.45762711864408,100.0,1.0,2
line_29_6911,samples\line_29_6911.npz,faulted,line,29,22,24,98.30508474576273,100.0,1.0,2
line_30_6912,samples\line_30_6912.npz,faulted,line,30,24,26,98.30508474576273,100.0,1.0,2
line_31_6913,samples\line_31_6913.npz,faulted,line,31,26,27,98.30508474576273,100.0,0.0,2
line_32_6914,samples\line_32_6914.npz,faulted,line,32,27,28,97.45762711864408,100.0,1.0,2
line_33_6915,samples\line_33_6915.npz,faulted,line,33,7,29,98.30508474576273,100.0,1.0,2
line_34_6916,samples\line_34_6916.npz,faulted,line,34,25,29,98.30508474576273,100.0,1.0,2
line_35_6917,samples\line_35_6917.npz,faulted,line,35,16,30,98.30508474576273,100.0,0.0,2
line_36_6918,samples\line_36_6918.npz,faulted,line,36,28,30,98.30508474576273,100.0,1.0,2
line_37_6919,samples\line_37_6919.npz,faulted,line,37,22,31,98.30508474576273,100.0,1.0,2
line_38_6920,samples\line_38_6920.npz,faulted,line,38,30,31,98.30508474576273,100.0,1.0,2
line_39_6921,samples\line_39_6921.npz,faulted,line,39,26,31,98.30508474576273,100.0,1.0,2
line_40_6922,samples\line_40_6922.npz,faulted,line,40,14,32,98.30508474576273,100.0,1.0,2
line_41_6923,samples\line_41_6923.npz,faulted,line,41,18,33,98.30508474576273,100.0,1.0,2
line_42_6924,samples\line_42_6924.npz,faulted,line,42,34,35,98.30508474576273,100.0,1.0,2
line_43_6925,samples\line_43_6925.npz,faulted,line,43,34,36,97.45762711864408,100.0,2.0,2
line_44_6926,samples\line_44_6926.npz,faulted,line,44,32,36,97.45762711864408,100.0,1.0,2
line_45_6927,samples\line_45_6927.npz,faulted,line,45,33,35,97.45762711864408,100.0,2.0,2
line_46_6928,samples\line_46_6928.npz,faulted,line,46,33,36,98.30508474576273,100.0,1.0,2
line_47_6929,samples\line_47_6929.npz,faulted,line,47,36,38,98.30508474576273,100.0,1.0,2
line_48_6930,samples\line_48_6930.npz,faulted,line,48,36,39,98.30508474576273,100.0,1.0,2
line_49_6931,samples\line_49_6931.npz,faulted,line,49,29,37,98.30508474576273,100.0,1.0,2
line_50_6932,samples\line_50_6932.npz,faulted,line,50,38,39,98.30508474576273,100.0,1.0,2
line_51_6933,samples\line_51_6933.npz,faulted,line,51,39,40,97.45762711864408,100.0,1.0,2
line_52_6934,samples\line_52_6934.npz,faulted,line,52,39,41,98.30508474576273,100.0,1.0,2
line_53_6935,samples\line_53_6935.npz,faulted,line,53,40,41,98.30508474576273,100.0,1.0,2
line_54_6936,samples\line_54_6936.npz,faulted,line,54,42,43,98.30508474576273,100.0,1.0,2
line_55_6937,samples\line_55_6937.npz,faulted,line,55,33,42,97.45762711864408,100.0,2.0,2
line_56_6938,samples\line_56_6938.npz,faulted,line,56,43,44,97.45762711864408,100.0,2.0,2
line_57_6939,samples\line_57_6939.npz,faulted,line,57,44,45,97.45762711864408,100.0,2.0,2
line_58_6940,samples\line_58_6940.npz,faulted,line,58,45,46,98.30508474576273,100.0,1.0,2
line_59_6941,samples\line_59_6941.npz,faulted,line,59,45,47,98.30508474576273,100.0,1.0,2
line_60_6942,samples\line_60_6942.npz,faulted,line,60,46,48,97.45762711864408,100.0,2.0,2
line_61_6943,samples\line_61_6943.npz,faulted,line,61,41,48,98.30508474576273,100.0,1.0,2
line_62_6944,samples\line_62_6944.npz,faulted,line,62,41,48,98.30508474576273,100.0,1.0,2
line_63_6945,samples\line_63_6945.npz,faulted,line,63,44,48,98.30508474576273,100.0,2.0,2
line_64_6946,samples\line_64_6946.npz,faulted,line,64,47,48,97.45762711864408,100.0,2.0,2
line_65_6947,samples\line_65_6947.npz,faulted,line,65,48,49,98.30508474576273,100.0,1.0,2
line_66_6948,samples\line_66_6948.npz,faulted,line,66,48,50,98.30508474576273,100.0,1.0,2
line_67_6949,samples\line_67_6949.npz,faulted,line,67,50,51,98.30508474576273,100.0,0.0,2
line_68_6950,samples\line_68_6950.npz,faulted,line,68,51,52,97.45762711864408,100.0,1.0,2
line_69_6951,samples\line_69_6951.npz,faulted,line,69,52,53,98.30508474576273,100.0,1.0,2
line_70_6952,samples\line_70_6952.npz,faulted,line,70,48,53,98.30508474576273,100.0,1.0,2
line_71_6953,samples\line_71_6953.npz,faulted,line,71,48,53,98.30508474576273,100.0,1.0,2
line_72_6954,samples\line_72_6954.npz,faulted,line,72,53,54,98.30508474576273,100.0,1.0,2
line_73_6955,samples\line_73_6955.npz,faulted,line,73,53,55,98.30508474576273,100.0,1.0,2
line_74_6956,samples\line_74_6956.npz,faulted,line,74,54,55,98.30508474576273,100.0,1.0,2
line_75_6957,samples\line_75_6957.npz,faulted,line,75,55,56,98.30508474576273,100.0,1.0,2
line_76_6958,samples\line_76_6958.npz,faulted,line,76,49,56,97.45762711864408,100.0,1.0,2
line_77_6959,samples\line_77_6959.npz,faulted,line,77,55,57,98.30508474576273,100.0,1.0,2
line_78_6960,samples\line_78_6960.npz,faulted,line,78,50,57,97.45762711864408,100.0,0.0,2
line_79_6961,samples\line_79_6961.npz,faulted,line,79,53,58,98.30508474576273,100.0,1.0,2
line_80_6962,samples\line_80_6962.npz,faulted,line,80,55,58,98.30508474576273,100.0,1.0,2
line_81_6963,samples\line_81_6963.npz,faulted,line,81,55,58,98.30508474576273,100.0,1.0,2
line_82_6964,samples\line_82_6964.npz,faulted,line,82,54,58,97.45762711864408,100.0,1.0,2
line_83_6965,samples\line_83_6965.npz,faulted,line,83,58,59,98.30508474576273,100.0,1.0,2
line_84_6966,samples\line_84_6966.npz,faulted,line,84,58,60,98.30508474576273,100.0,1.0,2
line_85_6967,samples\line_85_6967.npz,faulted,line,85,59,60,98.30508474576273,100.0,1.0,2
line_86_6968,samples\line_86_6968.npz,faulted,line,86,59,61,98.30508474576273,100.0,1.0,2
line_87_6969,samples\line_87_6969.npz,faulted,line,87,60,61,98.30508474576273,100.0,1.0,2
line_88_6970,samples\line_88_6970.npz,faulted,line,88,62,63,98.30508474576273,100.0,1.0,2
line_89_6971,samples\line_89_6971.npz,faulted,line,89,37,64,98.30508474576273,100.0,1.0,2
line_90_6972,samples\line_90_6972.npz,faulted,line,90,63,64,98.30508474576273,100.0,2.0,2
line_91_6973,samples\line_91_6973.npz,faulted,line,91,48,65,98.30508474576273,100.0,1.0,2
line_92_6974,samples\line_92_6974.npz,faulted,line,92,48,65,98.30508474576273,100.0,1.0,2
line_93_6975,samples\line_93_6975.npz,faulted,line,93,61,65,98.30508474576273,100.0,1.0,2
line_94_6976,samples\line_94_6976.npz,faulted,line,94,61,66,97.45762711864408,100.0,1.0,2
line_95_6977,samples\line_95_6977.npz,faulted,line,95,65,66,98.30508474576273,100.0,1.0,2
line_96_6978,samples\line_96_6978.npz,faulted,line,96,46,68,98.30508474576273,100.0,1.0,2
line_97_6979,samples\line_97_6979.npz,faulted,line,97,48,68,98.30508474576273,100.0,1.0,2
line_98_6980,samples\line_98_6980.npz,faulted,line,98,68,69,98.30508474576273,100.0,1.0,2
line_99_6981,samples\line_99_6981.npz,faulted,line,99,23,69,98.30508474576273,100.0,1.0,2
line_100_6982,samples\line_100_6982.npz,faulted,line,100,69,70,98.30508474576273,100.0,0.0,2
line_101_6983,samples\line_101_6983.npz,faulted,line,101,23,71,98.30508474576273,100.0,1.0,2
line_102_6984,samples\line_102_6984.npz,faulted,line,102,70,71,97.45762711864408,100.0,2.0,2
line_103_6985,samples\line_103_6985.npz,faulted,line,103,70,72,97.45762711864408,100.0,2.0,3
line_104_6986,samples\line_104_6986.npz,faulted,line,104,69,73,98.30508474576273,100.0,0.0,2
line_105_6987,samples\line_105_6987.npz,faulted,line,105,69,74,98.30508474576273,100.0,0.0,2
line_106_6988,samples\line_106_6988.npz,faulted,line,106,68,74,98.30508474576273,100.0,1.0,2
line_107_6989,samples\line_107_6989.npz,faulted,line,107,73,74,97.45762711864408,100.0,1.0,2
line_108_6990,samples\line_108_6990.npz,faulted,line,108,75,76,97.45762711864408,100.0,1.0,2
line_109_6991,samples\line_109_6991.npz,faulted,line,109,68,76,98.30508474576273,100.0,1.0,2
line_110_6992,samples\line_110_6992.npz,faulted,line,110,74,76,98.30508474576273,100.0,1.0,2
line_111_6993,samples\line_111_6993.npz,faulted,line,111,76,77,97.45762711864408,100.0,1.0,2
line_112_6994,samples\line_112_6994.npz,faulted,line,112,77,78,98.30508474576273,100.0,1.0,2
line_113_6995,samples\line_113_6995.npz,faulted,line,113,76,79,98.30508474576273,100.0,1.0,2
line_114_6996,samples\line_114_6996.npz,faulted,line,114,76,79,98.30508474576273,100.0,1.0,2
line_115_6997,samples\line_115_6997.npz,faulted,line,115,78,79,97.45762711864408,100.0,1.0,2
line_116_6998,samples\line_116_6998.npz,faulted,line,116,76,81,97.45762711864408,100.0,1.0,2
line_117_6999,samples\line_117_6999.npz,faulted,line,117,81,82,98.30508474576273,100.0,1.0,2
line_118_7000,samples\line_118_7000.npz,faulted,line,118,82,83,98.30508474576273,100.0,1.0,2
line_119_7001,samples\line_119_7001.npz,faulted,line,119,82,84,97.45762711864408,100.0,2.0,2
line_120_7002,samples\line_120_7002.npz,faulted,line,120,83,84,97.45762711864408,100.0,2.0,2
line_121_7003,samples\line_121_7003.npz,faulted,line,121,84,85,98.30508474576273,100.0,2.0,3
line_122_7004,samples\line_122_7004.npz,faulted,line,122,84,87,98.30508474576273,100.0,2.0,2
line_123_7005,samples\line_123_7005.npz,faulted,line,123,84,88,98.30508474576273,100.0,1.0,2
line_124_7006,samples\line_124_7006.npz,faulted,line,124,87,88,98.30508474576273,100.0,1.0,2
line_125_7007,samples\line_125_7007.npz,faulted,line,125,88,89,98.30508474576273,100.0,1.0,2
line_126_7008,samples\line_126_7008.npz,faulted,line,126,88,89,98.30508474576273,100.0,1.0,2
line_127_7009,samples\line_127_7009.npz,faulted,line,127,89,90,98.30508474576273,100.0,1.0,2
line_128_7010,samples\line_128_7010.npz,faulted,line,128,88,91,98.30508474576273,100.0,1.0,2
line_129_7011,samples\line_129_7011.npz,faulted,line,129,88,91,98.30508474576273,100.0,1.0,2
line_130_7012,samples\line_130_7012.npz,faulted,line,130,90,91,97.45762711864408,100.0,1.0,2
line_131_7013,samples\line_131_7013.npz,faulted,line,131,91,92,98.30508474576273,100.0,1.0,2
line_132_7014,samples\line_132_7014.npz,faulted,line,132,91,93,98.30508474576273,100.0,1.0,2
line_133_7015,samples\line_133_7015.npz,faulted,line,133,92,93,98.30508474576273,100.0,1.0,2
line_134_7016,samples\line_134_7016.npz,faulted,line,134,93,94,97.45762711864408,100.0,1.0,2
line_135_7017,samples\line_135_7017.npz,faulted,line,135,79,95,98.30508474576273,100.0,0.0,2
line_136_7018,samples\line_136_7018.npz,faulted,line,136,81,95,98.30508474576273,100.0,1.0,2
line_137_7019,samples\line_137_7019.npz,faulted,line,137,93,95,98.30508474576273,100.0,1.0,2
line_138_7020,samples\line_138_7020.npz,faulted,line,138,79,96,97.45762711864408,100.0,0.0,2
line_139_7021,samples\line_139_7021.npz,faulted,line,139,79,97,98.30508474576273,100.0,0.0,2
line_140_7022,samples\line_140_7022.npz,faulted,line,140,79,98,98.30508474576273,100.0,0.0,2
line_141_7023,samples\line_141_7023.npz,faulted,line,141,91,99,98.30508474576273,100.0,1.0,2
line_142_7024,samples\line_142_7024.npz,faulted,line,142,93,99,98.30508474576273,100.0,1.0,2
line_143_7025,samples\line_143_7025.npz,faulted,line,143,94,95,98.30508474576273,100.0,1.0,2
line_144_7026,samples\line_144_7026.npz,faulted,line,144,95,96,98.30508474576273,100.0,1.0,2
line_145_7027,samples\line_145_7027.npz,faulted,line,145,97,99,98.30508474576273,100.0,1.0,2
line_146_7028,samples\line_146_7028.npz,faulted,line,146,98,99,98.30508474576273,100.0,1.0,2
line_147_7029,samples\line_147_7029.npz,faulted,line,147,99,100,97.45762711864408,100.0,1.0,2
line_148_7030,samples\line_148_7030.npz,faulted,line,148,91,101,97.45762711864408,100.0,1.0,2
line_149_7031,samples\line_149_7031.npz,faulted,line,149,100,101,98.30508474576273,100.0,1.0,2
line_150_7032,samples\line_150_7032.npz,faulted,line,150,99,102,98.30508474576273,100.0,1.0,2
line_151_7033,samples\line_151_7033.npz,faulted,line,151,99,103,98.30508474576273,100.0,1.0,2
line_152_7034,samples\line_152_7034.npz,faulted,line,152,102,103,98.30508474576273,100.0,1.0,2
line_153_7035,samples\line_153_7035.npz,faulted,line,153,102,104,98.30508474576273,100.0,1.0,2
line_154_7036,samples\line_154_7036.npz,faulted,line,154,99,105,98.30508474576273,100.0,1.0,2
line_155_7037,samples\line_155_7037.npz,faulted,line,155,103,104,98.30508474576273,100.0,1.0,2
line_156_7038,samples\line_156_7038.npz,faulted,line,156,104,105,97.45762711864408,100.0,2.0,2
line_157_7039,samples\line_157_7039.npz,faulted,line,157,104,106,97.45762711864408,100.0,2.0,2
line_158_7040,samples\line_158_7040.npz,faulted,line,158,104,107,97.45762711864408,100.0,2.0,2
line_159_7041,samples\line_159_7041.npz,faulted,line,159,105,106,98.30508474576273,100.0,1.0,2
line_160_7042,samples\line_160_7042.npz,faulted,line,160,107,108,98.30508474576273,100.0,1.0,2
line_161_7043,samples\line_161_7043.npz,faulted,line,161,102,109,98.30508474576273,100.0,1.0,2
line_162_7044,samples\line_162_7044.npz,faulted,line,162,108,109,97.45762711864408,100.0,2.0,2
line_163_7045,samples\line_163_7045.npz,faulted,line,163,109,110,97.45762711864408,100.0,2.0,3
line_164_7046,samples\line_164_7046.npz,faulted,line,164,109,111,97.45762711864408,100.0,2.0,3
line_165_7047,samples\line_165_7047.npz,faulted,line,165,16,112,98.30508474576273,100.0,0.0,2
line_166_7048,samples\line_166_7048.npz,faulted,line,166,31,112,98.30508474576273,100.0,1.0,2
line_167_7049,samples\line_167_7049.npz,faulted,line,167,31,113,97.45762711864408,100.0,1.0,2
line_168_7050,samples\line_168_7050.npz,faulted,line,168,26,114,97.45762711864408,100.0,0.0,2
line_169_7051,samples\line_169_7051.npz,faulted,line,169,113,114,98.30508474576273,100.0,1.0,2
line_170_7052,samples\line_170_7052.npz,faulted,line,170,11,116,97.45762711864408,100.0,2.0,3
line_171_7053,samples\line_171_7053.npz,faulted,line,171,74,117,97.45762711864408,100.0,1.0,2
line_172_7054,samples\line_172_7054.npz,faulted,line,172,75,117,98.30508474576273,100.0,1.0,2
trafo_0_7055,samples\trafo_0_7055.npz,faulted,trafo,0,7,4,98.30508474576273,100.0,1.0,2
trafo_1_7056,samples\trafo_1_7056.npz,faulted,trafo,1,25,24,97.45762711864408,100.0,1.0,2
trafo_2_7057,samples\trafo_2_7057.npz,faulted,trafo,2,29,16,97.45762711864408,100.0,0.0,2
trafo_3_7058,samples\trafo_3_7058.npz,faulted,trafo,3,37,36,98.30508474576273,100.0,1.0,2
trafo_4_7059,samples\trafo_4_7059.npz,faulted,trafo,4,62,58,97.45762711864408,100.0,1.0,2
trafo_5_7060,samples\trafo_5_7060.npz,faulted,trafo,5,63,60,97.45762711864408,100.0,1.0,2
trafo_6_7061,samples\trafo_6_7061.npz,faulted,trafo,6,64,65,98.30508474576273,100.0,1.0,2
trafo_7_7062,samples\trafo_7_7062.npz,faulted,trafo,7,64,67,97.45762711864408,100.0,1.0,2
trafo_8_7063,samples\trafo_8_7063.npz,faulted,trafo,8,67,68,98.30508474576273,100.0,1.0,2
trafo_9_7064,samples\trafo_9_7064.npz,faulted,trafo,9,80,67,98.30508474576273,100.0,1.0,2
trafo_10_7065,samples\trafo_10_7065.npz,faulted,trafo,10,80,79,98.30508474576273,100.0,0.0,2
trafo_11_7066,samples\trafo_11_7066.npz,faulted,trafo,11,86,85,98.30508474576273,100.0,1.0,2
trafo_12_7067,samples\trafo_12_7067.npz,faulted,trafo,12,115,67,97.45762711864408,100.0,1.0,3
line_0_7068,samples\line_0_7068.npz,faulted,line,0,0,1,97.45762711864408,100.0,0.0,2
line_1_7069,samples\line_1_7069.npz,faulted,line,1,0,2,97.45762711864408,100.0,0.0,2
line_2_7070,samples\line_2_7070.npz,faulted,line,2,3,4,97.45762711864408,100.0,0.0,2
line_3_7071,samples\line_3_7071.npz,faulted,line,3,2,4,97.45762711864408,100.0,0.0,2
line_4_7072,samples\line_4_7072.npz,faulted,line,4,4,5,96.61016949152544,100.0,0.0,2
line_5_7073,samples\line_5_7073.npz,faulted,line,5,5,6,97.45762711864408,100.0,0.0,2
line_6_7074,samples\line_6_7074.npz,faulted,line,6,7,8,96.61016949152544,100.0,0.0,3
line_7_7075,samples\line_7_7075.npz,faulted,line,7,8,9,96.61016949152544,100.0,1.0,3
line_8_7076,samples\line_8_7076.npz,faulted,line,8,3,10,97.45762711864408,100.0,0.0,2
line_9_7077,samples\line_9_7077.npz,faulted,line,9,4,10,97.45762711864408,100.0,0.0,2
line_10_7078,samples\line_10_7078.npz,faulted,line,10,10,11,97.45762711864408,100.0,0.0,2
line_11_7079,samples\line_11_7079.npz,faulted,line,11,1,11,97.45762711864408,100.0,0.0,2
line_12_7080,samples\line_12_7080.npz,faulted,line,12,2,11,97.45762711864408,100.0,0.0,2
line_13_7081,samples\line_13_7081.npz,faulted,line,13,6,11,96.61016949152544,100.0,1.0,2
line_14_7082,samples\line_14_7082.npz,faulted,line,14,10,12,96.61016949152544,100.0,0.0,2
line_15_7083,samples\line_15_7083.npz,faulted,line,15,11,13,96.61016949152544,100.0,0.0,2
line_16_7084,samples\line_16_7084.npz,faulted,line,16,12,14,97.45762711864408,100.0,0.0,2
line_17_7085,samples\line_17_7085.npz,faulted,line,17,13,14,97.45762711864408,100.0,0.0,2
line_18_7086,samples\line_18_7086.npz,faulted,line,18,11,15,97.45762711864408,100.0,1.0,2
line_19_7087,samples\line_19_7087.npz,faulted,line,19,14,16,97.45762711864408,100.0,0.0,2
line_20_7088,samples\line_20_7088.npz,faulted,line,20,15,16,97.45762711864408,100.0,0.0,2
line_21_7089,samples\line_21_7089.npz,faulted,line,21,16,17,96.61016949152544,100.0,0.0,2
line_22_7090,samples\line_22_7090.npz,faulted,line,22,17,18,97.45762711864408,100.0,1.0,2
line_23_7091,samples\line_23_7091.npz,faulted,line,23,18,19,97.45762711864408,100.0,0.0,2
line_24_7092,samples\line_24_7092.npz,faulted,line,24,14,18,97.45762711864408,100.0,0.0,2
line_25_7093,samples\line_25_7093.npz,faulted,line,25,19,20,96.61016949152544,100.0,0.0,2
line_26_7094,samples\line_26_7094.npz,faulted,line,26,20,21,97.45762711864408,100.0,1.0,2
line_27_7095,samples\line_27_7095.npz,faulted,line,27,21,22,96.61016949152544,100.0,0.0,2
line_28_7096,samples\line_28_7096.npz,faulted,line,28,22,23,96.61016949152544,100.0,0.0,2
line_29_7097,samples\line_29_7097.npz,faulted,line,29,22,24,97.45762711864408,100.0,0.0,2
line_30_7098,samples\line_30_7098.npz,faulted,line,30,24,26,97.45762711864408,100.0,1.0,2
line_31_7099,samples\line_31_7099.npz,faulted,line,31,26,27,97.45762711864408,100.0,0.0,2
line_32_7100,samples\line_32_7100.npz,faulted,line,32,27,28,96.61016949152544,100.0,0.0,2
line_33_7101,samples\line_33_7101.npz,faulted,line,33,7,29,97.45762711864408,100.0,0.0,3
line_34_7102,samples\line_34_7102.npz,faulted,line,34,25,29,97.45762711864408,100.0,1.0,2
line_35_7103,samples\line_35_7103.npz,faulted,line,35,16,30,97.45762711864408,100.0,0.0,2
line_36_7104,samples\line_36_7104.npz,faulted,line,36,28,30,97.45762711864408,100.0,0.0,2
line_37_7105,samples\line_37_7105.npz,faulted,line,37,22,31,97.45762711864408,100.0,2.0,2
line_38_7106,samples\line_38_7106.npz,faulted,line,38,30,31,97.45762711864408,100.0,1.0,2
line_39_7107,samples\line_39_7107.npz,faulted,line,39,26,31,97.45762711864408,100.0,1.0,2
line_40_7108,samples\line_40_7108.npz,faulted,line,40,14,32,97.45762711864408,100.0,0.0,2
line_41_7109,samples\line_41_7109.npz,faulted,line,41,18,33,97.45762711864408,100.0,0.0,2
line_42_7110,samples\line_42_7110.npz,faulted,line,42,34,35,97.45762711864408,100.0,0.0,2
line_43_7111,samples\line_43_7111.npz,faulted,line,43,34,36,96.61016949152544,100.0,1.0,2
line_44_7112,samples\line_44_7112.npz,faulted,line,44,32,36,96.61016949152544,100.0,0.0,2
line_45_7113,samples\line_45_7113.npz,faulted,line,45,33,35,96.61016949152544,100.0,1.0,2
line_46_7114,samples\line_46_7114.npz,faulted,line,46,33,36,97.45762711864408,100.0,0.0,2
line_47_7115,samples\line_47_7115.npz,faulted,line,47,36,38,97.45762711864408,100.0,0.0,2
line_48_7116,samples\line_48_7116.npz,faulted,line,48,36,39,97.45762711864408,100.0,0.0,2
line_49_7117,samples\line_49_7117.npz,faulted,line,49,29,37,97.45762711864408,100.0,0.0,2
line_50_7118,samples\line_50_7118.npz,faulted,line,50,38,39,97.45762711864408,100.0,0.0,2
line_51_7119,samples\line_51_7119.npz,faulted,line,51,39,40,96.61016949152544,100.0,0.0,2
line_52_7120,samples\line_52_7120.npz,faulted,line,52,39,41,97.45762711864408,100.0,0.0,2
line_53_7121,samples\line_53_7121.npz,faulted,line,53,40,41,97.45762711864408,100.0,0.0,2
line_54_7122,samples\line_54_7122.npz,faulted,line,54,42,43,97.45762711864408,100.0,0.0,2
line_55_7123,samples\line_55_7123.npz,faulted,line,55,33,42,96.61016949152544,100.0,1.0,2
line_56_7124,samples\line_56_7124.npz,faulted,line,56,43,44,96.61016949152544,100.0,1.0,2
line_57_7125,samples\line_57_7125.npz,faulted,line,57,44,45,96.61016949152544,100.0,1.0,2
line_58_7126,samples\line_58_7126.npz,faulted,line,58,45,46,97.45762711864408,100.0,0.0,2
line_59_7127,samples\line_59_7127.npz,faulted,line,59,45,47,97.45762711864408,100.0,0.0,2
line_60_7128,samples\line_60_7128.npz,faulted,line,60,46,48,96.61016949152544,100.0,1.0,2
line_61_7129,samples\line_61_7129.npz,faulted,line,61,41,48,97.45762711864408,100.0,0.0,2
line_62_7130,samples\line_62_7130.npz,faulted,line,62,41,48,97.45762711864408,100.0,0.0,2
line_63_7131,samples\line_63_7131.npz,faulted,line,63,44,48,97.45762711864408,100.0,1.0,2
line_64_7132,samples\line_64_7132.npz,faulted,line,64,47,48,96.61016949152544,100.0,1.0,2
line_65_7133,samples\line_65_7133.npz,faulted,line,65,48,49,97.45762711864408,100.0,0.0,2
line_66_7134,samples\line_66_7134.npz,faulted,line,66,48,50,97.45762711864408,100.0,0.0,2
line_67_7135,samples\line_67_7135.npz,faulted,line,67,50,51,97.45762711864408,100.0,-1.0,2
line_68_7136,samples\line_68_7136.npz,faulted,line,68,51,52,96.61016949152544,100.0,0.0,2
line_69_7137,samples\line_69_7137.npz,faulted,line,69,52,53,97.45762711864408,100.0,0.0,2
line_70_7138,samples\line_70_7138.npz,faulted,line,70,48,53,97.45762711864408,100.0,0.0,2
line_71_7139,samples\line_71_7139.npz,faulted,line,71,48,53,97.45762711864408,100.0,0.0,2
line_72_7140,samples\line_72_7140.npz,faulted,line,72,53,54,97.45762711864408,100.0,0.0,2
line_73_7141,samples\line_73_7141.npz,faulted,line,73,53,55,97.45762711864408,100.0,0.0,2
line_74_7142,samples\line_74_7142.npz,faulted,line,74,54,55,97.45762711864408,100.0,0.0,2
line_75_7143,samples\line_75_7143.npz,faulted,line,75,55,56,97.45762711864408,100.0,0.0,2
line_76_7144,samples\line_76_7144.npz,faulted,line,76,49,56,96.61016949152544,100.0,0.0,2
line_77_7145,samples\line_77_7145.npz,faulted,line,77,55,57,97.45762711864408,100.0,0.0,2
line_78_7146,samples\line_78_7146.npz,faulted,line,78,50,57,96.61016949152544,100.0,-1.0,2
line_79_7147,samples\line_79_7147.npz,faulted,line,79,53,58,97.45762711864408,100.0,0.0,2
line_80_7148,samples\line_80_7148.npz,faulted,line,80,55,58,97.45762711864408,100.0,0.0,2
line_81_7149,samples\line_81_7149.npz,faulted,line,81,55,58,97.45762711864408,100.0,0.0,2
line_82_7150,samples\line_82_7150.npz,faulted,line,82,54,58,96.61016949152544,100.0,0.0,2
line_83_7151,samples\line_83_7151.npz,faulted,line,83,58,59,97.45762711864408,100.0,0.0,2
line_84_7152,samples\line_84_7152.npz,faulted,line,84,58,60,97.45762711864408,100.0,0.0,2
line_85_7153,samples\line_85_7153.npz,faulted,line,85,59,60,97.45762711864408,100.0,0.0,2
line_86_7154,samples\line_86_7154.npz,faulted,line,86,59,61,97.45762711864408,100.0,0.0,2
line_87_7155,samples\line_87_7155.npz,faulted,line,87,60,61,97.45762711864408,100.0,0.0,2
line_88_7156,samples\line_88_7156.npz,faulted,line,88,62,63,97.45762711864408,100.0,0.0,2
line_89_7157,samples\line_89_7157.npz,faulted,line,89,37,64,97.45762711864408,100.0,0.0,2
line_90_7158,samples\line_90_7158.npz,faulted,line,90,63,64,97.45762711864408,100.0,1.0,2
line_91_7159,samples\line_91_7159.npz,faulted,line,91,48,65,97.45762711864408,100.0,0.0,2
line_92_7160,samples\line_92_7160.npz,faulted,line,92,48,65,97.45762711864408,100.0,0.0,2
line_93_7161,samples\line_93_7161.npz,faulted,line,93,61,65,97.45762711864408,100.0,0.0,2
line_94_7162,samples\line_94_7162.npz,faulted,line,94,61,66,96.61016949152544,100.0,0.0,2
line_95_7163,samples\line_95_7163.npz,faulted,line,95,65,66,97.45762711864408,100.0,0.0,2
line_96_7164,samples\line_96_7164.npz,faulted,line,96,46,68,97.45762711864408,100.0,0.0,2
line_97_7165,samples\line_97_7165.npz,faulted,line,97,48,68,97.45762711864408,100.0,0.0,2
line_98_7166,samples\line_98_7166.npz,faulted,line,98,68,69,97.45762711864408,100.0,0.0,2
line_99_7167,samples\line_99_7167.npz,faulted,line,99,23,69,97.45762711864408,100.0,0.0,2
line_100_7168,samples\line_100_7168.npz,faulted,line,100,69,70,97.45762711864408,100.0,0.0,2
line_101_7169,samples\line_101_7169.npz,faulted,line,101,23,71,97.45762711864408,100.0,0.0,2
line_102_7170,samples\line_102_7170.npz,faulted,line,102,70,71,96.61016949152544,100.0,1.0,2
line_103_7171,samples\line_103_7171.npz,faulted,line,103,70,72,96.61016949152544,100.0,1.0,3
line_104_7172,samples\line_104_7172.npz,faulted,line,104,69,73,97.45762711864408,100.0,0.0,2
line_105_7173,samples\line_105_7173.npz,faulted,line,105,69,74,97.45762711864408,100.0,0.0,2
line_106_7174,samples\line_106_7174.npz,faulted,line,106,68,74,97.45762711864408,100.0,0.0,2
line_107_7175,samples\line_107_7175.npz,faulted,line,107,73,74,96.61016949152544,100.0,0.0,2
line_108_7176,samples\line_108_7176.npz,faulted,line,108,75,76,96.61016949152544,100.0,0.0,2
line_109_7177,samples\line_109_7177.npz,faulted,line,109,68,76,97.45762711864408,100.0,0.0,2
line_110_7178,samples\line_110_7178.npz,faulted,line,110,74,76,97.45762711864408,100.0,0.0,2
line_111_7179,samples\line_111_7179.npz,faulted,line,111,76,77,96.61016949152544,100.0,0.0,2
line_112_7180,samples\line_112_7180.npz,faulted,line,112,77,78,97.45762711864408,100.0,0.0,2
line_113_7181,samples\line_113_7181.npz,faulted,line,113,76,79,97.45762711864408,100.0,0.0,2
line_114_7182,samples\line_114_7182.npz,faulted,line,114,76,79,97.45762711864408,100.0,0.0,2
line_115_7183,samples\line_115_7183.npz,faulted,line,115,78,79,96.61016949152544,100.0,1.0,2
line_116_7184,samples\line_116_7184.npz,faulted,line,116,76,81,96.61016949152544,100.0,0.0,2
line_117_7185,samples\line_117_7185.npz,faulted,line,117,81,82,97.45762711864408,100.0,0.0,2
line_118_7186,samples\line_118_7186.npz,faulted,line,118,82,83,97.45762711864408,100.0,0.0,2
line_119_7187,samples\line_119_7187.npz,faulted,line,119,82,84,96.61016949152544,100.0,1.0,2
line_120_7188,samples\line_120_7188.npz,faulted,line,120,83,84,96.61016949152544,100.0,1.0,2
line_121_7189,samples\line_121_7189.npz,faulted,line,121,84,85,97.45762711864408,100.0,0.0,3
line_122_7190,samples\line_122_7190.npz,faulted,line,122,84,87,97.45762711864408,100.0,0.0,2
line_123_7191,samples\line_123_7191.npz,faulted,line,123,84,88,97.45762711864408,100.0,0.0,2
line_124_7192,samples\line_124_7192.npz,faulted,line,124,87,88,97.45762711864408,100.0,0.0,2
line_125_7193,samples\line_125_7193.npz,faulted,line,125,88,89,97.45762711864408,100.0,0.0,2
line_126_7194,samples\line_126_7194.npz,faulted,line,126,88,89,97.45762711864408,100.0,0.0,2
line_127_7195,samples\line_127_7195.npz,faulted,line,127,89,90,97.45762711864408,100.0,0.0,2
line_128_7196,samples\line_128_7196.npz,faulted,line,128,88,91,97.45762711864408,100.0,0.0,2
line_129_7197,samples\line_129_7197.npz,faulted,line,129,88,91,97.45762711864408,100.0,0.0,2
line_130_7198,samples\line_130_7198.npz,faulted,line,130,90,91,96.61016949152544,100.0,0.0,2
line_131_7199,samples\line_131_7199.npz,faulted,line,131,91,92,97.45762711864408,100.0,0.0,2
line_132_7200,samples\line_132_7200.npz,faulted,line,132,91,93,97.45762711864408,100.0,0.0,2
line_133_7201,samples\line_133_7201.npz,faulted,line,133,92,93,97.45762711864408,100.0,0.0,2
line_134_7202,samples\line_134_7202.npz,faulted,line,134,93,94,96.61016949152544,100.0,0.0,2
line_135_7203,samples\line_135_7203.npz,faulted,line,135,79,95,97.45762711864408,100.0,0.0,2
line_136_7204,samples\line_136_7204.npz,faulted,line,136,81,95,97.45762711864408,100.0,0.0,2
line_137_7205,samples\line_137_7205.npz,faulted,line,137,93,95,97.45762711864408,100.0,0.0,2
line_138_7206,samples\line_138_7206.npz,faulted,line,138,79,96,96.61016949152544,100.0,0.0,2
line_139_7207,samples\line_139_7207.npz,faulted,line,139,79,97,97.45762711864408,100.0,0.0,2
line_140_7208,samples\line_140_7208.npz,faulted,line,140,79,98,97.45762711864408,100.0,0.0,2
line_141_7209,samples\line_141_7209.npz,faulted,line,141,91,99,97.45762711864408,100.0,0.0,2
line_142_7210,samples\line_142_7210.npz,faulted,line,142,93,99,97.45762711864408,100.0,0.0,2
line_143_7211,samples\line_143_7211.npz,faulted,line,143,94,95,97.45762711864408,100.0,0.0,2
line_144_7212,samples\line_144_7212.npz,faulted,line,144,95,96,97.45762711864408,100.0,0.0,2
line_145_7213,samples\line_145_7213.npz,faulted,line,145,97,99,97.45762711864408,100.0,0.0,2
line_146_7214,samples\line_146_7214.npz,faulted,line,146,98,99,97.45762711864408,100.0,0.0,2
line_147_7215,samples\line_147_7215.npz,faulted,line,147,99,100,96.61016949152544,100.0,0.0,2
line_148_7216,samples\line_148_7216.npz,faulted,line,148,91,101,96.61016949152544,100.0,0.0,2
line_149_7217,samples\line_149_7217.npz,faulted,line,149,100,101,97.45762711864408,100.0,0.0,2
line_150_7218,samples\line_150_7218.npz,faulted,line,150,99,102,97.45762711864408,100.0,0.0,2
line_151_7219,samples\line_151_7219.npz,faulted,line,151,99,103,97.45762711864408,100.0,0.0,2
line_152_7220,samples\line_152_7220.npz,faulted,line,152,102,103,97.45762711864408,100.0,0.0,2
line_153_7221,samples\line_153_7221.npz,faulted,line,153,102,104,97.45762711864408,100.0,0.0,2
line_154_7222,samples\line_154_7222.npz,faulted,line,154,99,105,97.45762711864408,100.0,0.0,2
line_155_7223,samples\line_155_7223.npz,faulted,line,155,103,104,97.45762711864408,100.0,0.0,2
line_156_7224,samples\line_156_7224.npz,faulted,line,156,104,105,97.45762711864408,100.0,0.0,2
line_157_7225,samples\line_157_7225.npz,faulted,line,157,104,106,96.61016949152544,100.0,1.0,2
line_158_7226,samples\line_158_7226.npz,faulted,line,158,104,107,96.61016949152544,100.0,1.0,2
line_159_7227,samples\line_159_7227.npz,faulted,line,159,105,106,97.45762711864408,100.0,0.0,2
line_160_7228,samples\line_160_7228.npz,faulted,line,160,107,108,97.45762711864408,100.0,0.0,2
line_161_7229,samples\line_161_7229.npz,faulted,line,161,102,109,97.45762711864408,100.0,0.0,2
line_162_7230,samples\line_162_7230.npz,faulted,line,162,108,109,96.61016949152544,100.0,1.0,2
line_163_7231,samples\line_163_7231.npz,faulted,line,163,109,110,96.61016949152544,100.0,1.0,3
line_164_7232,samples\line_164_7232.npz,faulted,line,164,109,111,96.61016949152544,100.0,1.0,3
line_165_7233,samples\line_165_7233.npz,faulted,line,165,16,112,97.45762711864408,100.0,0.0,2
line_166_7234,samples\line_166_7234.npz,faulted,line,166,31,112,97.45762711864408,100.0,1.0,2
line_167_7235,samples\line_167_7235.npz,faulted,line,167,31,113,96.61016949152544,100.0,1.0,2
line_168_7236,samples\line_168_7236.npz,faulted,line,168,26,114,96.61016949152544,100.0,1.0,2
line_169_7237,samples\line_169_7237.npz,faulted,line,169,113,114,97.45762711864408,100.0,0.0,2
line_170_7238,samples\line_170_7238.npz,faulted,line,170,11,116,96.61016949152544,100.0,1.0,3
line_171_7239,samples\line_171_7239.npz,faulted,line,171,74,117,96.61016949152544,100.0,0.0,2
line_172_7240,samples\line_172_7240.npz,faulted,line,172,75,117,97.45762711864408,100.0,0.0,2
trafo_0_7241,samples\trafo_0_7241.npz,faulted,trafo,0,7,4,97.45762711864408,100.0,0.0,2
trafo_1_7242,samples\trafo_1_7242.npz,faulted,trafo,1,25,24,96.61016949152544,100.0,0.0,2
trafo_2_7243,samples\trafo_2_7243.npz,faulted,trafo,2,29,16,96.61016949152544,100.0,0.0,2
trafo_3_7244,samples\trafo_3_7244.npz,faulted,trafo,3,37,36,97.45762711864408,100.0,0.0,2
trafo_4_7245,samples\trafo_4_7245.npz,faulted,trafo,4,62,58,96.61016949152544,100.0,0.0,2
trafo_5_7246,samples\trafo_5_7246.npz,faulted,trafo,5,63,60,96.61016949152544,100.0,0.0,2
trafo_6_7247,samples\trafo_6_7247.npz,faulted,trafo,6,64,65,97.45762711864408,100.0,0.0,2
trafo_7_7248,samples\trafo_7_7248.npz,faulted,trafo,7,64,67,96.61016949152544,100.0,1.0,2
trafo_8_7249,samples\trafo_8_7249.npz,faulted,trafo,8,67,68,97.45762711864408,100.0,0.0,2
trafo_9_7250,samples\trafo_9_7250.npz,faulted,trafo,9,80,67,97.45762711864408,100.0,0.0,2
trafo_10_7251,samples\trafo_10_7251.npz,faulted,trafo,10,80,79,97.45762711864408,100.0,1.0,2
trafo_11_7252,samples\trafo_11_7252.npz,faulted,trafo,11,86,85,96.61016949152544,100.0,0.0,3
trafo_12_7253,samples\trafo_12_7253.npz,faulted,trafo,12,115,67,97.45762711864408,100.0,0.0,2
line_0_7254,samples\line_0_7254.npz,faulted,line,0,0,1,99.15254237288136,100.0,0.0,1
line_1_7255,samples\line_1_7255.npz,faulted,line,1,0,2,99.15254237288136,100.0,0.0,1
line_2_7256,samples\line_2_7256.npz,faulted,line,2,3,4,99.15254237288136,100.0,0.0,1
line_3_7257,samples\line_3_7257.npz,faulted,line,3,2,4,99.15254237288136,100.0,0.0,1
line_4_7258,samples\line_4_7258.npz,faulted,line,4,4,5,98.30508474576273,100.0,1.0,1
line_5_7259,samples\line_5_7259.npz,faulted,line,5,5,6,99.15254237288136,100.0,0.0,1
line_6_7260,samples\line_6_7260.npz,faulted,line,6,7,8,99.15254237288136,100.0,0.0,2
line_7_7261,samples\line_7_7261.npz,faulted,line,7,8,9,98.30508474576273,100.0,1.0,2
line_8_7262,samples\line_8_7262.npz,faulted,line,8,3,10,99.15254237288136,100.0,0.0,1
line_9_7263,samples\line_9_7263.npz,faulted,line,9,4,10,99.15254237288136,100.0,0.0,1
line_10_7264,samples\line_10_7264.npz,faulted,line,10,10,11,99.15254237288136,100.0,0.0,1
line_11_7265,samples\line_11_7265.npz,faulted,line,11,1,11,99.15254237288136,100.0,0.0,1
line_12_7266,samples\line_12_7266.npz,faulted,line,12,2,11,99.15254237288136,100.0,0.0,1
line_13_7267,samples\line_13_7267.npz,faulted,line,13,6,11,98.30508474576273,100.0,1.0,1
line_14_7268,samples\line_14_7268.npz,faulted,line,14,10,12,98.30508474576273,100.0,0.0,1
line_15_7269,samples\line_15_7269.npz,faulted,line,15,11,13,98.30508474576273,100.0,0.0,1
line_16_7270,samples\line_16_7270.npz,faulted,line,16,12,14,99.15254237288136,100.0,0.0,1
line_17_7271,samples\line_17_7271.npz,faulted,line,17,13,14,99.15254237288136,100.0,0.0,1
line_18_7272,samples\line_18_7272.npz,faulted,line,18,11,15,99.15254237288136,100.0,0.0,1
line_19_7273,samples\line_19_7273.npz,faulted,line,19,14,16,98.30508474576273,100.0,0.0,1
line_20_7274,samples\line_20_7274.npz,faulted,line,20,15,16,99.15254237288136,100.0,0.0,1
line_21_7275,samples\line_21_7275.npz,faulted,line,21,16,17,98.30508474576273,100.0,1.0,1
line_22_7276,samples\line_22_7276.npz,faulted,line,22,17,18,99.15254237288136,100.0,0.0,1
line_23_7277,samples\line_23_7277.npz,faulted,line,23,18,19,99.15254237288136,100.0,0.0,1
line_24_7278,samples\line_24_7278.npz,faulted,line,24,14,18,99.15254237288136,100.0,0.0,1
line_25_7279,samples\line_25_7279.npz,faulted,line,25,19,20,98.30508474576273,100.0,1.0,1
line_26_7280,samples\line_26_7280.npz,faulted,line,26,20,21,99.15254237288136,100.0,0.0,1
line_27_7281,samples\line_27_7281.npz,faulted,line,27,21,22,98.30508474576273,100.0,2.0,1
line_28_7282,samples\line_28_7282.npz,faulted,line,28,22,23,98.30508474576273,100.0,1.0,1
line_29_7283,samples\line_29_7283.npz,faulted,line,29,22,24,99.15254237288136,100.0,2.0,1
line_30_7284,samples\line_30_7284.npz,faulted,line,30,24,26,99.15254237288136,100.0,0.0,1
line_31_7285,samples\line_31_7285.npz,faulted,line,31,26,27,99.15254237288136,100.0,-1.0,1
line_32_7286,samples\line_32_7286.npz,faulted,line,32,27,28,98.30508474576273,100.0,0.0,1
line_33_7287,samples\line_33_7287.npz,faulted,line,33,7,29,99.15254237288136,100.0,0.0,1
line_34_7288,samples\line_34_7288.npz,faulted,line,34,25,29,99.15254237288136,100.0,0.0,2
line_35_7289,samples\line_35_7289.npz,faulted,line,35,16,30,99.15254237288136,100.0,1.0,1
line_36_7290,samples\line_36_7290.npz,faulted,line,36,28,30,99.15254237288136,100.0,0.0,1
line_37_7291,samples\line_37_7291.npz,faulted,line,37,22,31,99.15254237288136,100.0,2.0,1
line_38_7292,samples\line_38_7292.npz,faulted,line,38,30,31,99.15254237288136,100.0,0.0,1
line_39_7293,samples\line_39_7293.npz,faulted,line,39,26,31,99.15254237288136,100.0,0.0,1
line_40_7294,samples\line_40_7294.npz,faulted,line,40,14,32,99.15254237288136,100.0,0.0,1
line_41_7295,samples\line_41_7295.npz,faulted,line,41,18,33,99.15254237288136,100.0,0.0,1
line_42_7296,samples\line_42_7296.npz,faulted,line,42,34,35,99.15254237288136,100.0,0.0,1
line_43_7297,samples\line_43_7297.npz,faulted,line,43,34,36,98.30508474576273,100.0,1.0,1
line_44_7298,samples\line_44_7298.npz,faulted,line,44,32,36,98.30508474576273,100.0,0.0,1
line_45_7299,samples\line_45_7299.npz,faulted,line,45,33,35,98.30508474576273,100.0,1.0,1
line_46_7300,samples\line_46_7300.npz,faulted,line,46,33,36,99.15254237288136,100.0,0.0,1
line_47_7301,samples\line_47_7301.npz,faulted,line,47,36,38,99.15254237288136,100.0,0.0,1
line_48_7302,samples\line_48_7302.npz,faulted,line,48,36,39,99.15254237288136,100.0,0.0,1
line_49_7303,samples\line_49_7303.npz,faulted,line,49,29,37,99.15254237288136,100.0,0.0,1
line_50_7304,samples\line_50_7304.npz,faulted,line,50,38,39,99.15254237288136,100.0,0.0,1
line_51_7305,samples\line_51_7305.npz,faulted,line,51,39,40,98.30508474576273,100.0,0.0,1
line_52_7306,samples\line_52_7306.npz,faulted,line,52,39,41,99.15254237288136,100.0,0.0,1
line_53_7307,samples\line_53_7307.npz,faulted,line,53,40,41,99.15254237288136,100.0,0.0,1
line_54_7308,samples\line_54_7308.npz,faulted,line,54,42,43,99.15254237288136,100.0,0.0,1
line_55_7309,samples\line_55_7309.npz,faulted,line,55,33,42,98.30508474576273,100.0,1.0,1
line_56_7310,samples\line_56_7310.npz,faulted,line,56,43,44,98.30508474576273,100.0,1.0,1
line_57_7311,samples\line_57_7311.npz,faulted,line,57,44,45,98.30508474576273,100.0,1.0,1
line_58_7312,samples\line_58_7312.npz,faulted,line,58,45,46,99.15254237288136,100.0,0.0,1
line_59_7313,samples\line_59_7313.npz,faulted,line,59,45,47,99.15254237288136,100.0,0.0,1
line_60_7314,samples\line_60_7314.npz,faulted,line,60,46,48,98.30508474576273,100.0,1.0,1
line_61_7315,samples\line_61_7315.npz,faulted,line,61,41,48,99.15254237288136,100.0,0.0,1
line_62_7316,samples\line_62_7316.npz,faulted,line,62,41,48,99.15254237288136,100.0,0.0,1
line_63_7317,samples\line_63_7317.npz,faulted,line,63,44,48,99.15254237288136,100.0,1.0,1
line_64_7318,samples\line_64_7318.npz,faulted,line,64,47,48,98.30508474576273,100.0,1.0,1
line_65_7319,samples\line_65_7319.npz,faulted,line,65,48,49,99.15254237288136,100.0,0.0,1
line_66_7320,samples\line_66_7320.npz,faulted,line,66,48,50,99.15254237288136,100.0,0.0,1
line_67_7321,samples\line_67_7321.npz,faulted,line,67,50,51,99.15254237288136,100.0,-1.0,1
line_68_7322,samples\line_68_7322.npz,faulted,line,68,51,52,98.30508474576273,100.0,0.0,1
line_69_7323,samples\line_69_7323.npz,faulted,line,69,52,53,99.15254237288136,100.0,0.0,1
line_70_7324,samples\line_70_7324.npz,faulted,line,70,48,53,99.15254237288136,100.0,0.0,1
line_71_7325,samples\line_71_7325.npz,faulted,line,71,48,53,99.15254237288136,100.0,0.0,1
line_72_7326,samples\line_72_7326.npz,faulted,line,72,53,54,99.15254237288136,100.0,0.0,1
line_73_7327,samples\line_73_7327.npz,faulted,line,73,53,55,99.15254237288136,100.0,0.0,1
line_74_7328,samples\line_74_7328.npz,faulted,line,74,54,55,99.15254237288136,100.0,0.0,1
line_75_7329,samples\line_75_7329.npz,faulted,line,75,55,56,99.15254237288136,100.0,0.0,1
line_76_7330,samples\line_76_7330.npz,faulted,line,76,49,56,98.30508474576273,100.0,0.0,1
line_77_7331,samples\line_77_7331.npz,faulted,line,77,55,57,99.15254237288136,100.0,0.0,1
line_78_7332,samples\line_78_7332.npz,faulted,line,78,50,57,98.30508474576273,100.0,-1.0,1
line_79_7333,samples\line_79_7333.npz,faulted,line,79,53,58,99.15254237288136,100.0,0.0,1
line_80_7334,samples\line_80_7334.npz,faulted,line,80,55,58,99.15254237288136,100.0,0.0,1
line_81_7335,samples\line_81_7335.npz,faulted,line,81,55,58,99.15254237288136,100.0,0.0,1
line_82_7336,samples\line_82_7336.npz,faulted,line,82,54,58,98.30508474576273,100.0,-1.0,1
line_83_7337,samples\line_83_7337.npz,faulted,line,83,58,59,99.15254237288136,100.0,-1.0,1
line_84_7338,samples\line_84_7338.npz,faulted,line,84,58,60,99.15254237288136,100.0,-1.0,1
line_85_7339,samples\line_85_7339.npz,faulted,line,85,59,60,99.15254237288136,100.0,0.0,1
line_86_7340,samples\line_86_7340.npz,faulted,line,86,59,61,99.15254237288136,100.0,0.0,1
line_87_7341,samples\line_87_7341.npz,faulted,line,87,60,61,99.15254237288136,100.0,0.0,1
line_88_7342,samples\line_88_7342.npz,faulted,line,88,62,63,99.15254237288136,100.0,0.0,1
line_89_7343,samples\line_89_7343.npz,faulted,line,89,37,64,99.15254237288136,100.0,0.0,1
line_90_7344,samples\line_90_7344.npz,faulted,line,90,63,64,99.15254237288136,100.0,0.0,1
line_91_7345,samples\line_91_7345.npz,faulted,line,91,48,65,99.15254237288136,100.0,0.0,1
line_92_7346,samples\line_92_7346.npz,faulted,line,92,48,65,99.15254237288136,100.0,0.0,1
line_93_7347,samples\line_93_7347.npz,faulted,line,93,61,65,99.15254237288136,100.0,0.0,1
line_94_7348,samples\line_94_7348.npz,faulted,line,94,61,66,98.30508474576273,100.0,0.0,1
line_95_7349,samples\line_95_7349.npz,faulted,line,95,65,66,99.15254237288136,100.0,0.0,1
line_96_7350,samples\line_96_7350.npz,faulted,line,96,46,68,99.15254237288136,100.0,0.0,1
line_97_7351,samples\line_97_7351.npz,faulted,line,97,48,68,99.15254237288136,100.0,0.0,1
line_98_7352,samples\line_98_7352.npz,faulted,line,98,68,69,99.15254237288136,100.0,0.0,1
line_99_7353,samples\line_99_7353.npz,faulted,line,99,23,69,99.15254237288136,100.0,0.0,1
line_100_7354,samples\line_100_7354.npz,faulted,line,100,69,70,99.15254237288136,100.0,0.0,1
line_101_7355,samples\line_101_7355.npz,faulted,line,101,23,71,99.15254237288136,100.0,0.0,1
line_102_7356,samples\line_102_7356.npz,faulted,line,102,70,71,98.30508474576273,100.0,2.0,1
line_103_7357,samples\line_103_7357.npz,faulted,line,103,70,72,98.30508474576273,100.0,2.0,2
line_104_7358,samples\line_104_7358.npz,faulted,line,104,69,73,99.15254237288136,100.0,0.0,1
line_105_7359,samples\line_105_7359.npz,faulted,line,105,69,74,99.15254237288136,100.0,0.0,1
line_106_7360,samples\line_106_7360.npz,faulted,line,106,68,74,99.15254237288136,100.0,0.0,1
line_107_7361,samples\line_107_7361.npz,faulted,line,107,73,74,98.30508474576273,100.0,1.0,1
line_108_7362,samples\line_108_7362.npz,faulted,line,108,75,76,98.30508474576273,100.0,1.0,1
line_109_7363,samples\line_109_7363.npz,faulted,line,109,68,76,99.15254237288136,100.0,0.0,1
line_110_7364,samples\line_110_7364.npz,faulted,line,110,74,76,99.15254237288136,100.0,1.0,1
line_111_7365,samples\line_111_7365.npz,faulted,line,111,76,77,98.30508474576273,100.0,1.0,1
line_112_7366,samples\line_112_7366.npz,faulted,line,112,77,78,99.15254237288136,100.0,0.0,1
line_113_7367,samples\line_113_7367.npz,faulted,line,113,76,79,99.15254237288136,100.0,0.0,1
line_114_7368,samples\line_114_7368.npz,faulted,line,114,76,79,99.15254237288136,100.0,0.0,1
line_115_7369,samples\line_115_7369.npz,faulted,line,115,78,79,98.30508474576273,100.0,0.0,1
line_116_7370,samples\line_116_7370.npz,faulted,line,116,76,81,98.30508474576273,100.0,1.0,1
line_117_7371,samples\line_117_7371.npz,faulted,line,117,81,82,99.15254237288136,100.0,0.0,1
line_118_7372,samples\line_118_7372.npz,faulted,line,118,82,83,99.15254237288136,100.0,0.0,1
line_119_7373,samples\line_119_7373.npz,faulted,line,119,82,84,98.30508474576273,100.0,1.0,1
line_120_7374,samples\line_120_7374.npz,faulted,line,120,83,84,98.30508474576273,100.0,1.0,1
line_121_7375,samples\line_121_7375.npz,faulted,line,121,84,85,99.15254237288136,100.0,0.0,2
line_122_7376,samples\line_122_7376.npz,faulted,line,122,84,87,99.15254237288136,100.0,0.0,1
line_123_7377,samples\line_123_7377.npz,faulted,line,123,84,88,99.15254237288136,100.0,0.0,1
line_124_7378,samples\line_124_7378.npz,faulted,line,124,87,88,99.15254237288136,100.0,0.0,1
line_125_7379,samples\line_125_7379.npz,faulted,line,125,88,89,99.15254237288136,100.0,0.0,1
line_126_7380,samples\line_126_7380.npz,faulted,line,126,88,89,99.15254237288136,100.0,0.0,1
line_127_7381,samples\line_127_7381.npz,faulted,line,127,89,90,99.15254237288136,100.0,0.0,1
line_128_7382,samples\line_128_7382.npz,faulted,line,128,88,91,99.15254237288136,100.0,0.0,1
line_129_7383,samples\line_129_7383.npz,faulted,line,129,88,91,99.15254237288136,100.0,0.0,1
line_130_7384,samples\line_130_7384.npz,faulted,line,130,90,91,98.30508474576273,100.0,0.0,1
line_131_7385,samples\line_131_7385.npz,faulted,line,131,91,92,99.15254237288136,100.0,0.0,1
line_132_7386,samples\line_132_7386.npz,faulted,line,132,91,93,99.15254237288136,100.0,0.0,1
line_133_7387,samples\line_133_7387.npz,faulted,line,133,92,93,99.15254237288136,100.0,0.0,1
line_134_7388,samples\line_134_7388.npz,faulted,line,134,93,94,98.30508474576273,100.0,0.0,1
line_135_7389,samples\line_135_7389.npz,faulted,line,135,79,95,99.15254237288136,100.0,0.0,1
line_136_7390,samples\line_136_7390.npz,faulted,line,136,81,95,99.15254237288136,100.0,0.0,1
line_137_7391,samples\line_137_7391.npz,faulted,line,137,93,95,99.15254237288136,100.0,0.0,1
line_138_7392,samples\line_138_7392.npz,faulted,line,138,79,96,98.30508474576273,100.0,0.0,1
line_139_7393,samples\line_139_7393.npz,faulted,line,139,79,97,99.15254237288136,100.0,0.0,1
line_140_7394,samples\line_140_7394.npz,faulted,line,140,79,98,99.15254237288136,100.0,0.0,1
line_141_7395,samples\line_141_7395.npz,faulted,line,141,91,99,99.15254237288136,100.0,1.0,1
line_142_7396,samples\line_142_7396.npz,faulted,line,142,93,99,99.15254237288136,100.0,1.0,1
line_143_7397,samples\line_143_7397.npz,faulted,line,143,94,95,99.15254237288136,100.0,0.0,1
line_144_7398,samples\line_144_7398.npz,faulted,line,144,95,96,99.15254237288136,100.0,0.0,1
line_145_7399,samples\line_145_7399.npz,faulted,line,145,97,99,99.15254237288136,100.0,1.0,1
line_146_7400,samples\line_146_7400.npz,faulted,line,146,98,99,99.15254237288136,100.0,1.0,1
line_147_7401,samples\line_147_7401.npz,faulted,line,147,99,100,98.30508474576273,100.0,1.0,1
line_148_7402,samples\line_148_7402.npz,faulted,line,148,91,101,98.30508474576273,100.0,0.0,1
line_149_7403,samples\line_149_7403.npz,faulted,line,149,100,101,99.15254237288136,100.0,0.0,1
line_150_7404,samples\line_150_7404.npz,faulted,line,150,99,102,99.15254237288136,100.0,1.0,1
line_151_7405,samples\line_151_7405.npz,faulted,line,151,99,103,99.15254237288136,100.0,1.0,1
line_152_7406,samples\line_152_7406.npz,faulted,line,152,102,103,99.15254237288136,100.0,0.0,1
line_153_7407,samples\line_153_7407.npz,faulted,line,153,102,104,99.15254237288136,100.0,0.0,1
line_154_7408,samples\line_154_7408.npz,faulted,line,154,99,105,99.15254237288136,100.0,1.0,1
line_155_7409,samples\line_155_7409.npz,faulted,line,155,103,104,99.15254237288136,100.0,0.0,1
line_156_7410,samples\line_156_7410.npz,faulted,line,156,104,105,99.15254237288136,100.0,0.0,1
line_157_7411,samples\line_157_7411.npz,faulted,line,157,104,106,98.30508474576273,100.0,1.0,1
line_158_7412,samples\line_158_7412.npz,faulted,line,158,104,107,98.30508474576273,100.0,1.0,2
line_159_7413,samples\line_159_7413.npz,faulted,line,159,105,106,99.15254237288136,100.0,0.0,1
line_160_7414,samples\line_160_7414.npz,faulted,line,160,107,108,99.15254237288136,100.0,0.0,2
line_161_7415,samples\line_161_7415.npz,faulted,line,161,102,109,99.15254237288136,100.0,0.0,1
line_162_7416,samples\line_162_7416.npz,faulted,line,162,108,109,98.30508474576273,100.0,1.0,2
line_163_7417,samples\line_163_7417.npz,faulted,line,163,109,110,98.30508474576273,100.0,1.0,2
line_164_7418,samples\line_164_7418.npz,faulted,line,164,109,111,98.30508474576273,100.0,1.0,2
line_165_7419,samples\line_165_7419.npz,faulted,line,165,16,112,99.15254237288136,100.0,1.0,1
line_166_7420,samples\line_166_7420.npz,faulted,line,166,31,112,99.15254237288136,100.0,0.0,1
line_167_7421,samples\line_167_7421.npz,faulted,line,167,31,113,98.30508474576273,100.0,0.0,1
line_168_7422,samples\line_168_7422.npz,faulted,line,168,26,114,98.30508474576273,100.0,-1.0,1
line_169_7423,samples\line_169_7423.npz,faulted,line,169,113,114,99.15254237288136,100.0,0.0,1
line_170_7424,samples\line_170_7424.npz,faulted,line,170,11,116,98.30508474576273,100.0,1.0,2
line_171_7425,samples\line_171_7425.npz,faulted,line,171,74,117,98.30508474576273,100.0,1.0,1
line_172_7426,samples\line_172_7426.npz,faulted,line,172,75,117,99.15254237288136,100.0,0.0,1
trafo_0_7427,samples\trafo_0_7427.npz,faulted,trafo,0,7,4,99.15254237288136,100.0,0.0,1
trafo_1_7428,samples\trafo_1_7428.npz,faulted,trafo,1,25,24,99.15254237288136,100.0,0.0,1
trafo_2_7429,samples\trafo_2_7429.npz,faulted,trafo,2,29,16,98.30508474576273,100.0,1.0,1
trafo_3_7430,samples\trafo_3_7430.npz,faulted,trafo,3,37,36,98.30508474576273,100.0,0.0,1
trafo_4_7431,samples\trafo_4_7431.npz,faulted,trafo,4,62,58,98.30508474576273,100.0,-1.0,1
trafo_5_7432,samples\trafo_5_7432.npz,faulted,trafo,5,63,60,98.30508474576273,100.0,0.0,1
trafo_6_7433,samples\trafo_6_7433.npz,faulted,trafo,6,64,65,99.15254237288136,100.0,0.0,1
trafo_7_7434,samples\trafo_7_7434.npz,faulted,trafo,7,64,67,98.30508474576273,100.0,0.0,1
trafo_8_7435,samples\trafo_8_7435.npz,faulted,trafo,8,67,68,99.15254237288136,100.0,0.0,1
trafo_9_7436,samples\trafo_9_7436.npz,faulted,trafo,9,80,67,99.15254237288136,100.0,0.0,1
trafo_10_7437,samples\trafo_10_7437.npz,faulted,trafo,10,80,79,99.15254237288136,100.0,0.0,1
trafo_11_7438,samples\trafo_11_7438.npz,faulted,trafo,11,86,85,98.30508474576273,100.0,0.0,2
trafo_12_7439,samples\trafo_12_7439.npz,faulted,trafo,12,115,67,98.30508474576273,100.0,0.0,2
line_0_7440,samples\line_0_7440.npz,faulted,line,0,0,1,100.0,100.0,0.0,1
line_1_7441,samples\line_1_7441.npz,faulted,line,1,0,2,100.0,100.0,0.0,1
line_2_7442,samples\line_2_7442.npz,faulted,line,2,3,4,100.0,100.0,0.0,1
line_3_7443,samples\line_3_7443.npz,faulted,line,3,2,4,100.0,100.0,0.0,1
line_4_7444,samples\line_4_7444.npz,faulted,line,4,4,5,99.15254237288136,100.0,1.0,1
line_5_7445,samples\line_5_7445.npz,faulted,line,5,5,6,100.0,100.0,0.0,1
line_6_7446,samples\line_6_7446.npz,faulted,line,6,7,8,100.0,100.0,0.0,2
line_7_7447,samples\line_7_7447.npz,faulted,line,7,8,9,99.15254237288136,100.0,1.0,2
line_8_7448,samples\line_8_7448.npz,faulted,line,8,3,10,100.0,100.0,0.0,1
line_9_7449,samples\line_9_7449.npz,faulted,line,9,4,10,100.0,100.0,0.0,1
line_10_7450,samples\line_10_7450.npz,faulted,line,10,10,11,100.0,100.0,0.0,1
line_11_7451,samples\line_11_7451.npz,faulted,line,11,1,11,100.0,100.0,0.0,1
line_12_7452,samples\line_12_7452.npz,faulted,line,12,2,11,100.0,100.0,0.0,1
line_13_7453,samples\line_13_7453.npz,faulted,line,13,6,11,99.15254237288136,100.0,1.0,1
line_14_7454,samples\line_14_7454.npz,faulted,line,14,10,12,99.15254237288136,100.0,0.0,1
line_15_7455,samples\line_15_7455.npz,faulted,line,15,11,13,99.15254237288136,100.0,0.0,1
line_16_7456,samples\line_16_7456.npz,faulted,line,16,12,14,100.0,100.0,0.0,1
line_17_7457,samples\line_17_7457.npz,faulted,line,17,13,14,100.0,100.0,0.0,1
line_18_7458,samples\line_18_7458.npz,faulted,line,18,11,15,100.0,100.0,0.0,1
line_19_7459,samples\line_19_7459.npz,faulted,line,19,14,16,99.15254237288136,100.0,1.0,1
line_20_7460,samples\line_20_7460.npz,faulted,line,20,15,16,100.0,100.0,0.0,1
line_21_7461,samples\line_21_7461.npz,faulted,line,21,16,17,99.15254237288136,100.0,0.0,1
line_22_7462,samples\line_22_7462.npz,faulted,line,22,17,18,100.0,100.0,0.0,1
line_23_7463,samples\line_23_7463.npz,faulted,line,23,18,19,100.0,100.0,0.0,1
line_24_7464,samples\line_24_7464.npz,faulted,line,24,14,18,100.0,100.0,0.0,1
line_25_7465,samples\line_25_7465.npz,faulted,line,25,19,20,99.15254237288136,100.0,1.0,1
line_26_7466,samples\line_26_7466.npz,faulted,line,26,20,21,100.0,100.0,0.0,1
line_27_7467,samples\line_27_7467.npz,faulted,line,27,21,22,99.15254237288136,100.0,2.0,1
line_28_7468,samples\line_28_7468.npz,faulted,line,28,22,23,99.15254237288136,100.0,1.0,1
line_29_7469,samples\line_29_7469.npz,faulted,line,29,22,24,100.0,100.0,2.0,1
line_30_7470,samples\line_30_7470.npz,faulted,line,30,24,26,100.0,100.0,0.0,1
line_31_7471,samples\line_31_7471.npz,faulted,line,31,26,27,100.0,100.0,-1.0,1
line_32_7472,samples\line_32_7472.npz,faulted,line,32,27,28,99.15254237288136,100.0,0.0,1
line_33_7473,samples\line_33_7473.npz,faulted,line,33,7,29,100.0,100.0,0.0,1
line_34_7474,samples\line_34_7474.npz,faulted,line,34,25,29,100.0,100.0,0.0,1
line_35_7475,samples\line_35_7475.npz,faulted,line,35,16,30,100.0,100.0,1.0,1
line_36_7476,samples\line_36_7476.npz,faulted,line,36,28,30,100.0,100.0,0.0,1
line_37_7477,samples\line_37_7477.npz,faulted,line,37,22,31,100.0,100.0,2.0,1
line_38_7478,samples\line_38_7478.npz,faulted,line,38,30,31,100.0,100.0,0.0,1
line_39_7479,samples\line_39_7479.npz,faulted,line,39,26,31,100.0,100.0,0.0,1
line_40_7480,samples\line_40_7480.npz,faulted,line,40,14,32,100.0,100.0,0.0,1
line_41_7481,samples\line_41_7481.npz,faulted,line,41,18,33,100.0,100.0,0.0,1
line_42_7482,samples\line_42_7482.npz,faulted,line,42,34,35,100.0,100.0,0.0,1
line_43_7483,samples\line_43_7483.npz,faulted,line,43,34,36,99.15254237288136,100.0,1.0,1
line_44_7484,samples\line_44_7484.npz,faulted,line,44,32,36,99.15254237288136,100.0,0.0,1
line_45_7485,samples\line_45_7485.npz,faulted,line,45,33,35,99.15254237288136,100.0,1.0,1
line_46_7486,samples\line_46_7486.npz,faulted,line,46,33,36,100.0,100.0,0.0,1
line_47_7487,samples\line_47_7487.npz,faulted,line,47,36,38,100.0,100.0,0.0,1
line_48_7488,samples\line_48_7488.npz,faulted,line,48,36,39,100.0,100.0,0.0,1
line_49_7489,samples\line_49_7489.npz,faulted,line,49,29,37,100.0,100.0,0.0,1
line_50_7490,samples\line_50_7490.npz,faulted,line,50,38,39,100.0,100.0,0.0,1
line_51_7491,samples\line_51_7491.npz,faulted,line,51,39,40,99.15254237288136,100.0,0.0,1
line_52_7492,samples\line_52_7492.npz,faulted,line,52,39,41,100.0,100.0,0.0,1
line_53_7493,samples\line_53_7493.npz,faulted,line,53,40,41,100.0,100.0,0.0,1
line_54_7494,samples\line_54_7494.npz,faulted,line,54,42,43,100.0,100.0,0.0,1
line_55_7495,samples\line_55_7495.npz,faulted,line,55,33,42,99.15254237288136,100.0,1.0,1
line_56_7496,samples\line_56_7496.npz,faulted,line,56,43,44,99.15254237288136,100.0,1.0,1
line_57_7497,samples\line_57_7497.npz,faulted,line,57,44,45,99.15254237288136,100.0,1.0,1
line_58_7498,samples\line_58_7498.npz,faulted,line,58,45,46,100.0,100.0,0.0,1
line_59_7499,samples\line_59_7499.npz,faulted,line,59,45,47,100.0,100.0,0.0,1
line_60_7500,samples\line_60_7500.npz,faulted,line,60,46,48,99.15254237288136,100.0,1.0,1
line_61_7501,samples\line_61_7501.npz,faulted,line,61,41,48,100.0,100.0,0.0,1
line_62_7502,samples\line_62_7502.npz,faulted,line,62,41,48,100.0,100.0,0.0,1
line_63_7503,samples\line_63_7503.npz,faulted,line,63,44,48,100.0,100.0,1.0,1
line_64_7504,samples\line_64_7504.npz,faulted,line,64,47,48,99.15254237288136,100.0,1.0,1
line_65_7505,samples\line_65_7505.npz,faulted,line,65,48,49,100.0,100.0,0.0,1
line_66_7506,samples\line_66_7506.npz,faulted,line,66,48,50,100.0,100.0,0.0,1
line_67_7507,samples\line_67_7507.npz,faulted,line,67,50,51,100.0,100.0,0.0,1
line_68_7508,samples\line_68_7508.npz,faulted,line,68,51,52,99.15254237288136,100.0,0.0,1
line_69_7509,samples\line_69_7509.npz,faulted,line,69,52,53,100.0,100.0,0.0,1
line_70_7510,samples\line_70_7510.npz,faulted,line,70,48,53,100.0,100.0,0.0,1
line_71_7511,samples\line_71_7511.npz,faulted,line,71,48,53,100.0,100.0,0.0,1
line_72_7512,samples\line_72_7512.npz,faulted,line,72,53,54,100.0,100.0,0.0,1
line_73_7513,samples\line_73_7513.npz,faulted,line,73,53,55,100.0,100.0,0.0,1
line_74_7514,samples\line_74_7514.npz,faulted,line,74,54,55,100.0,100.0,0.0,1
line_75_7515,samples\line_75_7515.npz,faulted,line,75,55,56,100.0,100.0,0.0,2
line_76_7516,samples\line_76_7516.npz,faulted,line,76,49,56,99.15254237288136,100.0,1.0,2
line_77_7517,samples\line_77_7517.npz,faulted,line,77,55,57,100.0,100.0,0.0,1
line_78_7518,samples\line_78_7518.npz,faulted,line,78,50,57,99.15254237288136,100.0,0.0,1
line_79_7519,samples\line_79_7519.npz,faulted,line,79,53,58,100.0,100.0,0.0,1
line_80_7520,samples\line_80_7520.npz,faulted,line,80,55,58,100.0,100.0,0.0,1
line_81_7521,samples\line_81_7521.npz,faulted,line,81,55,58,100.0,100.0,0.0,1
line_82_7522,samples\line_82_7522.npz,faulted,line,82,54,58,99.15254237288136,100.0,0.0,1
line_83_7523,samples\line_83_7523.npz,faulted,line,83,58,59,100.0,100.0,0.0,1
line_84_7524,samples\line_84_7524.npz,faulted,line,84,58,60,100.0,100.0,0.0,1
line_85_7525,samples\line_85_7525.npz,faulted,line,85,59,60,100.0,100.0,0.0,1
line_86_7526,samples\line_86_7526.npz,faulted,line,86,59,61,100.0,100.0,0.0,1
line_87_7527,samples\line_87_7527.npz,faulted,line,87,60,61,100.0,100.0,0.0,1
line_88_7528,samples\line_88_7528.npz,faulted,line,88,62,63,100.0,100.0,0.0,1
line_89_7529,samples\line_89_7529.npz,faulted,line,89,37,64,100.0,100.0,0.0,1
line_90_7530,samples\line_90_7530.npz,faulted,line,90,63,64,100.0,100.0,0.0,1
line_91_7531,samples\line_91_7531.npz,faulted,line,91,48,65,100.0,100.0,0.0,1
line_92_7532,samples\line_92_7532.npz,faulted,line,92,48,65,100.0,100.0,0.0,1
line_93_7533,samples\line_93_7533.npz,faulted,line,93,61,65,100.0,100.0,0.0,1
line_94_7534,samples\line_94_7534.npz,faulted,line,94,61,66,99.15254237288136,100.0,0.0,1
line_95_7535,samples\line_95_7535.npz,faulted,line,95,65,66,100.0,100.0,0.0,1
line_96_7536,samples\line_96_7536.npz,faulted,line,96,46,68,100.0,100.0,0.0,1
line_97_7537,samples\line_97_7537.npz,faulted,line,97,48,68,100.0,100.0,0.0,1
line_98_7538,samples\line_98_7538.npz,faulted,line,98,68,69,100.0,100.0,0.0,1
line_99_7539,samples\line_99_7539.npz,faulted,line,99,23,69,100.0,100.0,0.0,1
line_100_7540,samples\line_100_7540.npz,faulted,line,100,69,70,100.0,100.0,0.0,1
line_101_7541,samples\line_101_7541.npz,faulted,line,101,23,71,100.0,100.0,0.0,1
line_102_7542,samples\line_102_7542.npz,faulted,line,102,70,71,99.15254237288136,100.0,2.0,1
line_103_7543,samples\line_103_7543.npz,faulted,line,103,70,72,99.15254237288136,100.0,2.0,2
line_104_7544,samples\line_104_7544.npz,faulted,line,104,69,73,100.0,100.0,0.0,1
line_105_7545,samples\line_105_7545.npz,faulted,line,105,69,74,100.0,100.0,0.0,1
line_106_7546,samples\line_106_7546.npz,faulted,line,106,68,74,100.0,100.0,0.0,1
line_107_7547,samples\line_107_7547.npz,faulted,line,107,73,74,99.15254237288136,100.0,1.0,1
line_108_7548,samples\line_108_7548.npz,faulted,line,108,75,76,99.15254237288136,100.0,1.0,1
line_109_7549,samples\line_109_7549.npz,faulted,line,109,68,76,100.0,100.0,0.0,1
line_110_7550,samples\line_110_7550.npz,faulted,line,110,74,76,100.0,100.0,1.0,1
line_111_7551,samples\line_111_7551.npz,faulted,line,111,76,77,99.15254237288136,100.0,1.0,1
line_112_7552,samples\line_112_7552.npz,faulted,line,112,77,78,100.0,100.0,0.0,1
line_113_7553,samples\line_113_7553.npz,faulted,line,113,76,79,100.0,100.0,0.0,1
line_114_7554,samples\line_114_7554.npz,faulted,line,114,76,79,100.0,100.0,0.0,1
line_115_7555,samples\line_115_7555.npz,faulted,line,115,78,79,99.15254237288136,100.0,0.0,1
line_116_7556,samples\line_116_7556.npz,faulted,line,116,76,81,99.15254237288136,100.0,1.0,1
line_117_7557,samples\line_117_7557.npz,faulted,line,117,81,82,100.0,100.0,0.0,1
line_118_7558,samples\line_118_7558.npz,faulted,line,118,82,83,100.0,100.0,0.0,1
line_119_7559,samples\line_119_7559.npz,faulted,line,119,82,84,99.15254237288136,100.0,1.0,1
line_120_7560,samples\line_120_7560.npz,faulted,line,120,83,84,99.15254237288136,100.0,1.0,1
line_121_7561,samples\line_121_7561.npz,faulted,line,121,84,85,100.0,100.0,0.0,2
line_122_7562,samples\line_122_7562.npz,faulted,line,122,84,87,100.0,100.0,0.0,1
line_123_7563,samples\line_123_7563.npz,faulted,line,123,84,88,100.0,100.0,0.0,1
line_124_7564,samples\line_124_7564.npz,faulted,line,124,87,88,100.0,100.0,0.0,1
line_125_7565,samples\line_125_7565.npz,faulted,line,125,88,89,100.0,100.0,0.0,1
line_126_7566,samples\line_126_7566.npz,faulted,line,126,88,89,100.0,100.0,0.0,1
line_127_7567,samples\line_127_7567.npz,faulted,line,127,89,90,100.0,100.0,0.0,1
line_128_7568,samples\line_128_7568.npz,faulted,line,128,88,91,100.0,100.0,0.0,1
line_129_7569,samples\line_129_7569.npz,faulted,line,129,88,91,100.0,100.0,0.0,1
line_130_7570,samples\line_130_7570.npz,faulted,line,130,90,91,99.15254237288136,100.0,0.0,1
line_131_7571,samples\line_131_7571.npz,faulted,line,131,91,92,100.0,100.0,0.0,1
line_132_7572,samples\line_132_7572.npz,faulted,line,132,91,93,100.0,100.0,0.0,1
line_133_7573,samples\line_133_7573.npz,faulted,line,133,92,93,100.0,100.0,0.0,1
line_134_7574,samples\line_134_7574.npz,faulted,line,134,93,94,99.15254237288136,100.0,0.0,1
line_135_7575,samples\line_135_7575.npz,faulted,line,135,79,95,100.0,100.0,0.0,1
line_136_7576,samples\line_136_7576.npz,faulted,line,136,81,95,100.0,100.0,0.0,1
line_137_7577,samples\line_137_7577.npz,faulted,line,137,93,95,100.0,100.0,0.0,1
line_138_7578,samples\line_138_7578.npz,faulted,line,138,79,96,99.15254237288136,100.0,0.0,1
line_139_7579,samples\line_139_7579.npz,faulted,line,139,79,97,100.0,100.0,0.0,1
line_140_7580,samples\line_140_7580.npz,faulted,line,140,79,98,100.0,100.0,0.0,1
line_141_7581,samples\line_141_7581.npz,faulted,line,141,91,99,100.0,100.0,1.0,1
line_142_7582,samples\line_142_7582.npz,faulted,line,142,93,99,100.0,100.0,1.0,1
line_143_7583,samples\line_143_7583.npz,faulted,line,143,94,95,100.0,100.0,0.0,1
line_144_7584,samples\line_144_7584.npz,faulted,line,144,95,96,100.0,100.0,0.0,1
line_145_7585,samples\line_145_7585.npz,faulted,line,145,97,99,100.0,100.0,1.0,1
line_146_7586,samples\line_146_7586.npz,faulted,line,146,98,99,100.0,100.0,1.0,1
line_147_7587,samples\line_147_7587.npz,faulted,line,147,99,100,99.15254237288136,100.0,1.0,1
line_148_7588,samples\line_148_7588.npz,faulted,line,148,91,101,99.15254237288136,100.0,0.0,1
line_149_7589,samples\line_149_7589.npz,faulted,line,149,100,101,100.0,100.0,0.0,1
line_150_7590,samples\line_150_7590.npz,faulted,line,150,99,102,100.0,100.0,1.0,1
line_151_7591,samples\line_151_7591.npz,faulted,line,151,99,103,100.0,100.0,1.0,1
line_152_7592,samples\line_152_7592.npz,faulted,line,152,102,103,100.0,100.0,0.0,1
line_153_7593,samples\line_153_7593.npz,faulted,line,153,102,104,100.0,100.0,0.0,1
line_154_7594,samples\line_154_7594.npz,faulted,line,154,99,105,100.0,100.0,1.0,1
line_155_7595,samples\line_155_7595.npz,faulted,line,155,103,104,100.0,100.0,0.0,1
line_156_7596,samples\line_156_7596.npz,faulted,line,156,104,105,100.0,100.0,0.0,1
line_157_7597,samples\line_157_7597.npz,faulted,line,157,104,106,99.15254237288136,100.0,1.0,1
line_158_7598,samples\line_158_7598.npz,faulted,line,158,104,107,99.15254237288136,100.0,1.0,1
line_159_7599,samples\line_159_7599.npz,faulted,line,159,105,106,100.0,100.0,0.0,1
line_160_7600,samples\line_160_7600.npz,faulted,line,160,107,108,100.0,100.0,0.0,1
line_161_7601,samples\line_161_7601.npz,faulted,line,161,102,109,100.0,100.0,0.0,1
line_162_7602,samples\line_162_7602.npz,faulted,line,162,108,109,99.15254237288136,100.0,1.0,1
line_163_7603,samples\line_163_7603.npz,faulted,line,163,109,110,99.15254237288136,100.0,1.0,2
line_164_7604,samples\line_164_7604.npz,faulted,line,164,109,111,99.15254237288136,100.0,1.0,2
line_165_7605,samples\line_165_7605.npz,faulted,line,165,16,112,100.0,100.0,1.0,1
line_166_7606,samples\line_166_7606.npz,faulted,line,166,31,112,100.0,100.0,0.0,1
line_167_7607,samples\line_167_7607.npz,faulted,line,167,31,113,99.15254237288136,100.0,0.0,1
line_168_7608,samples\line_168_7608.npz,faulted,line,168,26,114,99.15254237288136,100.0,-1.0,1
line_169_7609,samples\line_169_7609.npz,faulted,line,169,113,114,100.0,100.0,0.0,1
line_170_7610,samples\line_170_7610.npz,faulted,line,170,11,116,99.15254237288136,100.0,1.0,2
line_171_7611,samples\line_171_7611.npz,faulted,line,171,74,117,99.15254237288136,100.0,1.0,1
line_172_7612,samples\line_172_7612.npz,faulted,line,172,75,117,100.0,100.0,0.0,1
trafo_0_7613,samples\trafo_0_7613.npz,faulted,trafo,0,7,4,100.0,100.0,0.0,1
trafo_1_7614,samples\trafo_1_7614.npz,faulted,trafo,1,25,24,99.15254237288136,100.0,0.0,1
trafo_2_7615,samples\trafo_2_7615.npz,faulted,trafo,2,29,16,99.15254237288136,100.0,0.0,1
trafo_3_7616,samples\trafo_3_7616.npz,faulted,trafo,3,37,36,99.15254237288136,100.0,0.0,1
trafo_4_7617,samples\trafo_4_7617.npz,faulted,trafo,4,62,58,99.15254237288136,100.0,0.0,1
trafo_5_7618,samples\trafo_5_7618.npz,faulted,trafo,5,63,60,99.15254237288136,100.0,0.0,1
trafo_6_7619,samples\trafo_6_7619.npz,faulted,trafo,6,64,65,100.0,100.0,0.0,1
trafo_7_7620,samples\trafo_7_7620.npz,faulted,trafo,7,64,67,99.15254237288136,100.0,1.0,1
trafo_8_7621,samples\trafo_8_7621.npz,faulted,trafo,8,67,68,100.0,100.0,0.0,1
trafo_9_7622,samples\trafo_9_7622.npz,faulted,trafo,9,80,67,100.0,100.0,0.0,1
trafo_10_7623,samples\trafo_10_7623.npz,faulted,trafo,10,80,79,100.0,100.0,0.0,1
trafo_11_7624,samples\trafo_11_7624.npz,faulted,trafo,11,86,85,99.15254237288136,100.0,0.0,2
trafo_12_7625,samples\trafo_12_7625.npz,faulted,trafo,12,115,67,99.15254237288136,100.0,0.0,2
line_0_7626,samples\line_0_7626.npz,faulted,line,0,0,1,98.30508474576273,100.0,0.0,2
line_1_7627,samples\line_1_7627.npz,faulted,line,1,0,2,98.30508474576273,100.0,0.0,2
line_2_7628,samples\line_2_7628.npz,faulted,line,2,3,4,98.30508474576273,100.0,0.0,2
line_3_7629,samples\line_3_7629.npz,faulted,line,3,2,4,98.30508474576273,100.0,0.0,2
line_4_7630,samples\line_4_7630.npz,faulted,line,4,4,5,97.45762711864408,100.0,1.0,2
line_5_7631,samples\line_5_7631.npz,faulted,line,5,5,6,98.30508474576273,100.0,0.0,2
line_6_7632,samples\line_6_7632.npz,faulted,line,6,7,8,98.30508474576273,100.0,0.0,3
line_7_7633,samples\line_7_7633.npz,faulted,line,7,8,9,97.45762711864408,100.0,1.0,3
line_8_7634,samples\line_8_7634.npz,faulted,line,8,3,10,98.30508474576273,100.0,0.0,2
line_9_7635,samples\line_9_7635.npz,faulted,line,9,4,10,98.30508474576273,100.0,0.0,2
line_10_7636,samples\line_10_7636.npz,faulted,line,10,10,11,98.30508474576273,100.0,0.0,2
line_11_7637,samples\line_11_7637.npz,faulted,line,11,1,11,98.30508474576273,100.0,0.0,2
line_12_7638,samples\line_12_7638.npz,faulted,line,12,2,11,98.30508474576273,100.0,0.0,2
line_13_7639,samples\line_13_7639.npz,faulted,line,13,6,11,97.45762711864408,100.0,1.0,2
line_14_7640,samples\line_14_7640.npz,faulted,line,14,10,12,97.45762711864408,100.0,0.0,2
line_15_7641,samples\line_15_7641.npz,faulted,line,15,11,13,97.45762711864408,100.0,0.0,2
line_16_7642,samples\line_16_7642.npz,faulted,line,16,12,14,98.30508474576273,100.0,0.0,2
line_17_7643,samples\line_17_7643.npz,faulted,line,17,13,14,98.30508474576273,100.0,0.0,2
line_18_7644,samples\line_18_7644.npz,faulted,line,18,11,15,98.30508474576273,100.0,0.0,2
line_19_7645,samples\line_19_7645.npz,faulted,line,19,14,16,97.45762711864408,100.0,0.0,2
line_20_7646,samples\line_20_7646.npz,faulted,line,20,15,16,98.30508474576273,100.0,0.0,2
line_21_7647,samples\line_21_7647.npz,faulted,line,21,16,17,97.45762711864408,100.0,0.0,2
line_22_7648,samples\line_22_7648.npz,faulted,line,22,17,18,98.30508474576273,100.0,0.0,2
line_23_7649,samples\line_23_7649.npz,faulted,line,23,18,19,98.30508474576273,100.0,0.0,2
line_24_7650,samples\line_24_7650.npz,faulted,line,24,14,18,98.30508474576273,100.0,0.0,2
line_25_7651,samples\line_25_7651.npz,faulted,line,25,19,20,97.45762711864408,100.0,1.0,2
line_26_7652,samples\line_26_7652.npz,faulted,line,26,20,21,98.30508474576273,100.0,0.0,2
line_27_7653,samples\line_27_7653.npz,faulted,line,27,21,22,97.45762711864408,100.0,2.0,2
line_28_7654,samples\line_28_7654.npz,faulted,line,28,22,23,97.45762711864408,100.0,1.0,2
line_29_7655,samples\line_29_7655.npz,faulted,line,29,22,24,98.30508474576273,100.0,2.0,2
line_30_7656,samples\line_30_7656.npz,faulted,line,30,24,26,98.30508474576273,100.0,0.0,2
line_31_7657,samples\line_31_7657.npz,faulted,line,31,26,27,98.30508474576273,100.0,-1.0,2
line_32_7658,samples\line_32_7658.npz,faulted,line,32,27,28,97.45762711864408,100.0,0.0,2
line_33_7659,samples\line_33_7659.npz,faulted,line,33,7,29,98.30508474576273,100.0,0.0,2
line_34_7660,samples\line_34_7660.npz,faulted,line,34,25,29,98.30508474576273,100.0,0.0,2
line_35_7661,samples\line_35_7661.npz,faulted,line,35,16,30,98.30508474576273,100.0,0.0,2
line_36_7662,samples\line_36_7662.npz,faulted,line,36,28,30,98.30508474576273,100.0,0.0,2
line_37_7663,samples\line_37_7663.npz,faulted,line,37,22,31,98.30508474576273,100.0,2.0,2
line_38_7664,samples\line_38_7664.npz,faulted,line,38,30,31,98.30508474576273,100.0,0.0,2
line_39_7665,samples\line_39_7665.npz,faulted,line,39,26,31,98.30508474576273,100.0,0.0,2
line_40_7666,samples\line_40_7666.npz,faulted,line,40,14,32,98.30508474576273,100.0,0.0,2
line_41_7667,samples\line_41_7667.npz,faulted,line,41,18,33,98.30508474576273,100.0,0.0,2
line_42_7668,samples\line_42_7668.npz,faulted,line,42,34,35,98.30508474576273,100.0,0.0,2
line_43_7669,samples\line_43_7669.npz,faulted,line,43,34,36,97.45762711864408,100.0,1.0,2
line_44_7670,samples\line_44_7670.npz,faulted,line,44,32,36,97.45762711864408,100.0,0.0,2
line_45_7671,samples\line_45_7671.npz,faulted,line,45,33,35,97.45762711864408,100.0,1.0,2
line_46_7672,samples\line_46_7672.npz,faulted,line,46,33,36,98.30508474576273,100.0,0.0,2
line_47_7673,samples\line_47_7673.npz,faulted,line,47,36,38,98.30508474576273,100.0,0.0,2
line_48_7674,samples\line_48_7674.npz,faulted,line,48,36,39,98.30508474576273,100.0,0.0,2
line_49_7675,samples\line_49_7675.npz,faulted,line,49,29,37,98.30508474576273,100.0,0.0,2
line_50_7676,samples\line_50_7676.npz,faulted,line,50,38,39,98.30508474576273,100.0,0.0,2
line_51_7677,samples\line_51_7677.npz,faulted,line,51,39,40,97.45762711864408,100.0,0.0,3
line_52_7678,samples\line_52_7678.npz,faulted,line,52,39,41,98.30508474576273,100.0,0.0,2
line_53_7679,samples\line_53_7679.npz,faulted,line,53,40,41,98.30508474576273,100.0,0.0,2
line_54_7680,samples\line_54_7680.npz,faulted,line,54,42,43,98.30508474576273,100.0,0.0,2
line_55_7681,samples\line_55_7681.npz,faulted,line,55,33,42,97.45762711864408,100.0,1.0,2
line_56_7682,samples\line_56_7682.npz,faulted,line,56,43,44,97.45762711864408,100.0,1.0,2
line_57_7683,samples\line_57_7683.npz,faulted,line,57,44,45,97.45762711864408,100.0,1.0,2
line_58_7684,samples\line_58_7684.npz,faulted,line,58,45,46,98.30508474576273,100.0,0.0,2
line_59_7685,samples\line_59_7685.npz,faulted,line,59,45,47,98.30508474576273,100.0,0.0,2
line_60_7686,samples\line_60_7686.npz,faulted,line,60,46,48,97.45762711864408,100.0,1.0,2
line_61_7687,samples\line_61_7687.npz,faulted,line,61,41,48,98.30508474576273,100.0,0.0,2
line_62_7688,samples\line_62_7688.npz,faulted,line,62,41,48,98.30508474576273,100.0,0.0,2
line_63_7689,samples\line_63_7689.npz,faulted,line,63,44,48,98.30508474576273,100.0,1.0,2
line_64_7690,samples\line_64_7690.npz,faulted,line,64,47,48,97.45762711864408,100.0,1.0,2
line_65_7691,samples\line_65_7691.npz,faulted,line,65,48,49,98.30508474576273,100.0,0.0,2
line_66_7692,samples\line_66_7692.npz,faulted,line,66,48,50,98.30508474576273,100.0,0.0,2
line_67_7693,samples\line_67_7693.npz,faulted,line,67,50,51,98.30508474576273,100.0,-1.0,2
line_68_7694,samples\line_68_7694.npz,faulted,line,68,51,52,97.45762711864408,100.0,0.0,2
line_69_7695,samples\line_69_7695.npz,faulted,line,69,52,53,98.30508474576273,100.0,0.0,2
line_70_7696,samples\line_70_7696.npz,faulted,line,70,48,53,98.30508474576273,100.0,0.0,2
line_71_7697,samples\line_71_7697.npz,faulted,line,71,48,53,98.30508474576273,100.0,0.0,2
line_72_7698,samples\line_72_7698.npz,faulted,line,72,53,54,98.30508474576273,100.0,0.0,2
line_73_7699,samples\line_73_7699.npz,faulted,line,73,53,55,98.30508474576273,100.0,0.0,2
line_74_7700,samples\line_74_7700.npz,faulted,line,74,54,55,98.30508474576273,100.0,0.0,2
line_75_7701,samples\line_75_7701.npz,faulted,line,75,55,56,98.30508474576273,100.0,0.0,2
line_76_7702,samples\line_76_7702.npz,faulted,line,76,49,56,97.45762711864408,100.0,0.0,2
line_77_7703,samples\line_77_7703.npz,faulted,line,77,55,57,98.30508474576273,100.0,0.0,2
line_78_7704,samples\line_78_7704.npz,faulted,line,78,50,57,97.45762711864408,100.0,-1.0,2
line_79_7705,samples\line_79_7705.npz,faulted,line,79,53,58,98.30508474576273,100.0,0.0,2
line_80_7706,samples\line_80_7706.npz,faulted,line,80,55,58,98.30508474576273,100.0,0.0,2
line_81_7707,samples\line_81_7707.npz,faulted,line,81,55,58,98.30508474576273,100.0,0.0,2
line_82_7708,samples\line_82_7708.npz,faulted,line,82,54,58,97.45762711864408,100.0,0.0,2
line_83_7709,samples\line_83_7709.npz,faulted,line,83,58,59,98.30508474576273,100.0,0.0,2
line_84_7710,samples\line_84_7710.npz,faulted,line,84,58,60,98.30508474576273,100.0,0.0,2
line_85_7711,samples\line_85_7711.npz,faulted,line,85,59,60,98.30508474576273,100.0,0.0,2
line_86_7712,samples\line_86_7712.npz,faulted,line,86,59,61,98.30508474576273,100.0,0.0,2
line_87_7713,samples\line_87_7713.npz,faulted,line,87,60,61,98.30508474576273,100.0,0.0,2
line_88_7714,samples\line_88_7714.npz,faulted,line,88,62,63,98.30508474576273,100.0,0.0,2
line_89_7715,samples\line_89_7715.npz,faulted,line,89,37,64,98.30508474576273,100.0,0.0,2
line_90_7716,samples\line_90_7716.npz,faulted,line,90,63,64,98.30508474576273,100.0,1.0,2
line_91_7717,samples\line_91_7717.npz,faulted,line,91,48,65,98.30508474576273,100.0,0.0,2
line_92_7718,samples\line_92_7718.npz,faulted,line,92,48,65,98.30508474576273,100.0,0.0,2
line_93_7719,samples\line_93_7719.npz,faulted,line,93,61,65,98.30508474576273,100.0,0.0,2
line_94_7720,samples\line_94_7720.npz,faulted,line,94,61,66,97.45762711864408,100.0,0.0,2
line_95_7721,samples\line_95_7721.npz,faulted,line,95,65,66,98.30508474576273,100.0,0.0,2
line_96_7722,samples\line_96_7722.npz,faulted,line,96,46,68,98.30508474576273,100.0,0.0,2
line_97_7723,samples\line_97_7723.npz,faulted,line,97,48,68,98.30508474576273,100.0,0.0,2
line_98_7724,samples\line_98_7724.npz,faulted,line,98,68,69,98.30508474576273,100.0,0.0,2
line_99_7725,samples\line_99_7725.npz,faulted,line,99,23,69,98.30508474576273,100.0,0.0,2
line_100_7726,samples\line_100_7726.npz,faulted,line,100,69,70,98.30508474576273,100.0,0.0,2
line_101_7727,samples\line_101_7727.npz,faulted,line,101,23,71,98.30508474576273,100.0,0.0,2
line_102_7728,samples\line_102_7728.npz,faulted,line,102,70,71,97.45762711864408,100.0,2.0,2
line_103_7729,samples\line_103_7729.npz,faulted,line,103,70,72,97.45762711864408,100.0,2.0,3
line_104_7730,samples\line_104_7730.npz,faulted,line,104,69,73,98.30508474576273,100.0,0.0,2
line_105_7731,samples\line_105_7731.npz,faulted,line,105,69,74,98.30508474576273,100.0,0.0,2
line_106_7732,samples\line_106_7732.npz,faulted,line,106,68,74,98.30508474576273,100.0,0.0,2
line_107_7733,samples\line_107_7733.npz,faulted,line,107,73,74,97.45762711864408,100.0,1.0,2
line_108_7734,samples\line_108_7734.npz,faulted,line,108,75,76,97.45762711864408,100.0,1.0,2
line_109_7735,samples\line_109_7735.npz,faulted,line,109,68,76,98.30508474576273,100.0,0.0,2
line_110_7736,samples\line_110_7736.npz,faulted,line,110,74,76,98.30508474576273,100.0,1.0,2
line_111_7737,samples\line_111_7737.npz,faulted,line,111,76,77,97.45762711864408,100.0,1.0,2
line_112_7738,samples\line_112_7738.npz,faulted,line,112,77,78,98.30508474576273,100.0,0.0,2
line_113_7739,samples\line_113_7739.npz,faulted,line,113,76,79,98.30508474576273,100.0,0.0,2
line_114_7740,samples\line_114_7740.npz,faulted,line,114,76,79,98.30508474576273,100.0,0.0,2
line_115_7741,samples\line_115_7741.npz,faulted,line,115,78,79,97.45762711864408,100.0,1.0,2
line_116_7742,samples\line_116_7742.npz,faulted,line,116,76,81,97.45762711864408,100.0,1.0,2
line_117_7743,samples\line_117_7743.npz,faulted,line,117,81,82,98.30508474576273,100.0,0.0,2
line_118_7744,samples\line_118_7744.npz,faulted,line,118,82,83,98.30508474576273,100.0,0.0,2
line_119_7745,samples\line_119_7745.npz,faulted,line,119,82,84,97.45762711864408,100.0,1.0,2
line_120_7746,samples\line_120_7746.npz,faulted,line,120,83,84,97.45762711864408,100.0,1.0,2
line_121_7747,samples\line_121_7747.npz,faulted,line,121,84,85,98.30508474576273,100.0,0.0,3
line_122_7748,samples\line_122_7748.npz,faulted,line,122,84,87,98.30508474576273,100.0,0.0,2
line_123_7749,samples\line_123_7749.npz,faulted,line,123,84,88,98.30508474576273,100.0,0.0,2
line_124_7750,samples\line_124_7750.npz,faulted,line,124,87,88,98.30508474576273,100.0,0.0,2
line_125_7751,samples\line_125_7751.npz,faulted,line,125,88,89,98.30508474576273,100.0,0.0,2
line_126_7752,samples\line_126_7752.npz,faulted,line,126,88,89,98.30508474576273,100.0,0.0,2
line_127_7753,samples\line_127_7753.npz,faulted,line,127,89,90,98.30508474576273,100.0,0.0,2
line_128_7754,samples\line_128_7754.npz,faulted,line,128,88,91,98.30508474576273,100.0,0.0,2
line_129_7755,samples\line_129_7755.npz,faulted,line,129,88,91,98.30508474576273,100.0,0.0,2
line_130_7756,samples\line_130_7756.npz,faulted,line,130,90,91,97.45762711864408,100.0,0.0,2
line_131_7757,samples\line_131_7757.npz,faulted,line,131,91,92,98.30508474576273,100.0,0.0,2
line_132_7758,samples\line_132_7758.npz,faulted,line,132,91,93,98.30508474576273,100.0,0.0,2
line_133_7759,samples\line_133_7759.npz,faulted,line,133,92,93,98.30508474576273,100.0,0.0,2
line_134_7760,samples\line_134_7760.npz,faulted,line,134,93,94,97.45762711864408,100.0,0.0,2
line_135_7761,samples\line_135_7761.npz,faulted,line,135,79,95,98.30508474576273,100.0,0.0,2
line_136_7762,samples\line_136_7762.npz,faulted,line,136,81,95,98.30508474576273,100.0,0.0,2
line_137_7763,samples\line_137_7763.npz,faulted,line,137,93,95,98.30508474576273,100.0,0.0,2
line_138_7764,samples\line_138_7764.npz,faulted,line,138,79,96,97.45762711864408,100.0,0.0,2
line_139_7765,samples\line_139_7765.npz,faulted,line,139,79,97,98.30508474576273,100.0,0.0,2
line_140_7766,samples\line_140_7766.npz,faulted,line,140,79,98,98.30508474576273,100.0,0.0,2
line_141_7767,samples\line_141_7767.npz,faulted,line,141,91,99,98.30508474576273,100.0,1.0,2
line_142_7768,samples\line_142_7768.npz,faulted,line,142,93,99,98.30508474576273,100.0,1.0,2
line_143_7769,samples\line_143_7769.npz,faulted,line,143,94,95,98.30508474576273,100.0,0.0,2
line_144_7770,samples\line_144_7770.npz,faulted,line,144,95,96,98.30508474576273,100.0,0.0,2
line_145_7771,samples\line_145_7771.npz,faulted,line,145,97,99,98.30508474576273,100.0,1.0,2
line_146_7772,samples\line_146_7772.npz,faulted,line,146,98,99,98.30508474576273,100.0,1.0,2
line_147_7773,samples\line_147_7773.npz,faulted,line,147,99,100,97.45762711864408,100.0,1.0,2
line_148_7774,samples\line_148_7774.npz,faulted,line,148,91,101,97.45762711864408,100.0,0.0,2
line_149_7775,samples\line_149_7775.npz,faulted,line,149,100,101,98.30508474576273,100.0,0.0,2
line_150_7776,samples\line_150_7776.npz,faulted,line,150,99,102,98.30508474576273,100.0,1.0,2
line_151_7777,samples\line_151_7777.npz,faulted,line,151,99,103,98.30508474576273,100.0,1.0,2
line_152_7778,samples\line_152_7778.npz,faulted,line,152,102,103,98.30508474576273,100.0,0.0,2
line_153_7779,samples\line_153_7779.npz,faulted,line,153,102,104,98.30508474576273,100.0,0.0,2
line_154_7780,samples\line_154_7780.npz,faulted,line,154,99,105,98.30508474576273,100.0,1.0,2
line_155_7781,samples\line_155_7781.npz,faulted,line,155,103,104,98.30508474576273,100.0,0.0,2
line_156_7782,samples\line_156_7782.npz,faulted,line,156,104,105,98.30508474576273,100.0,0.0,2
line_157_7783,samples\line_157_7783.npz,faulted,line,157,104,106,97.45762711864408,100.0,1.0,2
line_158_7784,samples\line_158_7784.npz,faulted,line,158,104,107,97.45762711864408,100.0,1.0,2
line_159_7785,samples\line_159_7785.npz,faulted,line,159,105,106,98.30508474576273,100.0,0.0,2
line_160_7786,samples\line_160_7786.npz,faulted,line,160,107,108,98.30508474576273,100.0,0.0,2
line_161_7787,samples\line_161_7787.npz,faulted,line,161,102,109,98.30508474576273,100.0,0.0,2
line_162_7788,samples\line_162_7788.npz,faulted,line,162,108,109,97.45762711864408,100.0,1.0,2
line_163_7789,samples\line_163_7789.npz,faulted,line,163,109,110,97.45762711864408,100.0,1.0,3
line_164_7790,samples\line_164_7790.npz,faulted,line,164,109,111,97.45762711864408,100.0,1.0,3
line_165_7791,samples\line_165_7791.npz,faulted,line,165,16,112,98.30508474576273,100.0,0.0,2
line_166_7792,samples\line_166_7792.npz,faulted,line,166,31,112,98.30508474576273,100.0,0.0,2
line_167_7793,samples\line_167_7793.npz,faulted,line,167,31,113,97.45762711864408,100.0,0.0,2
line_168_7794,samples\line_168_7794.npz,faulted,line,168,26,114,97.45762711864408,100.0,-1.0,2
line_169_7795,samples\line_169_7795.npz,faulted,line,169,113,114,98.30508474576273,100.0,0.0,2
line_170_7796,samples\line_170_7796.npz,faulted,line,170,11,116,97.45762711864408,100.0,1.0,3
line_171_7797,samples\line_171_7797.npz,faulted,line,171,74,117,97.45762711864408,100.0,1.0,2
line_172_7798,samples\line_172_7798.npz,faulted,line,172,75,117,98.30508474576273,100.0,0.0,2
trafo_0_7799,samples\trafo_0_7799.npz,faulted,trafo,0,7,4,98.30508474576273,100.0,0.0,2
trafo_1_7800,samples\trafo_1_7800.npz,faulted,trafo,1,25,24,97.45762711864408,100.0,0.0,2
trafo_2_7801,samples\trafo_2_7801.npz,faulted,trafo,2,29,16,97.45762711864408,100.0,0.0,2
trafo_3_7802,samples\trafo_3_7802.npz,faulted,trafo,3,37,36,97.45762711864408,100.0,0.0,2
trafo_4_7803,samples\trafo_4_7803.npz,faulted,trafo,4,62,58,97.45762711864408,100.0,1.0,2
trafo_5_7804,samples\trafo_5_7804.npz,faulted,trafo,5,63,60,98.30508474576273,100.0,0.0,2
trafo_6_7805,samples\trafo_6_7805.npz,faulted,trafo,6,64,65,98.30508474576273,100.0,0.0,2
trafo_7_7806,samples\trafo_7_7806.npz,faulted,trafo,7,64,67,97.45762711864408,100.0,1.0,2
trafo_8_7807,samples\trafo_8_7807.npz,faulted,trafo,8,67,68,98.30508474576273,100.0,0.0,2
trafo_9_7808,samples\trafo_9_7808.npz,faulted,trafo,9,80,67,98.30508474576273,100.0,0.0,2
trafo_10_7809,samples\trafo_10_7809.npz,faulted,trafo,10,80,79,98.30508474576273,100.0,1.0,2
trafo_11_7810,samples\trafo_11_7810.npz,faulted,trafo,11,86,85,97.45762711864408,100.0,0.0,3
trafo_12_7811,samples\trafo_12_7811.npz,faulted,trafo,12,115,67,98.30508474576273,100.0,0.0,2
line_0_7812,samples\line_0_7812.npz,faulted,line,0,0,1,98.30508474576273,100.0,0.0,2
line_1_7813,samples\line_1_7813.npz,faulted,line,1,0,2,98.30508474576273,100.0,0.0,2
line_2_7814,samples\line_2_7814.npz,faulted,line,2,3,4,98.30508474576273,100.0,0.0,2
line_3_7815,samples\line_3_7815.npz,faulted,line,3,2,4,98.30508474576273,100.0,0.0,2
line_4_7816,samples\line_4_7816.npz,faulted,line,4,4,5,97.45762711864408,100.0,0.0,2
line_5_7817,samples\line_5_7817.npz,faulted,line,5,5,6,98.30508474576273,100.0,0.0,2
line_6_7818,samples\line_6_7818.npz,faulted,line,6,7,8,97.45762711864408,100.0,0.0,3
line_7_7819,samples\line_7_7819.npz,faulted,line,7,8,9,97.45762711864408,100.0,1.0,3
line_8_7820,samples\line_8_7820.npz,faulted,line,8,3,10,98.30508474576273,100.0,0.0,2
line_9_7821,samples\line_9_7821.npz,faulted,line,9,4,10,98.30508474576273,100.0,0.0,2
line_10_7822,samples\line_10_7822.npz,faulted,line,10,10,11,98.30508474576273,100.0,0.0,2
line_11_7823,samples\line_11_7823.npz,faulted,line,11,1,11,98.30508474576273,100.0,0.0,2
line_12_7824,samples\line_12_7824.npz,faulted,line,12,2,11,98.30508474576273,100.0,0.0,2
line_13_7825,samples\line_13_7825.npz,faulted,line,13,6,11,97.45762711864408,100.0,1.0,2
line_14_7826,samples\line_14_7826.npz,faulted,line,14,10,12,97.45762711864408,100.0,0.0,2
line_15_7827,samples\line_15_7827.npz,faulted,line,15,11,13,97.45762711864408,100.0,0.0,2
line_16_7828,samples\line_16_7828.npz,faulted,line,16,12,14,98.30508474576273,100.0,0.0,2
line_17_7829,samples\line_17_7829.npz,faulted,line,17,13,14,98.30508474576273,100.0,0.0,2
line_18_7830,samples\line_18_7830.npz,faulted,line,18,11,15,97.45762711864408,100.0,1.0,3
line_19_7831,samples\line_19_7831.npz,faulted,line,19,14,16,97.45762711864408,100.0,0.0,2
line_20_7832,samples\line_20_7832.npz,faulted,line,20,15,16,98.30508474576273,100.0,0.0,2
line_21_7833,samples\line_21_7833.npz,faulted,line,21,16,17,97.45762711864408,100.0,1.0,2
line_22_7834,samples\line_22_7834.npz,faulted,line,22,17,18,98.30508474576273,100.0,0.0,2
line_23_7835,samples\line_23_7835.npz,faulted,line,23,18,19,98.30508474576273,100.0,0.0,2
line_24_7836,samples\line_24_7836.npz,faulted,line,24,14,18,98.30508474576273,100.0,0.0,2
line_25_7837,samples\line_25_7837.npz,faulted,line,25,19,20,97.45762711864408,100.0,1.0,2
line_26_7838,samples\line_26_7838.npz,faulted,line,26,20,21,98.30508474576273,100.0,0.0,2
line_27_7839,samples\line_27_7839.npz,faulted,line,27,21,22,97.45762711864408,100.0,2.0,2
line_28_7840,samples\line_28_7840.npz,faulted,line,28,22,23,97.45762711864408,100.0,1.0,2
line_29_7841,samples\line_29_7841.npz,faulted,line,29,22,24,98.30508474576273,100.0,2.0,2
line_30_7842,samples\line_30_7842.npz,faulted,line,30,24,26,98.30508474576273,100.0,0.0,2
line_31_7843,samples\line_31_7843.npz,faulted,line,31,26,27,98.30508474576273,100.0,-1.0,2
line_32_7844,samples\line_32_7844.npz,faulted,line,32,27,28,97.45762711864408,100.0,0.0,2
line_33_7845,samples\line_33_7845.npz,faulted,line,33,7,29,98.30508474576273,100.0,0.0,3
line_34_7846,samples\line_34_7846.npz,faulted,line,34,25,29,98.30508474576273,100.0,0.0,3
line_35_7847,samples\line_35_7847.npz,faulted,line,35,16,30,98.30508474576273,100.0,1.0,2
line_36_7848,samples\line_36_7848.npz,faulted,line,36,28,30,98.30508474576273,100.0,0.0,2
line_37_7849,samples\line_37_7849.npz,faulted,line,37,22,31,98.30508474576273,100.0,2.0,2
line_38_7850,samples\line_38_7850.npz,faulted,line,38,30,31,98.30508474576273,100.0,0.0,2
line_39_7851,samples\line_39_7851.npz,faulted,line,39,26,31,98.30508474576273,100.0,0.0,2
line_40_7852,samples\line_40_7852.npz,faulted,line,40,14,32,98.30508474576273,100.0,0.0,2
line_41_7853,samples\line_41_7853.npz,faulted,line,41,18,33,98.30508474576273,100.0,0.0,2
line_42_7854,samples\line_42_7854.npz,faulted,line,42,34,35,98.30508474576273,100.0,0.0,2
line_43_7855,samples\line_43_7855.npz,faulted,line,43,34,36,97.45762711864408,100.0,1.0,2
line_44_7856,samples\line_44_7856.npz,faulted,line,44,32,36,97.45762711864408,100.0,0.0,2
line_45_7857,samples\line_45_7857.npz,faulted,line,45,33,35,97.45762711864408,100.0,1.0,2
line_46_7858,samples\line_46_7858.npz,faulted,line,46,33,36,98.30508474576273,100.0,0.0,2
line_47_7859,samples\line_47_7859.npz,faulted,line,47,36,38,98.30508474576273,100.0,0.0,2
line_48_7860,samples\line_48_7860.npz,faulted,line,48,36,39,98.30508474576273,100.0,0.0,2
line_49_7861,samples\line_49_7861.npz,faulted,line,49,29,37,98.30508474576273,100.0,0.0,2
line_50_7862,samples\line_50_7862.npz,faulted,line,50,38,39,98.30508474576273,100.0,0.0,2
line_51_7863,samples\line_51_7863.npz,faulted,line,51,39,40,97.45762711864408,100.0,0.0,2
line_52_7864,samples\line_52_7864.npz,faulted,line,52,39,41,98.30508474576273,100.0,0.0,2
line_53_7865,samples\line_53_7865.npz,faulted,line,53,40,41,98.30508474576273,100.0,0.0,2
line_54_7866,samples\line_54_7866.npz,faulted,line,54,42,43,98.30508474576273,100.0,0.0,2
line_55_7867,samples\line_55_7867.npz,faulted,line,55,33,42,97.45762711864408,100.0,1.0,2
line_56_7868,samples\line_56_7868.npz,faulted,line,56,43,44,97.45762711864408,100.0,1.0,2
line_57_7869,samples\line_57_7869.npz,faulted,line,57,44,45,97.45762711864408,100.0,1.0,2
line_58_7870,samples\line_58_7870.npz,faulted,line,58,45,46,98.30508474576273,100.0,0.0,2
line_59_7871,samples\line_59_7871.npz,faulted,line,59,45,47,98.30508474576273,100.0,0.0,2
line_60_7872,samples\line_60_7872.npz,faulted,line,60,46,48,97.45762711864408,100.0,1.0,2
line_61_7873,samples\line_61_7873.npz,faulted,line,61,41,48,98.30508474576273,100.0,0.0,2
line_62_7874,samples\line_62_7874.npz,faulted,line,62,41,48,98.30508474576273,100.0,0.0,2
line_63_7875,samples\line_63_7875.npz,faulted,line,63,44,48,98.30508474576273,100.0,1.0,2
line_64_7876,samples\line_64_7876.npz,faulted,line,64,47,48,97.45762711864408,100.0,1.0,2
line_65_7877,samples\line_65_7877.npz,faulted,line,65,48,49,98.30508474576273,100.0,0.0,2
line_66_7878,samples\line_66_7878.npz,faulted,line,66,48,50,98.30508474576273,100.0,0.0,2
line_67_7879,samples\line_67_7879.npz,faulted,line,67,50,51,98.30508474576273,100.0,-1.0,2
line_68_7880,samples\line_68_7880.npz,faulted,line,68,51,52,97.45762711864408,100.0,0.0,2
line_69_7881,samples\line_69_7881.npz,faulted,line,69,52,53,98.30508474576273,100.0,0.0,2
line_70_7882,samples\line_70_7882.npz,faulted,line,70,48,53,98.30508474576273,100.0,0.0,2
line_71_7883,samples\line_71_7883.npz,faulted,line,71,48,53,98.30508474576273,100.0,0.0,2
line_72_7884,samples\line_72_7884.npz,faulted,line,72,53,54,98.30508474576273,100.0,0.0,2
line_73_7885,samples\line_73_7885.npz,faulted,line,73,53,55,98.30508474576273,100.0,0.0,2
line_74_7886,samples\line_74_7886.npz,faulted,line,74,54,55,98.30508474576273,100.0,0.0,2
line_75_7887,samples\line_75_7887.npz,faulted,line,75,55,56,98.30508474576273,100.0,0.0,2
line_76_7888,samples\line_76_7888.npz,faulted,line,76,49,56,97.45762711864408,100.0,0.0,2
line_77_7889,samples\line_77_7889.npz,faulted,line,77,55,57,98.30508474576273,100.0,0.0,2
line_78_7890,samples\line_78_7890.npz,faulted,line,78,50,57,97.45762711864408,100.0,-1.0,2
line_79_7891,samples\line_79_7891.npz,faulted,line,79,53,58,98.30508474576273,100.0,0.0,2
line_80_7892,samples\line_80_7892.npz,faulted,line,80,55,58,98.30508474576273,100.0,0.0,2
line_81_7893,samples\line_81_7893.npz,faulted,line,81,55,58,98.30508474576273,100.0,0.0,2
line_82_7894,samples\line_82_7894.npz,faulted,line,82,54,58,97.45762711864408,100.0,-1.0,2
line_83_7895,samples\line_83_7895.npz,faulted,line,83,58,59,98.30508474576273,100.0,-1.0,2
line_84_7896,samples\line_84_7896.npz,faulted,line,84,58,60,98.30508474576273,100.0,-1.0,2
line_85_7897,samples\line_85_7897.npz,faulted,line,85,59,60,98.30508474576273,100.0,0.0,2
line_86_7898,samples\line_86_7898.npz,faulted,line,86,59,61,98.30508474576273,100.0,0.0,2
line_87_7899,samples\line_87_7899.npz,faulted,line,87,60,61,98.30508474576273,100.0,0.0,2
line_88_7900,samples\line_88_7900.npz,faulted,line,88,62,63,98.30508474576273,100.0,0.0,2
line_89_7901,samples\line_89_7901.npz,faulted,line,89,37,64,98.30508474576273,100.0,0.0,2
line_90_7902,samples\line_90_7902.npz,faulted,line,90,63,64,98.30508474576273,100.0,0.0,2
line_91_7903,samples\line_91_7903.npz,faulted,line,91,48,65,98.30508474576273,100.0,0.0,2
line_92_7904,samples\line_92_7904.npz,faulted,line,92,48,65,98.30508474576273,100.0,0.0,2
line_93_7905,samples\line_93_7905.npz,faulted,line,93,61,65,98.30508474576273,100.0,0.0,2
line_94_7906,samples\line_94_7906.npz,faulted,line,94,61,66,97.45762711864408,100.0,0.0,2
line_95_7907,samples\line_95_7907.npz,faulted,line,95,65,66,98.30508474576273,100.0,0.0,2
line_96_7908,samples\line_96_7908.npz,faulted,line,96,46,68,98.30508474576273,100.0,0.0,2
line_97_7909,samples\line_97_7909.npz,faulted,line,97,48,68,98.30508474576273,100.0,1.0,2
line_98_7910,samples\line_98_7910.npz,faulted,line,98,68,69,98.30508474576273,100.0,0.0,2
line_99_7911,samples\line_99_7911.npz,faulted,line,99,23,69,98.30508474576273,100.0,0.0,2
line_100_7912,samples\line_100_7912.npz,faulted,line,100,69,70,98.30508474576273,100.0,0.0,2
line_101_7913,samples\line_101_7913.npz,faulted,line,101,23,71,98.30508474576273,100.0,0.0,2
line_102_7914,samples\line_102_7914.npz,faulted,line,102,70,71,97.45762711864408,100.0,2.0,2
line_103_7915,samples\line_103_7915.npz,faulted,line,103,70,72,97.45762711864408,100.0,2.0,3
line_104_7916,samples\line_104_7916.npz,faulted,line,104,69,73,98.30508474576273,100.0,0.0,2
line_105_7917,samples\line_105_7917.npz,faulted,line,105,69,74,98.30508474576273,100.0,0.0,2
line_106_7918,samples\line_106_7918.npz,faulted,line,106,68,74,98.30508474576273,100.0,0.0,2
line_107_7919,samples\line_107_7919.npz,faulted,line,107,73,74,97.45762711864408,100.0,1.0,2
line_108_7920,samples\line_108_7920.npz,faulted,line,108,75,76,97.45762711864408,100.0,1.0,2
line_109_7921,samples\line_109_7921.npz,faulted,line,109,68,76,98.30508474576273,100.0,0.0,2
line_110_7922,samples\line_110_7922.npz,faulted,line,110,74,76,98.30508474576273,100.0,1.0,2
line_111_7923,samples\line_111_7923.npz,faulted,line,111,76,77,97.45762711864408,100.0,1.0,2
line_112_7924,samples\line_112_7924.npz,faulted,line,112,77,78,98.30508474576273,100.0,0.0,2
line_113_7925,samples\line_113_7925.npz,faulted,line,113,76,79,98.30508474576273,100.0,0.0,2
line_114_7926,samples\line_114_7926.npz,faulted,line,114,76,79,98.30508474576273,100.0,0.0,2
line_115_7927,samples\line_115_7927.npz,faulted,line,115,78,79,97.45762711864408,100.0,0.0,2
line_116_7928,samples\line_116_7928.npz,faulted,line,116,76,81,97.45762711864408,100.0,1.0,2
line_117_7929,samples\line_117_7929.npz,faulted,line,117,81,82,98.30508474576273,100.0,0.0,2
line_118_7930,samples\line_118_7930.npz,faulted,line,118,82,83,98.30508474576273,100.0,0.0,2
line_119_7931,samples\line_119_7931.npz,faulted,line,119,82,84,97.45762711864408,100.0,1.0,2
line_120_7932,samples\line_120_7932.npz,faulted,line,120,83,84,97.45762711864408,100.0,1.0,2
line_121_7933,samples\line_121_7933.npz,faulted,line,121,84,85,98.30508474576273,100.0,1.0,3
line_122_7934,samples\line_122_7934.npz,faulted,line,122,84,87,98.30508474576273,100.0,0.0,2
line_123_7935,samples\line_123_7935.npz,faulted,line,123,84,88,98.30508474576273,100.0,0.0,2
line_124_7936,samples\line_124_7936.npz,faulted,line,124,87,88,98.30508474576273,100.0,0.0,2
line_125_7937,samples\line_125_7937.npz,faulted,line,125,88,89,98.30508474576273,100.0,0.0,2
line_126_7938,samples\line_126_7938.npz,faulted,line,126,88,89,98.30508474576273,100.0,0.0,2
line_127_7939,samples\line_127_7939.npz,faulted,line,127,89,90,98.30508474576273,100.0,0.0,2
line_128_7940,samples\line_128_7940.npz,faulted,line,128,88,91,98.30508474576273,100.0,0.0,2
line_129_7941,samples\line_129_7941.npz,faulted,line,129,88,91,98.30508474576273,100.0,0.0,2
line_130_7942,samples\line_130_7942.npz,faulted,line,130,90,91,97.45762711864408,100.0,0.0,2
line_131_7943,samples\line_131_7943.npz,faulted,line,131,91,92,98.30508474576273,100.0,0.0,2
line_132_7944,samples\line_132_7944.npz,faulted,line,132,91,93,98.30508474576273,100.0,0.0,2
line_133_7945,samples\line_133_7945.npz,faulted,line,133,92,93,98.30508474576273,100.0,0.0,2
line_134_7946,samples\line_134_7946.npz,faulted,line,134,93,94,97.45762711864408,100.0,0.0,2
line_135_7947,samples\line_135_7947.npz,faulted,line,135,79,95,98.30508474576273,100.0,0.0,2
line_136_7948,samples\line_136_7948.npz,faulted,line,136,81,95,98.30508474576273,100.0,0.0,2
line_137_7949,samples\line_137_7949.npz,faulted,line,137,93,95,98.30508474576273,100.0,0.0,2
line_138_7950,samples\line_138_7950.npz,faulted,line,138,79,96,97.45762711864408,100.0,0.0,2
line_139_7951,samples\line_139_7951.npz,faulted,line,139,79,97,98.30508474576273,100.0,0.0,2
line_140_7952,samples\line_140_7952.npz,faulted,line,140,79,98,98.30508474576273,100.0,0.0,2
line_141_7953,samples\line_141_7953.npz,faulted,line,141,91,99,98.30508474576273,100.0,1.0,2
line_142_7954,samples\line_142_7954.npz,faulted,line,142,93,99,98.30508474576273,100.0,1.0,2
line_143_7955,samples\line_143_7955.npz,faulted,line,143,94,95,98.30508474576273,100.0,0.0,2
line_144_7956,samples\line_144_7956.npz,faulted,line,144,95,96,98.30508474576273,100.0,0.0,2
line_145_7957,samples\line_145_7957.npz,faulted,line,145,97,99,98.30508474576273,100.0,1.0,2
line_146_7958,samples\line_146_7958.npz,faulted,line,146,98,99,98.30508474576273,100.0,1.0,2
line_147_7959,samples\line_147_7959.npz,faulted,line,147,99,100,97.45762711864408,100.0,1.0,2
line_148_7960,samples\line_148_7960.npz,faulted,line,148,91,101,97.45762711864408,100.0,0.0,2
line_149_7961,samples\line_149_7961.npz,faulted,line,149,100,101,98.30508474576273,100.0,0.0,2
line_150_7962,samples\line_150_7962.npz,faulted,line,150,99,102,98.30508474576273,100.0,1.0,2
line_151_7963,samples\line_151_7963.npz,faulted,line,151,99,103,98.30508474576273,100.0,1.0,2
line_152_7964,samples\line_152_7964.npz,faulted,line,152,102,103,98.30508474576273,100.0,0.0,2
line_153_7965,samples\line_153_7965.npz,faulted,line,153,102,104,98.30508474576273,100.0,0.0,2
line_154_7966,samples\line_154_7966.npz,faulted,line,154,99,105,98.30508474576273,100.0,1.0,2
line_155_7967,samples\line_155_7967.npz,faulted,line,155,103,104,98.30508474576273,100.0,0.0,2
line_156_7968,samples\line_156_7968.npz,faulted,line,156,104,105,98.30508474576273,100.0,0.0,2
line_157_7969,samples\line_157_7969.npz,faulted,line,157,104,106,97.45762711864408,100.0,1.0,2
line_158_7970,samples\line_158_7970.npz,faulted,line,158,104,107,97.45762711864408,100.0,1.0,2
line_159_7971,samples\line_159_7971.npz,faulted,line,159,105,106,98.30508474576273,100.0,0.0,2
line_160_7972,samples\line_160_7972.npz,faulted,line,160,107,108,98.30508474576273,100.0,0.0,2
line_161_7973,samples\line_161_7973.npz,faulted,line,161,102,109,98.30508474576273,100.0,0.0,2
line_162_7974,samples\line_162_7974.npz,faulted,line,162,108,109,97.45762711864408,100.0,1.0,2
line_163_7975,samples\line_163_7975.npz,faulted,line,163,109,110,97.45762711864408,100.0,1.0,3
line_164_7976,samples\line_164_7976.npz,faulted,line,164,109,111,97.45762711864408,100.0,1.0,3
line_165_7977,samples\line_165_7977.npz,faulted,line,165,16,112,98.30508474576273,100.0,1.0,2
line_166_7978,samples\line_166_7978.npz,faulted,line,166,31,112,98.30508474576273,100.0,0.0,2
line_167_7979,samples\line_167_7979.npz,faulted,line,167,31,113,97.45762711864408,100.0,0.0,2
line_168_7980,samples\line_168_7980.npz,faulted,line,168,26,114,97.45762711864408,100.0,-1.0,2
line_169_7981,samples\line_169_7981.npz,faulted,line,169,113,114,98.30508474576273,100.0,0.0,2
line_170_7982,samples\line_170_7982.npz,faulted,line,170,11,116,97.45762711864408,100.0,1.0,3
line_171_7983,samples\line_171_7983.npz,faulted,line,171,74,117,97.45762711864408,100.0,1.0,2
line_172_7984,samples\line_172_7984.npz,faulted,line,172,75,117,98.30508474576273,100.0,0.0,2
trafo_0_7985,samples\trafo_0_7985.npz,faulted,trafo,0,7,4,98.30508474576273,100.0,0.0,2
trafo_1_7986,samples\trafo_1_7986.npz,faulted,trafo,1,25,24,98.30508474576273,100.0,0.0,2
trafo_2_7987,samples\trafo_2_7987.npz,faulted,trafo,2,29,16,97.45762711864408,100.0,1.0,2
trafo_3_7988,samples\trafo_3_7988.npz,faulted,trafo,3,37,36,97.45762711864408,100.0,0.0,2
trafo_4_7989,samples\trafo_4_7989.npz,faulted,trafo,4,62,58,97.45762711864408,100.0,-1.0,2
trafo_5_7990,samples\trafo_5_7990.npz,faulted,trafo,5,63,60,97.45762711864408,100.0,0.0,2
trafo_6_7991,samples\trafo_6_7991.npz,faulted,trafo,6,64,65,98.30508474576273,100.0,0.0,2
trafo_7_7992,samples\trafo_7_7992.npz,faulted,trafo,7,64,67,97.45762711864408,100.0,0.0,2
trafo_8_7993,samples\trafo_8_7993.npz,faulted,trafo,8,67,68,98.30508474576273,100.0,0.0,2
trafo_9_7994,samples\trafo_9_7994.npz,faulted,trafo,9,80,67,98.30508474576273,100.0,0.0,2
trafo_10_7995,samples\trafo_10_7995.npz,faulted,trafo,10,80,79,98.30508474576273,100.0,0.0,2
trafo_11_7996,samples\trafo_11_7996.npz,faulted,trafo,11,86,85,98.30508474576273,100.0,0.0,2
trafo_12_7997,samples\trafo_12_7997.npz,faulted,trafo,12,115,67,97.45762711864408,100.0,0.0,3
line_0_7998,samples\line_0_7998.npz,faulted,line,0,0,1,98.30508474576273,100.0,0.0,2
line_1_7999,samples\line_1_7999.npz,faulted,line,1,0,2,98.30508474576273,100.0,0.0,2
line_2_8000,samples\line_2_8000.npz,faulted,line,2,3,4,98.30508474576273,100.0,0.0,2
line_3_8001,samples\line_3_8001.npz,faulted,line,3,2,4,98.30508474576273,100.0,0.0,2
line_4_8002,samples\line_4_8002.npz,faulted,line,4,4,5,97.45762711864408,100.0,1.0,2
line_5_8003,samples\line_5_8003.npz,faulted,line,5,5,6,98.30508474576273,100.0,0.0,2
line_6_8004,samples\line_6_8004.npz,faulted,line,6,7,8,98.30508474576273,100.0,0.0,2
line_7_8005,samples\line_7_8005.npz,faulted,line,7,8,9,97.45762711864408,100.0,1.0,3
line_8_8006,samples\line_8_8006.npz,faulted,line,8,3,10,98.30508474576273,100.0,0.0,2
line_9_8007,samples\line_9_8007.npz,faulted,line,9,4,10,98.30508474576273,100.0,0.0,2
line_10_8008,samples\line_10_8008.npz,faulted,line,10,10,11,98.30508474576273,100.0,0.0,2
line_11_8009,samples\line_11_8009.npz,faulted,line,11,1,11,98.30508474576273,100.0,0.0,2
line_12_8010,samples\line_12_8010.npz,faulted,line,12,2,11,98.30508474576273,100.0,0.0,2
line_13_8011,samples\line_13_8011.npz,faulted,line,13,6,11,97.45762711864408,100.0,1.0,2
line_14_8012,samples\line_14_8012.npz,faulted,line,14,10,12,97.45762711864408,100.0,0.0,2
line_15_8013,samples\line_15_8013.npz,faulted,line,15,11,13,97.45762711864408,100.0,0.0,2
line_16_8014,samples\line_16_8014.npz,faulted,line,16,12,14,98.30508474576273,100.0,0.0,2
line_17_8015,samples\line_17_8015.npz,faulted,line,17,13,14,98.30508474576273,100.0,0.0,2
line_18_8016,samples\line_18_8016.npz,faulted,line,18,11,15,98.30508474576273,100.0,0.0,2
line_19_8017,samples\line_19_8017.npz,faulted,line,19,14,16,97.45762711864408,100.0,0.0,2
line_20_8018,samples\line_20_8018.npz,faulted,line,20,15,16,98.30508474576273,100.0,0.0,2
line_21_8019,samples\line_21_8019.npz,faulted,line,21,16,17,97.45762711864408,100.0,0.0,2
line_22_8020,samples\line_22_8020.npz,faulted,line,22,17,18,98.30508474576273,100.0,0.0,2
line_23_8021,samples\line_23_8021.npz,faulted,line,23,18,19,98.30508474576273,100.0,0.0,2
line_24_8022,samples\line_24_8022.npz,faulted,line,24,14,18,98.30508474576273,100.0,0.0,2
line_25_8023,samples\line_25_8023.npz,faulted,line,25,19,20,97.45762711864408,100.0,1.0,2
line_26_8024,samples\line_26_8024.npz,faulted,line,26,20,21,98.30508474576273,100.0,0.0,2
line_27_8025,samples\line_27_8025.npz,faulted,line,27,21,22,97.45762711864408,100.0,2.0,2
line_28_8026,samples\line_28_8026.npz,faulted,line,28,22,23,97.45762711864408,100.0,1.0,2
line_29_8027,samples\line_29_8027.npz,faulted,line,29,22,24,98.30508474576273,100.0,2.0,2
line_30_8028,samples\line_30_8028.npz,faulted,line,30,24,26,98.30508474576273,100.0,0.0,2
line_31_8029,samples\line_31_8029.npz,faulted,line,31,26,27,98.30508474576273,100.0,-1.0,2
line_32_8030,samples\line_32_8030.npz,faulted,line,32,27,28,97.45762711864408,100.0,0.0,2
line_33_8031,samples\line_33_8031.npz,faulted,line,33,7,29,98.30508474576273,100.0,0.0,2
line_34_8032,samples\line_34_8032.npz,faulted,line,34,25,29,98.30508474576273,100.0,0.0,3
line_35_8033,samples\line_35_8033.npz,faulted,line,35,16,30,98.30508474576273,100.0,0.0,2
line_36_8034,samples\line_36_8034.npz,faulted,line,36,28,30,98.30508474576273,100.0,0.0,2
line_37_8035,samples\line_37_8035.npz,faulted,line,37,22,31,98.30508474576273,100.0,2.0,2
line_38_8036,samples\line_38_8036.npz,faulted,line,38,30,31,98.30508474576273,100.0,0.0,2
line_39_8037,samples\line_39_8037.npz,faulted,line,39,26,31,98.30508474576273,100.0,0.0,2
line_40_8038,samples\line_40_8038.npz,faulted,line,40,14,32,98.30508474576273,100.0,0.0,2
line_41_8039,samples\line_41_8039.npz,faulted,line,41,18,33,98.30508474576273,100.0,0.0,2
line_42_8040,samples\line_42_8040.npz,faulted,line,42,34,35,98.30508474576273,100.0,0.0,2
line_43_8041,samples\line_43_8041.npz,faulted,line,43,34,36,97.45762711864408,100.0,1.0,2
line_44_8042,samples\line_44_8042.npz,faulted,line,44,32,36,97.45762711864408,100.0,0.0,2
line_45_8043,samples\line_45_8043.npz,faulted,line,45,33,35,97.45762711864408,100.0,1.0,2
line_46_8044,samples\line_46_8044.npz,faulted,line,46,33,36,98.30508474576273,100.0,0.0,2
line_47_8045,samples\line_47_8045.npz,faulted,line,47,36,38,98.30508474576273,100.0,0.0,2
line_48_8046,samples\line_48_8046.npz,faulted,line,48,36,39,98.30508474576273,100.0,0.0,2
line_49_8047,samples\line_49_8047.npz,faulted,line,49,29,37,98.30508474576273,100.0,0.0,2
line_50_8048,samples\line_50_8048.npz,faulted,line,50,38,39,98.30508474576273,100.0,0.0,2
line_51_8049,samples\line_51_8049.npz,faulted,line,51,39,40,97.45762711864408,100.0,0.0,2
line_52_8050,samples\line_52_8050.npz,faulted,line,52,39,41,98.30508474576273,100.0,0.0,2
line_53_8051,samples\line_53_8051.npz,faulted,line,53,40,41,98.30508474576273,100.0,0.0,2
line_54_8052,samples\line_54_8052.npz,faulted,line,54,42,43,98.30508474576273,100.0,0.0,2
line_55_8053,samples\line_55_8053.npz,faulted,line,55,33,42,97.45762711864408,100.0,1.0,2
line_56_8054,samples\line_56_8054.npz,faulted,line,56,43,44,97.45762711864408,100.0,1.0,2
line_57_8055,samples\line_57_8055.npz,faulted,line,57,44,45,97.45762711864408,100.0,1.0,2
line_58_8056,samples\line_58_8056.npz,faulted,line,58,45,46,98.30508474576273,100.0,0.0,2
line_59_8057,samples\line_59_8057.npz,faulted,line,59,45,47,98.30508474576273,100.0,0.0,2
line_60_8058,samples\line_60_8058.npz,faulted,line,60,46,48,97.45762711864408,100.0,1.0,2
line_61_8059,samples\line_61_8059.npz,faulted,line,61,41,48,98.30508474576273,100.0,0.0,2
line_62_8060,samples\line_62_8060.npz,faulted,line,62,41,48,98.30508474576273,100.0,0.0,2
line_63_8061,samples\line_63_8061.npz,faulted,line,63,44,48,98.30508474576273,100.0,1.0,2
line_64_8062,samples\line_64_8062.npz,faulted,line,64,47,48,97.45762711864408,100.0,1.0,2
line_65_8063,samples\line_65_8063.npz,faulted,line,65,48,49,98.30508474576273,100.0,0.0,2
line_66_8064,samples\line_66_8064.npz,faulted,line,66,48,50,98.30508474576273,100.0,0.0,2
line_67_8065,samples\line_67_8065.npz,faulted,line,67,50,51,98.30508474576273,100.0,-1.0,2
line_68_8066,samples\line_68_8066.npz,faulted,line,68,51,52,97.45762711864408,100.0,0.0,2
line_69_8067,samples\line_69_8067.npz,faulted,line,69,52,53,98.30508474576273,100.0,0.0,2
line_70_8068,samples\line_70_8068.npz,faulted,line,70,48,53,98.30508474576273,100.0,0.0,2
line_71_8069,samples\line_71_8069.npz,faulted,line,71,48,53,98.30508474576273,100.0,0.0,2
line_72_8070,samples\line_72_8070.npz,faulted,line,72,53,54,98.30508474576273,100.0,0.0,2
line_73_8071,samples\line_73_8071.npz,faulted,line,73,53,55,98.30508474576273,100.0,0.0,2
line_74_8072,samples\line_74_8072.npz,faulted,line,74,54,55,98.30508474576273,100.0,0.0,2
line_75_8073,samples\line_75_8073.npz,faulted,line,75,55,56,98.30508474576273,100.0,0.0,2
line_76_8074,samples\line_76_8074.npz,faulted,line,76,49,56,97.45762711864408,100.0,0.0,2
line_77_8075,samples\line_77_8075.npz,faulted,line,77,55,57,98.30508474576273,100.0,0.0,2
line_78_8076,samples\line_78_8076.npz,faulted,line,78,50,57,97.45762711864408,100.0,-1.0,2
line_79_8077,samples\line_79_8077.npz,faulted,line,79,53,58,98.30508474576273,100.0,0.0,2
line_80_8078,samples\line_80_8078.npz,faulted,line,80,55,58,98.30508474576273,100.0,0.0,2
line_81_8079,samples\line_81_8079.npz,faulted,line,81,55,58,98.30508474576273,100.0,0.0,2
line_82_8080,samples\line_82_8080.npz,faulted,line,82,54,58,97.45762711864408,100.0,-1.0,2
line_83_8081,samples\line_83_8081.npz,faulted,line,83,58,59,98.30508474576273,100.0,-1.0,2
line_84_8082,samples\line_84_8082.npz,faulted,line,84,58,60,98.30508474576273,100.0,-1.0,2
line_85_8083,samples\line_85_8083.npz,faulted,line,85,59,60,98.30508474576273,100.0,0.0,2
line_86_8084,samples\line_86_8084.npz,faulted,line,86,59,61,98.30508474576273,100.0,0.0,2
line_87_8085,samples\line_87_8085.npz,faulted,line,87,60,61,98.30508474576273,100.0,0.0,2
line_88_8086,samples\line_88_8086.npz,faulted,line,88,62,63,98.30508474576273,100.0,0.0,2
line_89_8087,samples\line_89_8087.npz,faulted,line,89,37,64,98.30508474576273,100.0,0.0,2
line_90_8088,samples\line_90_8088.npz,faulted,line,90,63,64,98.30508474576273,100.0,0.0,2
line_91_8089,samples\line_91_8089.npz,faulted,line,91,48,65,98.30508474576273,100.0,0.0,2
line_92_8090,samples\line_92_8090.npz,faulted,line,92,48,65,98.30508474576273,100.0,0.0,2
line_93_8091,samples\line_93_8091.npz,faulted,line,93,61,65,98.30508474576273,100.0,0.0,2
line_94_8092,samples\line_94_8092.npz,faulted,line,94,61,66,97.45762711864408,100.0,0.0,2
line_95_8093,samples\line_95_8093.npz,faulted,line,95,65,66,98.30508474576273,100.0,1.0,2
line_96_8094,samples\line_96_8094.npz,faulted,line,96,46,68,98.30508474576273,100.0,0.0,2
line_97_8095,samples\line_97_8095.npz,faulted,line,97,48,68,98.30508474576273,100.0,0.0,2
line_98_8096,samples\line_98_8096.npz,faulted,line,98,68,69,98.30508474576273,100.0,0.0,2
line_99_8097,samples\line_99_8097.npz,faulted,line,99,23,69,98.30508474576273,100.0,0.0,2
line_100_8098,samples\line_100_8098.npz,faulted,line,100,69,70,98.30508474576273,100.0,0.0,2
line_101_8099,samples\line_101_8099.npz,faulted,line,101,23,71,98.30508474576273,100.0,0.0,2
line_102_8100,samples\line_102_8100.npz,faulted,line,102,70,71,97.45762711864408,100.0,2.0,2
line_103_8101,samples\line_103_8101.npz,faulted,line,103,70,72,97.45762711864408,100.0,2.0,3
line_104_8102,samples\line_104_8102.npz,faulted,line,104,69,73,98.30508474576273,100.0,0.0,2
line_105_8103,samples\line_105_8103.npz,faulted,line,105,69,74,98.30508474576273,100.0,0.0,2
line_106_8104,samples\line_106_8104.npz,faulted,line,106,68,74,98.30508474576273,100.0,0.0,2
line_107_8105,samples\line_107_8105.npz,faulted,line,107,73,74,97.45762711864408,100.0,1.0,2
line_108_8106,samples\line_108_8106.npz,faulted,line,108,75,76,97.45762711864408,100.0,1.0,2
line_109_8107,samples\line_109_8107.npz,faulted,line,109,68,76,98.30508474576273,100.0,0.0,2
line_110_8108,samples\line_110_8108.npz,faulted,line,110,74,76,98.30508474576273,100.0,1.0,2
line_111_8109,samples\line_111_8109.npz,faulted,line,111,76,77,97.45762711864408,100.0,1.0,2
line_112_8110,samples\line_112_8110.npz,faulted,line,112,77,78,98.30508474576273,100.0,0.0,2
line_113_8111,samples\line_113_8111.npz,faulted,line,113,76,79,98.30508474576273,100.0,0.0,2
line_114_8112,samples\line_114_8112.npz,faulted,line,114,76,79,98.30508474576273,100.0,0.0,2
line_115_8113,samples\line_115_8113.npz,faulted,line,115,78,79,97.45762711864408,100.0,0.0,2
line_116_8114,samples\line_116_8114.npz,faulted,line,116,76,81,97.45762711864408,100.0,1.0,2
line_117_8115,samples\line_117_8115.npz,faulted,line,117,81,82,98.30508474576273,100.0,0.0,2
line_118_8116,samples\line_118_8116.npz,faulted,line,118,82,83,98.30508474576273,100.0,0.0,2
line_119_8117,samples\line_119_8117.npz,faulted,line,119,82,84,97.45762711864408,100.0,1.0,2
line_120_8118,samples\line_120_8118.npz,faulted,line,120,83,84,97.45762711864408,100.0,1.0,2
line_121_8119,samples\line_121_8119.npz,faulted,line,121,84,85,98.30508474576273,100.0,0.0,3
line_122_8120,samples\line_122_8120.npz,faulted,line,122,84,87,98.30508474576273,100.0,0.0,2
line_123_8121,samples\line_123_8121.npz,faulted,line,123,84,88,98.30508474576273,100.0,0.0,2
line_124_8122,samples\line_124_8122.npz,faulted,line,124,87,88,98.30508474576273,100.0,0.0,2
line_125_8123,samples\line_125_8123.npz,faulted,line,125,88,89,98.30508474576273,100.0,0.0,2
line_126_8124,samples\line_126_8124.npz,faulted,line,126,88,89,98.30508474576273,100.0,0.0,2
line_127_8125,samples\line_127_8125.npz,faulted,line,127,89,90,98.30508474576273,100.0,0.0,2
line_128_8126,samples\line_128_8126.npz,faulted,line,128,88,91,98.30508474576273,100.0,0.0,2
line_129_8127,samples\line_129_8127.npz,faulted,line,129,88,91,98.30508474576273,100.0,0.0,2
line_130_8128,samples\line_130_8128.npz,faulted,line,130,90,91,97.45762711864408,100.0,0.0,2
line_131_8129,samples\line_131_8129.npz,faulted,line,131,91,92,98.30508474576273,100.0,0.0,2
line_132_8130,samples\line_132_8130.npz,faulted,line,132,91,93,98.30508474576273,100.0,0.0,2
line_133_8131,samples\line_133_8131.npz,faulted,line,133,92,93,98.30508474576273,100.0,0.0,2
line_134_8132,samples\line_134_8132.npz,faulted,line,134,93,94,97.45762711864408,100.0,0.0,2
line_135_8133,samples\line_135_8133.npz,faulted,line,135,79,95,98.30508474576273,100.0,0.0,2
line_136_8134,samples\line_136_8134.npz,faulted,line,136,81,95,98.30508474576273,100.0,0.0,2
line_137_8135,samples\line_137_8135.npz,faulted,line,137,93,95,98.30508474576273,100.0,0.0,2
line_138_8136,samples\line_138_8136.npz,faulted,line,138,79,96,97.45762711864408,100.0,0.0,2
line_139_8137,samples\line_139_8137.npz,faulted,line,139,79,97,98.30508474576273,100.0,0.0,2
line_140_8138,samples\line_140_8138.npz,faulted,line,140,79,98,98.30508474576273,100.0,0.0,2
line_141_8139,samples\line_141_8139.npz,faulted,line,141,91,99,98.30508474576273,100.0,1.0,2
line_142_8140,samples\line_142_8140.npz,faulted,line,142,93,99,98.30508474576273,100.0,1.0,2
line_143_8141,samples\line_143_8141.npz,faulted,line,143,94,95,98.30508474576273,100.0,0.0,2
line_144_8142,samples\line_144_8142.npz,faulted,line,144,95,96,98.30508474576273,100.0,0.0,2
line_145_8143,samples\line_145_8143.npz,faulted,line,145,97,99,98.30508474576273,100.0,1.0,2
line_146_8144,samples\line_146_8144.npz,faulted,line,146,98,99,98.30508474576273,100.0,1.0,2
line_147_8145,samples\line_147_8145.npz,faulted,line,147,99,100,97.45762711864408,100.0,1.0,2
line_148_8146,samples\line_148_8146.npz,faulted,line,148,91,101,97.45762711864408,100.0,0.0,2
line_149_8147,samples\line_149_8147.npz,faulted,line,149,100,101,98.30508474576273,100.0,0.0,2
line_150_8148,samples\line_150_8148.npz,faulted,line,150,99,102,98.30508474576273,100.0,1.0,2
line_151_8149,samples\line_151_8149.npz,faulted,line,151,99,103,98.30508474576273,100.0,1.0,2
line_152_8150,samples\line_152_8150.npz,faulted,line,152,102,103,98.30508474576273,100.0,0.0,2
line_153_8151,samples\line_153_8151.npz,faulted,line,153,102,104,98.30508474576273,100.0,0.0,2
line_154_8152,samples\line_154_8152.npz,faulted,line,154,99,105,98.30508474576273,100.0,1.0,2
line_155_8153,samples\line_155_8153.npz,faulted,line,155,103,104,98.30508474576273,100.0,0.0,2
line_156_8154,samples\line_156_8154.npz,faulted,line,156,104,105,98.30508474576273,100.0,0.0,2
line_157_8155,samples\line_157_8155.npz,faulted,line,157,104,106,97.45762711864408,100.0,1.0,2
line_158_8156,samples\line_158_8156.npz,faulted,line,158,104,107,97.45762711864408,100.0,1.0,2
line_159_8157,samples\line_159_8157.npz,faulted,line,159,105,106,98.30508474576273,100.0,0.0,2
line_160_8158,samples\line_160_8158.npz,faulted,line,160,107,108,98.30508474576273,100.0,0.0,2
line_161_8159,samples\line_161_8159.npz,faulted,line,161,102,109,98.30508474576273,100.0,0.0,2
line_162_8160,samples\line_162_8160.npz,faulted,line,162,108,109,97.45762711864408,100.0,1.0,2
line_163_8161,samples\line_163_8161.npz,faulted,line,163,109,110,97.45762711864408,100.0,1.0,3
line_164_8162,samples\line_164_8162.npz,faulted,line,164,109,111,97.45762711864408,100.0,1.0,3
line_165_8163,samples\line_165_8163.npz,faulted,line,165,16,112,98.30508474576273,100.0,0.0,2
line_166_8164,samples\line_166_8164.npz,faulted,line,166,31,112,98.30508474576273,100.0,0.0,2
line_167_8165,samples\line_167_8165.npz,faulted,line,167,31,113,97.45762711864408,100.0,0.0,2
line_168_8166,samples\line_168_8166.npz,faulted,line,168,26,114,97.45762711864408,100.0,-1.0,2
line_169_8167,samples\line_169_8167.npz,faulted,line,169,113,114,98.30508474576273,100.0,0.0,2
line_170_8168,samples\line_170_8168.npz,faulted,line,170,11,116,97.45762711864408,100.0,1.0,3
line_171_8169,samples\line_171_8169.npz,faulted,line,171,74,117,97.45762711864408,100.0,1.0,2
line_172_8170,samples\line_172_8170.npz,faulted,line,172,75,117,98.30508474576273,100.0,0.0,2
trafo_0_8171,samples\trafo_0_8171.npz,faulted,trafo,0,7,4,97.45762711864408,100.0,0.0,2
trafo_1_8172,samples\trafo_1_8172.npz,faulted,trafo,1,25,24,98.30508474576273,100.0,0.0,2
trafo_2_8173,samples\trafo_2_8173.npz,faulted,trafo,2,29,16,97.45762711864408,100.0,0.0,2
trafo_3_8174,samples\trafo_3_8174.npz,faulted,trafo,3,37,36,97.45762711864408,100.0,0.0,2
trafo_4_8175,samples\trafo_4_8175.npz,faulted,trafo,4,62,58,97.45762711864408,100.0,-1.0,2
trafo_5_8176,samples\trafo_5_8176.npz,faulted,trafo,5,63,60,97.45762711864408,100.0,0.0,2
trafo_6_8177,samples\trafo_6_8177.npz,faulted,trafo,6,64,65,98.30508474576273,100.0,1.0,2
trafo_7_8178,samples\trafo_7_8178.npz,faulted,trafo,7,64,67,98.30508474576273,100.0,0.0,2
trafo_8_8179,samples\trafo_8_8179.npz,faulted,trafo,8,67,68,98.30508474576273,100.0,0.0,2
trafo_9_8180,samples\trafo_9_8180.npz,faulted,trafo,9,80,67,98.30508474576273,100.0,0.0,2
trafo_10_8181,samples\trafo_10_8181.npz,faulted,trafo,10,80,79,98.30508474576273,100.0,0.0,2
trafo_11_8182,samples\trafo_11_8182.npz,faulted,trafo,11,86,85,97.45762711864408,100.0,0.0,3
trafo_12_8183,samples\trafo_12_8183.npz,faulted,trafo,12,115,67,97.45762711864408,100.0,1.0,3
line_0_8184,samples\line_0_8184.npz,faulted,line,0,0,1,97.45762711864408,100.0,0.0,1
line_1_8185,samples\line_1_8185.npz,faulted,line,1,0,2,97.45762711864408,100.0,0.0,1
line_2_8186,samples\line_2_8186.npz,faulted,line,2,3,4,97.45762711864408,100.0,2.0,1
line_3_8187,samples\line_3_8187.npz,faulted,line,3,2,4,97.45762711864408,100.0,0.0,1
line_4_8188,samples\line_4_8188.npz,faulted,line,4,4,5,96.61016949152544,100.0,2.0,1
line_5_8189,samples\line_5_8189.npz,faulted,line,5,5,6,97.45762711864408,100.0,0.0,1
line_6_8190,samples\line_6_8190.npz,faulted,line,6,7,8,97.45762711864408,100.0,0.0,2
line_7_8191,samples\line_7_8191.npz,faulted,line,7,8,9,96.61016949152544,100.0,1.0,2
line_8_8192,samples\line_8_8192.npz,faulted,line,8,3,10,97.45762711864408,100.0,0.0,1
line_9_8193,samples\line_9_8193.npz,faulted,line,9,4,10,97.45762711864408,100.0,0.0,1
line_10_8194,samples\line_10_8194.npz,faulted,line,10,10,11,97.45762711864408,100.0,0.0,1
line_11_8195,samples\line_11_8195.npz,faulted,line,11,1,11,97.45762711864408,100.0,0.0,1
line_12_8196,samples\line_12_8196.npz,faulted,line,12,2,11,97.45762711864408,100.0,0.0,1
line_13_8197,samples\line_13_8197.npz,faulted,line,13,6,11,96.61016949152544,100.0,1.0,1
line_14_8198,samples\line_14_8198.npz,faulted,line,14,10,12,96.61016949152544,100.0,0.0,1
line_15_8199,samples\line_15_8199.npz,faulted,line,15,11,13,96.61016949152544,100.0,0.0,1
line_16_8200,samples\line_16_8200.npz,faulted,line,16,12,14,97.45762711864408,100.0,0.0,1
line_17_8201,samples\line_17_8201.npz,faulted,line,17,13,14,97.45762711864408,100.0,0.0,1
line_18_8202,samples\line_18_8202.npz,faulted,line,18,11,15,97.45762711864408,100.0,1.0,1
line_19_8203,samples\line_19_8203.npz,faulted,line,19,14,16,96.61016949152544,100.0,0.0,1
line_20_8204,samples\line_20_8204.npz,faulted,line,20,15,16,97.45762711864408,100.0,0.0,1
line_21_8205,samples\line_21_8205.npz,faulted,line,21,16,17,97.45762711864408,100.0,0.0,1
line_22_8206,samples\line_22_8206.npz,faulted,line,22,17,18,97.45762711864408,100.0,0.0,2
line_23_8207,samples\line_23_8207.npz,faulted,line,23,18,19,97.45762711864408,100.0,0.0,1
line_24_8208,samples\line_24_8208.npz,faulted,line,24,14,18,97.45762711864408,100.0,0.0,1
line_25_8209,samples\line_25_8209.npz,faulted,line,25,19,20,96.61016949152544,100.0,0.0,1
line_26_8210,samples\line_26_8210.npz,faulted,line,26,20,21,97.45762711864408,100.0,1.0,1
line_27_8211,samples\line_27_8211.npz,faulted,line,27,21,22,96.61016949152544,100.0,0.0,1
line_28_8212,samples\line_28_8212.npz,faulted,line,28,22,23,96.61016949152544,100.0,0.0,1
line_29_8213,samples\line_29_8213.npz,faulted,line,29,22,24,97.45762711864408,100.0,0.0,1
line_30_8214,samples\line_30_8214.npz,faulted,line,30,24,26,97.45762711864408,100.0,0.0,1
line_31_8215,samples\line_31_8215.npz,faulted,line,31,26,27,97.45762711864408,100.0,0.0,1
line_32_8216,samples\line_32_8216.npz,faulted,line,32,27,28,96.61016949152544,100.0,0.0,1
line_33_8217,samples\line_33_8217.npz,faulted,line,33,7,29,97.45762711864408,100.0,0.0,1
line_34_8218,samples\line_34_8218.npz,faulted,line,34,25,29,97.45762711864408,100.0,1.0,1
line_35_8219,samples\line_35_8219.npz,faulted,line,35,16,30,97.45762711864408,100.0,0.0,1
line_36_8220,samples\line_36_8220.npz,faulted,line,36,28,30,97.45762711864408,100.0,0.0,1
line_37_8221,samples\line_37_8221.npz,faulted,line,37,22,31,97.45762711864408,100.0,2.0,1
line_38_8222,samples\line_38_8222.npz,faulted,line,38,30,31,97.45762711864408,100.0,2.0,1
line_39_8223,samples\line_39_8223.npz,faulted,line,39,26,31,97.45762711864408,100.0,1.0,1
line_40_8224,samples\line_40_8224.npz,faulted,line,40,14,32,97.45762711864408,100.0,0.0,1
line_41_8225,samples\line_41_8225.npz,faulted,line,41,18,33,97.45762711864408,100.0,0.0,1
line_42_8226,samples\line_42_8226.npz,faulted,line,42,34,35,97.45762711864408,100.0,0.0,1
line_43_8227,samples\line_43_8227.npz,faulted,line,43,34,36,96.61016949152544,100.0,0.0,1
line_44_8228,samples\line_44_8228.npz,faulted,line,44,32,36,96.61016949152544,100.0,0.0,1
line_45_8229,samples\line_45_8229.npz,faulted,line,45,33,35,96.61016949152544,100.0,1.0,1
line_46_8230,samples\line_46_8230.npz,faulted,line,46,33,36,97.45762711864408,100.0,0.0,1
line_47_8231,samples\line_47_8231.npz,faulted,line,47,36,38,97.45762711864408,100.0,0.0,1
line_48_8232,samples\line_48_8232.npz,faulted,line,48,36,39,97.45762711864408,100.0,0.0,1
line_49_8233,samples\line_49_8233.npz,faulted,line,49,29,37,97.45762711864408,100.0,0.0,1
line_50_8234,samples\line_50_8234.npz,faulted,line,50,38,39,97.45762711864408,100.0,0.0,1
line_51_8235,samples\line_51_8235.npz,faulted,line,51,39,40,96.61016949152544,100.0,0.0,1
line_52_8236,samples\line_52_8236.npz,faulted,line,52,39,41,97.45762711864408,100.0,0.0,1
line_53_8237,samples\line_53_8237.npz,faulted,line,53,40,41,97.45762711864408,100.0,0.0,1
line_54_8238,samples\line_54_8238.npz,faulted,line,54,42,43,97.45762711864408,100.0,0.0,1
line_55_8239,samples\line_55_8239.npz,faulted,line,55,33,42,96.61016949152544,100.0,1.0,1
line_56_8240,samples\line_56_8240.npz,faulted,line,56,43,44,96.61016949152544,100.0,1.0,1
line_57_8241,samples\line_57_8241.npz,faulted,line,57,44,45,96.61016949152544,100.0,1.0,1
line_58_8242,samples\line_58_8242.npz,faulted,line,58,45,46,97.45762711864408,100.0,0.0,1
line_59_8243,samples\line_59_8243.npz,faulted,line,59,45,47,97.45762711864408,100.0,0.0,1
line_60_8244,samples\line_60_8244.npz,faulted,line,60,46,48,96.61016949152544,100.0,1.0,1
line_61_8245,samples\line_61_8245.npz,faulted,line,61,41,48,97.45762711864408,100.0,0.0,1
line_62_8246,samples\line_62_8246.npz,faulted,line,62,41,48,97.45762711864408,100.0,0.0,1
line_63_8247,samples\line_63_8247.npz,faulted,line,63,44,48,97.45762711864408,100.0,1.0,1
line_64_8248,samples\line_64_8248.npz,faulted,line,64,47,48,96.61016949152544,100.0,1.0,1
line_65_8249,samples\line_65_8249.npz,faulted,line,65,48,49,97.45762711864408,100.0,0.0,1
line_66_8250,samples\line_66_8250.npz,faulted,line,66,48,50,97.45762711864408,100.0,0.0,1
line_67_8251,samples\line_67_8251.npz,faulted,line,67,50,51,97.45762711864408,100.0,-1.0,1
line_68_8252,samples\line_68_8252.npz,faulted,line,68,51,52,96.61016949152544,100.0,0.0,1
line_69_8253,samples\line_69_8253.npz,faulted,line,69,52,53,97.45762711864408,100.0,0.0,1
line_70_8254,samples\line_70_8254.npz,faulted,line,70,48,53,97.45762711864408,100.0,0.0,1
line_71_8255,samples\line_71_8255.npz,faulted,line,71,48,53,97.45762711864408,100.0,0.0,1
line_72_8256,samples\line_72_8256.npz,faulted,line,72,53,54,97.45762711864408,100.0,0.0,1
line_73_8257,samples\line_73_8257.npz,faulted,line,73,53,55,97.45762711864408,100.0,0.0,1
line_74_8258,samples\line_74_8258.npz,faulted,line,74,54,55,97.45762711864408,100.0,0.0,1
line_75_8259,samples\line_75_8259.npz,faulted,line,75,55,56,97.45762711864408,100.0,0.0,1
line_76_8260,samples\line_76_8260.npz,faulted,line,76,49,56,96.61016949152544,100.0,0.0,1
line_77_8261,samples\line_77_8261.npz,faulted,line,77,55,57,97.45762711864408,100.0,0.0,1
line_78_8262,samples\line_78_8262.npz,faulted,line,78,50,57,96.61016949152544,100.0,-1.0,1
line_79_8263,samples\line_79_8263.npz,faulted,line,79,53,58,97.45762711864408,100.0,0.0,1
line_80_8264,samples\line_80_8264.npz,faulted,line,80,55,58,97.45762711864408,100.0,0.0,1
line_81_8265,samples\line_81_8265.npz,faulted,line,81,55,58,97.45762711864408,100.0,0.0,1
line_82_8266,samples\line_82_8266.npz,faulted,line,82,54,58,96.61016949152544,100.0,0.0,1
line_83_8267,samples\line_83_8267.npz,faulted,line,83,58,59,97.45762711864408,100.0,0.0,1
line_84_8268,samples\line_84_8268.npz,faulted,line,84,58,60,97.45762711864408,100.0,0.0,1
line_85_8269,samples\line_85_8269.npz,faulted,line,85,59,60,97.45762711864408,100.0,0.0,1
line_86_8270,samples\line_86_8270.npz,faulted,line,86,59,61,97.45762711864408,100.0,0.0,1
line_87_8271,samples\line_87_8271.npz,faulted,line,87,60,61,97.45762711864408,100.0,0.0,1
line_88_8272,samples\line_88_8272.npz,faulted,line,88,62,63,97.45762711864408,100.0,0.0,1
line_89_8273,samples\line_89_8273.npz,faulted,line,89,37,64,97.45762711864408,100.0,1.0,1
line_90_8274,samples\line_90_8274.npz,faulted,line,90,63,64,97.45762711864408,100.0,1.0,1
line_91_8275,samples\line_91_8275.npz,faulted,line,91,48,65,97.45762711864408,100.0,0.0,1
line_92_8276,samples\line_92_8276.npz,faulted,line,92,48,65,97.45762711864408,100.0,0.0,1
line_93_8277,samples\line_93_8277.npz,faulted,line,93,61,65,97.45762711864408,100.0,0.0,1
line_94_8278,samples\line_94_8278.npz,faulted,line,94,61,66,96.61016949152544,100.0,0.0,1
line_95_8279,samples\line_95_8279.npz,faulted,line,95,65,66,97.45762711864408,100.0,0.0,1
line_96_8280,samples\line_96_8280.npz,faulted,line,96,46,68,97.45762711864408,100.0,0.0,1
line_97_8281,samples\line_97_8281.npz,faulted,line,97,48,68,97.45762711864408,100.0,0.0,1
line_98_8282,samples\line_98_8282.npz,faulted,line,98,68,69,97.45762711864408,100.0,0.0,1
line_99_8283,samples\line_99_8283.npz,faulted,line,99,23,69,97.45762711864408,100.0,0.0,1
line_100_8284,samples\line_100_8284.npz,faulted,line,100,69,70,97.45762711864408,100.0,0.0,1
line_101_8285,samples\line_101_8285.npz,faulted,line,101,23,71,97.45762711864408,100.0,0.0,1
line_102_8286,samples\line_102_8286.npz,faulted,line,102,70,71,96.61016949152544,100.0,1.0,1
line_103_8287,samples\line_103_8287.npz,faulted,line,103,70,72,96.61016949152544,100.0,1.0,2
line_104_8288,samples\line_104_8288.npz,faulted,line,104,69,73,97.45762711864408,100.0,0.0,1
line_105_8289,samples\line_105_8289.npz,faulted,line,105,69,74,97.45762711864408,100.0,0.0,1
line_106_8290,samples\line_106_8290.npz,faulted,line,106,68,74,97.45762711864408,100.0,0.0,1
line_107_8291,samples\line_107_8291.npz,faulted,line,107,73,74,96.61016949152544,100.0,0.0,1
line_108_8292,samples\line_108_8292.npz,faulted,line,108,75,76,96.61016949152544,100.0,0.0,1
line_109_8293,samples\line_109_8293.npz,faulted,line,109,68,76,97.45762711864408,100.0,0.0,1
line_110_8294,samples\line_110_8294.npz,faulted,line,110,74,76,97.45762711864408,100.0,0.0,1
line_111_8295,samples\line_111_8295.npz,faulted,line,111,76,77,96.61016949152544,100.0,0.0,1
line_112_8296,samples\line_112_8296.npz,faulted,line,112,77,78,97.45762711864408,100.0,0.0,1
line_113_8297,samples\line_113_8297.npz,faulted,line,113,76,79,97.45762711864408,100.0,0.0,1
line_114_8298,samples\line_114_8298.npz,faulted,line,114,76,79,97.45762711864408,100.0,0.0,1
line_115_8299,samples\line_115_8299.npz,faulted,line,115,78,79,96.61016949152544,100.0,1.0,1
line_116_8300,samples\line_116_8300.npz,faulted,line,116,76,81,96.61016949152544,100.0,0.0,1
line_117_8301,samples\line_117_8301.npz,faulted,line,117,81,82,97.45762711864408,100.0,0.0,1
line_118_8302,samples\line_118_8302.npz,faulted,line,118,82,83,97.45762711864408,100.0,0.0,1
line_119_8303,samples\line_119_8303.npz,faulted,line,119,82,84,96.61016949152544,100.0,1.0,1
line_120_8304,samples\line_120_8304.npz,faulted,line,120,83,84,96.61016949152544,100.0,1.0,1
line_121_8305,samples\line_121_8305.npz,faulted,line,121,84,85,97.45762711864408,100.0,0.0,2
line_122_8306,samples\line_122_8306.npz,faulted,line,122,84,87,97.45762711864408,100.0,0.0,1
line_123_8307,samples\line_123_8307.npz,faulted,line,123,84,88,97.45762711864408,100.0,0.0,1
line_124_8308,samples\line_124_8308.npz,faulted,line,124,87,88,97.45762711864408,100.0,0.0,1
line_125_8309,samples\line_125_8309.npz,faulted,line,125,88,89,97.45762711864408,100.0,0.0,1
line_126_8310,samples\line_126_8310.npz,faulted,line,126,88,89,97.45762711864408,100.0,0.0,1
line_127_8311,samples\line_127_8311.npz,faulted,line,127,89,90,97.45762711864408,100.0,0.0,1
line_128_8312,samples\line_128_8312.npz,faulted,line,128,88,91,97.45762711864408,100.0,0.0,1
line_129_8313,samples\line_129_8313.npz,faulted,line,129,88,91,97.45762711864408,100.0,0.0,1
line_130_8314,samples\line_130_8314.npz,faulted,line,130,90,91,96.61016949152544,100.0,0.0,1
line_131_8315,samples\line_131_8315.npz,faulted,line,131,91,92,97.45762711864408,100.0,0.0,1
line_132_8316,samples\line_132_8316.npz,faulted,line,132,91,93,97.45762711864408,100.0,0.0,1
line_133_8317,samples\line_133_8317.npz,faulted,line,133,92,93,97.45762711864408,100.0,0.0,1
line_134_8318,samples\line_134_8318.npz,faulted,line,134,93,94,96.61016949152544,100.0,0.0,1
line_135_8319,samples\line_135_8319.npz,faulted,line,135,79,95,97.45762711864408,100.0,0.0,1
line_136_8320,samples\line_136_8320.npz,faulted,line,136,81,95,97.45762711864408,100.0,0.0,1
line_137_8321,samples\line_137_8321.npz,faulted,line,137,93,95,97.45762711864408,100.0,0.0,1
line_138_8322,samples\line_138_8322.npz,faulted,line,138,79,96,96.61016949152544,100.0,0.0,1
line_139_8323,samples\line_139_8323.npz,faulted,line,139,79,97,97.45762711864408,100.0,0.0,1
line_140_8324,samples\line_140_8324.npz,faulted,line,140,79,98,97.45762711864408,100.0,0.0,1
line_141_8325,samples\line_141_8325.npz,faulted,line,141,91,99,97.45762711864408,100.0,0.0,1
line_142_8326,samples\line_142_8326.npz,faulted,line,142,93,99,97.45762711864408,100.0,0.0,1
line_143_8327,samples\line_143_8327.npz,faulted,line,143,94,95,97.45762711864408,100.0,0.0,1
line_144_8328,samples\line_144_8328.npz,faulted,line,144,95,96,97.45762711864408,100.0,0.0,1
line_145_8329,samples\line_145_8329.npz,faulted,line,145,97,99,97.45762711864408,100.0,0.0,1
line_146_8330,samples\line_146_8330.npz,faulted,line,146,98,99,97.45762711864408,100.0,0.0,1
line_147_8331,samples\line_147_8331.npz,faulted,line,147,99,100,96.61016949152544,100.0,0.0,1
line_148_8332,samples\line_148_8332.npz,faulted,line,148,91,101,96.61016949152544,100.0,0.0,1
line_149_8333,samples\line_149_8333.npz,faulted,line,149,100,101,97.45762711864408,100.0,0.0,1
line_150_8334,samples\line_150_8334.npz,faulted,line,150,99,102,97.45762711864408,100.0,0.0,1
line_151_8335,samples\line_151_8335.npz,faulted,line,151,99,103,97.45762711864408,100.0,0.0,1
line_152_8336,samples\line_152_8336.npz,faulted,line,152,102,103,97.45762711864408,100.0,0.0,1
line_153_8337,samples\line_153_8337.npz,faulted,line,153,102,104,97.45762711864408,100.0,0.0,1
line_154_8338,samples\line_154_8338.npz,faulted,line,154,99,105,97.45762711864408,100.0,0.0,1
line_155_8339,samples\line_155_8339.npz,faulted,line,155,103,104,97.45762711864408,100.0,0.0,1
line_156_8340,samples\line_156_8340.npz,faulted,line,156,104,105,97.45762711864408,100.0,0.0,1
line_157_8341,samples\line_157_8341.npz,faulted,line,157,104,106,96.61016949152544,100.0,1.0,1
line_158_8342,samples\line_158_8342.npz,faulted,line,158,104,107,96.61016949152544,100.0,1.0,1
line_159_8343,samples\line_159_8343.npz,faulted,line,159,105,106,97.45762711864408,100.0,0.0,1
line_160_8344,samples\line_160_8344.npz,faulted,line,160,107,108,97.45762711864408,100.0,0.0,1
line_161_8345,samples\line_161_8345.npz,faulted,line,161,102,109,97.45762711864408,100.0,0.0,1
line_162_8346,samples\line_162_8346.npz,faulted,line,162,108,109,96.61016949152544,100.0,1.0,1
line_163_8347,samples\line_163_8347.npz,faulted,line,163,109,110,96.61016949152544,100.0,1.0,2
line_164_8348,samples\line_164_8348.npz,faulted,line,164,109,111,96.61016949152544,100.0,1.0,2
line_165_8349,samples\line_165_8349.npz,faulted,line,165,16,112,97.45762711864408,100.0,0.0,1
line_166_8350,samples\line_166_8350.npz,faulted,line,166,31,112,97.45762711864408,100.0,2.0,1
line_167_8351,samples\line_167_8351.npz,faulted,line,167,31,113,96.61016949152544,100.0,2.0,1
line_168_8352,samples\line_168_8352.npz,faulted,line,168,26,114,96.61016949152544,100.0,0.0,1
line_169_8353,samples\line_169_8353.npz,faulted,line,169,113,114,97.45762711864408,100.0,0.0,1
line_170_8354,samples\line_170_8354.npz,faulted,line,170,11,116,96.61016949152544,100.0,1.0,2
line_171_8355,samples\line_171_8355.npz,faulted,line,171,74,117,96.61016949152544,100.0,0.0,1
line_172_8356,samples\line_172_8356.npz,faulted,line,172,75,117,97.45762711864408,100.0,0.0,1
trafo_0_8357,samples\trafo_0_8357.npz,faulted,trafo,0,7,4,97.45762711864408,100.0,0.0,1
trafo_1_8358,samples\trafo_1_8358.npz,faulted,trafo,1,25,24,96.61016949152544,100.0,1.0,1
trafo_2_8359,samples\trafo_2_8359.npz,faulted,trafo,2,29,16,97.45762711864408,100.0,0.0,1
trafo_3_8360,samples\trafo_3_8360.npz,faulted,trafo,3,37,36,97.45762711864408,100.0,0.0,1
trafo_4_8361,samples\trafo_4_8361.npz,faulted,trafo,4,62,58,96.61016949152544,100.0,0.0,1
trafo_5_8362,samples\trafo_5_8362.npz,faulted,trafo,5,63,60,96.61016949152544,100.0,0.0,1
trafo_6_8363,samples\trafo_6_8363.npz,faulted,trafo,6,64,65,97.45762711864408,100.0,0.0,1
trafo_7_8364,samples\trafo_7_8364.npz,faulted,trafo,7,64,67,96.61016949152544,100.0,0.0,1
trafo_8_8365,samples\trafo_8_8365.npz,faulted,trafo,8,67,68,97.45762711864408,100.0,0.0,1
trafo_9_8366,samples\trafo_9_8366.npz,faulted,trafo,9,80,67,97.45762711864408,100.0,0.0,1
trafo_10_8367,samples\trafo_10_8367.npz,faulted,trafo,10,80,79,97.45762711864408,100.0,0.0,1
trafo_11_8368,samples\trafo_11_8368.npz,faulted,trafo,11,86,85,96.61016949152544,100.0,0.0,2
trafo_12_8369,samples\trafo_12_8369.npz,faulted,trafo,12,115,67,96.61016949152544,100.0,0.0,2
line_0_8370,samples\line_0_8370.npz,faulted,line,0,0,1,99.15254237288136,100.0,0.0,1
line_1_8371,samples\line_1_8371.npz,faulted,line,1,0,2,99.15254237288136,100.0,0.0,1
line_2_8372,samples\line_2_8372.npz,faulted,line,2,3,4,99.15254237288136,100.0,2.0,1
line_3_8373,samples\line_3_8373.npz,faulted,line,3,2,4,99.15254237288136,100.0,0.0,1
line_4_8374,samples\line_4_8374.npz,faulted,line,4,4,5,98.30508474576273,100.0,2.0,1
line_5_8375,samples\line_5_8375.npz,faulted,line,5,5,6,99.15254237288136,100.0,0.0,1
line_6_8376,samples\line_6_8376.npz,faulted,line,6,7,8,99.15254237288136,100.0,0.0,2
line_7_8377,samples\line_7_8377.npz,faulted,line,7,8,9,98.30508474576273,100.0,1.0,2
line_8_8378,samples\line_8_8378.npz,faulted,line,8,3,10,99.15254237288136,100.0,0.0,1
line_9_8379,samples\line_9_8379.npz,faulted,line,9,4,10,99.15254237288136,100.0,0.0,1
line_10_8380,samples\line_10_8380.npz,faulted,line,10,10,11,99.15254237288136,100.0,0.0,1
line_11_8381,samples\line_11_8381.npz,faulted,line,11,1,11,99.15254237288136,100.0,0.0,1
line_12_8382,samples\line_12_8382.npz,faulted,line,12,2,11,99.15254237288136,100.0,0.0,1
line_13_8383,samples\line_13_8383.npz,faulted,line,13,6,11,98.30508474576273,100.0,1.0,1
line_14_8384,samples\line_14_8384.npz,faulted,line,14,10,12,98.30508474576273,100.0,0.0,1
line_15_8385,samples\line_15_8385.npz,faulted,line,15,11,13,98.30508474576273,100.0,0.0,1
line_16_8386,samples\line_16_8386.npz,faulted,line,16,12,14,99.15254237288136,100.0,1.0,1
line_17_8387,samples\line_17_8387.npz,faulted,line,17,13,14,99.15254237288136,100.0,0.0,1
line_18_8388,samples\line_18_8388.npz,faulted,line,18,11,15,99.15254237288136,100.0,1.0,1
line_19_8389,samples\line_19_8389.npz,faulted,line,19,14,16,98.30508474576273,100.0,1.0,1
line_20_8390,samples\line_20_8390.npz,faulted,line,20,15,16,99.15254237288136,100.0,0.0,1
line_21_8391,samples\line_21_8391.npz,faulted,line,21,16,17,98.30508474576273,100.0,0.0,1
line_22_8392,samples\line_22_8392.npz,faulted,line,22,17,18,99.15254237288136,100.0,0.0,1
line_23_8393,samples\line_23_8393.npz,faulted,line,23,18,19,99.15254237288136,100.0,0.0,1
line_24_8394,samples\line_24_8394.npz,faulted,line,24,14,18,99.15254237288136,100.0,1.0,1
line_25_8395,samples\line_25_8395.npz,faulted,line,25,19,20,98.30508474576273,100.0,1.0,1
line_26_8396,samples\line_26_8396.npz,faulted,line,26,20,21,99.15254237288136,100.0,1.0,1
line_27_8397,samples\line_27_8397.npz,faulted,line,27,21,22,98.30508474576273,100.0,0.0,1
line_28_8398,samples\line_28_8398.npz,faulted,line,28,22,23,98.30508474576273,100.0,0.0,1
line_29_8399,samples\line_29_8399.npz,faulted,line,29,22,24,99.15254237288136,100.0,0.0,1
line_30_8400,samples\line_30_8400.npz,faulted,line,30,24,26,99.15254237288136,100.0,0.0,1
line_31_8401,samples\line_31_8401.npz,faulted,line,31,26,27,99.15254237288136,100.0,0.0,1
line_32_8402,samples\line_32_8402.npz,faulted,line,32,27,28,98.30508474576273,100.0,0.0,1
line_33_8403,samples\line_33_8403.npz,faulted,line,33,7,29,99.15254237288136,100.0,0.0,1
line_34_8404,samples\line_34_8404.npz,faulted,line,34,25,29,99.15254237288136,100.0,1.0,1
line_35_8405,samples\line_35_8405.npz,faulted,line,35,16,30,99.15254237288136,100.0,0.0,1
line_36_8406,samples\line_36_8406.npz,faulted,line,36,28,30,99.15254237288136,100.0,0.0,1
line_37_8407,samples\line_37_8407.npz,faulted,line,37,22,31,99.15254237288136,100.0,2.0,1
line_38_8408,samples\line_38_8408.npz,faulted,line,38,30,31,99.15254237288136,100.0,1.0,1
line_39_8409,samples\line_39_8409.npz,faulted,line,39,26,31,99.15254237288136,100.0,1.0,1
line_40_8410,samples\line_40_8410.npz,faulted,line,40,14,32,99.15254237288136,100.0,0.0,1
line_41_8411,samples\line_41_8411.npz,faulted,line,41,18,33,99.15254237288136,100.0,0.0,1
line_42_8412,samples\line_42_8412.npz,faulted,line,42,34,35,99.15254237288136,100.0,0.0,1
line_43_8413,samples\line_43_8413.npz,faulted,line,43,34,36,98.30508474576273,100.0,1.0,1
line_44_8414,samples\line_44_8414.npz,faulted,line,44,32,36,98.30508474576273,100.0,0.0,1
line_45_8415,samples\line_45_8415.npz,faulted,line,45,33,35,98.30508474576273,100.0,1.0,1
line_46_8416,samples\line_46_8416.npz,faulted,line,46,33,36,99.15254237288136,100.0,1.0,1
line_47_8417,samples\line_47_8417.npz,faulted,line,47,36,38,99.15254237288136,100.0,0.0,1
line_48_8418,samples\line_48_8418.npz,faulted,line,48,36,39,99.15254237288136,100.0,0.0,1
line_49_8419,samples\line_49_8419.npz,faulted,line,49,29,37,99.15254237288136,100.0,0.0,1
line_50_8420,samples\line_50_8420.npz,faulted,line,50,38,39,99.15254237288136,100.0,0.0,1
line_51_8421,samples\line_51_8421.npz,faulted,line,51,39,40,98.30508474576273,100.0,0.0,1
line_52_8422,samples\line_52_8422.npz,faulted,line,52,39,41,99.15254237288136,100.0,0.0,1
line_53_8423,samples\line_53_8423.npz,faulted,line,53,40,41,99.15254237288136,100.0,0.0,1
line_54_8424,samples\line_54_8424.npz,faulted,line,54,42,43,99.15254237288136,100.0,0.0,1
line_55_8425,samples\line_55_8425.npz,faulted,line,55,33,42,98.30508474576273,100.0,1.0,1
line_56_8426,samples\line_56_8426.npz,faulted,line,56,43,44,98.30508474576273,100.0,1.0,1
line_57_8427,samples\line_57_8427.npz,faulted,line,57,44,45,98.30508474576273,100.0,1.0,1
line_58_8428,samples\line_58_8428.npz,faulted,line,58,45,46,99.15254237288136,100.0,0.0,1
line_59_8429,samples\line_59_8429.npz,faulted,line,59,45,47,99.15254237288136,100.0,0.0,1
line_60_8430,samples\line_60_8430.npz,faulted,line,60,46,48,98.30508474576273,100.0,1.0,1
line_61_8431,samples\line_61_8431.npz,faulted,line,61,41,48,99.15254237288136,100.0,0.0,1
line_62_8432,samples\line_62_8432.npz,faulted,line,62,41,48,99.15254237288136,100.0,0.0,1
line_63_8433,samples\line_63_8433.npz,faulted,line,63,44,48,99.15254237288136,100.0,1.0,1
line_64_8434,samples\line_64_8434.npz,faulted,line,64,47,48,98.30508474576273,100.0,1.0,1
line_65_8435,samples\line_65_8435.npz,faulted,line,65,48,49,99.15254237288136,100.0,0.0,1
line_66_8436,samples\line_66_8436.npz,faulted,line,66,48,50,99.15254237288136,100.0,0.0,1
line_67_8437,samples\line_67_8437.npz,faulted,line,67,50,51,99.15254237288136,100.0,-1.0,1
line_68_8438,samples\line_68_8438.npz,faulted,line,68,51,52,98.30508474576273,100.0,0.0,1
line_69_8439,samples\line_69_8439.npz,faulted,line,69,52,53,99.15254237288136,100.0,0.0,1
line_70_8440,samples\line_70_8440.npz,faulted,line,70,48,53,99.15254237288136,100.0,0.0,1
line_71_8441,samples\line_71_8441.npz,faulted,line,71,48,53,99.15254237288136,100.0,0.0,1
line_72_8442,samples\line_72_8442.npz,faulted,line,72,53,54,99.15254237288136,100.0,0.0,1
line_73_8443,samples\line_73_8443.npz,faulted,line,73,53,55,99.15254237288136,100.0,0.0,1
line_74_8444,samples\line_74_8444.npz,faulted,line,74,54,55,99.15254237288136,100.0,0.0,1
line_75_8445,samples\line_75_8445.npz,faulted,line,75,55,56,99.15254237288136,100.0,0.0,1
line_76_8446,samples\line_76_8446.npz,faulted,line,76,49,56,98.30508474576273,100.0,0.0,1
line_77_8447,samples\line_77_8447.npz,faulted,line,77,55,57,99.15254237288136,100.0,0.0,1
line_78_8448,samples\line_78_8448.npz,faulted,line,78,50,57,98.30508474576273,100.0,-1.0,1
line_79_8449,samples\line_79_8449.npz,faulted,line,79,53,58,99.15254237288136,100.0,0.0,1
line_80_8450,samples\line_80_8450.npz,faulted,line,80,55,58,99.15254237288136,100.0,0.0,1
line_81_8451,samples\line_81_8451.npz,faulted,line,81,55,58,99.15254237288136,100.0,0.0,1
line_82_8452,samples\line_82_8452.npz,faulted,line,82,54,58,98.30508474576273,100.0,-1.0,1
line_83_8453,samples\line_83_8453.npz,faulted,line,83,58,59,99.15254237288136,100.0,-1.0,1
line_84_8454,samples\line_84_8454.npz,faulted,line,84,58,60,99.15254237288136,100.0,-1.0,1
line_85_8455,samples\line_85_8455.npz,faulted,line,85,59,60,99.15254237288136,100.0,0.0,1
line_86_8456,samples\line_86_8456.npz,faulted,line,86,59,61,99.15254237288136,100.0,0.0,1
line_87_8457,samples\line_87_8457.npz,faulted,line,87,60,61,99.15254237288136,100.0,0.0,1
line_88_8458,samples\line_88_8458.npz,faulted,line,88,62,63,99.15254237288136,100.0,0.0,1
line_89_8459,samples\line_89_8459.npz,faulted,line,89,37,64,99.15254237288136,100.0,0.0,1
line_90_8460,samples\line_90_8460.npz,faulted,line,90,63,64,99.15254237288136,100.0,0.0,1
line_91_8461,samples\line_91_8461.npz,faulted,line,91,48,65,99.15254237288136,100.0,0.0,1
line_92_8462,samples\line_92_8462.npz,faulted,line,92,48,65,99.15254237288136,100.0,0.0,1
line_93_8463,samples\line_93_8463.npz,faulted,line,93,61,65,99.15254237288136,100.0,0.0,1
line_94_8464,samples\line_94_8464.npz,faulted,line,94,61,66,98.30508474576273,100.0,0.0,1
line_95_8465,samples\line_95_8465.npz,faulted,line,95,65,66,99.15254237288136,100.0,0.0,1
line_96_8466,samples\line_96_8466.npz,faulted,line,96,46,68,99.15254237288136,100.0,0.0,1
line_97_8467,samples\line_97_8467.npz,faulted,line,97,48,68,99.15254237288136,100.0,0.0,1
line_98_8468,samples\line_98_8468.npz,faulted,line,98,68,69,99.15254237288136,100.0,0.0,1
line_99_8469,samples\line_99_8469.npz,faulted,line,99,23,69,99.15254237288136,100.0,0.0,1
line_100_8470,samples\line_100_8470.npz,faulted,line,100,69,70,99.15254237288136,100.0,0.0,1
line_101_8471,samples\line_101_8471.npz,faulted,line,101,23,71,99.15254237288136,100.0,0.0,2
line_102_8472,samples\line_102_8472.npz,faulted,line,102,70,71,98.30508474576273,100.0,0.0,2
line_103_8473,samples\line_103_8473.npz,faulted,line,103,70,72,98.30508474576273,100.0,1.0,2
line_104_8474,samples\line_104_8474.npz,faulted,line,104,69,73,99.15254237288136,100.0,0.0,1
line_105_8475,samples\line_105_8475.npz,faulted,line,105,69,74,98.30508474576273,100.0,0.0,1
line_106_8476,samples\line_106_8476.npz,faulted,line,106,68,74,99.15254237288136,100.0,0.0,1
line_107_8477,samples\line_107_8477.npz,faulted,line,107,73,74,98.30508474576273,100.0,1.0,1
line_108_8478,samples\line_108_8478.npz,faulted,line,108,75,76,98.30508474576273,100.0,0.0,1
line_109_8479,samples\line_109_8479.npz,faulted,line,109,68,76,99.15254237288136,100.0,0.0,1
line_110_8480,samples\line_110_8480.npz,faulted,line,110,74,76,99.15254237288136,100.0,0.0,1
line_111_8481,samples\line_111_8481.npz,faulted,line,111,76,77,98.30508474576273,100.0,0.0,1
line_112_8482,samples\line_112_8482.npz,faulted,line,112,77,78,99.15254237288136,100.0,0.0,1
line_113_8483,samples\line_113_8483.npz,faulted,line,113,76,79,99.15254237288136,100.0,0.0,1
line_114_8484,samples\line_114_8484.npz,faulted,line,114,76,79,99.15254237288136,100.0,0.0,1
line_115_8485,samples\line_115_8485.npz,faulted,line,115,78,79,98.30508474576273,100.0,1.0,1
line_116_8486,samples\line_116_8486.npz,faulted,line,116,76,81,98.30508474576273,100.0,0.0,1
line_117_8487,samples\line_117_8487.npz,faulted,line,117,81,82,99.15254237288136,100.0,0.0,1
line_118_8488,samples\line_118_8488.npz,faulted,line,118,82,83,99.15254237288136,100.0,0.0,1
line_119_8489,samples\line_119_8489.npz,faulted,line,119,82,84,98.30508474576273,100.0,1.0,1
line_120_8490,samples\line_120_8490.npz,faulted,line,120,83,84,98.30508474576273,100.0,1.0,1
line_121_8491,samples\line_121_8491.npz,faulted,line,121,84,85,99.15254237288136,100.0,0.0,2
line_122_8492,samples\line_122_8492.npz,faulted,line,122,84,87,99.15254237288136,100.0,0.0,1
line_123_8493,samples\line_123_8493.npz,faulted,line,123,84,88,99.15254237288136,100.0,0.0,1
line_124_8494,samples\line_124_8494.npz,faulted,line,124,87,88,99.15254237288136,100.0,0.0,1
line_125_8495,samples\line_125_8495.npz,faulted,line,125,88,89,99.15254237288136,100.0,0.0,1
line_126_8496,samples\line_126_8496.npz,faulted,line,126,88,89,99.15254237288136,100.0,0.0,1
line_127_8497,samples\line_127_8497.npz,faulted,line,127,89,90,99.15254237288136,100.0,0.0,1
line_128_8498,samples\line_128_8498.npz,faulted,line,128,88,91,99.15254237288136,100.0,0.0,1
line_129_8499,samples\line_129_8499.npz,faulted,line,129,88,91,99.15254237288136,100.0,0.0,1
line_130_8500,samples\line_130_8500.npz,faulted,line,130,90,91,98.30508474576273,100.0,0.0,1
line_131_8501,samples\line_131_8501.npz,faulted,line,131,91,92,99.15254237288136,100.0,0.0,1
line_132_8502,samples\line_132_8502.npz,faulted,line,132,91,93,99.15254237288136,100.0,0.0,1
line_133_8503,samples\line_133_8503.npz,faulted,line,133,92,93,99.15254237288136,100.0,0.0,1
line_134_8504,samples\line_134_8504.npz,faulted,line,134,93,94,98.30508474576273,100.0,0.0,1
line_135_8505,samples\line_135_8505.npz,faulted,line,135,79,95,99.15254237288136,100.0,0.0,1
line_136_8506,samples\line_136_8506.npz,faulted,line,136,81,95,99.15254237288136,100.0,0.0,1
line_137_8507,samples\line_137_8507.npz,faulted,line,137,93,95,99.15254237288136,100.0,0.0,1
line_138_8508,samples\line_138_8508.npz,faulted,line,138,79,96,98.30508474576273,100.0,0.0,1
line_139_8509,samples\line_139_8509.npz,faulted,line,139,79,97,99.15254237288136,100.0,0.0,1
line_140_8510,samples\line_140_8510.npz,faulted,line,140,79,98,99.15254237288136,100.0,0.0,1
line_141_8511,samples\line_141_8511.npz,faulted,line,141,91,99,99.15254237288136,100.0,0.0,1
line_142_8512,samples\line_142_8512.npz,faulted,line,142,93,99,99.15254237288136,100.0,0.0,1
line_143_8513,samples\line_143_8513.npz,faulted,line,143,94,95,99.15254237288136,100.0,0.0,1
line_144_8514,samples\line_144_8514.npz,faulted,line,144,95,96,99.15254237288136,100.0,0.0,1
line_145_8515,samples\line_145_8515.npz,faulted,line,145,97,99,99.15254237288136,100.0,0.0,1
line_146_8516,samples\line_146_8516.npz,faulted,line,146,98,99,99.15254237288136,100.0,0.0,1
line_147_8517,samples\line_147_8517.npz,faulted,line,147,99,100,98.30508474576273,100.0,0.0,1
line_148_8518,samples\line_148_8518.npz,faulted,line,148,91,101,98.30508474576273,100.0,0.0,1
line_149_8519,samples\line_149_8519.npz,faulted,line,149,100,101,99.15254237288136,100.0,0.0,1
line_150_8520,samples\line_150_8520.npz,faulted,line,150,99,102,99.15254237288136,100.0,0.0,1
line_151_8521,samples\line_151_8521.npz,faulted,line,151,99,103,99.15254237288136,100.0,0.0,1
line_152_8522,samples\line_152_8522.npz,faulted,line,152,102,103,99.15254237288136,100.0,0.0,1
line_153_8523,samples\line_153_8523.npz,faulted,line,153,102,104,99.15254237288136,100.0,0.0,1
line_154_8524,samples\line_154_8524.npz,faulted,line,154,99,105,99.15254237288136,100.0,0.0,1
line_155_8525,samples\line_155_8525.npz,faulted,line,155,103,104,99.15254237288136,100.0,0.0,1
line_156_8526,samples\line_156_8526.npz,faulted,line,156,104,105,99.15254237288136,100.0,0.0,1
line_157_8527,samples\line_157_8527.npz,faulted,line,157,104,106,98.30508474576273,100.0,1.0,1
line_158_8528,samples\line_158_8528.npz,faulted,line,158,104,107,98.30508474576273,100.0,1.0,1
line_159_8529,samples\line_159_8529.npz,faulted,line,159,105,106,99.15254237288136,100.0,0.0,1
line_160_8530,samples\line_160_8530.npz,faulted,line,160,107,108,99.15254237288136,100.0,0.0,1
line_161_8531,samples\line_161_8531.npz,faulted,line,161,102,109,99.15254237288136,100.0,0.0,1
line_162_8532,samples\line_162_8532.npz,faulted,line,162,108,109,98.30508474576273,100.0,1.0,1
line_163_8533,samples\line_163_8533.npz,faulted,line,163,109,110,98.30508474576273,100.0,1.0,2
line_164_8534,samples\line_164_8534.npz,faulted,line,164,109,111,98.30508474576273,100.0,1.0,2
line_165_8535,samples\line_165_8535.npz,faulted,line,165,16,112,99.15254237288136,100.0,0.0,1
line_166_8536,samples\line_166_8536.npz,faulted,line,166,31,112,99.15254237288136,100.0,1.0,1
line_167_8537,samples\line_167_8537.npz,faulted,line,167,31,113,98.30508474576273,100.0,1.0,1
line_168_8538,samples\line_168_8538.npz,faulted,line,168,26,114,98.30508474576273,100.0,0.0,1
line_169_8539,samples\line_169_8539.npz,faulted,line,169,113,114,99.15254237288136,100.0,0.0,1
line_170_8540,samples\line_170_8540.npz,faulted,line,170,11,116,98.30508474576273,100.0,1.0,2
line_171_8541,samples\line_171_8541.npz,faulted,line,171,74,117,98.30508474576273,100.0,1.0,1
line_172_8542,samples\line_172_8542.npz,faulted,line,172,75,117,99.15254237288136,100.0,0.0,1
trafo_0_8543,samples\trafo_0_8543.npz,faulted,trafo,0,7,4,99.15254237288136,100.0,1.0,1
trafo_1_8544,samples\trafo_1_8544.npz,faulted,trafo,1,25,24,98.30508474576273,100.0,1.0,1
trafo_2_8545,samples\trafo_2_8545.npz,faulted,trafo,2,29,16,99.15254237288136,100.0,0.0,1
trafo_3_8546,samples\trafo_3_8546.npz,faulted,trafo,3,37,36,98.30508474576273,100.0,0.0,1
trafo_4_8547,samples\trafo_4_8547.npz,faulted,trafo,4,62,58,98.30508474576273,100.0,-1.0,1
trafo_5_8548,samples\trafo_5_8548.npz,faulted,trafo,5,63,60,98.30508474576273,100.0,0.0,1
trafo_6_8549,samples\trafo_6_8549.npz,faulted,trafo,6,64,65,99.15254237288136,100.0,0.0,1
trafo_7_8550,samples\trafo_7_8550.npz,faulted,trafo,7,64,67,98.30508474576273,100.0,0.0,1
trafo_8_8551,samples\trafo_8_8551.npz,faulted,trafo,8,67,68,99.15254237288136,100.0,0.0,1
trafo_9_8552,samples\trafo_9_8552.npz,faulted,trafo,9,80,67,99.15254237288136,100.0,0.0,1
trafo_10_8553,samples\trafo_10_8553.npz,faulted,trafo,10,80,79,98.30508474576273,100.0,1.0,2
trafo_11_8554,samples\trafo_11_8554.npz,faulted,trafo,11,86,85,98.30508474576273,100.0,0.0,2
trafo_12_8555,samples\trafo_12_8555.npz,faulted,trafo,12,115,67,98.30508474576273,100.0,0.0,2
line_0_8556,samples\line_0_8556.npz,faulted,line,0,0,1,98.30508474576273,100.0,1.0,1
line_1_8557,samples\line_1_8557.npz,faulted,line,1,0,2,98.30508474576273,100.0,1.0,1
line_2_8558,samples\line_2_8558.npz,faulted,line,2,3,4,98.30508474576273,100.0,1.0,1
line_3_8559,samples\line_3_8559.npz,faulted,line,3,2,4,98.30508474576273,100.0,1.0,1
line_4_8560,samples\line_4_8560.npz,faulted,line,4,4,5,97.45762711864408,100.0,2.0,1
line_5_8561,samples\line_5_8561.npz,faulted,line,5,5,6,98.30508474576273,100.0,1.0,1
line_6_8562,samples\line_6_8562.npz,faulted,line,6,7,8,98.30508474576273,100.0,1.0,2
line_7_8563,samples\line_7_8563.npz,faulted,line,7,8,9,97.45762711864408,100.0,2.0,2
line_8_8564,samples\line_8_8564.npz,faulted,line,8,3,10,98.30508474576273,100.0,1.0,1
line_9_8565,samples\line_9_8565.npz,faulted,line,9,4,10,98.30508474576273,100.0,1.0,1
line_10_8566,samples\line_10_8566.npz,faulted,line,10,10,11,98.30508474576273,100.0,1.0,1
line_11_8567,samples\line_11_8567.npz,faulted,line,11,1,11,98.30508474576273,100.0,1.0,1
line_12_8568,samples\line_12_8568.npz,faulted,line,12,2,11,98.30508474576273,100.0,1.0,1
line_13_8569,samples\line_13_8569.npz,faulted,line,13,6,11,97.45762711864408,100.0,2.0,1
line_14_8570,samples\line_14_8570.npz,faulted,line,14,10,12,97.45762711864408,100.0,1.0,1
line_15_8571,samples\line_15_8571.npz,faulted,line,15,11,13,97.45762711864408,100.0,1.0,1
line_16_8572,samples\line_16_8572.npz,faulted,line,16,12,14,98.30508474576273,100.0,1.0,1
line_17_8573,samples\line_17_8573.npz,faulted,line,17,13,14,98.30508474576273,100.0,1.0,1
line_18_8574,samples\line_18_8574.npz,faulted,line,18,11,15,98.30508474576273,100.0,1.0,1
line_19_8575,samples\line_19_8575.npz,faulted,line,19,14,16,97.45762711864408,100.0,1.0,1
line_20_8576,samples\line_20_8576.npz,faulted,line,20,15,16,98.30508474576273,100.0,1.0,1
line_21_8577,samples\line_21_8577.npz,faulted,line,21,16,17,97.45762711864408,100.0,2.0,1
line_22_8578,samples\line_22_8578.npz,faulted,line,22,17,18,98.30508474576273,100.0,1.0,1
line_23_8579,samples\line_23_8579.npz,faulted,line,23,18,19,98.30508474576273,100.0,1.0,1
line_24_8580,samples\line_24_8580.npz,faulted,line,24,14,18,98.30508474576273,100.0,1.0,1
line_25_8581,samples\line_25_8581.npz,faulted,line,25,19,20,97.45762711864408,100.0,2.0,1
line_26_8582,samples\line_26_8582.npz,faulted,line,26,20,21,98.30508474576273,100.0,1.0,1
line_27_8583,samples\line_27_8583.npz,faulted,line,27,21,22,97.45762711864408,100.0,3.0,1
line_28_8584,samples\line_28_8584.npz,faulted,line,28,22,23,97.45762711864408,100.0,2.0,1
line_29_8585,samples\line_29_8585.npz,faulted,line,29,22,24,98.30508474576273,100.0,3.0,1
line_30_8586,samples\line_30_8586.npz,faulted,line,30,24,26,98.30508474576273,100.0,1.0,1
line_31_8587,samples\line_31_8587.npz,faulted,line,31,26,27,98.30508474576273,100.0,0.0,1
line_32_8588,samples\line_32_8588.npz,faulted,line,32,27,28,97.45762711864408,100.0,1.0,1
line_33_8589,samples\line_33_8589.npz,faulted,line,33,7,29,98.30508474576273,100.0,1.0,1
line_34_8590,samples\line_34_8590.npz,faulted,line,34,25,29,98.30508474576273,100.0,1.0,2
line_35_8591,samples\line_35_8591.npz,faulted,line,35,16,30,98.30508474576273,100.0,2.0,1
line_36_8592,samples\line_36_8592.npz,faulted,line,36,28,30,98.30508474576273,100.0,1.0,1
line_37_8593,samples\line_37_8593.npz,faulted,line,37,22,31,98.30508474576273,100.0,3.0,1
line_38_8594,samples\line_38_8594.npz,faulted,line,38,30,31,98.30508474576273,100.0,1.0,1
line_39_8595,samples\line_39_8595.npz,faulted,line,39,26,31,98.30508474576273,100.0,1.0,1
line_40_8596,samples\line_40_8596.npz,faulted,line,40,14,32,98.30508474576273,100.0,1.0,1
line_41_8597,samples\line_41_8597.npz,faulted,line,41,18,33,98.30508474576273,100.0,1.0,1
line_42_8598,samples\line_42_8598.npz,faulted,line,42,34,35,98.30508474576273,100.0,1.0,1
line_43_8599,samples\line_43_8599.npz,faulted,line,43,34,36,97.45762711864408,100.0,1.0,1
line_44_8600,samples\line_44_8600.npz,faulted,line,44,32,36,97.45762711864408,100.0,1.0,1
line_45_8601,samples\line_45_8601.npz,faulted,line,45,33,35,97.45762711864408,100.0,1.0,1
line_46_8602,samples\line_46_8602.npz,faulted,line,46,33,36,98.30508474576273,100.0,2.0,1
line_47_8603,samples\line_47_8603.npz,faulted,line,47,36,38,98.30508474576273,100.0,1.0,1
line_48_8604,samples\line_48_8604.npz,faulted,line,48,36,39,98.30508474576273,100.0,1.0,1
line_49_8605,samples\line_49_8605.npz,faulted,line,49,29,37,98.30508474576273,100.0,1.0,1
line_50_8606,samples\line_50_8606.npz,faulted,line,50,38,39,98.30508474576273,100.0,1.0,1
line_51_8607,samples\line_51_8607.npz,faulted,line,51,39,40,97.45762711864408,100.0,1.0,1
line_52_8608,samples\line_52_8608.npz,faulted,line,52,39,41,98.30508474576273,100.0,1.0,1
line_53_8609,samples\line_53_8609.npz,faulted,line,53,40,41,98.30508474576273,100.0,1.0,1
line_54_8610,samples\line_54_8610.npz,faulted,line,54,42,43,98.30508474576273,100.0,1.0,2
line_55_8611,samples\line_55_8611.npz,faulted,line,55,33,42,98.30508474576273,100.0,1.0,1
line_56_8612,samples\line_56_8612.npz,faulted,line,56,43,44,97.45762711864408,100.0,1.0,2
line_57_8613,samples\line_57_8613.npz,faulted,line,57,44,45,97.45762711864408,100.0,1.0,1
line_58_8614,samples\line_58_8614.npz,faulted,line,58,45,46,98.30508474576273,100.0,1.0,1
line_59_8615,samples\line_59_8615.npz,faulted,line,59,45,47,98.30508474576273,100.0,1.0,1
line_60_8616,samples\line_60_8616.npz,faulted,line,60,46,48,97.45762711864408,100.0,1.0,1
line_61_8617,samples\line_61_8617.npz,faulted,line,61,41,48,98.30508474576273,100.0,1.0,1
line_62_8618,samples\line_62_8618.npz,faulted,line,62,41,48,98.30508474576273,100.0,1.0,1
line_63_8619,samples\line_63_8619.npz,faulted,line,63,44,48,98.30508474576273,100.0,1.0,1
line_64_8620,samples\line_64_8620.npz,faulted,line,64,47,48,97.45762711864408,100.0,1.0,1
line_65_8621,samples\line_65_8621.npz,faulted,line,65,48,49,98.30508474576273,100.0,1.0,1
line_66_8622,samples\line_66_8622.npz,faulted,line,66,48,50,98.30508474576273,100.0,1.0,1
line_67_8623,samples\line_67_8623.npz,faulted,line,67,50,51,98.30508474576273,100.0,0.0,1
line_68_8624,samples\line_68_8624.npz,faulted,line,68,51,52,97.45762711864408,100.0,1.0,1
line_69_8625,samples\line_69_8625.npz,faulted,line,69,52,53,98.30508474576273,100.0,1.0,1
line_70_8626,samples\line_70_8626.npz,faulted,line,70,48,53,98.30508474576273,100.0,1.0,1
line_71_8627,samples\line_71_8627.npz,faulted,line,71,48,53,98.30508474576273,100.0,1.0,1
line_72_8628,samples\line_72_8628.npz,faulted,line,72,53,54,98.30508474576273,100.0,1.0,1
line_73_8629,samples\line_73_8629.npz,faulted,line,73,53,55,98.30508474576273,100.0,1.0,1
line_74_8630,samples\line_74_8630.npz,faulted,line,74,54,55,98.30508474576273,100.0,1.0,1
line_75_8631,samples\line_75_8631.npz,faulted,line,75,55,56,98.30508474576273,100.0,1.0,1
line_76_8632,samples\line_76_8632.npz,faulted,line,76,49,56,97.45762711864408,100.0,1.0,1
line_77_8633,samples\line_77_8633.npz,faulted,line,77,55,57,98.30508474576273,100.0,1.0,1
line_78_8634,samples\line_78_8634.npz,faulted,line,78,50,57,97.45762711864408,100.0,0.0,1
line_79_8635,samples\line_79_8635.npz,faulted,line,79,53,58,98.30508474576273,100.0,1.0,1
line_80_8636,samples\line_80_8636.npz,faulted,line,80,55,58,98.30508474576273,100.0,1.0,1
line_81_8637,samples\line_81_8637.npz,faulted,line,81,55,58,98.30508474576273,100.0,1.0,1
line_82_8638,samples\line_82_8638.npz,faulted,line,82,54,58,97.45762711864408,100.0,0.0,1
line_83_8639,samples\line_83_8639.npz,faulted,line,83,58,59,98.30508474576273,100.0,0.0,1
line_84_8640,samples\line_84_8640.npz,faulted,line,84,58,60,98.30508474576273,100.0,0.0,1
line_85_8641,samples\line_85_8641.npz,faulted,line,85,59,60,98.30508474576273,100.0,1.0,1
line_86_8642,samples\line_86_8642.npz,faulted,line,86,59,61,98.30508474576273,100.0,1.0,1
line_87_8643,samples\line_87_8643.npz,faulted,line,87,60,61,98.30508474576273,100.0,1.0,1
line_88_8644,samples\line_88_8644.npz,faulted,line,88,62,63,98.30508474576273,100.0,1.0,1
line_89_8645,samples\line_89_8645.npz,faulted,line,89,37,64,98.30508474576273,100.0,1.0,1
line_90_8646,samples\line_90_8646.npz,faulted,line,90,63,64,98.30508474576273,100.0,1.0,1
line_91_8647,samples\line_91_8647.npz,faulted,line,91,48,65,98.30508474576273,100.0,1.0,1
line_92_8648,samples\line_92_8648.npz,faulted,line,92,48,65,98.30508474576273,100.0,1.0,1
line_93_8649,samples\line_93_8649.npz,faulted,line,93,61,65,98.30508474576273,100.0,1.0,1
line_94_8650,samples\line_94_8650.npz,faulted,line,94,61,66,97.45762711864408,100.0,1.0,1
line_95_8651,samples\line_95_8651.npz,faulted,line,95,65,66,98.30508474576273,100.0,1.0,1
line_96_8652,samples\line_96_8652.npz,faulted,line,96,46,68,98.30508474576273,100.0,1.0,1
line_97_8653,samples\line_97_8653.npz,faulted,line,97,48,68,98.30508474576273,100.0,1.0,1
line_98_8654,samples\line_98_8654.npz,faulted,line,98,68,69,98.30508474576273,100.0,1.0,1
line_99_8655,samples\line_99_8655.npz,faulted,line,99,23,69,98.30508474576273,100.0,1.0,1
line_100_8656,samples\line_100_8656.npz,faulted,line,100,69,70,98.30508474576273,100.0,1.0,1
line_101_8657,samples\line_101_8657.npz,faulted,line,101,23,71,98.30508474576273,100.0,1.0,1
line_102_8658,samples\line_102_8658.npz,faulted,line,102,70,71,97.45762711864408,100.0,3.0,1
line_103_8659,samples\line_103_8659.npz,faulted,line,103,70,72,97.45762711864408,100.0,3.0,2
line_104_8660,samples\line_104_8660.npz,faulted,line,104,69,73,98.30508474576273,100.0,1.0,1
line_105_8661,samples\line_105_8661.npz,faulted,line,105,69,74,98.30508474576273,100.0,1.0,1
line_106_8662,samples\line_106_8662.npz,faulted,line,106,68,74,98.30508474576273,100.0,1.0,1
line_107_8663,samples\line_107_8663.npz,faulted,line,107,73,74,97.45762711864408,100.0,2.0,1
line_108_8664,samples\line_108_8664.npz,faulted,line,108,75,76,97.45762711864408,100.0,2.0,1
line_109_8665,samples\line_109_8665.npz,faulted,line,109,68,76,98.30508474576273,100.0,1.0,1
line_110_8666,samples\line_110_8666.npz,faulted,line,110,74,76,98.30508474576273,100.0,2.0,1
line_111_8667,samples\line_111_8667.npz,faulted,line,111,76,77,97.45762711864408,100.0,2.0,1
line_112_8668,samples\line_112_8668.npz,faulted,line,112,77,78,98.30508474576273,100.0,1.0,1
line_113_8669,samples\line_113_8669.npz,faulted,line,113,76,79,98.30508474576273,100.0,1.0,1
line_114_8670,samples\line_114_8670.npz,faulted,line,114,76,79,98.30508474576273,100.0,1.0,1
line_115_8671,samples\line_115_8671.npz,faulted,line,115,78,79,97.45762711864408,100.0,1.0,1
line_116_8672,samples\line_116_8672.npz,faulted,line,116,76,81,97.45762711864408,100.0,2.0,1
line_117_8673,samples\line_117_8673.npz,faulted,line,117,81,82,98.30508474576273,100.0,1.0,1
line_118_8674,samples\line_118_8674.npz,faulted,line,118,82,83,98.30508474576273,100.0,1.0,1
line_119_8675,samples\line_119_8675.npz,faulted,line,119,82,84,97.45762711864408,100.0,2.0,1
line_120_8676,samples\line_120_8676.npz,faulted,line,120,83,84,97.45762711864408,100.0,2.0,1
line_121_8677,samples\line_121_8677.npz,faulted,line,121,84,85,98.30508474576273,100.0,1.0,2
line_122_8678,samples\line_122_8678.npz,faulted,line,122,84,87,98.30508474576273,100.0,1.0,1
line_123_8679,samples\line_123_8679.npz,faulted,line,123,84,88,98.30508474576273,100.0,1.0,1
line_124_8680,samples\line_124_8680.npz,faulted,line,124,87,88,98.30508474576273,100.0,1.0,1
line_125_8681,samples\line_125_8681.npz,faulted,line,125,88,89,98.30508474576273,100.0,1.0,1
line_126_8682,samples\line_126_8682.npz,faulted,line,126,88,89,98.30508474576273,100.0,1.0,1
line_127_8683,samples\line_127_8683.npz,faulted,line,127,89,90,98.30508474576273,100.0,1.0,1
line_128_8684,samples\line_128_8684.npz,faulted,line,128,88,91,98.30508474576273,100.0,1.0,1
line_129_8685,samples\line_129_8685.npz,faulted,line,129,88,91,98.30508474576273,100.0,1.0,1
line_130_8686,samples\line_130_8686.npz,faulted,line,130,90,91,97.45762711864408,100.0,1.0,1
line_131_8687,samples\line_131_8687.npz,faulted,line,131,91,92,98.30508474576273,100.0,1.0,1
line_132_8688,samples\line_132_8688.npz,faulted,line,132,91,93,98.30508474576273,100.0,1.0,1
line_133_8689,samples\line_133_8689.npz,faulted,line,133,92,93,98.30508474576273,100.0,1.0,1
line_134_8690,samples\line_134_8690.npz,faulted,line,134,93,94,97.45762711864408,100.0,1.0,1
line_135_8691,samples\line_135_8691.npz,faulted,line,135,79,95,98.30508474576273,100.0,1.0,1
line_136_8692,samples\line_136_8692.npz,faulted,line,136,81,95,98.30508474576273,100.0,1.0,1
line_137_8693,samples\line_137_8693.npz,faulted,line,137,93,95,98.30508474576273,100.0,1.0,1
line_138_8694,samples\line_138_8694.npz,faulted,line,138,79,96,97.45762711864408,100.0,1.0,1
line_139_8695,samples\line_139_8695.npz,faulted,line,139,79,97,98.30508474576273,100.0,1.0,1
line_140_8696,samples\line_140_8696.npz,faulted,line,140,79,98,98.30508474576273,100.0,1.0,1
line_141_8697,samples\line_141_8697.npz,faulted,line,141,91,99,98.30508474576273,100.0,2.0,1
line_142_8698,samples\line_142_8698.npz,faulted,line,142,93,99,98.30508474576273,100.0,2.0,1
line_143_8699,samples\line_143_8699.npz,faulted,line,143,94,95,98.30508474576273,100.0,1.0,1
line_144_8700,samples\line_144_8700.npz,faulted,line,144,95,96,98.30508474576273,100.0,1.0,1
line_145_8701,samples\line_145_8701.npz,faulted,line,145,97,99,98.30508474576273,100.0,2.0,1
line_146_8702,samples\line_146_8702.npz,faulted,line,146,98,99,98.30508474576273,100.0,2.0,1
line_147_8703,samples\line_147_8703.npz,faulted,line,147,99,100,97.45762711864408,100.0,2.0,1
line_148_8704,samples\line_148_8704.npz,faulted,line,148,91,101,97.45762711864408,100.0,1.0,1
line_149_8705,samples\line_149_8705.npz,faulted,line,149,100,101,98.30508474576273,100.0,1.0,1
line_150_8706,samples\line_150_8706.npz,faulted,line,150,99,102,98.30508474576273,100.0,2.0,1
line_151_8707,samples\line_151_8707.npz,faulted,line,151,99,103,98.30508474576273,100.0,2.0,1
line_152_8708,samples\line_152_8708.npz,faulted,line,152,102,103,98.30508474576273,100.0,1.0,1
line_153_8709,samples\line_153_8709.npz,faulted,line,153,102,104,98.30508474576273,100.0,1.0,1
line_154_8710,samples\line_154_8710.npz,faulted,line,154,99,105,98.30508474576273,100.0,2.0,1
line_155_8711,samples\line_155_8711.npz,faulted,line,155,103,104,98.30508474576273,100.0,1.0,1
line_156_8712,samples\line_156_8712.npz,faulted,line,156,104,105,98.30508474576273,100.0,1.0,1
line_157_8713,samples\line_157_8713.npz,faulted,line,157,104,106,97.45762711864408,100.0,2.0,1
line_158_8714,samples\line_158_8714.npz,faulted,line,158,104,107,97.45762711864408,100.0,2.0,1
line_159_8715,samples\line_159_8715.npz,faulted,line,159,105,106,98.30508474576273,100.0,1.0,1
line_160_8716,samples\line_160_8716.npz,faulted,line,160,107,108,98.30508474576273,100.0,1.0,1
line_161_8717,samples\line_161_8717.npz,faulted,line,161,102,109,98.30508474576273,100.0,1.0,1
line_162_8718,samples\line_162_8718.npz,faulted,line,162,108,109,97.45762711864408,100.0,2.0,1
line_163_8719,samples\line_163_8719.npz,faulted,line,163,109,110,97.45762711864408,100.0,2.0,2
line_164_8720,samples\line_164_8720.npz,faulted,line,164,109,111,97.45762711864408,100.0,2.0,2
line_165_8721,samples\line_165_8721.npz,faulted,line,165,16,112,98.30508474576273,100.0,2.0,1
line_166_8722,samples\line_166_8722.npz,faulted,line,166,31,112,98.30508474576273,100.0,1.0,1
line_167_8723,samples\line_167_8723.npz,faulted,line,167,31,113,97.45762711864408,100.0,1.0,1
line_168_8724,samples\line_168_8724.npz,faulted,line,168,26,114,97.45762711864408,100.0,0.0,1
line_169_8725,samples\line_169_8725.npz,faulted,line,169,113,114,98.30508474576273,100.0,1.0,1
line_170_8726,samples\line_170_8726.npz,faulted,line,170,11,116,97.45762711864408,100.0,2.0,2
line_171_8727,samples\line_171_8727.npz,faulted,line,171,74,117,97.45762711864408,100.0,2.0,1
line_172_8728,samples\line_172_8728.npz,faulted,line,172,75,117,98.30508474576273,100.0,1.0,1
trafo_0_8729,samples\trafo_0_8729.npz,faulted,trafo,0,7,4,98.30508474576273,100.0,1.0,1
trafo_1_8730,samples\trafo_1_8730.npz,faulted,trafo,1,25,24,98.30508474576273,100.0,1.0,1
trafo_2_8731,samples\trafo_2_8731.npz,faulted,trafo,2,29,16,97.45762711864408,100.0,2.0,1
trafo_3_8732,samples\trafo_3_8732.npz,faulted,trafo,3,37,36,97.45762711864408,100.0,1.0,1
trafo_4_8733,samples\trafo_4_8733.npz,faulted,trafo,4,62,58,97.45762711864408,100.0,0.0,1
trafo_5_8734,samples\trafo_5_8734.npz,faulted,trafo,5,63,60,97.45762711864408,100.0,1.0,1
trafo_6_8735,samples\trafo_6_8735.npz,faulted,trafo,6,64,65,98.30508474576273,100.0,1.0,1
trafo_7_8736,samples\trafo_7_8736.npz,faulted,trafo,7,64,67,97.45762711864408,100.0,1.0,1
trafo_8_8737,samples\trafo_8_8737.npz,faulted,trafo,8,67,68,98.30508474576273,100.0,1.0,1
trafo_9_8738,samples\trafo_9_8738.npz,faulted,trafo,9,80,67,98.30508474576273,100.0,1.0,1
trafo_10_8739,samples\trafo_10_8739.npz,faulted,trafo,10,80,79,98.30508474576273,100.0,1.0,1
trafo_11_8740,samples\trafo_11_8740.npz,faulted,trafo,11,86,85,97.45762711864408,100.0,1.0,2
trafo_12_8741,samples\trafo_12_8741.npz,faulted,trafo,12,115,67,97.45762711864408,100.0,1.0,2
line_0_8742,samples\line_0_8742.npz,faulted,line,0,0,1,97.45762711864408,100.0,1.0,2
line_1_8743,samples\line_1_8743.npz,faulted,line,1,0,2,97.45762711864408,100.0,1.0,2
line_2_8744,samples\line_2_8744.npz,faulted,line,2,3,4,97.45762711864408,100.0,2.0,2
line_3_8745,samples\line_3_8745.npz,faulted,line,3,2,4,97.45762711864408,100.0,1.0,2
line_4_8746,samples\line_4_8746.npz,faulted,line,4,4,5,96.61016949152544,100.0,2.0,2
line_5_8747,samples\line_5_8747.npz,faulted,line,5,5,6,97.45762711864408,100.0,1.0,2
line_6_8748,samples\line_6_8748.npz,faulted,line,6,7,8,97.45762711864408,100.0,1.0,3
line_7_8749,samples\line_7_8749.npz,faulted,line,7,8,9,97.45762711864408,100.0,1.0,2
line_8_8750,samples\line_8_8750.npz,faulted,line,8,3,10,97.45762711864408,100.0,1.0,2
line_9_8751,samples\line_9_8751.npz,faulted,line,9,4,10,97.45762711864408,100.0,1.0,2
line_10_8752,samples\line_10_8752.npz,faulted,line,10,10,11,97.45762711864408,100.0,1.0,2
line_11_8753,samples\line_11_8753.npz,faulted,line,11,1,11,97.45762711864408,100.0,1.0,2
line_12_8754,samples\line_12_8754.npz,faulted,line,12,2,11,97.45762711864408,100.0,1.0,2
line_13_8755,samples\line_13_8755.npz,faulted,line,13,6,11,96.61016949152544,100.0,2.0,2
line_14_8756,samples\line_14_8756.npz,faulted,line,14,10,12,96.61016949152544,100.0,1.0,2
line_15_8757,samples\line_15_8757.npz,faulted,line,15,11,13,96.61016949152544,100.0,1.0,2
line_16_8758,samples\line_16_8758.npz,faulted,line,16,12,14,97.45762711864408,100.0,2.0,2
line_17_8759,samples\line_17_8759.npz,faulted,line,17,13,14,97.45762711864408,100.0,1.0,2
line_18_8760,samples\line_18_8760.npz,faulted,line,18,11,15,97.45762711864408,100.0,0.0,2
line_19_8761,samples\line_19_8761.npz,faulted,line,19,14,16,96.61016949152544,100.0,2.0,2
line_20_8762,samples\line_20_8762.npz,faulted,line,20,15,16,97.45762711864408,100.0,1.0,2
line_21_8763,samples\line_21_8763.npz,faulted,line,21,16,17,96.61016949152544,100.0,1.0,2
line_22_8764,samples\line_22_8764.npz,faulted,line,22,17,18,97.45762711864408,100.0,1.0,2
line_23_8765,samples\line_23_8765.npz,faulted,line,23,18,19,97.45762711864408,100.0,1.0,2
line_24_8766,samples\line_24_8766.npz,faulted,line,24,14,18,97.45762711864408,100.0,1.0,2
line_25_8767,samples\line_25_8767.npz,faulted,line,25,19,20,96.61016949152544,100.0,1.0,2
line_26_8768,samples\line_26_8768.npz,faulted,line,26,20,21,97.45762711864408,100.0,2.0,2
line_27_8769,samples\line_27_8769.npz,faulted,line,27,21,22,96.61016949152544,100.0,1.0,2
line_28_8770,samples\line_28_8770.npz,faulted,line,28,22,23,96.61016949152544,100.0,1.0,2
line_29_8771,samples\line_29_8771.npz,faulted,line,29,22,24,97.45762711864408,100.0,1.0,2
line_30_8772,samples\line_30_8772.npz,faulted,line,30,24,26,97.45762711864408,100.0,1.0,2
line_31_8773,samples\line_31_8773.npz,faulted,line,31,26,27,97.45762711864408,100.0,1.0,2
line_32_8774,samples\line_32_8774.npz,faulted,line,32,27,28,96.61016949152544,100.0,2.0,3
line_33_8775,samples\line_33_8775.npz,faulted,line,33,7,29,97.45762711864408,100.0,1.0,2
line_34_8776,samples\line_34_8776.npz,faulted,line,34,25,29,97.45762711864408,100.0,1.0,2
line_35_8777,samples\line_35_8777.npz,faulted,line,35,16,30,97.45762711864408,100.0,1.0,2
line_36_8778,samples\line_36_8778.npz,faulted,line,36,28,30,97.45762711864408,100.0,1.0,3
line_37_8779,samples\line_37_8779.npz,faulted,line,37,22,31,97.45762711864408,100.0,1.0,2
line_38_8780,samples\line_38_8780.npz,faulted,line,38,30,31,97.45762711864408,100.0,0.0,2
line_39_8781,samples\line_39_8781.npz,faulted,line,39,26,31,97.45762711864408,100.0,0.0,2
line_40_8782,samples\line_40_8782.npz,faulted,line,40,14,32,97.45762711864408,100.0,1.0,2
line_41_8783,samples\line_41_8783.npz,faulted,line,41,18,33,97.45762711864408,100.0,1.0,2
line_42_8784,samples\line_42_8784.npz,faulted,line,42,34,35,97.45762711864408,100.0,1.0,2
line_43_8785,samples\line_43_8785.npz,faulted,line,43,34,36,96.61016949152544,100.0,2.0,2
line_44_8786,samples\line_44_8786.npz,faulted,line,44,32,36,96.61016949152544,100.0,1.0,2
line_45_8787,samples\line_45_8787.npz,faulted,line,45,33,35,96.61016949152544,100.0,2.0,2
line_46_8788,samples\line_46_8788.npz,faulted,line,46,33,36,97.45762711864408,100.0,1.0,2
line_47_8789,samples\line_47_8789.npz,faulted,line,47,36,38,97.45762711864408,100.0,1.0,2
line_48_8790,samples\line_48_8790.npz,faulted,line,48,36,39,97.45762711864408,100.0,1.0,2
line_49_8791,samples\line_49_8791.npz,faulted,line,49,29,37,97.45762711864408,100.0,1.0,2
line_50_8792,samples\line_50_8792.npz,faulted,line,50,38,39,97.45762711864408,100.0,1.0,2
line_51_8793,samples\line_51_8793.npz,faulted,line,51,39,40,96.61016949152544,100.0,1.0,2
line_52_8794,samples\line_52_8794.npz,faulted,line,52,39,41,97.45762711864408,100.0,1.0,2
line_53_8795,samples\line_53_8795.npz,faulted,line,53,40,41,97.45762711864408,100.0,1.0,2
line_54_8796,samples\line_54_8796.npz,faulted,line,54,42,43,97.45762711864408,100.0,1.0,2
line_55_8797,samples\line_55_8797.npz,faulted,line,55,33,42,96.61016949152544,100.0,2.0,2
line_56_8798,samples\line_56_8798.npz,faulted,line,56,43,44,96.61016949152544,100.0,2.0,2
line_57_8799,samples\line_57_8799.npz,faulted,line,57,44,45,96.61016949152544,100.0,2.0,2
line_58_8800,samples\line_58_8800.npz,faulted,line,58,45,46,97.45762711864408,100.0,1.0,2
line_59_8801,samples\line_59_8801.npz,faulted,line,59,45,47,97.45762711864408,100.0,1.0,2
line_60_8802,samples\line_60_8802.npz,faulted,line,60,46,48,96.61016949152544,100.0,2.0,2
line_61_8803,samples\line_61_8803.npz,faulted,line,61,41,48,97.45762711864408,100.0,1.0,2
line_62_8804,samples\line_62_8804.npz,faulted,line,62,41,48,97.45762711864408,100.0,1.0,2
line_63_8805,samples\line_63_8805.npz,faulted,line,63,44,48,97.45762711864408,100.0,2.0,2
line_64_8806,samples\line_64_8806.npz,faulted,line,64,47,48,96.61016949152544,100.0,2.0,2
line_65_8807,samples\line_65_8807.npz,faulted,line,65,48,49,97.45762711864408,100.0,1.0,2
line_66_8808,samples\line_66_8808.npz,faulted,line,66,48,50,97.45762711864408,100.0,1.0,2
line_67_8809,samples\line_67_8809.npz,faulted,line,67,50,51,97.45762711864408,100.0,0.0,2
line_68_8810,samples\line_68_8810.npz,faulted,line,68,51,52,96.61016949152544,100.0,1.0,2
line_69_8811,samples\line_69_8811.npz,faulted,line,69,52,53,97.45762711864408,100.0,1.0,2
line_70_8812,samples\line_70_8812.npz,faulted,line,70,48,53,97.45762711864408,100.0,1.0,2
line_71_8813,samples\line_71_8813.npz,faulted,line,71,48,53,97.45762711864408,100.0,1.0,2
line_72_8814,samples\line_72_8814.npz,faulted,line,72,53,54,97.45762711864408,100.0,1.0,2
line_73_8815,samples\line_73_8815.npz,faulted,line,73,53,55,97.45762711864408,100.0,1.0,2
line_74_8816,samples\line_74_8816.npz,faulted,line,74,54,55,97.45762711864408,100.0,1.0,2
line_75_8817,samples\line_75_8817.npz,faulted,line,75,55,56,97.45762711864408,100.0,1.0,2
line_76_8818,samples\line_76_8818.npz,faulted,line,76,49,56,96.61016949152544,100.0,1.0,2
line_77_8819,samples\line_77_8819.npz,faulted,line,77,55,57,97.45762711864408,100.0,1.0,2
line_78_8820,samples\line_78_8820.npz,faulted,line,78,50,57,96.61016949152544,100.0,0.0,2
line_79_8821,samples\line_79_8821.npz,faulted,line,79,53,58,97.45762711864408,100.0,1.0,2
line_80_8822,samples\line_80_8822.npz,faulted,line,80,55,58,97.45762711864408,100.0,1.0,2
line_81_8823,samples\line_81_8823.npz,faulted,line,81,55,58,97.45762711864408,100.0,1.0,2
line_82_8824,samples\line_82_8824.npz,faulted,line,82,54,58,96.61016949152544,100.0,0.0,2
line_83_8825,samples\line_83_8825.npz,faulted,line,83,58,59,97.45762711864408,100.0,0.0,2
line_84_8826,samples\line_84_8826.npz,faulted,line,84,58,60,97.45762711864408,100.0,0.0,2
line_85_8827,samples\line_85_8827.npz,faulted,line,85,59,60,97.45762711864408,100.0,1.0,2
line_86_8828,samples\line_86_8828.npz,faulted,line,86,59,61,97.45762711864408,100.0,1.0,2
line_87_8829,samples\line_87_8829.npz,faulted,line,87,60,61,97.45762711864408,100.0,1.0,2
line_88_8830,samples\line_88_8830.npz,faulted,line,88,62,63,97.45762711864408,100.0,1.0,2
line_89_8831,samples\line_89_8831.npz,faulted,line,89,37,64,97.45762711864408,100.0,1.0,2
line_90_8832,samples\line_90_8832.npz,faulted,line,90,63,64,97.45762711864408,100.0,1.0,2
line_91_8833,samples\line_91_8833.npz,faulted,line,91,48,65,97.45762711864408,100.0,1.0,2
line_92_8834,samples\line_92_8834.npz,faulted,line,92,48,65,97.45762711864408,100.0,1.0,2
line_93_8835,samples\line_93_8835.npz,faulted,line,93,61,65,97.45762711864408,100.0,1.0,2
line_94_8836,samples\line_94_8836.npz,faulted,line,94,61,66,96.61016949152544,100.0,1.0,2
line_95_8837,samples\line_95_8837.npz,faulted,line,95,65,66,97.45762711864408,100.0,1.0,2
line_96_8838,samples\line_96_8838.npz,faulted,line,96,46,68,97.45762711864408,100.0,1.0,2
line_97_8839,samples\line_97_8839.npz,faulted,line,97,48,68,97.45762711864408,100.0,1.0,2
line_98_8840,samples\line_98_8840.npz,faulted,line,98,68,69,97.45762711864408,100.0,1.0,2
line_99_8841,samples\line_99_8841.npz,faulted,line,99,23,69,97.45762711864408,100.0,1.0,2
line_100_8842,samples\line_100_8842.npz,faulted,line,100,69,70,97.45762711864408,100.0,1.0,2
line_101_8843,samples\line_101_8843.npz,faulted,line,101,23,71,97.45762711864408,100.0,1.0,2
line_102_8844,samples\line_102_8844.npz,faulted,line,102,70,71,96.61016949152544,100.0,2.0,2
line_103_8845,samples\line_103_8845.npz,faulted,line,103,70,72,96.61016949152544,100.0,2.0,3
line_104_8846,samples\line_104_8846.npz,faulted,line,104,69,73,97.45762711864408,100.0,1.0,2
line_105_8847,samples\line_105_8847.npz,faulted,line,105,69,74,97.45762711864408,100.0,1.0,2
line_106_8848,samples\line_106_8848.npz,faulted,line,106,68,74,97.45762711864408,100.0,1.0,2
line_107_8849,samples\line_107_8849.npz,faulted,line,107,73,74,96.61016949152544,100.0,1.0,2
line_108_8850,samples\line_108_8850.npz,faulted,line,108,75,76,96.61016949152544,100.0,1.0,2
line_109_8851,samples\line_109_8851.npz,faulted,line,109,68,76,97.45762711864408,100.0,1.0,2
line_110_8852,samples\line_110_8852.npz,faulted,line,110,74,76,97.45762711864408,100.0,1.0,2
line_111_8853,samples\line_111_8853.npz,faulted,line,111,76,77,96.61016949152544,100.0,1.0,2
line_112_8854,samples\line_112_8854.npz,faulted,line,112,77,78,97.45762711864408,100.0,1.0,2
line_113_8855,samples\line_113_8855.npz,faulted,line,113,76,79,97.45762711864408,100.0,1.0,2
line_114_8856,samples\line_114_8856.npz,faulted,line,114,76,79,97.45762711864408,100.0,1.0,2
line_115_8857,samples\line_115_8857.npz,faulted,line,115,78,79,96.61016949152544,100.0,2.0,2
line_116_8858,samples\line_116_8858.npz,faulted,line,116,76,81,96.61016949152544,100.0,1.0,2
line_117_8859,samples\line_117_8859.npz,faulted,line,117,81,82,97.45762711864408,100.0,1.0,2
line_118_8860,samples\line_118_8860.npz,faulted,line,118,82,83,97.45762711864408,100.0,1.0,2
line_119_8861,samples\line_119_8861.npz,faulted,line,119,82,84,96.61016949152544,100.0,2.0,2
line_120_8862,samples\line_120_8862.npz,faulted,line,120,83,84,96.61016949152544,100.0,2.0,2
line_121_8863,samples\line_121_8863.npz,faulted,line,121,84,85,97.45762711864408,100.0,1.0,3
line_122_8864,samples\line_122_8864.npz,faulted,line,122,84,87,97.45762711864408,100.0,1.0,2
line_123_8865,samples\line_123_8865.npz,faulted,line,123,84,88,97.45762711864408,100.0,1.0,2
line_124_8866,samples\line_124_8866.npz,faulted,line,124,87,88,97.45762711864408,100.0,1.0,2
line_125_8867,samples\line_125_8867.npz,faulted,line,125,88,89,97.45762711864408,100.0,1.0,2
line_126_8868,samples\line_126_8868.npz,faulted,line,126,88,89,97.45762711864408,100.0,1.0,2
line_127_8869,samples\line_127_8869.npz,faulted,line,127,89,90,97.45762711864408,100.0,1.0,2
line_128_8870,samples\line_128_8870.npz,faulted,line,128,88,91,97.45762711864408,100.0,1.0,2
line_129_8871,samples\line_129_8871.npz,faulted,line,129,88,91,97.45762711864408,100.0,1.0,2
line_130_8872,samples\line_130_8872.npz,faulted,line,130,90,91,96.61016949152544,100.0,1.0,2
line_131_8873,samples\line_131_8873.npz,faulted,line,131,91,92,97.45762711864408,100.0,2.0,2
line_132_8874,samples\line_132_8874.npz,faulted,line,132,91,93,97.45762711864408,100.0,1.0,2
line_133_8875,samples\line_133_8875.npz,faulted,line,133,92,93,97.45762711864408,100.0,1.0,2
line_134_8876,samples\line_134_8876.npz,faulted,line,134,93,94,96.61016949152544,100.0,1.0,2
line_135_8877,samples\line_135_8877.npz,faulted,line,135,79,95,97.45762711864408,100.0,1.0,2
line_136_8878,samples\line_136_8878.npz,faulted,line,136,81,95,97.45762711864408,100.0,1.0,2
line_137_8879,samples\line_137_8879.npz,faulted,line,137,93,95,97.45762711864408,100.0,1.0,2
line_138_8880,samples\line_138_8880.npz,faulted,line,138,79,96,97.45762711864408,100.0,1.0,2
line_139_8881,samples\line_139_8881.npz,faulted,line,139,79,97,97.45762711864408,100.0,1.0,2
line_140_8882,samples\line_140_8882.npz,faulted,line,140,79,98,97.45762711864408,100.0,1.0,2
line_141_8883,samples\line_141_8883.npz,faulted,line,141,91,99,97.45762711864408,100.0,1.0,2
line_142_8884,samples\line_142_8884.npz,faulted,line,142,93,99,97.45762711864408,100.0,1.0,2
line_143_8885,samples\line_143_8885.npz,faulted,line,143,94,95,97.45762711864408,100.0,2.0,2
line_144_8886,samples\line_144_8886.npz,faulted,line,144,95,96,97.45762711864408,100.0,2.0,3
line_145_8887,samples\line_145_8887.npz,faulted,line,145,97,99,97.45762711864408,100.0,1.0,2
line_146_8888,samples\line_146_8888.npz,faulted,line,146,98,99,97.45762711864408,100.0,1.0,2
line_147_8889,samples\line_147_8889.npz,faulted,line,147,99,100,96.61016949152544,100.0,2.0,2
line_148_8890,samples\line_148_8890.npz,faulted,line,148,91,101,96.61016949152544,100.0,2.0,2
line_149_8891,samples\line_149_8891.npz,faulted,line,149,100,101,97.45762711864408,100.0,1.0,2
line_150_8892,samples\line_150_8892.npz,faulted,line,150,99,102,97.45762711864408,100.0,1.0,2
line_151_8893,samples\line_151_8893.npz,faulted,line,151,99,103,97.45762711864408,100.0,1.0,2
line_152_8894,samples\line_152_8894.npz,faulted,line,152,102,103,97.45762711864408,100.0,1.0,2
line_153_8895,samples\line_153_8895.npz,faulted,line,153,102,104,97.45762711864408,100.0,1.0,2
line_154_8896,samples\line_154_8896.npz,faulted,line,154,99,105,97.45762711864408,100.0,1.0,2
line_155_8897,samples\line_155_8897.npz,faulted,line,155,103,104,97.45762711864408,100.0,1.0,2
line_156_8898,samples\line_156_8898.npz,faulted,line,156,104,105,97.45762711864408,100.0,1.0,2
line_157_8899,samples\line_157_8899.npz,faulted,line,157,104,106,96.61016949152544,100.0,2.0,2
line_158_8900,samples\line_158_8900.npz,faulted,line,158,104,107,96.61016949152544,100.0,2.0,2
line_159_8901,samples\line_159_8901.npz,faulted,line,159,105,106,97.45762711864408,100.0,1.0,2
line_160_8902,samples\line_160_8902.npz,faulted,line,160,107,108,97.45762711864408,100.0,1.0,2
line_161_8903,samples\line_161_8903.npz,faulted,line,161,102,109,97.45762711864408,100.0,1.0,2
line_162_8904,samples\line_162_8904.npz,faulted,line,162,108,109,96.61016949152544,100.0,2.0,2
line_163_8905,samples\line_163_8905.npz,faulted,line,163,109,110,96.61016949152544,100.0,2.0,3
line_164_8906,samples\line_164_8906.npz,faulted,line,164,109,111,96.61016949152544,100.0,2.0,3
line_165_8907,samples\line_165_8907.npz,faulted,line,165,16,112,97.45762711864408,100.0,1.0,2
line_166_8908,samples\line_166_8908.npz,faulted,line,166,31,112,97.45762711864408,100.0,0.0,2
line_167_8909,samples\line_167_8909.npz,faulted,line,167,31,113,96.61016949152544,100.0,0.0,2
line_168_8910,samples\line_168_8910.npz,faulted,line,168,26,114,96.61016949152544,100.0,1.0,2
line_169_8911,samples\line_169_8911.npz,faulted,line,169,113,114,97.45762711864408,100.0,1.0,2
line_170_8912,samples\line_170_8912.npz,faulted,line,170,11,116,96.61016949152544,100.0,2.0,3
line_171_8913,samples\line_171_8913.npz,faulted,line,171,74,117,96.61016949152544,100.0,1.0,2
line_172_8914,samples\line_172_8914.npz,faulted,line,172,75,117,97.45762711864408,100.0,1.0,2
trafo_0_8915,samples\trafo_0_8915.npz,faulted,trafo,0,7,4,97.45762711864408,100.0,1.0,2
trafo_1_8916,samples\trafo_1_8916.npz,faulted,trafo,1,25,24,96.61016949152544,100.0,1.0,2
trafo_2_8917,samples\trafo_2_8917.npz,faulted,trafo,2,29,16,97.45762711864408,100.0,1.0,2
trafo_3_8918,samples\trafo_3_8918.npz,faulted,trafo,3,37,36,96.61016949152544,100.0,1.0,2
trafo_4_8919,samples\trafo_4_8919.npz,faulted,trafo,4,62,58,96.61016949152544,100.0,0.0,2
trafo_5_8920,samples\trafo_5_8920.npz,faulted,trafo,5,63,60,96.61016949152544,100.0,1.0,2
trafo_6_8921,samples\trafo_6_8921.npz,faulted,trafo,6,64,65,97.45762711864408,100.0,1.0,2
trafo_7_8922,samples\trafo_7_8922.npz,faulted,trafo,7,64,67,96.61016949152544,100.0,1.0,3
trafo_8_8923,samples\trafo_8_8923.npz,faulted,trafo,8,67,68,97.45762711864408,100.0,1.0,2
trafo_9_8924,samples\trafo_9_8924.npz,faulted,trafo,9,80,67,97.45762711864408,100.0,1.0,2
trafo_10_8925,samples\trafo_10_8925.npz,faulted,trafo,10,80,79,96.61016949152544,100.0,2.0,3
trafo_11_8926,samples\trafo_11_8926.npz,faulted,trafo,11,86,85,96.61016949152544,100.0,1.0,3
trafo_12_8927,samples\trafo_12_8927.npz,faulted,trafo,12,115,67,96.61016949152544,100.0,1.0,3
line_0_8928,samples\line_0_8928.npz,faulted,line,0,0,1,99.15254237288136,100.0,0.0,1
line_1_8929,samples\line_1_8929.npz,faulted,line,1,0,2,99.15254237288136,100.0,0.0,1
line_2_8930,samples\line_2_8930.npz,faulted,line,2,3,4,99.15254237288136,100.0,0.0,1
line_3_8931,samples\line_3_8931.npz,faulted,line,3,2,4,99.15254237288136,100.0,0.0,1
line_4_8932,samples\line_4_8932.npz,faulted,line,4,4,5,98.30508474576273,100.0,1.0,1
line_5_8933,samples\line_5_8933.npz,faulted,line,5,5,6,99.15254237288136,100.0,0.0,1
line_6_8934,samples\line_6_8934.npz,faulted,line,6,7,8,99.15254237288136,100.0,0.0,2
line_7_8935,samples\line_7_8935.npz,faulted,line,7,8,9,98.30508474576273,100.0,1.0,2
line_8_8936,samples\line_8_8936.npz,faulted,line,8,3,10,99.15254237288136,100.0,0.0,1
line_9_8937,samples\line_9_8937.npz,faulted,line,9,4,10,99.15254237288136,100.0,0.0,1
line_10_8938,samples\line_10_8938.npz,faulted,line,10,10,11,99.15254237288136,100.0,0.0,1
line_11_8939,samples\line_11_8939.npz,faulted,line,11,1,11,99.15254237288136,100.0,0.0,1
line_12_8940,samples\line_12_8940.npz,faulted,line,12,2,11,99.15254237288136,100.0,0.0,1
line_13_8941,samples\line_13_8941.npz,faulted,line,13,6,11,98.30508474576273,100.0,1.0,1
line_14_8942,samples\line_14_8942.npz,faulted,line,14,10,12,98.30508474576273,100.0,0.0,1
line_15_8943,samples\line_15_8943.npz,faulted,line,15,11,13,98.30508474576273,100.0,0.0,1
line_16_8944,samples\line_16_8944.npz,faulted,line,16,12,14,99.15254237288136,100.0,0.0,1
line_17_8945,samples\line_17_8945.npz,faulted,line,17,13,14,99.15254237288136,100.0,0.0,1
line_18_8946,samples\line_18_8946.npz,faulted,line,18,11,15,99.15254237288136,100.0,0.0,1
line_19_8947,samples\line_19_8947.npz,faulted,line,19,14,16,98.30508474576273,100.0,0.0,1
line_20_8948,samples\line_20_8948.npz,faulted,line,20,15,16,99.15254237288136,100.0,0.0,1
line_21_8949,samples\line_21_8949.npz,faulted,line,21,16,17,98.30508474576273,100.0,0.0,1
line_22_8950,samples\line_22_8950.npz,faulted,line,22,17,18,99.15254237288136,100.0,0.0,1
line_23_8951,samples\line_23_8951.npz,faulted,line,23,18,19,98.30508474576273,100.0,0.0,1
line_24_8952,samples\line_24_8952.npz,faulted,line,24,14,18,99.15254237288136,100.0,0.0,1
line_25_8953,samples\line_25_8953.npz,faulted,line,25,19,20,98.30508474576273,100.0,1.0,1
line_26_8954,samples\line_26_8954.npz,faulted,line,26,20,21,99.15254237288136,100.0,0.0,1
line_27_8955,samples\line_27_8955.npz,faulted,line,27,21,22,98.30508474576273,100.0,2.0,1
line_28_8956,samples\line_28_8956.npz,faulted,line,28,22,23,98.30508474576273,100.0,1.0,1
line_29_8957,samples\line_29_8957.npz,faulted,line,29,22,24,99.15254237288136,100.0,2.0,1
line_30_8958,samples\line_30_8958.npz,faulted,line,30,24,26,99.15254237288136,100.0,0.0,1
line_31_8959,samples\line_31_8959.npz,faulted,line,31,26,27,99.15254237288136,100.0,-1.0,1
line_32_8960,samples\line_32_8960.npz,faulted,line,32,27,28,98.30508474576273,100.0,0.0,1
line_33_8961,samples\line_33_8961.npz,faulted,line,33,7,29,99.15254237288136,100.0,0.0,1
line_34_8962,samples\line_34_8962.npz,faulted,line,34,25,29,99.15254237288136,100.0,0.0,1
line_35_8963,samples\line_35_8963.npz,faulted,line,35,16,30,99.15254237288136,100.0,0.0,1
line_36_8964,samples\line_36_8964.npz,faulted,line,36,28,30,99.15254237288136,100.0,0.0,1
line_37_8965,samples\line_37_8965.npz,faulted,line,37,22,31,99.15254237288136,100.0,2.0,1
line_38_8966,samples\line_38_8966.npz,faulted,line,38,30,31,99.15254237288136,100.0,0.0,1
line_39_8967,samples\line_39_8967.npz,faulted,line,39,26,31,99.15254237288136,100.0,0.0,1
line_40_8968,samples\line_40_8968.npz,faulted,line,40,14,32,99.15254237288136,100.0,0.0,1
line_41_8969,samples\line_41_8969.npz,faulted,line,41,18,33,99.15254237288136,100.0,0.0,1
line_42_8970,samples\line_42_8970.npz,faulted,line,42,34,35,99.15254237288136,100.0,0.0,1
line_43_8971,samples\line_43_8971.npz,faulted,line,43,34,36,98.30508474576273,100.0,1.0,1
line_44_8972,samples\line_44_8972.npz,faulted,line,44,32,36,98.30508474576273,100.0,0.0,1
line_45_8973,samples\line_45_8973.npz,faulted,line,45,33,35,98.30508474576273,100.0,1.0,1
line_46_8974,samples\line_46_8974.npz,faulted,line,46,33,36,99.15254237288136,100.0,0.0,1
line_47_8975,samples\line_47_8975.npz,faulted,line,47,36,38,99.15254237288136,100.0,0.0,1
line_48_8976,samples\line_48_8976.npz,faulted,line,48,36,39,99.15254237288136,100.0,0.0,1
line_49_8977,samples\line_49_8977.npz,faulted,line,49,29,37,99.15254237288136,100.0,0.0,1
line_50_8978,samples\line_50_8978.npz,faulted,line,50,38,39,99.15254237288136,100.0,0.0,1
line_51_8979,samples\line_51_8979.npz,faulted,line,51,39,40,98.30508474576273,100.0,0.0,1
line_52_8980,samples\line_52_8980.npz,faulted,line,52,39,41,99.15254237288136,100.0,0.0,1
line_53_8981,samples\line_53_8981.npz,faulted,line,53,40,41,99.15254237288136,100.0,0.0,1
line_54_8982,samples\line_54_8982.npz,faulted,line,54,42,43,99.15254237288136,100.0,0.0,1
line_55_8983,samples\line_55_8983.npz,faulted,line,55,33,42,98.30508474576273,100.0,1.0,1
line_56_8984,samples\line_56_8984.npz,faulted,line,56,43,44,98.30508474576273,100.0,1.0,1
line_57_8985,samples\line_57_8985.npz,faulted,line,57,44,45,98.30508474576273,100.0,1.0,1
line_58_8986,samples\line_58_8986.npz,faulted,line,58,45,46,99.15254237288136,100.0,0.0,1
line_59_8987,samples\line_59_8987.npz,faulted,line,59,45,47,99.15254237288136,100.0,0.0,1
line_60_8988,samples\line_60_8988.npz,faulted,line,60,46,48,98.30508474576273,100.0,1.0,1
line_61_8989,samples\line_61_8989.npz,faulted,line,61,41,48,99.15254237288136,100.0,0.0,1
line_62_8990,samples\line_62_8990.npz,faulted,line,62,41,48,99.15254237288136,100.0,0.0,1
line_63_8991,samples\line_63_8991.npz,faulted,line,63,44,48,99.15254237288136,100.0,1.0,1
line_64_8992,samples\line_64_8992.npz,faulted,line,64,47,48,98.30508474576273,100.0,1.0,1
line_65_8993,samples\line_65_8993.npz,faulted,line,65,48,49,99.15254237288136,100.0,0.0,1
line_66_8994,samples\line_66_8994.npz,faulted,line,66,48,50,99.15254237288136,100.0,0.0,1
line_67_8995,samples\line_67_8995.npz,faulted,line,67,50,51,99.15254237288136,100.0,-1.0,1
line_68_8996,samples\line_68_8996.npz,faulted,line,68,51,52,98.30508474576273,100.0,0.0,1
line_69_8997,samples\line_69_8997.npz,faulted,line,69,52,53,99.15254237288136,100.0,0.0,1
line_70_8998,samples\line_70_8998.npz,faulted,line,70,48,53,99.15254237288136,100.0,0.0,1
line_71_8999,samples\line_71_8999.npz,faulted,line,71,48,53,99.15254237288136,100.0,0.0,1
line_72_9000,samples\line_72_9000.npz,faulted,line,72,53,54,99.15254237288136,100.0,0.0,1
line_73_9001,samples\line_73_9001.npz,faulted,line,73,53,55,99.15254237288136,100.0,0.0,1
line_74_9002,samples\line_74_9002.npz,faulted,line,74,54,55,99.15254237288136,100.0,0.0,1
line_75_9003,samples\line_75_9003.npz,faulted,line,75,55,56,99.15254237288136,100.0,0.0,1
line_76_9004,samples\line_76_9004.npz,faulted,line,76,49,56,98.30508474576273,100.0,0.0,1
line_77_9005,samples\line_77_9005.npz,faulted,line,77,55,57,99.15254237288136,100.0,0.0,1
line_78_9006,samples\line_78_9006.npz,faulted,line,78,50,57,98.30508474576273,100.0,-1.0,1
line_79_9007,samples\line_79_9007.npz,faulted,line,79,53,58,99.15254237288136,100.0,0.0,1
line_80_9008,samples\line_80_9008.npz,faulted,line,80,55,58,99.15254237288136,100.0,0.0,1
line_81_9009,samples\line_81_9009.npz,faulted,line,81,55,58,99.15254237288136,100.0,0.0,1
line_82_9010,samples\line_82_9010.npz,faulted,line,82,54,58,98.30508474576273,100.0,-1.0,1
line_83_9011,samples\line_83_9011.npz,faulted,line,83,58,59,99.15254237288136,100.0,-1.0,1
line_84_9012,samples\line_84_9012.npz,faulted,line,84,58,60,99.15254237288136,100.0,-1.0,1
line_85_9013,samples\line_85_9013.npz,faulted,line,85,59,60,99.15254237288136,100.0,0.0,1
line_86_9014,samples\line_86_9014.npz,faulted,line,86,59,61,99.15254237288136,100.0,0.0,1
line_87_9015,samples\line_87_9015.npz,faulted,line,87,60,61,99.15254237288136,100.0,0.0,1
line_88_9016,samples\line_88_9016.npz,faulted,line,88,62,63,99.15254237288136,100.0,0.0,1
line_89_9017,samples\line_89_9017.npz,faulted,line,89,37,64,99.15254237288136,100.0,0.0,1
line_90_9018,samples\line_90_9018.npz,faulted,line,90,63,64,99.15254237288136,100.0,0.0,1
line_91_9019,samples\line_91_9019.npz,faulted,line,91,48,65,99.15254237288136,100.0,0.0,1
line_92_9020,samples\line_92_9020.npz,faulted,line,92,48,65,99.15254237288136,100.0,0.0,1
line_93_9021,samples\line_93_9021.npz,faulted,line,93,61,65,99.15254237288136,100.0,0.0,1
line_94_9022,samples\line_94_9022.npz,faulted,line,94,61,66,98.30508474576273,100.0,0.0,1
line_95_9023,samples\line_95_9023.npz,faulted,line,95,65,66,99.15254237288136,100.0,1.0,1
line_96_9024,samples\line_96_9024.npz,faulted,line,96,46,68,99.15254237288136,100.0,0.0,1
line_97_9025,samples\line_97_9025.npz,faulted,line,97,48,68,99.15254237288136,100.0,0.0,1
line_98_9026,samples\line_98_9026.npz,faulted,line,98,68,69,99.15254237288136,100.0,0.0,1
line_99_9027,samples\line_99_9027.npz,faulted,line,99,23,69,99.15254237288136,100.0,0.0,1
line_100_9028,samples\line_100_9028.npz,faulted,line,100,69,70,99.15254237288136,100.0,0.0,1
line_101_9029,samples\line_101_9029.npz,faulted,line,101,23,71,99.15254237288136,100.0,0.0,1
line_102_9030,samples\line_102_9030.npz,faulted,line,102,70,71,98.30508474576273,100.0,2.0,1
line_103_9031,samples\line_103_9031.npz,faulted,line,103,70,72,98.30508474576273,100.0,2.0,2
line_104_9032,samples\line_104_9032.npz,faulted,line,104,69,73,99.15254237288136,100.0,0.0,1
line_105_9033,samples\line_105_9033.npz,faulted,line,105,69,74,99.15254237288136,100.0,0.0,1
line_106_9034,samples\line_106_9034.npz,faulted,line,106,68,74,99.15254237288136,100.0,0.0,1
line_107_9035,samples\line_107_9035.npz,faulted,line,107,73,74,98.30508474576273,100.0,1.0,1
line_108_9036,samples\line_108_9036.npz,faulted,line,108,75,76,98.30508474576273,100.0,1.0,1
line_109_9037,samples\line_109_9037.npz,faulted,line,109,68,76,99.15254237288136,100.0,0.0,1
line_110_9038,samples\line_110_9038.npz,faulted,line,110,74,76,99.15254237288136,100.0,1.0,1
line_111_9039,samples\line_111_9039.npz,faulted,line,111,76,77,98.30508474576273,100.0,1.0,1
line_112_9040,samples\line_112_9040.npz,faulted,line,112,77,78,99.15254237288136,100.0,0.0,1
line_113_9041,samples\line_113_9041.npz,faulted,line,113,76,79,99.15254237288136,100.0,0.0,1
line_114_9042,samples\line_114_9042.npz,faulted,line,114,76,79,99.15254237288136,100.0,0.0,1
line_115_9043,samples\line_115_9043.npz,faulted,line,115,78,79,98.30508474576273,100.0,0.0,1
line_116_9044,samples\line_116_9044.npz,faulted,line,116,76,81,98.30508474576273,100.0,1.0,1
line_117_9045,samples\line_117_9045.npz,faulted,line,117,81,82,99.15254237288136,100.0,0.0,1
line_118_9046,samples\line_118_9046.npz,faulted,line,118,82,83,99.15254237288136,100.0,0.0,1
line_119_9047,samples\line_119_9047.npz,faulted,line,119,82,84,98.30508474576273,100.0,1.0,1
line_120_9048,samples\line_120_9048.npz,faulted,line,120,83,84,98.30508474576273,100.0,1.0,1
line_121_9049,samples\line_121_9049.npz,faulted,line,121,84,85,99.15254237288136,100.0,0.0,2
line_122_9050,samples\line_122_9050.npz,faulted,line,122,84,87,99.15254237288136,100.0,0.0,1
line_123_9051,samples\line_123_9051.npz,faulted,line,123,84,88,99.15254237288136,100.0,0.0,1
line_124_9052,samples\line_124_9052.npz,faulted,line,124,87,88,99.15254237288136,100.0,0.0,1
line_125_9053,samples\line_125_9053.npz,faulted,line,125,88,89,99.15254237288136,100.0,0.0,1
line_126_9054,samples\line_126_9054.npz,faulted,line,126,88,89,99.15254237288136,100.0,0.0,1
line_127_9055,samples\line_127_9055.npz,faulted,line,127,89,90,99.15254237288136,100.0,0.0,1
line_128_9056,samples\line_128_9056.npz,faulted,line,128,88,91,99.15254237288136,100.0,0.0,1
line_129_9057,samples\line_129_9057.npz,faulted,line,129,88,91,99.15254237288136,100.0,0.0,1
line_130_9058,samples\line_130_9058.npz,faulted,line,130,90,91,98.30508474576273,100.0,0.0,1
line_131_9059,samples\line_131_9059.npz,faulted,line,131,91,92,99.15254237288136,100.0,0.0,1
line_132_9060,samples\line_132_9060.npz,faulted,line,132,91,93,99.15254237288136,100.0,0.0,1
line_133_9061,samples\line_133_9061.npz,faulted,line,133,92,93,99.15254237288136,100.0,0.0,1
line_134_9062,samples\line_134_9062.npz,faulted,line,134,93,94,98.30508474576273,100.0,0.0,1
line_135_9063,samples\line_135_9063.npz,faulted,line,135,79,95,99.15254237288136,100.0,0.0,1
line_136_9064,samples\line_136_9064.npz,faulted,line,136,81,95,99.15254237288136,100.0,0.0,1
line_137_9065,samples\line_137_9065.npz,faulted,line,137,93,95,99.15254237288136,100.0,0.0,1
line_138_9066,samples\line_138_9066.npz,faulted,line,138,79,96,98.30508474576273,100.0,0.0,1
line_139_9067,samples\line_139_9067.npz,faulted,line,139,79,97,99.15254237288136,100.0,0.0,1
line_140_9068,samples\line_140_9068.npz,faulted,line,140,79,98,99.15254237288136,100.0,0.0,1
line_141_9069,samples\line_141_9069.npz,faulted,line,141,91,99,99.15254237288136,100.0,1.0,1
line_142_9070,samples\line_142_9070.npz,faulted,line,142,93,99,99.15254237288136,100.0,1.0,1
line_143_9071,samples\line_143_9071.npz,faulted,line,143,94,95,99.15254237288136,100.0,0.0,1
line_144_9072,samples\line_144_9072.npz,faulted,line,144,95,96,99.15254237288136,100.0,0.0,1
line_145_9073,samples\line_145_9073.npz,faulted,line,145,97,99,99.15254237288136,100.0,1.0,1
line_146_9074,samples\line_146_9074.npz,faulted,line,146,98,99,99.15254237288136,100.0,1.0,1
line_147_9075,samples\line_147_9075.npz,faulted,line,147,99,100,98.30508474576273,100.0,1.0,1
line_148_9076,samples\line_148_9076.npz,faulted,line,148,91,101,98.30508474576273,100.0,0.0,1
line_149_9077,samples\line_149_9077.npz,faulted,line,149,100,101,99.15254237288136,100.0,0.0,1
line_150_9078,samples\line_150_9078.npz,faulted,line,150,99,102,99.15254237288136,100.0,1.0,1
line_151_9079,samples\line_151_9079.npz,faulted,line,151,99,103,99.15254237288136,100.0,1.0,1
line_152_9080,samples\line_152_9080.npz,faulted,line,152,102,103,99.15254237288136,100.0,0.0,1
line_153_9081,samples\line_153_9081.npz,faulted,line,153,102,104,99.15254237288136,100.0,0.0,1
line_154_9082,samples\line_154_9082.npz,faulted,line,154,99,105,99.15254237288136,100.0,1.0,1
line_155_9083,samples\line_155_9083.npz,faulted,line,155,103,104,99.15254237288136,100.0,0.0,1
line_156_9084,samples\line_156_9084.npz,faulted,line,156,104,105,99.15254237288136,100.0,0.0,1
line_157_9085,samples\line_157_9085.npz,faulted,line,157,104,106,98.30508474576273,100.0,1.0,1
line_158_9086,samples\line_158_9086.npz,faulted,line,158,104,107,98.30508474576273,100.0,1.0,1
line_159_9087,samples\line_159_9087.npz,faulted,line,159,105,106,99.15254237288136,100.0,0.0,1
line_160_9088,samples\line_160_9088.npz,faulted,line,160,107,108,99.15254237288136,100.0,0.0,1
line_161_9089,samples\line_161_9089.npz,faulted,line,161,102,109,99.15254237288136,100.0,0.0,1
line_162_9090,samples\line_162_9090.npz,faulted,line,162,108,109,98.30508474576273,100.0,1.0,1
line_163_9091,samples\line_163_9091.npz,faulted,line,163,109,110,98.30508474576273,100.0,1.0,2
line_164_9092,samples\line_164_9092.npz,faulted,line,164,109,111,98.30508474576273,100.0,1.0,2
line_165_9093,samples\line_165_9093.npz,faulted,line,165,16,112,99.15254237288136,100.0,0.0,1
line_166_9094,samples\line_166_9094.npz,faulted,line,166,31,112,99.15254237288136,100.0,0.0,1
line_167_9095,samples\line_167_9095.npz,faulted,line,167,31,113,98.30508474576273,100.0,0.0,1
line_168_9096,samples\line_168_9096.npz,faulted,line,168,26,114,98.30508474576273,100.0,-1.0,1
line_169_9097,samples\line_169_9097.npz,faulted,line,169,113,114,99.15254237288136,100.0,0.0,1
line_170_9098,samples\line_170_9098.npz,faulted,line,170,11,116,98.30508474576273,100.0,1.0,2
line_171_9099,samples\line_171_9099.npz,faulted,line,171,74,117,98.30508474576273,100.0,1.0,1
line_172_9100,samples\line_172_9100.npz,faulted,line,172,75,117,99.15254237288136,100.0,0.0,1
trafo_0_9101,samples\trafo_0_9101.npz,faulted,trafo,0,7,4,99.15254237288136,100.0,0.0,1
trafo_1_9102,samples\trafo_1_9102.npz,faulted,trafo,1,25,24,98.30508474576273,100.0,0.0,1
trafo_2_9103,samples\trafo_2_9103.npz,faulted,trafo,2,29,16,98.30508474576273,100.0,0.0,1
trafo_3_9104,samples\trafo_3_9104.npz,faulted,trafo,3,37,36,98.30508474576273,100.0,0.0,1
trafo_4_9105,samples\trafo_4_9105.npz,faulted,trafo,4,62,58,98.30508474576273,100.0,-1.0,1
trafo_5_9106,samples\trafo_5_9106.npz,faulted,trafo,5,63,60,98.30508474576273,100.0,0.0,1
trafo_6_9107,samples\trafo_6_9107.npz,faulted,trafo,6,64,65,99.15254237288136,100.0,1.0,1
trafo_7_9108,samples\trafo_7_9108.npz,faulted,trafo,7,64,67,99.15254237288136,100.0,0.0,1
trafo_8_9109,samples\trafo_8_9109.npz,faulted,trafo,8,67,68,99.15254237288136,100.0,0.0,1
trafo_9_9110,samples\trafo_9_9110.npz,faulted,trafo,9,80,67,99.15254237288136,100.0,0.0,1
trafo_10_9111,samples\trafo_10_9111.npz,faulted,trafo,10,80,79,99.15254237288136,100.0,0.0,1
trafo_11_9112,samples\trafo_11_9112.npz,faulted,trafo,11,86,85,98.30508474576273,100.0,0.0,2
trafo_12_9113,samples\trafo_12_9113.npz,faulted,trafo,12,115,67,98.30508474576273,100.0,1.0,2
line_0_9114,samples\line_0_9114.npz,faulted,line,0,0,1,97.45762711864408,100.0,0.0,2
line_1_9115,samples\line_1_9115.npz,faulted,line,1,0,2,97.45762711864408,100.0,0.0,2
line_2_9116,samples\line_2_9116.npz,faulted,line,2,3,4,97.45762711864408,100.0,0.0,2
line_3_9117,samples\line_3_9117.npz,faulted,line,3,2,4,97.45762711864408,100.0,0.0,2
line_4_9118,samples\line_4_9118.npz,faulted,line,4,4,5,96.61016949152544,100.0,0.0,2
line_5_9119,samples\line_5_9119.npz,faulted,line,5,5,6,97.45762711864408,100.0,0.0,2
line_6_9120,samples\line_6_9120.npz,faulted,line,6,7,8,97.45762711864408,100.0,0.0,2
line_7_9121,samples\line_7_9121.npz,faulted,line,7,8,9,96.61016949152544,100.0,1.0,3
line_8_9122,samples\line_8_9122.npz,faulted,line,8,3,10,97.45762711864408,100.0,0.0,2
line_9_9123,samples\line_9_9123.npz,faulted,line,9,4,10,97.45762711864408,100.0,0.0,2
line_10_9124,samples\line_10_9124.npz,faulted,line,10,10,11,97.45762711864408,100.0,0.0,2
line_11_9125,samples\line_11_9125.npz,faulted,line,11,1,11,97.45762711864408,100.0,0.0,2
line_12_9126,samples\line_12_9126.npz,faulted,line,12,2,11,97.45762711864408,100.0,0.0,2
line_13_9127,samples\line_13_9127.npz,faulted,line,13,6,11,96.61016949152544,100.0,1.0,2
line_14_9128,samples\line_14_9128.npz,faulted,line,14,10,12,96.61016949152544,100.0,0.0,3
line_15_9129,samples\line_15_9129.npz,faulted,line,15,11,13,96.61016949152544,100.0,1.0,2
line_16_9130,samples\line_16_9130.npz,faulted,line,16,12,14,97.45762711864408,100.0,0.0,2
line_17_9131,samples\line_17_9131.npz,faulted,line,17,13,14,97.45762711864408,100.0,0.0,2
line_18_9132,samples\line_18_9132.npz,faulted,line,18,11,15,97.45762711864408,100.0,0.0,2
line_19_9133,samples\line_19_9133.npz,faulted,line,19,14,16,96.61016949152544,100.0,0.0,2
line_20_9134,samples\line_20_9134.npz,faulted,line,20,15,16,97.45762711864408,100.0,0.0,2
line_21_9135,samples\line_21_9135.npz,faulted,line,21,16,17,96.61016949152544,100.0,0.0,2
line_22_9136,samples\line_22_9136.npz,faulted,line,22,17,18,97.45762711864408,100.0,0.0,2
line_23_9137,samples\line_23_9137.npz,faulted,line,23,18,19,97.45762711864408,100.0,0.0,2
line_24_9138,samples\line_24_9138.npz,faulted,line,24,14,18,97.45762711864408,100.0,0.0,2
line_25_9139,samples\line_25_9139.npz,faulted,line,25,19,20,96.61016949152544,100.0,1.0,2
line_26_9140,samples\line_26_9140.npz,faulted,line,26,20,21,97.45762711864408,100.0,0.0,2
line_27_9141,samples\line_27_9141.npz,faulted,line,27,21,22,96.61016949152544,100.0,2.0,2
line_28_9142,samples\line_28_9142.npz,faulted,line,28,22,23,96.61016949152544,100.0,1.0,2
line_29_9143,samples\line_29_9143.npz,faulted,line,29,22,24,97.45762711864408,100.0,2.0,2
line_30_9144,samples\line_30_9144.npz,faulted,line,30,24,26,97.45762711864408,100.0,0.0,2
line_31_9145,samples\line_31_9145.npz,faulted,line,31,26,27,97.45762711864408,100.0,-1.0,2
line_32_9146,samples\line_32_9146.npz,faulted,line,32,27,28,96.61016949152544,100.0,0.0,2
line_33_9147,samples\line_33_9147.npz,faulted,line,33,7,29,97.45762711864408,100.0,1.0,3
line_34_9148,samples\line_34_9148.npz,faulted,line,34,25,29,97.45762711864408,100.0,1.0,2
line_35_9149,samples\line_35_9149.npz,faulted,line,35,16,30,97.45762711864408,100.0,1.0,2
line_36_9150,samples\line_36_9150.npz,faulted,line,36,28,30,97.45762711864408,100.0,0.0,2
line_37_9151,samples\line_37_9151.npz,faulted,line,37,22,31,97.45762711864408,100.0,2.0,2
line_38_9152,samples\line_38_9152.npz,faulted,line,38,30,31,97.45762711864408,100.0,0.0,2
line_39_9153,samples\line_39_9153.npz,faulted,line,39,26,31,97.45762711864408,100.0,0.0,2
line_40_9154,samples\line_40_9154.npz,faulted,line,40,14,32,97.45762711864408,100.0,0.0,2
line_41_9155,samples\line_41_9155.npz,faulted,line,41,18,33,97.45762711864408,100.0,0.0,2
line_42_9156,samples\line_42_9156.npz,faulted,line,42,34,35,97.45762711864408,100.0,0.0,2
line_43_9157,samples\line_43_9157.npz,faulted,line,43,34,36,96.61016949152544,100.0,1.0,2
line_44_9158,samples\line_44_9158.npz,faulted,line,44,32,36,96.61016949152544,100.0,1.0,2
line_45_9159,samples\line_45_9159.npz,faulted,line,45,33,35,96.61016949152544,100.0,1.0,2
line_46_9160,samples\line_46_9160.npz,faulted,line,46,33,36,97.45762711864408,100.0,0.0,2
line_47_9161,samples\line_47_9161.npz,faulted,line,47,36,38,97.45762711864408,100.0,0.0,2
line_48_9162,samples\line_48_9162.npz,faulted,line,48,36,39,97.45762711864408,100.0,0.0,2
line_49_9163,samples\line_49_9163.npz,faulted,line,49,29,37,97.45762711864408,100.0,0.0,2
line_50_9164,samples\line_50_9164.npz,faulted,line,50,38,39,97.45762711864408,100.0,0.0,2
line_51_9165,samples\line_51_9165.npz,faulted,line,51,39,40,96.61016949152544,100.0,0.0,2
line_52_9166,samples\line_52_9166.npz,faulted,line,52,39,41,97.45762711864408,100.0,0.0,2
line_53_9167,samples\line_53_9167.npz,faulted,line,53,40,41,97.45762711864408,100.0,0.0,2
line_54_9168,samples\line_54_9168.npz,faulted,line,54,42,43,97.45762711864408,100.0,0.0,2
line_55_9169,samples\line_55_9169.npz,faulted,line,55,33,42,96.61016949152544,100.0,1.0,2
line_56_9170,samples\line_56_9170.npz,faulted,line,56,43,44,96.61016949152544,100.0,1.0,2
line_57_9171,samples\line_57_9171.npz,faulted,line,57,44,45,96.61016949152544,100.0,1.0,2
line_58_9172,samples\line_58_9172.npz,faulted,line,58,45,46,97.45762711864408,100.0,0.0,2
line_59_9173,samples\line_59_9173.npz,faulted,line,59,45,47,97.45762711864408,100.0,0.0,2
line_60_9174,samples\line_60_9174.npz,faulted,line,60,46,48,96.61016949152544,100.0,1.0,2
line_61_9175,samples\line_61_9175.npz,faulted,line,61,41,48,97.45762711864408,100.0,0.0,2
line_62_9176,samples\line_62_9176.npz,faulted,line,62,41,48,97.45762711864408,100.0,0.0,2
line_63_9177,samples\line_63_9177.npz,faulted,line,63,44,48,97.45762711864408,100.0,1.0,2
line_64_9178,samples\line_64_9178.npz,faulted,line,64,47,48,96.61016949152544,100.0,1.0,2
line_65_9179,samples\line_65_9179.npz,faulted,line,65,48,49,97.45762711864408,100.0,0.0,3
line_66_9180,samples\line_66_9180.npz,faulted,line,66,48,50,97.45762711864408,100.0,0.0,2
line_67_9181,samples\line_67_9181.npz,faulted,line,67,50,51,97.45762711864408,100.0,0.0,2
line_68_9182,samples\line_68_9182.npz,faulted,line,68,51,52,96.61016949152544,100.0,0.0,2
line_69_9183,samples\line_69_9183.npz,faulted,line,69,52,53,97.45762711864408,100.0,0.0,2
line_70_9184,samples\line_70_9184.npz,faulted,line,70,48,53,97.45762711864408,100.0,0.0,2
line_71_9185,samples\line_71_9185.npz,faulted,line,71,48,53,97.45762711864408,100.0,0.0,2
line_72_9186,samples\line_72_9186.npz,faulted,line,72,53,54,97.45762711864408,100.0,0.0,2
line_73_9187,samples\line_73_9187.npz,faulted,line,73,53,55,97.45762711864408,100.0,0.0,2
line_74_9188,samples\line_74_9188.npz,faulted,line,74,54,55,97.45762711864408,100.0,0.0,2
line_75_9189,samples\line_75_9189.npz,faulted,line,75,55,56,97.45762711864408,100.0,0.0,2
line_76_9190,samples\line_76_9190.npz,faulted,line,76,49,56,96.61016949152544,100.0,0.0,3
line_77_9191,samples\line_77_9191.npz,faulted,line,77,55,57,97.45762711864408,100.0,0.0,2
line_78_9192,samples\line_78_9192.npz,faulted,line,78,50,57,96.61016949152544,100.0,0.0,2
line_79_9193,samples\line_79_9193.npz,faulted,line,79,53,58,97.45762711864408,100.0,0.0,2
line_80_9194,samples\line_80_9194.npz,faulted,line,80,55,58,97.45762711864408,100.0,0.0,2
line_81_9195,samples\line_81_9195.npz,faulted,line,81,55,58,97.45762711864408,100.0,0.0,2
line_82_9196,samples\line_82_9196.npz,faulted,line,82,54,58,96.61016949152544,100.0,0.0,2
line_83_9197,samples\line_83_9197.npz,faulted,line,83,58,59,97.45762711864408,100.0,0.0,2
line_84_9198,samples\line_84_9198.npz,faulted,line,84,58,60,97.45762711864408,100.0,0.0,2
line_85_9199,samples\line_85_9199.npz,faulted,line,85,59,60,97.45762711864408,100.0,0.0,2
line_86_9200,samples\line_86_9200.npz,faulted,line,86,59,61,97.45762711864408,100.0,0.0,2
line_87_9201,samples\line_87_9201.npz,faulted,line,87,60,61,97.45762711864408,100.0,0.0,2
line_88_9202,samples\line_88_9202.npz,faulted,line,88,62,63,97.45762711864408,100.0,0.0,2
line_89_9203,samples\line_89_9203.npz,faulted,line,89,37,64,97.45762711864408,100.0,0.0,2
line_90_9204,samples\line_90_9204.npz,faulted,line,90,63,64,97.45762711864408,100.0,0.0,2
line_91_9205,samples\line_91_9205.npz,faulted,line,91,48,65,97.45762711864408,100.0,0.0,2
line_92_9206,samples\line_92_9206.npz,faulted,line,92,48,65,97.45762711864408,100.0,0.0,2
line_93_9207,samples\line_93_9207.npz,faulted,line,93,61,65,97.45762711864408,100.0,0.0,2
line_94_9208,samples\line_94_9208.npz,faulted,line,94,61,66,96.61016949152544,100.0,0.0,2
line_95_9209,samples\line_95_9209.npz,faulted,line,95,65,66,97.45762711864408,100.0,0.0,2
line_96_9210,samples\line_96_9210.npz,faulted,line,96,46,68,97.45762711864408,100.0,0.0,2
line_97_9211,samples\line_97_9211.npz,faulted,line,97,48,68,97.45762711864408,100.0,0.0,2
line_98_9212,samples\line_98_9212.npz,faulted,line,98,68,69,97.45762711864408,100.0,0.0,2
line_99_9213,samples\line_99_9213.npz,faulted,line,99,23,69,97.45762711864408,100.0,0.0,2
line_100_9214,samples\line_100_9214.npz,faulted,line,100,69,70,97.45762711864408,100.0,0.0,2
line_101_9215,samples\line_101_9215.npz,faulted,line,101,23,71,97.45762711864408,100.0,0.0,2
line_102_9216,samples\line_102_9216.npz,faulted,line,102,70,71,96.61016949152544,100.0,2.0,2
line_103_9217,samples\line_103_9217.npz,faulted,line,103,70,72,96.61016949152544,100.0,2.0,3
line_104_9218,samples\line_104_9218.npz,faulted,line,104,69,73,97.45762711864408,100.0,0.0,2
line_105_9219,samples\line_105_9219.npz,faulted,line,105,69,74,97.45762711864408,100.0,0.0,2
line_106_9220,samples\line_106_9220.npz,faulted,line,106,68,74,97.45762711864408,100.0,0.0,2
line_107_9221,samples\line_107_9221.npz,faulted,line,107,73,74,96.61016949152544,100.0,1.0,2
line_108_9222,samples\line_108_9222.npz,faulted,line,108,75,76,96.61016949152544,100.0,1.0,2
line_109_9223,samples\line_109_9223.npz,faulted,line,109,68,76,97.45762711864408,100.0,0.0,2
line_110_9224,samples\line_110_9224.npz,faulted,line,110,74,76,97.45762711864408,100.0,1.0,2
line_111_9225,samples\line_111_9225.npz,faulted,line,111,76,77,96.61016949152544,100.0,1.0,2
line_112_9226,samples\line_112_9226.npz,faulted,line,112,77,78,97.45762711864408,100.0,0.0,2
line_113_9227,samples\line_113_9227.npz,faulted,line,113,76,79,97.45762711864408,100.0,0.0,2
line_114_9228,samples\line_114_9228.npz,faulted,line,114,76,79,97.45762711864408,100.0,0.0,2
line_115_9229,samples\line_115_9229.npz,faulted,line,115,78,79,96.61016949152544,100.0,0.0,2
line_116_9230,samples\line_116_9230.npz,faulted,line,116,76,81,96.61016949152544,100.0,1.0,2
line_117_9231,samples\line_117_9231.npz,faulted,line,117,81,82,97.45762711864408,100.0,0.0,2
line_118_9232,samples\line_118_9232.npz,faulted,line,118,82,83,97.45762711864408,100.0,0.0,2
line_119_9233,samples\line_119_9233.npz,faulted,line,119,82,84,96.61016949152544,100.0,1.0,2
line_120_9234,samples\line_120_9234.npz,faulted,line,120,83,84,96.61016949152544,100.0,1.0,2
line_121_9235,samples\line_121_9235.npz,faulted,line,121,84,85,97.45762711864408,100.0,0.0,3
line_122_9236,samples\line_122_9236.npz,faulted,line,122,84,87,97.45762711864408,100.0,0.0,2
line_123_9237,samples\line_123_9237.npz,faulted,line,123,84,88,97.45762711864408,100.0,0.0,2
line_124_9238,samples\line_124_9238.npz,faulted,line,124,87,88,97.45762711864408,100.0,0.0,2
line_125_9239,samples\line_125_9239.npz,faulted,line,125,88,89,97.45762711864408,100.0,0.0,2
line_126_9240,samples\line_126_9240.npz,faulted,line,126,88,89,97.45762711864408,100.0,0.0,2
line_127_9241,samples\line_127_9241.npz,faulted,line,127,89,90,97.45762711864408,100.0,0.0,2
line_128_9242,samples\line_128_9242.npz,faulted,line,128,88,91,97.45762711864408,100.0,0.0,2
line_129_9243,samples\line_129_9243.npz,faulted,line,129,88,91,97.45762711864408,100.0,0.0,2
line_130_9244,samples\line_130_9244.npz,faulted,line,130,90,91,96.61016949152544,100.0,0.0,2
line_131_9245,samples\line_131_9245.npz,faulted,line,131,91,92,97.45762711864408,100.0,0.0,2
line_132_9246,samples\line_132_9246.npz,faulted,line,132,91,93,97.45762711864408,100.0,0.0,2
line_133_9247,samples\line_133_9247.npz,faulted,line,133,92,93,97.45762711864408,100.0,0.0,2
line_134_9248,samples\line_134_9248.npz,faulted,line,134,93,94,96.61016949152544,100.0,0.0,2
line_135_9249,samples\line_135_9249.npz,faulted,line,135,79,95,97.45762711864408,100.0,0.0,2
line_136_9250,samples\line_136_9250.npz,faulted,line,136,81,95,97.45762711864408,100.0,0.0,2
line_137_9251,samples\line_137_9251.npz,faulted,line,137,93,95,97.45762711864408,100.0,0.0,2
line_138_9252,samples\line_138_9252.npz,faulted,line,138,79,96,96.61016949152544,100.0,0.0,2
line_139_9253,samples\line_139_9253.npz,faulted,line,139,79,97,97.45762711864408,100.0,0.0,2
line_140_9254,samples\line_140_9254.npz,faulted,line,140,79,98,97.45762711864408,100.0,0.0,2
line_141_9255,samples\line_141_9255.npz,faulted,line,141,91,99,97.45762711864408,100.0,1.0,2
line_142_9256,samples\line_142_9256.npz,faulted,line,142,93,99,97.45762711864408,100.0,1.0,2
line_143_9257,samples\line_143_9257.npz,faulted,line,143,94,95,97.45762711864408,100.0,0.0,2
line_144_9258,samples\line_144_9258.npz,faulted,line,144,95,96,97.45762711864408,100.0,0.0,2
line_145_9259,samples\line_145_9259.npz,faulted,line,145,97,99,97.45762711864408,100.0,1.0,2
line_146_9260,samples\line_146_9260.npz,faulted,line,146,98,99,97.45762711864408,100.0,1.0,2
line_147_9261,samples\line_147_9261.npz,faulted,line,147,99,100,96.61016949152544,100.0,1.0,2
line_148_9262,samples\line_148_9262.npz,faulted,line,148,91,101,96.61016949152544,100.0,0.0,2
line_149_9263,samples\line_149_9263.npz,faulted,line,149,100,101,97.45762711864408,100.0,0.0,2
line_150_9264,samples\line_150_9264.npz,faulted,line,150,99,102,97.45762711864408,100.0,1.0,2
line_151_9265,samples\line_151_9265.npz,faulted,line,151,99,103,97.45762711864408,100.0,1.0,2
line_152_9266,samples\line_152_9266.npz,faulted,line,152,102,103,97.45762711864408,100.0,0.0,2
line_153_9267,samples\line_153_9267.npz,faulted,line,153,102,104,97.45762711864408,100.0,0.0,2
line_154_9268,samples\line_154_9268.npz,faulted,line,154,99,105,97.45762711864408,100.0,1.0,2
line_155_9269,samples\line_155_9269.npz,faulted,line,155,103,104,97.45762711864408,100.0,0.0,2
line_156_9270,samples\line_156_9270.npz,faulted,line,156,104,105,97.45762711864408,100.0,0.0,2
line_157_9271,samples\line_157_9271.npz,faulted,line,157,104,106,96.61016949152544,100.0,1.0,2
line_158_9272,samples\line_158_9272.npz,faulted,line,158,104,107,96.61016949152544,100.0,1.0,2
line_159_9273,samples\line_159_9273.npz,faulted,line,159,105,106,97.45762711864408,100.0,0.0,2
line_160_9274,samples\line_160_9274.npz,faulted,line,160,107,108,97.45762711864408,100.0,0.0,2
line_161_9275,samples\line_161_9275.npz,faulted,line,161,102,109,97.45762711864408,100.0,0.0,2
line_162_9276,samples\line_162_9276.npz,faulted,line,162,108,109,96.61016949152544,100.0,1.0,2
line_163_9277,samples\line_163_9277.npz,faulted,line,163,109,110,96.61016949152544,100.0,1.0,3
line_164_9278,samples\line_164_9278.npz,faulted,line,164,109,111,96.61016949152544,100.0,1.0,3
line_165_9279,samples\line_165_9279.npz,faulted,line,165,16,112,97.45762711864408,100.0,1.0,2
line_166_9280,samples\line_166_9280.npz,faulted,line,166,31,112,97.45762711864408,100.0,0.0,2
line_167_9281,samples\line_167_9281.npz,faulted,line,167,31,113,96.61016949152544,100.0,0.0,2
line_168_9282,samples\line_168_9282.npz,faulted,line,168,26,114,96.61016949152544,100.0,-1.0,2
line_169_9283,samples\line_169_9283.npz,faulted,line,169,113,114,97.45762711864408,100.0,0.0,2
line_170_9284,samples\line_170_9284.npz,faulted,line,170,11,116,96.61016949152544,100.0,1.0,3
line_171_9285,samples\line_171_9285.npz,faulted,line,171,74,117,96.61016949152544,100.0,1.0,2
line_172_9286,samples\line_172_9286.npz,faulted,line,172,75,117,97.45762711864408,100.0,0.0,2
trafo_0_9287,samples\trafo_0_9287.npz,faulted,trafo,0,7,4,97.45762711864408,100.0,0.0,2
trafo_1_9288,samples\trafo_1_9288.npz,faulted,trafo,1,25,24,96.61016949152544,100.0,0.0,2
trafo_2_9289,samples\trafo_2_9289.npz,faulted,trafo,2,29,16,96.61016949152544,100.0,1.0,2
trafo_3_9290,samples\trafo_3_9290.npz,faulted,trafo,3,37,36,96.61016949152544,100.0,0.0,2
trafo_4_9291,samples\trafo_4_9291.npz,faulted,trafo,4,62,58,96.61016949152544,100.0,0.0,2
trafo_5_9292,samples\trafo_5_9292.npz,faulted,trafo,5,63,60,97.45762711864408,100.0,0.0,2
trafo_6_9293,samples\trafo_6_9293.npz,faulted,trafo,6,64,65,97.45762711864408,100.0,0.0,2
trafo_7_9294,samples\trafo_7_9294.npz,faulted,trafo,7,64,67,97.45762711864408,100.0,0.0,2
trafo_8_9295,samples\trafo_8_9295.npz,faulted,trafo,8,67,68,97.45762711864408,100.0,0.0,2
trafo_9_9296,samples\trafo_9_9296.npz,faulted,trafo,9,80,67,97.45762711864408,100.0,0.0,2
trafo_10_9297,samples\trafo_10_9297.npz,faulted,trafo,10,80,79,97.45762711864408,100.0,0.0,2
trafo_11_9298,samples\trafo_11_9298.npz,faulted,trafo,11,86,85,96.61016949152544,100.0,0.0,3
trafo_12_9299,samples\trafo_12_9299.npz,faulted,trafo,12,115,67,96.61016949152544,100.0,1.0,3
