kind,idx,nodes,edges,components,coverage_fixed_%,pmus_fixed,coverage_reopt_%,pmus_reopt,delta_pmus,greedy_time_s,pmus_reopt_list,failed_u,failed_v,keeps_100%
line,0,57,74,1,96.49122807017544,18,100.0,19,1,0.0007997999782674015,"[1, 3, 8, 10, 11, 14, 19, 23, 25, 28, 30, 31, 34, 36, 37, 45, 49, 52, 55]",0,1,False
line,1,57,74,1,98.24561403508773,18,100.0,19,1,0.000995999958831817,"[0, 3, 8, 10, 11, 14, 19, 23, 25, 28, 30, 31, 34, 36, 37, 45, 49, 52, 55]",1,2,False
line,2,57,74,1,98.24561403508773,18,100.0,19,1,0.0008305999799631536,"[0, 3, 8, 10, 11, 14, 19, 23, 25, 28, 30, 31, 34, 36, 37, 45, 49, 52, 55]",2,3,False
line,3,57,74,1,96.49122807017544,18,100.0,19,1,0.0007443000213243067,"[0, 5, 8, 10, 11, 14, 18, 19, 23, 27, 30, 31, 34, 36, 37, 45, 49, 52, 55]",3,4,False
line,4,57,74,1,96.49122807017544,18,100.0,20,2,0.0007838000310584903,"[0, 3, 4, 8, 10, 11, 14, 19, 23, 25, 28, 30, 31, 34, 36, 37, 45, 49, 52, 55]",3,5,False
line,5,57,74,1,98.24561403508773,18,100.0,19,1,0.0010189000167883933,"[0, 3, 8, 10, 11, 14, 19, 23, 25, 28, 30, 31, 34, 36, 37, 45, 49, 52, 55]",5,6,False
line,6,57,74,1,98.24561403508773,18,100.0,19,1,0.0009556000004522502,"[0, 3, 8, 10, 11, 14, 19, 23, 25, 28, 30, 31, 34, 36, 37, 45, 49, 52, 55]",5,7,False
line,7,57,74,1,96.49122807017544,18,100.0,20,2,0.0008093000506050885,"[0, 3, 5, 10, 11, 12, 14, 19, 23, 25, 28, 30, 31, 34, 36, 37, 45, 50, 53, 55]",7,8,False
line,8,57,74,1,96.49122807017544,18,100.0,20,2,0.0008014999912120402,"[0, 3, 5, 10, 11, 12, 14, 19, 23, 25, 28, 30, 31, 34, 36, 37, 45, 50, 53, 55]",8,9,False
line,9,57,74,1,98.24561403508773,18,100.0,20,2,0.0007859000470489264,"[0, 3, 8, 10, 11, 12, 14, 19, 23, 25, 28, 30, 31, 34, 36, 37, 45, 49, 52, 55]",8,10,False
line,10,57,74,1,96.49122807017544,18,100.0,20,2,0.0007801000028848648,"[0, 3, 8, 10, 11, 12, 14, 19, 23, 25, 28, 30, 31, 34, 36, 37, 45, 49, 52, 55]",8,11,False
line,11,57,74,1,98.24561403508773,18,100.0,19,1,0.0012602999922819436,"[0, 3, 8, 10, 11, 14, 19, 23, 25, 28, 30, 31, 34, 36, 37, 45, 49, 52, 55]",8,12,False
line,12,57,74,1,98.24561403508773,18,100.0,19,1,0.0007477999897673726,"[0, 3, 8, 10, 11, 14, 19, 23, 25, 28, 30, 31, 34, 36, 37, 45, 49, 52, 55]",12,13,False
line,13,57,74,1,98.24561403508773,18,100.0,19,1,0.0010774999973364174,"[0, 3, 8, 10, 11, 14, 19, 23, 25, 28, 30, 31, 34, 36, 37, 45, 49, 52, 55]",12,14,False
line,14,57,74,1,98.24561403508773,18,100.0,20,2,0.0008753000292927027,"[0, 3, 8, 10, 11, 12, 14, 19, 23, 25, 28, 30, 31, 34, 36, 37, 45, 49, 52, 55]",0,14,False
line,15,57,74,1,96.49122807017544,18,100.0,19,1,0.0012778999516740441,"[0, 3, 8, 10, 11, 14, 19, 23, 25, 28, 30, 31, 34, 36, 37, 45, 49, 52, 55]",0,15,False
line,16,57,75,1,98.24561403508773,18,100.0,19,1,0.0008002000395208597,"[0, 3, 8, 10, 11, 14, 19, 23, 25, 28, 30, 31, 34, 36, 37, 45, 49, 52, 55]",0,16,False
line,17,57,74,1,98.24561403508773,18,100.0,19,1,0.0008567000040784478,"[0, 3, 8, 10, 11, 14, 19, 23, 25, 28, 30, 31, 34, 36, 37, 45, 49, 52, 55]",2,14,False
line,18,57,74,1,98.24561403508773,18,100.0,19,1,0.000853499979712069,"[0, 3, 8, 10, 11, 14, 19, 23, 25, 28, 30, 31, 34, 36, 37, 45, 49, 52, 55]",4,5,False
line,19,57,74,1,98.24561403508773,18,100.0,19,1,0.002286700007971376,"[0, 3, 8, 10, 11, 14, 19, 23, 25, 28, 30, 31, 34, 36, 37, 45, 49, 52, 55]",6,7,False
line,20,57,74,1,98.24561403508773,18,100.0,19,1,0.001214600051753223,"[0, 3, 8, 10, 11, 14, 19, 23, 25, 28, 30, 31, 34, 36, 37, 45, 49, 52, 55]",9,11,False
line,21,57,74,1,98.24561403508773,18,100.0,19,1,0.0008151999791152775,"[0, 3, 8, 10, 11, 14, 19, 23, 25, 28, 30, 31, 34, 36, 37, 45, 49, 52, 55]",10,12,False
line,22,57,74,1,98.24561403508773,18,100.0,19,1,0.0007771000382490456,"[0, 3, 8, 10, 11, 14, 19, 23, 25, 28, 30, 31, 34, 36, 37, 45, 49, 52, 55]",11,12,False
line,23,57,74,1,98.24561403508773,18,100.0,19,1,0.001084200048353523,"[0, 3, 8, 10, 11, 14, 19, 23, 25, 28, 30, 31, 34, 36, 37, 45, 49, 52, 55]",11,15,False
line,24,57,74,2,98.24561403508773,18,100.0,19,1,0.0009065999765880406,"[0, 3, 8, 10, 14, 16, 19, 23, 25, 28, 30, 31, 34, 36, 37, 45, 49, 52, 55]",11,16,False
line,25,57,74,1,98.24561403508773,18,100.0,19,1,0.0008158999844454229,"[0, 3, 8, 10, 11, 14, 19, 23, 25, 28, 30, 31, 34, 36, 37, 45, 49, 52, 55]",13,14,False
line,26,57,74,1,98.24561403508773,18,100.0,19,1,0.0007575000054202974,"[0, 3, 8, 10, 11, 14, 19, 23, 25, 28, 30, 31, 34, 36, 37, 45, 49, 52, 55]",17,18,False
line,27,57,74,1,96.49122807017544,18,100.0,20,2,0.0009215000318363309,"[0, 3, 8, 10, 11, 14, 17, 19, 23, 25, 28, 30, 31, 34, 36, 37, 45, 49, 52, 55]",18,19,False
line,28,57,74,1,98.24561403508773,18,100.0,19,1,0.0007585000130347908,"[0, 3, 8, 10, 11, 14, 19, 23, 25, 28, 30, 31, 34, 36, 37, 45, 49, 52, 55]",20,21,False
line,29,57,74,1,98.24561403508773,18,100.0,19,1,0.0009690999868325889,"[0, 3, 8, 10, 11, 14, 19, 23, 25, 28, 30, 31, 34, 36, 37, 45, 49, 52, 55]",21,22,False
line,30,57,74,1,96.49122807017544,18,100.0,20,2,0.0008611999801360071,"[0, 3, 8, 10, 11, 14, 19, 21, 23, 25, 28, 30, 31, 34, 36, 37, 45, 49, 52, 55]",22,23,False
line,31,57,74,1,96.49122807017544,18,100.0,19,1,0.0008653000113554299,"[0, 3, 8, 10, 11, 14, 19, 23, 26, 28, 30, 31, 34, 36, 37, 45, 49, 52, 55]",25,26,False
line,32,57,74,1,98.24561403508773,18,100.0,19,1,0.0009403000003658235,"[0, 3, 8, 10, 11, 14, 19, 23, 25, 28, 30, 31, 34, 36, 37, 45, 49, 52, 55]",26,27,False
line,33,57,74,1,96.49122807017544,18,100.0,19,1,0.0007469999836757779,"[0, 3, 8, 10, 11, 14, 19, 23, 26, 28, 30, 31, 34, 36, 37, 45, 49, 52, 55]",27,28,False
line,34,57,74,2,96.49122807017544,18,100.0,19,1,0.0007605000282637775,"[0, 3, 8, 10, 11, 14, 19, 23, 25, 28, 30, 31, 34, 36, 37, 45, 49, 52, 55]",24,29,False
line,35,57,74,2,98.24561403508773,18,100.0,19,1,0.0007580000092275441,"[0, 3, 8, 10, 11, 14, 19, 23, 24, 25, 28, 31, 34, 36, 37, 45, 49, 52, 55]",29,30,False
line,36,57,74,2,96.49122807017544,18,100.0,19,1,0.0009707999997772276,"[0, 3, 8, 10, 11, 14, 19, 23, 25, 28, 29, 31, 34, 36, 37, 45, 49, 52, 55]",30,31,False
line,37,57,74,2,96.49122807017544,18,100.0,19,1,0.0008114000083878636,"[0, 3, 8, 10, 11, 14, 19, 23, 25, 28, 30, 32, 34, 36, 37, 45, 49, 52, 55]",31,32,False
line,38,57,74,2,96.49122807017544,18,100.0,20,2,0.0008505999576300383,"[0, 3, 8, 10, 11, 14, 19, 23, 25, 28, 30, 31, 33, 34, 36, 37, 45, 49, 52, 55]",33,34,False
line,39,57,74,2,98.24561403508773,18,100.0,19,1,0.0008194999536499381,"[0, 3, 8, 10, 11, 14, 19, 23, 25, 28, 30, 31, 33, 36, 37, 45, 49, 52, 55]",34,35,False
line,40,57,74,1,98.24561403508773,18,100.0,19,1,0.0007529000286012888,"[0, 3, 8, 10, 11, 14, 19, 23, 25, 28, 30, 31, 34, 36, 37, 45, 49, 52, 55]",35,36,False
line,41,57,74,1,98.24561403508773,18,100.0,20,2,0.0009126999648287892,"[0, 3, 8, 9, 10, 11, 18, 21, 23, 25, 28, 30, 31, 34, 36, 43, 45, 48, 52, 55]",36,37,False
line,42,57,74,1,96.49122807017544,18,100.0,19,1,0.0007547000423073769,"[0, 3, 8, 10, 11, 14, 19, 23, 25, 28, 30, 31, 34, 37, 38, 45, 49, 52, 55]",36,38,False
line,43,57,74,1,98.24561403508773,18,100.0,19,1,0.0007536000339314342,"[0, 3, 8, 10, 11, 14, 19, 23, 25, 28, 30, 31, 34, 36, 37, 45, 49, 52, 55]",35,39,False
line,44,57,74,1,96.49122807017544,18,100.0,20,2,0.0008527000318281353,"[0, 3, 8, 9, 10, 11, 19, 20, 23, 25, 28, 30, 31, 33, 36, 43, 45, 48, 52, 55]",21,37,False
line,45,57,74,1,98.24561403508773,18,100.0,19,1,0.0010573999607004225,"[0, 3, 8, 10, 11, 14, 19, 23, 25, 28, 30, 31, 34, 36, 37, 45, 49, 52, 55]",40,41,False
line,46,57,74,1,98.24561403508773,18,100.0,19,1,0.002070499991532415,"[0, 3, 8, 10, 11, 14, 19, 23, 25, 28, 30, 31, 34, 36, 37, 45, 49, 52, 55]",40,42,False
line,47,57,74,1,96.49122807017544,18,100.0,20,2,0.0008073999779298902,"[0, 3, 8, 9, 10, 11, 18, 21, 23, 25, 28, 30, 31, 34, 36, 43, 45, 48, 52, 55]",37,43,False
line,48,57,74,1,96.49122807017544,18,100.0,20,2,0.0007855999865569174,"[0, 3, 8, 10, 11, 13, 14, 19, 23, 25, 28, 30, 31, 34, 36, 37, 46, 49, 52, 55]",45,46,False
line,49,57,74,1,98.24561403508773,18,100.0,19,1,0.0008456999785266817,"[0, 3, 8, 10, 11, 14, 19, 23, 25, 28, 30, 31, 34, 36, 37, 45, 49, 52, 55]",46,47,False
line,50,57,74,1,98.24561403508773,18,100.0,19,1,0.0007726000039838254,"[0, 3, 8, 10, 11, 14, 19, 23, 25, 28, 30, 31, 34, 36, 37, 45, 49, 52, 55]",47,48,False
line,51,57,74,1,96.49122807017544,18,100.0,20,2,0.0008123999577946961,"[0, 3, 8, 10, 11, 12, 14, 19, 23, 25, 28, 30, 31, 34, 36, 37, 45, 49, 52, 55]",48,49,False
line,52,57,74,1,96.49122807017544,18,100.0,20,2,0.0007876000017859042,"[0, 3, 8, 9, 10, 11, 14, 19, 23, 25, 28, 30, 31, 34, 36, 37, 45, 48, 52, 55]",49,50,False
line,53,57,74,1,98.24561403508773,18,100.0,19,1,0.0010242999996989965,"[0, 3, 5, 8, 10, 11, 14, 19, 23, 27, 30, 31, 34, 36, 37, 45, 49, 52, 55]",28,51,False
line,54,57,74,1,98.24561403508773,18,100.0,19,1,0.0007769000367261469,"[0, 3, 8, 10, 11, 14, 19, 23, 25, 28, 30, 31, 34, 36, 37, 45, 49, 52, 55]",51,52,False
line,55,57,74,1,96.49122807017544,18,100.0,20,2,0.0012592000421136618,"[0, 3, 8, 10, 11, 14, 19, 23, 25, 28, 30, 31, 34, 36, 37, 45, 49, 51, 53, 55]",52,53,False
line,56,57,74,1,98.24561403508773,18,100.0,19,1,0.0007462999783456326,"[0, 3, 8, 10, 11, 14, 19, 23, 25, 28, 30, 31, 34, 36, 37, 45, 49, 52, 55]",53,54,False
line,57,57,74,1,98.24561403508773,18,100.0,19,1,0.0007668999605812132,"[0, 3, 8, 10, 11, 14, 19, 23, 25, 28, 30, 31, 34, 36, 37, 45, 49, 52, 55]",43,44,False
line,58,57,74,1,98.24561403508773,18,100.0,19,1,0.0007823000196367502,"[0, 3, 8, 10, 11, 14, 19, 23, 25, 28, 30, 31, 34, 36, 37, 45, 49, 52, 55]",55,40,False
line,59,57,74,1,96.49122807017544,18,100.0,19,1,0.0007538999780081213,"[0, 3, 8, 11, 14, 19, 23, 25, 28, 30, 31, 34, 35, 37, 38, 40, 45, 49, 52]",55,41,False
line,60,57,74,1,96.49122807017544,18,100.0,19,1,0.0013838000013493001,"[0, 3, 8, 11, 14, 19, 23, 25, 28, 30, 31, 34, 35, 37, 38, 40, 45, 49, 52]",56,55,False
line,61,57,75,1,98.24561403508773,18,100.0,19,1,0.000735200010240078,"[0, 3, 8, 10, 11, 14, 19, 23, 25, 28, 30, 31, 34, 36, 37, 45, 49, 52, 55]",37,48,False
line,62,57,74,1,96.49122807017544,18,100.0,20,2,0.0007591000176034868,"[0, 3, 8, 9, 10, 11, 18, 21, 23, 25, 28, 30, 31, 34, 36, 43, 45, 48, 52, 55]",37,47,False
trafo,0,57,75,1,98.24561403508773,18,100.0,19,1,0.0010062999790534377,"[0, 3, 8, 10, 11, 14, 19, 23, 25, 28, 30, 31, 34, 36, 37, 45, 49, 52, 55]",17,3,False
trafo,1,57,74,1,96.49122807017544,18,100.0,19,1,0.0007294999668374658,"[0, 5, 8, 10, 11, 14, 18, 19, 23, 27, 30, 31, 34, 36, 37, 45, 49, 52, 55]",17,3,False
trafo,2,57,74,1,96.49122807017544,18,100.0,20,2,0.0007553000468760729,"[0, 3, 8, 10, 11, 14, 18, 20, 23, 25, 28, 30, 31, 34, 36, 37, 45, 49, 52, 55]",19,20,False
trafo,3,57,75,1,98.24561403508773,18,100.0,19,1,0.0007931999862194061,"[0, 3, 8, 10, 11, 14, 19, 23, 25, 28, 30, 31, 34, 36, 37, 45, 49, 52, 55]",24,23,False
trafo,4,57,75,1,98.24561403508773,18,100.0,19,1,0.0009003999875858426,"[0, 3, 8, 10, 11, 14, 19, 23, 25, 28, 30, 31, 34, 36, 37, 45, 49, 52, 55]",24,23,False
trafo,5,57,74,1,98.24561403508773,18,100.0,19,1,0.00184009998338297,"[0, 3, 8, 10, 11, 14, 19, 23, 25, 28, 30, 31, 34, 36, 37, 45, 49, 52, 55]",25,23,False
trafo,6,57,74,1,96.49122807017544,18,100.0,19,1,0.005838699988089502,"[0, 3, 5, 8, 10, 11, 14, 19, 23, 27, 30, 31, 34, 36, 37, 45, 49, 52, 55]",28,6,False
trafo,7,57,75,1,98.24561403508773,18,100.0,19,1,0.0008042000117711723,"[0, 3, 8, 10, 11, 14, 19, 23, 25, 28, 30, 31, 34, 36, 37, 45, 49, 52, 55]",31,33,False
trafo,8,57,74,1,98.24561403508773,18,100.0,19,1,0.0008496000082232058,"[0, 3, 8, 10, 11, 14, 19, 23, 25, 28, 30, 31, 34, 36, 37, 45, 49, 52, 55]",40,10,False
trafo,9,57,74,1,96.49122807017544,18,100.0,19,1,0.0007612000335939229,"[0, 3, 8, 10, 11, 19, 23, 25, 28, 30, 31, 34, 36, 37, 43, 45, 49, 52, 55]",44,14,False
trafo,10,57,74,1,98.24561403508773,18,100.0,19,1,0.0018773999763652682,"[0, 3, 8, 10, 11, 14, 19, 23, 25, 28, 30, 31, 34, 36, 37, 45, 49, 52, 55]",45,13,False
trafo,11,57,74,1,98.24561403508773,18,100.0,19,1,0.0017446000128984451,"[0, 3, 8, 10, 11, 14, 19, 23, 25, 28, 30, 31, 34, 36, 37, 45, 49, 52, 55]",50,9,False
trafo,12,57,74,1,98.24561403508773,18,100.0,19,1,0.0007713999948464334,"[0, 3, 8, 10, 11, 14, 19, 23, 25, 28, 30, 31, 34, 36, 37, 45, 49, 52, 55]",48,12,False
trafo,13,57,74,1,96.49122807017544,18,100.0,19,1,0.000866799964569509,"[0, 3, 8, 11, 14, 19, 23, 25, 28, 30, 31, 34, 36, 37, 40, 45, 49, 52, 55]",42,10,False
trafo,14,57,74,1,96.49122807017544,18,100.0,19,1,0.00089640001533553,"[0, 3, 8, 11, 14, 19, 23, 25, 28, 30, 31, 34, 35, 37, 38, 40, 45, 49, 52]",55,39,False
trafo,15,57,74,1,98.24561403508773,18,100.0,19,1,0.0007745000184513628,"[0, 3, 8, 10, 11, 14, 19, 23, 25, 28, 30, 31, 34, 36, 37, 45, 49, 52, 55]",56,38,False
trafo,16,57,74,1,96.49122807017544,18,100.0,20,2,0.0008755999733693898,"[0, 3, 5, 10, 11, 12, 14, 19, 23, 25, 28, 30, 31, 34, 36, 37, 45, 50, 53, 55]",54,8,False
line,0,57,72,1,92.98245614035088,18,100.0,19,1,0.0014281999901868403,"[1, 3, 8, 11, 12, 14, 19, 23, 24, 25, 28, 31, 35, 37, 38, 40, 45, 49, 52]",0,1,False
line,1,57,72,1,94.73684210526316,18,100.0,19,1,0.000811500009149313,"[0, 3, 8, 11, 12, 14, 19, 23, 24, 25, 28, 31, 35, 37, 38, 40, 45, 50, 52]",1,2,False
line,2,57,72,1,94.73684210526316,18,100.0,19,1,0.0008256000000983477,"[0, 5, 8, 11, 12, 14, 18, 19, 23, 24, 27, 31, 35, 37, 38, 40, 45, 50, 52]",2,3,False
line,3,57,72,1,92.98245614035088,18,100.0,19,1,0.001272300025448203,"[0, 5, 8, 11, 12, 14, 18, 19, 23, 24, 27, 31, 35, 37, 38, 40, 45, 50, 52]",3,4,False
line,4,57,72,1,92.98245614035088,18,100.0,19,1,0.0008131000213325024,"[0, 3, 6, 8, 11, 12, 14, 19, 23, 24, 26, 31, 35, 37, 38, 40, 45, 50, 52]",3,5,False
line,5,57,72,1,94.73684210526316,18,100.0,19,1,0.0007615000358782709,"[0, 3, 8, 11, 12, 14, 19, 23, 24, 25, 28, 31, 35, 37, 38, 40, 45, 50, 52]",5,6,False
line,6,57,72,1,94.73684210526316,18,100.0,19,1,0.0010756999836303294,"[0, 3, 8, 11, 12, 14, 19, 23, 24, 25, 28, 31, 35, 37, 38, 40, 45, 50, 52]",5,7,False
line,7,57,72,1,92.98245614035088,18,100.0,20,2,0.0008111000061035156,"[0, 3, 5, 8, 11, 12, 14, 19, 23, 24, 25, 28, 31, 35, 37, 38, 40, 45, 50, 52]",7,8,False
line,8,57,73,1,94.73684210526316,18,100.0,19,1,0.0021734999609179795,"[0, 3, 8, 11, 12, 14, 19, 23, 24, 25, 28, 31, 35, 37, 38, 40, 45, 50, 52]",8,9,False
line,9,57,72,1,94.73684210526316,18,100.0,19,1,0.0007416000007651746,"[0, 3, 8, 11, 12, 14, 19, 23, 24, 25, 28, 31, 35, 37, 38, 40, 45, 50, 52]",8,10,False
line,10,57,72,1,92.98245614035088,18,100.0,19,1,0.0010307999909855425,"[0, 3, 8, 11, 12, 14, 19, 23, 24, 25, 28, 31, 35, 37, 38, 40, 45, 50, 52]",8,11,False
line,11,57,72,1,94.73684210526316,18,100.0,18,0,0.000727799953892827,"[0, 3, 8, 11, 14, 19, 23, 24, 25, 28, 31, 35, 37, 38, 40, 45, 49, 52]",8,12,False
line,12,57,72,1,94.73684210526316,18,100.0,18,0,0.0007230999763123691,"[0, 3, 8, 11, 14, 19, 23, 24, 25, 28, 31, 35, 37, 38, 40, 45, 50, 52]",12,13,False
line,13,57,72,1,94.73684210526316,18,100.0,18,0,0.001067599980160594,"[0, 3, 8, 11, 14, 19, 23, 24, 25, 28, 31, 35, 37, 38, 40, 45, 50, 52]",12,14,False
line,14,57,72,1,94.73684210526316,18,100.0,19,1,0.0011015000054612756,"[0, 3, 8, 11, 12, 14, 19, 23, 24, 25, 28, 31, 35, 37, 38, 40, 45, 50, 52]",0,14,False
line,15,57,73,1,94.73684210526316,18,100.0,19,1,0.0007467999821528792,"[0, 3, 8, 11, 12, 14, 19, 23, 24, 25, 28, 31, 35, 37, 38, 40, 45, 50, 52]",0,15,False
line,16,57,72,1,92.98245614035088,18,100.0,19,1,0.0008360999636352062,"[0, 3, 8, 11, 12, 14, 19, 23, 24, 25, 28, 31, 35, 37, 38, 40, 45, 49, 52]",0,16,False
line,17,57,72,1,94.73684210526316,18,100.0,19,1,0.0007398999878205359,"[0, 3, 8, 11, 12, 14, 19, 23, 24, 25, 28, 31, 35, 37, 38, 40, 45, 50, 52]",2,14,False
line,18,57,72,1,94.73684210526316,18,100.0,19,1,0.0012854000087827444,"[0, 3, 8, 11, 12, 14, 19, 23, 24, 25, 28, 31, 35, 37, 38, 40, 45, 50, 52]",4,5,False
line,19,57,72,1,94.73684210526316,18,100.0,19,1,0.0007846999797038734,"[0, 3, 8, 11, 12, 14, 19, 23, 24, 25, 28, 31, 35, 37, 38, 40, 45, 50, 52]",6,7,False
line,20,57,72,1,94.73684210526316,18,100.0,19,1,0.0007258999976329505,"[0, 3, 8, 11, 12, 14, 19, 23, 24, 25, 28, 31, 35, 37, 38, 40, 45, 50, 52]",9,11,False
line,21,57,72,1,94.73684210526316,18,100.0,18,0,0.0015038999845273793,"[0, 3, 8, 11, 14, 19, 23, 24, 25, 28, 31, 35, 37, 38, 40, 45, 50, 52]",10,12,False
line,22,57,72,1,94.73684210526316,18,100.0,18,0,0.0007977000204846263,"[0, 3, 8, 11, 14, 19, 23, 24, 25, 28, 31, 35, 37, 38, 40, 45, 50, 52]",11,12,False
line,23,57,72,2,94.73684210526316,18,100.0,19,1,0.0007486999966204166,"[0, 3, 8, 12, 14, 15, 19, 23, 24, 25, 28, 31, 35, 37, 38, 40, 45, 50, 52]",11,15,False
line,24,57,72,1,94.73684210526316,18,100.0,19,1,0.001036000030580908,"[0, 3, 8, 11, 12, 14, 19, 23, 24, 25, 28, 31, 35, 37, 38, 40, 45, 50, 52]",11,16,False
line,25,57,72,1,92.98245614035088,18,100.0,19,1,0.0013043000362813473,"[0, 3, 8, 11, 12, 14, 19, 23, 24, 25, 28, 31, 35, 37, 38, 40, 45, 50, 52]",13,14,False
line,26,57,72,1,94.73684210526316,18,100.0,19,1,0.0008575999527238309,"[0, 3, 8, 11, 12, 14, 19, 23, 24, 25, 28, 31, 35, 37, 38, 40, 45, 50, 52]",17,18,False
line,27,57,72,1,92.98245614035088,18,100.0,20,2,0.0009118999587371945,"[0, 3, 8, 11, 12, 14, 17, 19, 23, 24, 25, 28, 31, 35, 37, 38, 40, 45, 50, 52]",18,19,False
line,28,57,72,1,94.73684210526316,18,100.0,19,1,0.0008155999821610749,"[0, 3, 8, 11, 12, 14, 19, 23, 24, 25, 28, 31, 35, 37, 38, 40, 45, 50, 52]",20,21,False
line,29,57,72,1,94.73684210526316,18,100.0,19,1,0.0011329000117257237,"[0, 3, 8, 11, 12, 14, 19, 23, 24, 25, 28, 31, 35, 37, 38, 40, 45, 50, 52]",21,22,False
line,30,57,72,1,92.98245614035088,18,100.0,20,2,0.0007634999928995967,"[0, 3, 8, 11, 12, 14, 19, 21, 23, 24, 25, 28, 31, 35, 37, 38, 40, 45, 50, 52]",22,23,False
line,31,57,72,1,92.98245614035088,18,100.0,19,1,0.0008633999968878925,"[0, 3, 8, 11, 12, 14, 19, 23, 24, 26, 28, 31, 35, 37, 38, 40, 45, 50, 52]",25,26,False
line,32,57,72,1,94.73684210526316,18,100.0,19,1,0.0007244999869726598,"[0, 3, 8, 11, 12, 14, 19, 23, 24, 25, 28, 31, 35, 37, 38, 40, 45, 50, 52]",26,27,False
line,33,57,72,1,92.98245614035088,18,100.0,19,1,0.0010109999566338956,"[0, 3, 6, 8, 11, 12, 14, 19, 23, 24, 26, 31, 35, 37, 38, 40, 45, 50, 52]",27,28,False
line,34,57,72,1,92.98245614035088,18,100.0,19,1,0.0007502999505959451,"[0, 3, 8, 11, 12, 14, 19, 23, 25, 28, 29, 31, 35, 37, 38, 40, 45, 50, 52]",24,29,False
line,35,57,72,1,94.73684210526316,18,100.0,19,1,0.0013073000009171665,"[0, 3, 8, 11, 12, 14, 19, 23, 24, 25, 28, 31, 35, 37, 38, 40, 45, 50, 52]",29,30,False
line,36,57,72,1,92.98245614035088,18,100.0,19,1,0.0007633999921381474,"[0, 3, 8, 11, 12, 14, 19, 23, 25, 28, 29, 31, 35, 37, 38, 40, 45, 50, 52]",30,31,False
line,37,57,72,2,92.98245614035088,18,100.0,20,2,0.000994300004094839,"[0, 3, 8, 11, 12, 14, 19, 23, 25, 28, 30, 32, 34, 35, 37, 38, 40, 45, 50, 52]",31,32,False
line,38,57,72,1,94.73684210526316,18,100.0,19,1,0.0007599999662488699,"[0, 3, 8, 11, 12, 14, 19, 23, 24, 25, 28, 31, 35, 37, 38, 40, 45, 50, 52]",33,34,False
line,39,57,72,1,94.73684210526316,18,100.0,20,2,0.0007758000283502042,"[0, 3, 8, 11, 12, 14, 19, 23, 24, 25, 28, 31, 33, 35, 37, 38, 40, 45, 50, 52]",34,35,False
line,40,57,72,1,94.73684210526316,18,100.0,19,1,0.0011890000314451754,"[0, 3, 8, 11, 12, 14, 19, 23, 24, 25, 28, 31, 35, 37, 38, 40, 45, 50, 52]",35,36,False
line,41,57,72,1,94.73684210526316,18,100.0,19,1,0.001166099973488599,"[0, 3, 8, 11, 12, 18, 21, 23, 24, 25, 28, 31, 35, 38, 40, 43, 46, 50, 52]",36,37,False
line,42,57,72,1,92.98245614035088,18,100.0,19,1,0.0007661000126972795,"[0, 3, 8, 11, 12, 14, 19, 23, 24, 25, 28, 31, 35, 37, 38, 40, 45, 50, 52]",36,38,False
line,43,57,72,2,94.73684210526316,18,100.0,20,2,0.0007508000126108527,"[0, 3, 8, 11, 12, 14, 19, 23, 24, 25, 28, 31, 34, 37, 38, 39, 40, 45, 50, 52]",35,39,False
line,44,57,72,1,92.98245614035088,18,100.0,20,2,0.0009971000254154205,"[0, 3, 8, 11, 12, 14, 19, 20, 23, 24, 25, 28, 31, 35, 37, 38, 40, 45, 50, 52]",21,37,False
line,45,57,72,1,94.73684210526316,18,100.0,20,2,0.0009849999914877117,"[0, 3, 8, 10, 11, 12, 14, 19, 23, 24, 25, 28, 31, 35, 36, 37, 45, 50, 52, 55]",40,41,False
line,46,57,72,1,94.73684210526316,18,100.0,20,2,0.000887200003489852,"[0, 3, 8, 10, 11, 12, 14, 19, 23, 24, 25, 28, 31, 35, 36, 37, 45, 50, 52, 55]",40,42,False
line,47,57,72,1,92.98245614035088,18,100.0,19,1,0.0007460000342689455,"[0, 3, 8, 11, 12, 18, 21, 23, 24, 25, 28, 31, 35, 38, 40, 43, 46, 50, 52]",37,43,False
line,48,57,72,2,92.98245614035088,18,100.0,20,2,0.0007581999525427818,"[0, 3, 8, 11, 12, 14, 19, 23, 24, 25, 28, 31, 35, 37, 38, 40, 45, 46, 50, 52]",45,46,False
line,49,57,72,2,94.73684210526316,18,100.0,19,1,0.001309799961745739,"[0, 3, 8, 11, 12, 14, 19, 23, 24, 25, 28, 31, 35, 37, 38, 40, 45, 50, 52]",46,47,False
line,50,57,72,1,94.73684210526316,18,100.0,19,1,0.0013479000190272927,"[0, 3, 8, 11, 12, 14, 19, 23, 24, 25, 28, 31, 35, 37, 38, 40, 45, 50, 52]",47,48,False
line,51,57,72,1,94.73684210526316,18,100.0,19,1,0.000790799967944622,"[0, 3, 8, 11, 12, 14, 19, 23, 24, 25, 28, 31, 35, 37, 38, 40, 45, 50, 52]",48,49,False
line,52,57,72,1,92.98245614035088,18,100.0,20,2,0.0009967999649234116,"[0, 3, 8, 9, 11, 12, 14, 19, 23, 24, 25, 28, 31, 35, 37, 38, 40, 45, 48, 52]",49,50,False
line,53,57,72,2,94.73684210526316,18,100.0,19,1,0.0007222999702207744,"[0, 3, 6, 8, 11, 12, 14, 19, 23, 24, 26, 31, 35, 37, 38, 40, 45, 50, 52]",28,51,False
line,54,57,72,2,94.73684210526316,18,100.0,19,1,0.000722800032235682,"[0, 3, 8, 11, 12, 14, 19, 23, 24, 25, 28, 31, 35, 37, 38, 40, 45, 50, 52]",51,52,False
line,55,57,72,2,92.98245614035088,18,100.0,20,2,0.0008236999856308103,"[0, 3, 8, 11, 12, 14, 19, 23, 24, 25, 28, 31, 35, 37, 38, 40, 45, 50, 51, 53]",52,53,False
line,56,57,73,1,94.73684210526316,18,100.0,19,1,0.0010866999509744346,"[0, 3, 8, 11, 12, 14, 19, 23, 24, 25, 28, 31, 35, 37, 38, 40, 45, 50, 52]",53,54,False
line,57,57,72,1,94.73684210526316,18,100.0,19,1,0.001110200013499707,"[0, 3, 8, 11, 12, 14, 19, 23, 24, 25, 28, 31, 35, 37, 38, 40, 45, 50, 52]",43,44,False
line,58,57,72,1,94.73684210526316,18,100.0,19,1,0.0008016999927349389,"[0, 3, 8, 11, 12, 14, 19, 23, 24, 25, 28, 31, 35, 37, 40, 45, 50, 52, 56]",55,40,False
line,59,57,72,1,92.98245614035088,18,100.0,19,1,0.0007700000423938036,"[0, 3, 8, 11, 12, 14, 19, 23, 24, 25, 28, 31, 35, 37, 38, 40, 45, 50, 52]",55,41,False
line,60,57,72,1,92.98245614035088,18,100.0,19,1,0.0007253999938257039,"[0, 3, 8, 11, 12, 14, 19, 23, 24, 25, 28, 31, 35, 37, 38, 40, 45, 50, 52]",56,55,False
line,61,57,72,1,94.73684210526316,18,100.0,19,1,0.0008683999767526984,"[0, 3, 8, 11, 12, 14, 19, 23, 24, 25, 28, 31, 35, 37, 38, 40, 45, 50, 52]",37,48,False
line,62,57,72,1,92.98245614035088,18,100.0,19,1,0.0008594000246375799,"[0, 3, 8, 11, 12, 18, 21, 23, 24, 25, 28, 31, 35, 38, 40, 43, 46, 50, 52]",37,47,False
trafo,0,57,73,1,94.73684210526316,18,100.0,19,1,0.000839899992570281,"[0, 3, 8, 11, 12, 14, 19, 23, 24, 25, 28, 31, 35, 37, 38, 40, 45, 50, 52]",17,3,False
trafo,1,57,73,1,94.73684210526316,18,100.0,19,1,0.0010718999546952546,"[0, 3, 8, 11, 12, 14, 19, 23, 24, 25, 28, 31, 35, 37, 38, 40, 45, 50, 52]",17,3,False
trafo,2,57,72,1,92.98245614035088,18,100.0,20,2,0.0010258000111207366,"[0, 3, 8, 11, 12, 14, 18, 20, 23, 24, 25, 28, 31, 35, 37, 38, 40, 45, 50, 52]",19,20,False
trafo,3,57,72,1,94.73684210526316,18,100.0,19,1,0.0007306999759748578,"[0, 3, 8, 11, 12, 14, 19, 23, 24, 25, 28, 31, 35, 37, 38, 40, 45, 50, 52]",24,23,False
trafo,4,57,73,1,94.73684210526316,18,100.0,19,1,0.0008454000344499946,"[0, 3, 8, 11, 12, 14, 19, 23, 24, 25, 28, 31, 35, 37, 38, 40, 45, 50, 52]",24,23,False
trafo,5,57,72,1,94.73684210526316,18,100.0,19,1,0.0015004000160843134,"[0, 3, 8, 11, 12, 14, 19, 23, 24, 25, 28, 31, 35, 37, 38, 40, 45, 50, 52]",25,23,False
trafo,6,57,72,1,92.98245614035088,18,100.0,19,1,0.0007301999721676111,"[0, 3, 5, 8, 11, 12, 14, 19, 23, 24, 27, 31, 35, 37, 38, 40, 45, 50, 52]",28,6,False
trafo,7,57,72,1,94.73684210526316,18,100.0,20,2,0.00120449997484684,"[0, 3, 8, 11, 12, 14, 19, 23, 25, 28, 30, 31, 34, 35, 37, 38, 40, 45, 50, 52]",31,33,False
trafo,8,57,72,1,94.73684210526316,18,100.0,19,1,0.0007211000192910433,"[0, 3, 8, 11, 12, 14, 19, 23, 24, 25, 28, 31, 35, 37, 38, 40, 45, 50, 52]",40,10,False
trafo,9,57,72,1,92.98245614035088,18,100.0,19,1,0.0007269000052474439,"[0, 3, 8, 11, 12, 19, 23, 24, 25, 28, 31, 35, 37, 38, 40, 43, 45, 50, 52]",44,14,False
trafo,10,57,73,1,94.73684210526316,18,100.0,19,1,0.0010477000032551587,"[0, 3, 8, 11, 12, 14, 19, 23, 24, 25, 28, 31, 35, 37, 38, 40, 45, 50, 52]",45,13,False
trafo,11,57,72,1,94.73684210526316,18,100.0,19,1,0.0008195999544113874,"[0, 3, 8, 11, 12, 14, 19, 23, 24, 25, 28, 31, 35, 37, 38, 40, 45, 49, 52]",50,9,False
trafo,12,57,72,1,94.73684210526316,18,100.0,18,0,0.0006954999989829957,"[0, 3, 8, 11, 14, 19, 23, 24, 25, 28, 31, 35, 37, 38, 40, 45, 50, 52]",48,12,False
trafo,13,57,72,1,92.98245614035088,18,100.0,19,1,0.0009440999710932374,"[0, 3, 8, 11, 12, 14, 19, 23, 24, 25, 28, 31, 35, 37, 38, 40, 45, 50, 52]",42,10,False
trafo,14,57,73,1,94.73684210526316,18,100.0,19,1,0.0007247000467032194,"[0, 3, 8, 11, 12, 14, 19, 23, 24, 25, 28, 31, 35, 37, 38, 40, 45, 50, 52]",55,39,False
trafo,15,57,72,1,94.73684210526316,18,100.0,20,2,0.0011678000446408987,"[0, 3, 8, 11, 12, 14, 19, 23, 24, 25, 28, 31, 35, 36, 37, 40, 45, 50, 52, 55]",56,38,False
trafo,16,57,72,2,92.98245614035088,18,100.0,20,2,0.0008095999946817756,"[0, 3, 5, 11, 12, 14, 19, 23, 24, 25, 28, 31, 35, 37, 38, 40, 45, 50, 52, 54]",54,8,False
line,0,57,75,1,98.24561403508773,18,100.0,19,1,0.0007218999671749771,"[0, 1, 3, 8, 10, 14, 19, 23, 25, 28, 30, 31, 34, 36, 37, 45, 49, 52, 55]",0,1,False
line,1,57,75,1,100.0,18,100.0,18,0,0.0007360999588854611,"[0, 3, 8, 10, 14, 19, 23, 25, 28, 30, 31, 34, 36, 37, 45, 49, 52, 55]",1,2,True
line,2,57,76,1,100.0,18,100.0,18,0,0.0010388000519014895,"[0, 3, 8, 10, 14, 19, 23, 25, 28, 30, 31, 34, 36, 37, 45, 49, 52, 55]",2,3,True
line,3,57,75,1,98.24561403508773,18,100.0,18,0,0.0014368999982252717,"[0, 5, 8, 10, 14, 18, 19, 23, 27, 30, 31, 34, 36, 37, 45, 49, 52, 55]",3,4,False
line,4,57,75,1,98.24561403508773,18,100.0,19,1,0.0008038000087253749,"[0, 3, 4, 8, 10, 14, 19, 23, 25, 28, 30, 31, 34, 36, 37, 45, 49, 52, 55]",3,5,False
line,5,57,75,1,100.0,18,100.0,18,0,0.0007036000024527311,"[0, 3, 8, 10, 14, 19, 23, 25, 28, 30, 31, 34, 36, 37, 45, 49, 52, 55]",5,6,True
line,6,57,75,1,100.0,18,100.0,18,0,0.0007374000269919634,"[0, 3, 8, 10, 14, 19, 23, 25, 28, 30, 31, 34, 36, 37, 45, 49, 52, 55]",5,7,True
line,7,57,75,1,98.24561403508773,18,100.0,19,1,0.0010917999898083508,"[0, 5, 8, 10, 12, 14, 18, 19, 23, 27, 30, 31, 34, 36, 37, 45, 50, 52, 55]",7,8,False
line,8,57,75,1,98.24561403508773,18,100.0,19,1,0.0008122000144794583,"[0, 5, 8, 10, 12, 14, 18, 19, 23, 27, 30, 31, 34, 36, 37, 45, 50, 52, 55]",8,9,False
line,9,57,75,1,100.0,18,100.0,19,1,0.0007350000087171793,"[0, 5, 8, 10, 12, 14, 18, 19, 23, 27, 30, 31, 34, 36, 37, 45, 50, 52, 55]",8,10,True
line,10,57,75,1,98.24561403508773,18,100.0,19,1,0.0007611000328324735,"[0, 5, 8, 10, 12, 14, 18, 19, 23, 27, 30, 31, 34, 36, 37, 45, 50, 52, 55]",8,11,False
line,11,57,75,1,100.0,18,100.0,18,0,0.0009901999728754163,"[0, 3, 8, 10, 14, 19, 23, 25, 28, 30, 31, 34, 36, 37, 45, 49, 52, 55]",8,12,True
line,12,57,75,1,100.0,18,100.0,18,0,0.0007042000070214272,"[0, 3, 8, 10, 14, 19, 23, 25, 28, 30, 31, 34, 36, 37, 45, 49, 52, 55]",12,13,True
line,13,57,75,1,100.0,18,100.0,18,0,0.0009768999880179763,"[0, 3, 8, 10, 14, 19, 23, 25, 28, 30, 31, 34, 36, 37, 45, 49, 52, 55]",12,14,True
line,14,57,75,1,100.0,18,100.0,18,0,0.000699699972756207,"[0, 3, 8, 10, 14, 19, 23, 25, 28, 30, 31, 34, 36, 37, 45, 49, 52, 55]",0,14,True
line,15,57,75,1,98.24561403508773,18,100.0,19,1,0.000729900028090924,"[0, 3, 8, 10, 11, 14, 19, 23, 25, 28, 30, 31, 34, 36, 37, 45, 49, 52, 55]",0,15,False
line,16,57,75,1,98.24561403508773,18,100.0,19,1,0.001269000000320375,"[0, 3, 8, 10, 11, 14, 19, 23, 25, 28, 30, 31, 34, 36, 37, 45, 49, 52, 55]",0,16,False
line,17,57,75,1,98.24561403508773,18,100.0,19,1,0.0012241000076755881,"[0, 1, 3, 8, 10, 14, 19, 23, 25, 28, 30, 31, 34, 36, 37, 45, 49, 52, 55]",2,14,False
line,18,57,75,1,100.0,18,100.0,18,0,0.0007613999769091606,"[0, 3, 8, 10, 14, 19, 23, 25, 28, 30, 31, 34, 36, 37, 45, 49, 52, 55]",4,5,True
line,19,57,75,1,100.0,18,100.0,18,0,0.0007070000283420086,"[0, 3, 8, 10, 14, 19, 23, 25, 28, 30, 31, 34, 36, 37, 45, 49, 52, 55]",6,7,True
line,20,57,75,1,100.0,18,100.0,18,0,0.0007973999599926174,"[0, 3, 8, 10, 14, 19, 23, 25, 28, 30, 31, 34, 36, 37, 45, 49, 52, 55]",9,11,True
line,21,57,75,1,100.0,18,100.0,18,0,0.0006967999506741762,"[0, 3, 8, 10, 14, 19, 23, 25, 28, 30, 31, 34, 36, 37, 45, 49, 52, 55]",10,12,True
line,22,57,75,1,100.0,18,100.0,18,0,0.0006983999628573656,"[0, 3, 8, 10, 14, 19, 23, 25, 28, 30, 31, 34, 36, 37, 45, 49, 52, 55]",11,12,True
line,23,57,75,1,100.0,18,100.0,18,0,0.0008101999992504716,"[0, 3, 8, 10, 14, 19, 23, 25, 28, 30, 31, 34, 36, 37, 45, 49, 52, 55]",11,15,True
line,24,57,75,1,100.0,18,100.0,18,0,0.001103700022213161,"[0, 3, 8, 10, 14, 19, 23, 25, 28, 30, 31, 34, 36, 37, 45, 49, 52, 55]",11,16,True
line,25,57,75,1,100.0,18,100.0,18,0,0.0010414000134915113,"[0, 3, 8, 10, 14, 19, 23, 25, 28, 30, 31, 34, 36, 37, 45, 49, 52, 55]",13,14,True
line,26,57,75,1,100.0,18,100.0,18,0,0.0007265000022016466,"[0, 3, 8, 10, 14, 19, 23, 25, 28, 30, 31, 34, 36, 37, 45, 49, 52, 55]",17,18,True
line,27,57,75,1,98.24561403508773,18,100.0,19,1,0.0007403999916277826,"[0, 3, 8, 10, 14, 17, 19, 23, 25, 28, 30, 31, 34, 36, 37, 45, 49, 52, 55]",18,19,False
line,28,57,75,1,100.0,18,100.0,18,0,0.0007879000040702522,"[0, 3, 8, 10, 14, 19, 23, 25, 28, 30, 31, 34, 36, 37, 45, 49, 52, 55]",20,21,True
line,29,57,75,1,100.0,18,100.0,18,0,0.0007040000054985285,"[0, 3, 8, 10, 14, 19, 23, 25, 28, 30, 31, 34, 36, 37, 45, 49, 52, 55]",21,22,True
line,30,57,75,1,98.24561403508773,18,100.0,19,1,0.0010178000084124506,"[0, 3, 8, 10, 14, 19, 21, 23, 25, 28, 30, 31, 34, 36, 37, 45, 49, 52, 55]",22,23,False
line,31,57,75,1,98.24561403508773,18,100.0,18,0,0.001811099995393306,"[0, 3, 8, 10, 14, 19, 23, 26, 28, 30, 31, 34, 36, 37, 45, 49, 52, 55]",25,26,False
line,32,57,75,1,100.0,18,100.0,18,0,0.0007010000408627093,"[0, 3, 8, 10, 14, 19, 23, 25, 28, 30, 31, 34, 36, 37, 45, 49, 52, 55]",26,27,True
line,33,57,75,1,98.24561403508773,18,100.0,18,0,0.0007247999892570078,"[0, 3, 8, 10, 14, 19, 23, 26, 28, 30, 31, 34, 36, 37, 45, 49, 52, 55]",27,28,False
line,34,57,75,2,98.24561403508773,18,100.0,18,0,0.0007322000456042588,"[0, 3, 8, 10, 14, 19, 23, 25, 28, 30, 31, 34, 36, 37, 45, 49, 52, 55]",24,29,False
line,35,57,75,2,100.0,18,100.0,18,0,0.0008730000117793679,"[0, 3, 8, 10, 14, 19, 23, 24, 25, 28, 31, 34, 36, 37, 45, 49, 52, 55]",29,30,True
line,36,57,75,2,98.24561403508773,18,100.0,18,0,0.0007258999976329505,"[0, 3, 8, 10, 14, 19, 23, 25, 28, 29, 31, 34, 36, 37, 45, 49, 52, 55]",30,31,False
line,37,57,75,2,98.24561403508773,18,100.0,18,0,0.0007028999971225858,"[0, 3, 8, 10, 14, 19, 23, 25, 28, 30, 32, 34, 36, 37, 45, 49, 52, 55]",31,32,False
line,38,57,75,2,98.24561403508773,18,100.0,19,1,0.0008364000241272151,"[0, 3, 8, 10, 14, 19, 23, 25, 28, 30, 31, 33, 34, 36, 37, 45, 49, 52, 55]",33,34,False
line,39,57,75,2,100.0,18,100.0,18,0,0.0008812999585643411,"[0, 3, 8, 10, 14, 19, 23, 25, 28, 30, 31, 33, 36, 37, 45, 49, 52, 55]",34,35,True
line,40,57,75,1,100.0,18,100.0,18,0,0.0006986999651417136,"[0, 3, 8, 10, 14, 19, 23, 25, 28, 30, 31, 34, 36, 37, 45, 49, 52, 55]",35,36,True
line,41,57,75,1,100.0,18,100.0,18,0,0.0007240000413730741,"[0, 3, 8, 10, 14, 19, 23, 25, 28, 30, 31, 34, 36, 37, 45, 49, 52, 55]",36,37,True
line,42,57,75,1,98.24561403508773,18,100.0,18,0,0.0007339000003412366,"[0, 3, 8, 10, 14, 19, 23, 25, 28, 30, 31, 34, 37, 38, 45, 49, 52, 55]",36,38,False
line,43,57,75,1,100.0,18,100.0,18,0,0.0007272000075317919,"[0, 3, 8, 10, 14, 19, 23, 25, 28, 30, 31, 34, 36, 37, 45, 49, 52, 55]",35,39,True
line,44,57,75,1,98.24561403508773,18,100.0,19,1,0.0009344000136479735,"[0, 3, 8, 10, 14, 19, 20, 23, 25, 28, 30, 31, 34, 36, 37, 45, 49, 52, 55]",21,37,False
line,45,57,75,1,100.0,18,100.0,18,0,0.0007948999991640449,"[0, 3, 8, 10, 14, 19, 23, 25, 28, 30, 31, 34, 36, 37, 45, 49, 52, 55]",40,41,True
line,46,57,75,1,100.0,18,100.0,18,0,0.0007020999910309911,"[0, 3, 8, 10, 14, 19, 23, 25, 28, 30, 31, 34, 36, 37, 45, 49, 52, 55]",40,42,True
line,47,57,75,1,98.24561403508773,18,100.0,19,1,0.0007311999797821045,"[0, 3, 8, 10, 14, 19, 23, 25, 28, 30, 31, 34, 36, 37, 43, 45, 49, 52, 55]",37,43,False
line,48,57,75,1,98.24561403508773,18,100.0,19,1,0.001201300008688122,"[0, 3, 8, 10, 13, 14, 19, 23, 25, 28, 30, 31, 34, 36, 37, 46, 49, 52, 55]",45,46,False
line,49,57,75,1,100.0,18,100.0,18,0,0.0007014999864622951,"[0, 3, 8, 10, 14, 19, 23, 25, 28, 30, 31, 34, 36, 37, 45, 49, 52, 55]",46,47,True
line,50,57,75,1,100.0,18,100.0,18,0,0.000699099968187511,"[0, 3, 8, 10, 14, 19, 23, 25, 28, 30, 31, 34, 36, 37, 45, 49, 52, 55]",47,48,True
line,51,57,75,1,100.0,18,100.0,18,0,0.0007345000049099326,"[0, 3, 8, 10, 14, 19, 23, 25, 28, 30, 31, 34, 36, 37, 45, 49, 52, 55]",48,49,True
line,52,57,75,1,98.24561403508773,18,100.0,19,1,0.0007681000279262662,"[0, 3, 8, 9, 10, 14, 19, 23, 25, 28, 30, 31, 34, 36, 37, 45, 48, 52, 55]",49,50,False
line,53,57,75,1,100.0,18,100.0,18,0,0.0013425999786704779,"[0, 3, 5, 8, 10, 14, 19, 23, 27, 30, 31, 34, 36, 37, 45, 49, 52, 55]",28,51,True
line,54,57,75,1,100.0,18,100.0,18,0,0.0008117000106722116,"[0, 3, 8, 10, 14, 19, 23, 25, 28, 30, 31, 34, 36, 37, 45, 49, 52, 55]",51,52,True
line,55,57,75,1,98.24561403508773,18,100.0,19,1,0.0007634999928995967,"[0, 3, 8, 10, 14, 19, 23, 25, 28, 30, 31, 34, 36, 37, 45, 49, 51, 53, 55]",52,53,False
line,56,57,75,1,100.0,18,100.0,18,0,0.001110800018068403,"[0, 3, 8, 10, 14, 19, 23, 25, 28, 30, 31, 34, 36, 37, 45, 49, 52, 55]",53,54,True
line,57,57,75,1,100.0,18,100.0,18,0,0.0007325000478886068,"[0, 3, 8, 10, 14, 19, 23, 25, 28, 30, 31, 34, 36, 37, 45, 49, 52, 55]",43,44,True
line,58,57,75,1,100.0,18,100.0,18,0,0.0011406000121496618,"[0, 3, 8, 10, 14, 19, 23, 25, 28, 30, 31, 34, 36, 37, 45, 49, 52, 55]",55,40,True
line,59,57,75,1,98.24561403508773,18,100.0,18,0,0.0007295999675989151,"[0, 3, 8, 14, 19, 23, 25, 28, 30, 31, 34, 35, 37, 38, 40, 45, 49, 52]",55,41,False
line,60,57,75,1,98.24561403508773,18,100.0,18,0,0.0007020999910309911,"[0, 3, 8, 14, 19, 23, 25, 28, 30, 31, 34, 35, 37, 38, 40, 45, 49, 52]",56,55,False
line,61,57,75,1,100.0,18,100.0,18,0,0.0007345000049099326,"[0, 3, 8, 10, 14, 19, 23, 25, 28, 30, 31, 34, 36, 37, 45, 49, 52, 55]",37,48,True
line,62,57,75,1,98.24561403508773,18,100.0,18,0,0.0008509999606758356,"[0, 3, 8, 10, 14, 19, 23, 25, 28, 30, 31, 34, 36, 37, 46, 49, 52, 55]",37,47,False
trafo,0,57,76,1,100.0,18,100.0,18,0,0.0007545999833382666,"[0, 3, 8, 10, 14, 19, 23, 25, 28, 30, 31, 34, 36, 37, 45, 49, 52, 55]",17,3,True
trafo,1,57,76,1,100.0,18,100.0,18,0,0.0013199999812059104,"[0, 3, 8, 10, 14, 19, 23, 25, 28, 30, 31, 34, 36, 37, 45, 49, 52, 55]",17,3,True
trafo,2,57,75,1,98.24561403508773,18,100.0,19,1,0.0008468999876640737,"[0, 3, 8, 10, 14, 18, 20, 23, 25, 28, 30, 31, 34, 36, 37, 45, 49, 52, 55]",19,20,False
trafo,3,57,76,1,100.0,18,100.0,18,0,0.0013020000187680125,"[0, 3, 8, 10, 14, 19, 23, 25, 28, 30, 31, 34, 36, 37, 45, 49, 52, 55]",24,23,True
trafo,4,57,76,1,100.0,18,100.0,18,0,0.0007730000070296228,"[0, 3, 8, 10, 14, 19, 23, 25, 28, 30, 31, 34, 36, 37, 45, 49, 52, 55]",24,23,True
trafo,5,57,75,1,100.0,18,100.0,18,0,0.000952300033532083,"[0, 3, 8, 10, 14, 19, 23, 25, 28, 30, 31, 34, 36, 37, 45, 49, 52, 55]",25,23,True
trafo,6,57,75,1,98.24561403508773,18,100.0,18,0,0.0009805000154301524,"[0, 3, 5, 8, 10, 14, 19, 23, 27, 30, 31, 34, 36, 37, 45, 49, 52, 55]",28,6,False
trafo,7,57,76,1,100.0,18,100.0,18,0,0.0007065000245347619,"[0, 3, 8, 10, 14, 19, 23, 25, 28, 30, 31, 34, 36, 37, 45, 49, 52, 55]",31,33,True
trafo,8,57,75,1,100.0,18,100.0,18,0,0.0019657000084407628,"[0, 3, 8, 10, 14, 19, 23, 25, 28, 30, 31, 34, 36, 37, 45, 49, 52, 55]",40,10,True
trafo,9,57,75,1,98.24561403508773,18,100.0,19,1,0.0007661000126972795,"[0, 1, 3, 8, 10, 19, 23, 25, 28, 30, 31, 34, 36, 37, 43, 45, 49, 52, 55]",44,14,False
trafo,10,57,75,1,100.0,18,100.0,18,0,0.0007885000086389482,"[0, 3, 8, 10, 14, 19, 23, 25, 28, 30, 31, 34, 36, 37, 45, 49, 52, 55]",45,13,True
trafo,11,57,75,1,100.0,18,100.0,18,0,0.0007259999983943999,"[0, 3, 8, 10, 14, 19, 23, 25, 28, 30, 31, 34, 36, 37, 45, 49, 52, 55]",50,9,True
trafo,12,57,75,1,100.0,18,100.0,18,0,0.0010412000119686127,"[0, 3, 8, 10, 14, 19, 23, 25, 28, 30, 31, 34, 36, 37, 45, 49, 52, 55]",48,12,True
trafo,13,57,75,1,98.24561403508773,18,100.0,18,0,0.0007789999945089221,"[0, 3, 8, 14, 19, 23, 25, 28, 30, 31, 34, 36, 37, 40, 45, 49, 52, 55]",42,10,False
trafo,14,57,75,1,98.24561403508773,18,100.0,18,0,0.000844899972435087,"[0, 3, 8, 14, 19, 23, 25, 28, 30, 31, 34, 35, 37, 38, 40, 45, 49, 52]",55,39,False
trafo,15,57,75,1,100.0,18,100.0,18,0,0.000811500009149313,"[0, 3, 8, 10, 14, 19, 23, 25, 28, 30, 31, 34, 36, 37, 45, 49, 52, 55]",56,38,True
trafo,16,57,75,1,98.24561403508773,18,100.0,19,1,0.0015236000181175768,"[0, 5, 10, 12, 14, 18, 19, 23, 27, 30, 31, 34, 36, 37, 45, 50, 52, 53, 55]",54,8,False
line,0,57,71,1,91.2280701754386,18,100.0,19,1,0.0007157999789342284,"[0, 1, 5, 8, 14, 18, 19, 23, 27, 29, 31, 35, 36, 37, 40, 45, 49, 52, 55]",0,1,False
line,1,57,71,1,92.98245614035088,18,100.0,18,0,0.0009838000405579805,"[0, 3, 5, 8, 14, 19, 23, 27, 29, 31, 35, 36, 37, 40, 45, 49, 52, 55]",1,2,False
line,2,57,71,1,92.98245614035088,18,100.0,18,0,0.0006926000351086259,"[0, 5, 8, 14, 18, 19, 23, 27, 29, 31, 35, 36, 37, 40, 45, 49, 52, 55]",2,3,False
line,3,57,72,1,92.98245614035088,18,100.0,18,0,0.0007083999807946384,"[0, 3, 5, 8, 14, 19, 23, 27, 29, 31, 35, 36, 37, 40, 45, 49, 52, 55]",3,4,False
line,4,57,71,1,91.2280701754386,18,100.0,18,0,0.0007195000071078539,"[0, 3, 5, 8, 14, 19, 23, 27, 29, 31, 35, 36, 37, 40, 45, 49, 52, 55]",3,5,False
line,5,57,71,1,92.98245614035088,18,100.0,19,1,0.0009066999773494899,"[0, 3, 4, 6, 8, 14, 19, 23, 27, 29, 31, 35, 36, 37, 40, 45, 49, 52, 55]",5,6,False
line,6,57,71,1,92.98245614035088,18,100.0,18,0,0.0006905999616719782,"[0, 3, 5, 8, 14, 19, 23, 27, 29, 31, 35, 36, 37, 40, 45, 49, 52, 55]",5,7,False
line,7,57,71,1,91.2280701754386,18,100.0,19,1,0.0007272000075317919,"[0, 5, 8, 12, 14, 18, 19, 23, 27, 29, 31, 35, 36, 37, 40, 45, 50, 52, 55]",7,8,False
line,8,57,71,1,91.2280701754386,18,100.0,19,1,0.0008080999832600355,"[0, 5, 8, 12, 14, 18, 19, 23, 27, 29, 31, 35, 36, 37, 40, 45, 50, 52, 55]",8,9,False
line,9,57,71,1,92.98245614035088,18,100.0,19,1,0.0007371000247076154,"[0, 5, 8, 12, 14, 18, 19, 23, 27, 29, 31, 35, 36, 37, 40, 45, 50, 52, 55]",8,10,False
line,10,57,71,1,91.2280701754386,18,100.0,19,1,0.0007556000491604209,"[0, 5, 8, 12, 14, 18, 19, 23, 27, 29, 31, 35, 36, 37, 40, 45, 50, 52, 55]",8,11,False
line,11,57,71,1,92.98245614035088,18,100.0,18,0,0.000685199978761375,"[0, 5, 8, 14, 18, 19, 23, 27, 29, 31, 35, 36, 37, 40, 45, 49, 52, 55]",8,12,False
line,12,57,71,1,92.98245614035088,18,100.0,18,0,0.0009956000139936805,"[0, 3, 5, 8, 14, 19, 23, 27, 29, 31, 35, 36, 37, 40, 45, 49, 52, 55]",12,13,False
line,13,57,71,1,92.98245614035088,18,100.0,18,0,0.0007769999792799354,"[0, 3, 5, 8, 14, 19, 23, 27, 29, 31, 35, 36, 37, 40, 45, 49, 52, 55]",12,14,False
line,14,57,71,1,92.98245614035088,18,100.0,19,1,0.0011834000470116735,"[0, 3, 5, 8, 13, 14, 19, 23, 27, 29, 31, 35, 36, 37, 40, 45, 49, 52, 55]",0,14,False
line,15,57,71,1,91.2280701754386,18,100.0,19,1,0.0007132000173442066,"[0, 5, 8, 11, 14, 18, 19, 23, 27, 29, 31, 35, 36, 37, 40, 45, 49, 52, 55]",0,15,False
line,16,57,71,1,91.2280701754386,18,100.0,19,1,0.000882200023625046,"[0, 5, 8, 11, 14, 18, 19, 23, 27, 29, 31, 35, 36, 37, 40, 45, 49, 52, 55]",0,16,False
line,17,57,71,1,92.98245614035088,18,100.0,18,0,0.0007585000130347908,"[0, 3, 5, 8, 14, 19, 23, 27, 29, 31, 35, 36, 37, 40, 45, 49, 52, 55]",2,14,False
line,18,57,71,2,92.98245614035088,18,100.0,19,1,0.0023261000169441104,"[0, 3, 4, 5, 8, 14, 19, 23, 27, 29, 31, 35, 36, 37, 40, 45, 49, 52, 55]",4,5,False
line,19,57,71,1,92.98245614035088,18,100.0,18,0,0.0011874999618157744,"[0, 3, 5, 8, 14, 19, 23, 27, 29, 31, 35, 36, 37, 40, 45, 49, 52, 55]",6,7,False
line,20,57,71,1,92.98245614035088,18,100.0,18,0,0.00135859998408705,"[0, 3, 5, 8, 14, 19, 23, 27, 29, 31, 35, 36, 37, 40, 45, 49, 52, 55]",9,11,False
line,21,57,71,1,92.98245614035088,18,100.0,18,0,0.0006476999842561781,"[0, 3, 5, 8, 14, 19, 23, 27, 29, 31, 35, 36, 37, 40, 45, 49, 52, 55]",10,12,False
line,22,57,71,1,92.98245614035088,18,100.0,18,0,0.0006858999840915203,"[0, 3, 5, 8, 14, 19, 23, 27, 29, 31, 35, 36, 37, 40, 45, 49, 52, 55]",11,12,False
line,23,57,71,1,92.98245614035088,18,100.0,18,0,0.000888100010342896,"[0, 3, 5, 8, 14, 19, 23, 27, 29, 31, 35, 36, 37, 40, 45, 49, 52, 55]",11,15,False
line,24,57,71,1,92.98245614035088,18,100.0,18,0,0.0007609000313095748,"[0, 3, 5, 8, 14, 19, 23, 27, 29, 31, 35, 36, 37, 40, 45, 49, 52, 55]",11,16,False
line,25,57,71,1,92.98245614035088,18,100.0,18,0,0.0009144000359810889,"[0, 3, 5, 8, 14, 19, 23, 27, 29, 31, 35, 36, 37, 40, 45, 49, 52, 55]",13,14,False
line,26,57,71,1,92.98245614035088,18,100.0,18,0,0.0011026000138372183,"[0, 3, 5, 8, 14, 19, 23, 27, 29, 31, 35, 36, 37, 40, 45, 49, 52, 55]",17,18,False
line,27,57,71,1,91.2280701754386,18,100.0,19,1,0.0012200999772176147,"[0, 3, 5, 8, 14, 17, 19, 23, 27, 29, 31, 35, 36, 37, 40, 45, 49, 52, 55]",18,19,False
line,28,57,71,1,92.98245614035088,18,100.0,18,0,0.0007147000287659466,"[0, 3, 5, 8, 14, 19, 23, 27, 29, 31, 35, 36, 37, 40, 45, 49, 52, 55]",20,21,False
line,29,57,71,1,92.98245614035088,18,100.0,18,0,0.0007087999838404357,"[0, 3, 5, 8, 14, 19, 23, 27, 29, 31, 35, 36, 37, 40, 45, 49, 52, 55]",21,22,False
line,30,57,71,1,91.2280701754386,18,100.0,19,1,0.0007887000101618469,"[0, 3, 5, 8, 14, 19, 21, 23, 27, 29, 31, 35, 36, 37, 40, 45, 49, 52, 55]",22,23,False
line,31,57,71,1,91.2280701754386,18,100.0,18,0,0.0007335999980568886,"[0, 3, 5, 8, 14, 19, 23, 27, 29, 31, 35, 36, 37, 40, 45, 49, 52, 55]",25,26,False
line,32,57,71,1,92.98245614035088,18,100.0,19,1,0.001832999987527728,"[0, 3, 5, 8, 14, 19, 23, 25, 28, 29, 31, 35, 36, 37, 40, 45, 49, 52, 55]",26,27,False
line,33,57,71,1,91.2280701754386,18,100.0,19,1,0.0009621999925002456,"[0, 3, 5, 8, 14, 19, 23, 26, 29, 31, 35, 36, 37, 40, 45, 49, 51, 52, 55]",27,28,False
line,34,57,72,1,92.98245614035088,18,100.0,18,0,0.0011040999670512974,"[0, 3, 5, 8, 14, 19, 23, 27, 29, 31, 35, 36, 37, 40, 45, 49, 52, 55]",24,29,False
line,35,57,71,2,92.98245614035088,18,100.0,18,0,0.0007904000231064856,"[0, 3, 5, 8, 14, 19, 23, 27, 29, 31, 35, 36, 37, 40, 45, 49, 52, 55]",29,30,False
line,36,57,71,2,91.2280701754386,18,100.0,18,0,0.0007113000028766692,"[0, 3, 5, 8, 14, 19, 23, 27, 29, 31, 35, 36, 37, 40, 45, 49, 52, 55]",30,31,False
line,37,57,71,2,91.2280701754386,18,100.0,19,1,0.000776599976234138,"[0, 3, 5, 8, 14, 19, 23, 27, 30, 32, 34, 35, 36, 37, 40, 45, 49, 52, 55]",31,32,False
line,38,57,71,2,92.98245614035088,18,100.0,18,0,0.0011547000030986965,"[0, 3, 5, 8, 14, 19, 23, 27, 29, 31, 35, 36, 37, 40, 45, 49, 52, 55]",33,34,False
line,39,57,71,2,92.98245614035088,18,100.0,19,1,0.0007213999633677304,"[0, 3, 5, 8, 14, 19, 23, 27, 29, 31, 33, 35, 36, 37, 40, 45, 49, 52, 55]",34,35,False
line,40,57,71,2,92.98245614035088,18,100.0,18,0,0.0007246999884955585,"[0, 3, 5, 8, 14, 19, 23, 27, 29, 31, 35, 36, 37, 40, 45, 49, 52, 55]",35,36,False
line,41,57,71,2,92.98245614035088,18,100.0,18,0,0.0007172999903559685,"[0, 3, 5, 8, 14, 19, 23, 27, 29, 31, 35, 36, 37, 40, 45, 49, 52, 55]",36,37,False
line,42,57,71,2,91.2280701754386,18,100.0,18,0,0.0010732000228017569,"[0, 3, 5, 8, 14, 19, 23, 27, 29, 31, 35, 37, 38, 40, 45, 49, 52, 55]",36,38,False
line,43,57,71,2,92.98245614035088,18,100.0,19,1,0.0007187000010162592,"[0, 3, 5, 8, 14, 19, 23, 27, 29, 31, 34, 36, 37, 39, 40, 45, 49, 52, 55]",35,39,False
line,44,57,71,1,91.2280701754386,18,100.0,19,1,0.0008956000092439353,"[0, 3, 5, 8, 14, 19, 20, 23, 27, 29, 31, 35, 36, 37, 40, 45, 49, 52, 55]",21,37,False
line,45,57,71,1,92.98245614035088,18,100.0,18,0,0.0007247999892570078,"[0, 3, 5, 8, 10, 14, 19, 23, 27, 29, 31, 35, 36, 37, 45, 49, 52, 55]",40,41,False
line,46,57,71,1,92.98245614035088,18,100.0,18,0,0.0008476999937556684,"[0, 3, 5, 8, 10, 14, 19, 23, 27, 29, 31, 35, 36, 37, 45, 49, 52, 55]",40,42,False
line,47,57,71,1,91.2280701754386,18,100.0,18,0,0.0007086999830789864,"[0, 3, 5, 8, 19, 23, 27, 29, 31, 35, 36, 37, 40, 43, 45, 49, 52, 55]",37,43,False
line,48,57,71,1,91.2280701754386,18,100.0,19,1,0.0012319000088609755,"[0, 3, 5, 8, 13, 14, 19, 23, 27, 29, 31, 35, 36, 37, 40, 46, 49, 52, 55]",45,46,False
line,49,57,71,1,92.98245614035088,18,100.0,18,0,0.0007207000162452459,"[0, 3, 5, 8, 14, 19, 23, 27, 29, 31, 35, 36, 37, 40, 45, 49, 52, 55]",46,47,False
line,50,57,71,1,92.98245614035088,18,100.0,18,0,0.0008270999533124268,"[0, 3, 5, 8, 14, 19, 23, 27, 29, 31, 35, 36, 37, 40, 45, 49, 52, 55]",47,48,False
line,51,57,72,1,92.98245614035088,18,100.0,18,0,0.0009406000026501715,"[0, 3, 5, 8, 14, 19, 23, 27, 29, 31, 35, 36, 37, 40, 45, 49, 52, 55]",48,49,False
line,52,57,71,2,91.2280701754386,18,100.0,19,1,0.0008070000330917537,"[0, 3, 5, 8, 9, 14, 19, 23, 27, 29, 31, 35, 36, 37, 40, 45, 49, 52, 55]",49,50,False
line,53,57,71,1,92.98245614035088,18,100.0,18,0,0.001283199992030859,"[0, 3, 5, 8, 14, 19, 23, 27, 29, 31, 35, 36, 37, 40, 45, 49, 52, 55]",28,51,False
line,54,57,71,1,92.98245614035088,18,100.0,19,1,0.0007515000179409981,"[0, 3, 5, 8, 14, 19, 23, 27, 28, 29, 31, 35, 36, 37, 40, 45, 49, 52, 55]",51,52,False
line,55,57,71,1,91.2280701754386,18,100.0,19,1,0.0013219999964348972,"[0, 3, 5, 8, 14, 19, 23, 27, 29, 31, 35, 36, 37, 40, 45, 49, 51, 53, 55]",52,53,False
line,56,57,71,1,92.98245614035088,18,100.0,18,0,0.0007179999956861138,"[0, 3, 5, 8, 14, 19, 23, 27, 29, 31, 35, 36, 37, 40, 45, 49, 52, 55]",53,54,False
line,57,57,71,1,92.98245614035088,18,100.0,18,0,0.0007044000085443258,"[0, 3, 5, 8, 14, 19, 23, 27, 29, 31, 35, 36, 37, 40, 45, 49, 52, 55]",43,44,False
line,58,57,71,1,92.98245614035088,18,100.0,18,0,0.0008125000167638063,"[0, 3, 5, 8, 14, 19, 23, 27, 29, 31, 35, 36, 37, 40, 45, 49, 52, 55]",55,40,False
line,59,57,71,1,91.2280701754386,18,100.0,18,0,0.0006903000175952911,"[0, 3, 5, 8, 14, 19, 23, 27, 29, 31, 35, 36, 37, 40, 45, 49, 52, 55]",55,41,False
line,60,57,71,2,91.2280701754386,18,100.0,18,0,0.0007297999691218138,"[0, 3, 5, 8, 14, 19, 23, 27, 29, 31, 35, 36, 37, 40, 45, 49, 52, 56]",56,55,False
line,61,57,71,1,91.2280701754386,18,100.0,19,1,0.0008101999992504716,"[0, 3, 5, 8, 12, 14, 19, 23, 27, 29, 31, 35, 36, 37, 40, 45, 49, 52, 55]",37,48,False
line,62,57,71,1,91.2280701754386,18,100.0,19,1,0.0007415000000037253,"[0, 3, 5, 8, 14, 19, 23, 27, 29, 31, 35, 36, 37, 40, 45, 46, 49, 52, 55]",37,47,False
trafo,0,57,72,1,92.98245614035088,18,100.0,18,0,0.0007010999834164977,"[0, 3, 5, 8, 14, 19, 23, 27, 29, 31, 35, 36, 37, 40, 45, 49, 52, 55]",17,3,False
trafo,1,57,72,1,92.98245614035088,18,100.0,18,0,0.0007229000329971313,"[0, 3, 5, 8, 14, 19, 23, 27, 29, 31, 35, 36, 37, 40, 45, 49, 52, 55]",17,3,False
trafo,2,57,71,1,91.2280701754386,18,100.0,19,1,0.0007279999554157257,"[0, 3, 5, 8, 14, 18, 20, 23, 27, 29, 31, 35, 36, 37, 40, 45, 49, 52, 55]",19,20,False
trafo,3,57,72,1,92.98245614035088,18,100.0,18,0,0.0007722000009380281,"[0, 3, 5, 8, 14, 19, 23, 27, 29, 31, 35, 36, 37, 40, 45, 49, 52, 55]",24,23,False
trafo,4,57,72,1,92.98245614035088,18,100.0,18,0,0.002146099985111505,"[0, 3, 5, 8, 14, 19, 23, 27, 29, 31, 35, 36, 37, 40, 45, 49, 52, 55]",24,23,False
trafo,5,57,71,1,92.98245614035088,18,100.0,19,1,0.00136009999550879,"[0, 3, 5, 8, 14, 19, 23, 26, 29, 31, 35, 36, 37, 40, 45, 49, 51, 52, 55]",25,23,False
trafo,6,57,72,1,92.98245614035088,18,100.0,18,0,0.0009350000182166696,"[0, 3, 5, 8, 14, 19, 23, 27, 29, 31, 35, 36, 37, 40, 45, 49, 52, 55]",28,6,False
trafo,7,57,71,2,92.98245614035088,18,100.0,19,1,0.0007752999663352966,"[0, 3, 5, 8, 14, 19, 23, 27, 30, 31, 34, 35, 36, 37, 40, 45, 49, 52, 55]",31,33,False
trafo,8,57,71,1,92.98245614035088,18,100.0,18,0,0.0008876000065356493,"[0, 3, 5, 8, 14, 19, 23, 27, 29, 31, 35, 36, 37, 40, 45, 49, 52, 55]",40,10,False
trafo,9,57,71,1,91.2280701754386,18,100.0,18,0,0.0008014999912120402,"[0, 3, 5, 8, 19, 23, 27, 29, 31, 35, 36, 37, 40, 43, 45, 49, 52, 55]",44,14,False
trafo,10,57,71,1,92.98245614035088,18,100.0,18,0,0.0008662000182084739,"[0, 3, 5, 8, 14, 19, 23, 27, 29, 31, 35, 36, 37, 40, 45, 49, 52, 55]",45,13,False
trafo,11,57,71,2,92.98245614035088,18,100.0,18,0,0.0010288000339642167,"[0, 3, 5, 8, 14, 19, 23, 27, 29, 31, 35, 36, 37, 40, 45, 49, 52, 55]",50,9,False
trafo,12,57,71,1,92.98245614035088,18,100.0,18,0,0.0007408000528812408,"[0, 3, 5, 8, 14, 19, 23, 27, 29, 31, 35, 36, 37, 40, 45, 49, 52, 55]",48,12,False
trafo,13,57,71,1,91.2280701754386,18,100.0,18,0,0.0007288999622687697,"[0, 3, 5, 8, 14, 19, 23, 27, 29, 31, 35, 36, 37, 40, 45, 49, 52, 55]",42,10,False
trafo,14,57,72,1,92.98245614035088,18,100.0,18,0,0.0011742999777197838,"[0, 3, 5, 8, 14, 19, 23, 27, 29, 31, 35, 36, 37, 40, 45, 49, 52, 55]",55,39,False
trafo,15,57,72,1,92.98245614035088,18,100.0,18,0,0.0007239000406116247,"[0, 3, 5, 8, 14, 19, 23, 27, 29, 31, 35, 36, 37, 40, 45, 49, 52, 55]",56,38,False
trafo,16,57,71,1,91.2280701754386,18,100.0,19,1,0.0007530000293627381,"[0, 5, 12, 14, 18, 19, 23, 27, 29, 31, 35, 36, 37, 40, 45, 50, 52, 53, 55]",54,8,False
line,0,57,72,1,92.98245614035088,18,100.0,19,1,0.0009122999617829919,"[0, 1, 3, 8, 12, 18, 21, 23, 24, 25, 28, 31, 35, 38, 40, 43, 46, 49, 52]",0,1,False
line,1,57,72,1,94.73684210526316,18,100.0,18,0,0.00132760003907606,"[0, 3, 8, 12, 18, 21, 23, 24, 25, 28, 31, 35, 38, 40, 43, 46, 49, 52]",1,2,False
line,2,57,72,1,94.73684210526316,18,100.0,18,0,0.0008037000079639256,"[0, 5, 8, 12, 14, 18, 21, 23, 24, 27, 31, 35, 38, 40, 43, 46, 50, 52]",2,3,False
line,3,57,72,1,92.98245614035088,18,100.0,18,0,0.0007155999774113297,"[0, 5, 8, 12, 14, 18, 21, 23, 24, 27, 31, 35, 38, 40, 43, 46, 50, 52]",3,4,False
line,4,57,72,1,92.98245614035088,18,100.0,18,0,0.0007258999976329505,"[0, 3, 6, 8, 12, 18, 21, 23, 24, 26, 31, 35, 38, 40, 43, 46, 50, 52]",3,5,False
line,5,57,72,1,94.73684210526316,18,100.0,18,0,0.0006974000134505332,"[0, 3, 8, 12, 18, 21, 23, 24, 25, 28, 31, 35, 38, 40, 43, 46, 49, 52]",5,6,False
line,6,57,72,1,94.73684210526316,18,100.0,18,0,0.0009259000071324408,"[0, 3, 8, 12, 18, 21, 23, 24, 25, 28, 31, 35, 38, 40, 43, 46, 49, 52]",5,7,False
line,7,57,72,1,92.98245614035088,18,100.0,18,0,0.0008709999965503812,"[0, 3, 5, 12, 18, 21, 23, 24, 25, 28, 31, 35, 38, 40, 43, 46, 50, 53]",7,8,False
line,8,57,72,1,92.98245614035088,18,100.0,18,0,0.0008012999896891415,"[0, 3, 5, 12, 18, 21, 23, 24, 25, 28, 31, 35, 38, 40, 43, 46, 50, 53]",8,9,False
line,9,57,72,1,94.73684210526316,18,100.0,18,0,0.0008001000387594104,"[0, 3, 8, 12, 18, 21, 23, 24, 25, 28, 31, 35, 38, 40, 43, 46, 49, 52]",8,10,False
line,10,57,73,1,94.73684210526316,18,100.0,18,0,0.0008740999619476497,"[0, 3, 8, 12, 18, 21, 23, 24, 25, 28, 31, 35, 38, 40, 43, 46, 49, 52]",8,11,False
line,11,57,72,1,94.73684210526316,18,100.0,18,0,0.000927999964915216,"[0, 3, 8, 12, 18, 21, 23, 24, 25, 28, 31, 35, 38, 40, 43, 46, 49, 52]",8,12,False
line,12,57,72,1,94.73684210526316,18,100.0,19,1,0.0007885000086389482,"[0, 3, 8, 9, 13, 19, 23, 24, 25, 28, 31, 35, 37, 38, 40, 43, 45, 48, 52]",12,13,False
line,13,57,72,1,94.73684210526316,18,100.0,19,1,0.0007189000025391579,"[0, 3, 8, 9, 13, 19, 23, 24, 25, 28, 31, 35, 37, 38, 40, 43, 45, 48, 52]",12,14,False
line,14,57,73,1,94.73684210526316,18,100.0,18,0,0.0011210000375285745,"[0, 3, 8, 12, 18, 21, 23, 24, 25, 28, 31, 35, 38, 40, 43, 46, 49, 52]",0,14,False
line,15,57,72,1,92.98245614035088,18,100.0,19,1,0.0007477999897673726,"[0, 3, 8, 11, 12, 18, 21, 23, 24, 25, 28, 31, 35, 38, 40, 43, 46, 49, 52]",0,15,False
line,16,57,72,1,92.98245614035088,18,100.0,19,1,0.0009107999503612518,"[0, 3, 8, 11, 12, 18, 21, 23, 24, 25, 28, 31, 35, 38, 40, 43, 46, 49, 52]",0,16,False
line,17,57,72,1,94.73684210526316,18,100.0,18,0,0.0007080999785102904,"[0, 3, 8, 12, 18, 21, 23, 24, 25, 28, 31, 35, 38, 40, 43, 46, 49, 52]",2,14,False
line,18,57,72,1,94.73684210526316,18,100.0,18,0,0.0007419000030495226,"[0, 3, 8, 12, 18, 21, 23, 24, 25, 28, 31, 35, 38, 40, 43, 46, 49, 52]",4,5,False
line,19,57,72,1,94.73684210526316,18,100.0,18,0,0.0009033000096678734,"[0, 3, 8, 12, 18, 21, 23, 24, 25, 28, 31, 35, 38, 40, 43, 46, 49, 52]",6,7,False
line,20,57,72,1,94.73684210526316,18,100.0,18,0,0.00120160001097247,"[0, 3, 8, 12, 18, 21, 23, 24, 25, 28, 31, 35, 38, 40, 43, 46, 49, 52]",9,11,False
line,21,57,72,1,94.73684210526316,18,100.0,18,0,0.000749400001950562,"[0, 3, 8, 12, 19, 23, 24, 25, 28, 31, 35, 37, 38, 40, 43, 45, 49, 52]",10,12,False
line,22,57,72,1,94.73684210526316,18,100.0,19,1,0.0016548000276088715,"[0, 3, 8, 9, 13, 19, 23, 24, 25, 28, 31, 35, 37, 38, 40, 43, 45, 48, 52]",11,12,False
line,23,57,72,1,94.73684210526316,18,100.0,18,0,0.0006910999654792249,"[0, 3, 8, 12, 18, 21, 23, 24, 25, 28, 31, 35, 38, 40, 43, 46, 49, 52]",11,15,False
line,24,57,72,1,94.73684210526316,18,100.0,18,0,0.0010168000007979572,"[0, 3, 8, 12, 18, 21, 23, 24, 25, 28, 31, 35, 38, 40, 43, 46, 49, 52]",11,16,False
line,25,57,72,1,94.73684210526316,18,100.0,18,0,0.000709500047378242,"[0, 3, 8, 12, 18, 21, 23, 24, 25, 28, 31, 35, 38, 40, 43, 46, 49, 52]",13,14,False
line,26,57,72,1,94.73684210526316,18,100.0,18,0,0.0007407999946735799,"[0, 3, 8, 12, 18, 21, 23, 24, 25, 28, 31, 35, 38, 40, 43, 46, 49, 52]",17,18,False
line,27,57,72,1,92.98245614035088,18,100.0,19,1,0.000742000003810972,"[0, 3, 8, 12, 17, 19, 21, 23, 24, 25, 28, 31, 35, 38, 40, 43, 46, 49, 52]",18,19,False
line,28,57,72,1,94.73684210526316,18,100.0,18,0,0.0007151999743655324,"[0, 3, 8, 12, 19, 23, 24, 25, 28, 31, 35, 37, 38, 40, 43, 45, 49, 52]",20,21,False
line,29,57,72,1,94.73684210526316,18,100.0,18,0,0.0007279000128619373,"[0, 3, 8, 12, 19, 23, 24, 25, 28, 31, 35, 37, 38, 40, 43, 45, 49, 52]",21,22,False
line,30,57,72,1,92.98245614035088,18,100.0,18,0,0.001053699990734458,"[0, 3, 8, 12, 18, 21, 23, 24, 25, 28, 31, 35, 38, 40, 43, 46, 49, 52]",22,23,False
line,31,57,72,1,92.98245614035088,18,100.0,18,0,0.0007166999857872725,"[0, 3, 8, 12, 18, 21, 23, 24, 26, 28, 31, 35, 38, 40, 43, 46, 49, 52]",25,26,False
line,32,57,72,1,94.73684210526316,18,100.0,18,0,0.0006877000560052693,"[0, 3, 8, 12, 18, 21, 23, 24, 25, 28, 31, 35, 38, 40, 43, 46, 49, 52]",26,27,False
line,33,57,72,1,92.98245614035088,18,100.0,18,0,0.0007603000267408788,"[0, 3, 6, 8, 12, 18, 21, 23, 24, 26, 31, 35, 38, 40, 43, 46, 50, 52]",27,28,False
line,34,57,72,1,92.98245614035088,18,100.0,18,0,0.0007968000136315823,"[0, 3, 8, 12, 18, 21, 23, 25, 28, 29, 31, 35, 38, 40, 43, 46, 49, 52]",24,29,False
line,35,57,72,1,94.73684210526316,18,100.0,18,0,0.0010987999849021435,"[0, 3, 8, 12, 18, 21, 23, 24, 25, 28, 31, 35, 38, 40, 43, 46, 49, 52]",29,30,False
line,36,57,72,1,92.98245614035088,18,100.0,18,0,0.0008549999911338091,"[0, 3, 8, 12, 18, 21, 23, 25, 28, 29, 31, 35, 38, 40, 43, 46, 49, 52]",30,31,False
line,37,57,72,2,92.98245614035088,18,100.0,19,1,0.0007827000226825476,"[0, 3, 8, 12, 18, 21, 23, 25, 28, 30, 31, 32, 35, 38, 40, 43, 46, 49, 52]",31,32,False
line,38,57,72,1,94.73684210526316,18,100.0,18,0,0.0007819000165909529,"[0, 3, 8, 12, 18, 21, 23, 24, 25, 28, 31, 35, 38, 40, 43, 46, 49, 52]",33,34,False
line,39,57,72,1,94.73684210526316,18,100.0,19,1,0.0008829000289551914,"[0, 3, 8, 12, 18, 21, 23, 24, 25, 28, 31, 33, 35, 38, 40, 43, 46, 49, 52]",34,35,False
line,40,57,72,1,94.73684210526316,18,100.0,18,0,0.001103100017644465,"[0, 3, 8, 12, 18, 21, 23, 24, 25, 28, 31, 35, 38, 40, 43, 46, 49, 52]",35,36,False
line,41,57,72,1,94.73684210526316,18,100.0,18,0,0.0007188000017777085,"[0, 3, 8, 12, 18, 21, 23, 24, 25, 28, 31, 35, 38, 40, 43, 46, 49, 52]",36,37,False
line,42,57,72,1,92.98245614035088,18,100.0,18,0,0.0007226000307127833,"[0, 3, 8, 12, 18, 21, 23, 24, 25, 28, 31, 35, 38, 40, 43, 46, 49, 52]",36,38,False
line,43,57,72,2,94.73684210526316,18,100.0,19,1,0.0014001000090502203,"[0, 3, 8, 12, 18, 21, 23, 24, 25, 28, 31, 35, 38, 39, 40, 43, 46, 49, 52]",35,39,False
line,44,57,72,1,92.98245614035088,18,100.0,19,1,0.000742900010664016,"[0, 3, 8, 12, 19, 20, 23, 24, 25, 28, 31, 35, 36, 38, 40, 43, 46, 49, 52]",21,37,False
line,45,57,72,1,94.73684210526316,18,100.0,19,1,0.0008829000289551914,"[0, 3, 8, 10, 12, 18, 21, 23, 24, 25, 28, 31, 35, 36, 43, 46, 49, 52, 55]",40,41,False
line,46,57,72,1,94.73684210526316,18,100.0,19,1,0.0010372000397183,"[0, 3, 8, 10, 12, 18, 21, 23, 24, 25, 28, 31, 35, 36, 43, 46, 49, 52, 55]",40,42,False
line,47,57,73,1,94.73684210526316,18,100.0,18,0,0.0006884000031277537,"[0, 3, 8, 12, 18, 21, 23, 24, 25, 28, 31, 35, 38, 40, 43, 46, 49, 52]",37,43,False
line,48,57,72,1,92.98245614035088,18,100.0,19,1,0.0015153999556787312,"[0, 3, 8, 12, 13, 18, 21, 23, 24, 25, 28, 31, 35, 38, 40, 43, 46, 49, 52]",45,46,False
line,49,57,72,1,94.73684210526316,18,100.0,19,1,0.0007390000391751528,"[0, 3, 8, 9, 12, 18, 21, 23, 24, 25, 28, 31, 35, 38, 40, 43, 45, 48, 52]",46,47,False
line,50,57,72,1,94.73684210526316,18,100.0,18,0,0.000728400016669184,"[0, 3, 8, 12, 18, 21, 23, 24, 25, 28, 31, 35, 38, 40, 43, 46, 49, 52]",47,48,False
line,51,57,72,1,94.73684210526316,18,100.0,18,0,0.0008148000342771411,"[0, 3, 8, 12, 18, 21, 23, 24, 25, 28, 31, 35, 38, 40, 43, 46, 49, 52]",48,49,False
line,52,57,72,1,92.98245614035088,18,100.0,19,1,0.0007394999847747386,"[0, 3, 8, 9, 12, 18, 21, 23, 24, 25, 28, 31, 35, 38, 40, 43, 46, 48, 52]",49,50,False
line,53,57,72,1,94.73684210526316,18,100.0,18,0,0.0014113999786786735,"[0, 3, 6, 8, 12, 18, 21, 23, 24, 26, 31, 35, 38, 40, 43, 46, 50, 52]",28,51,False
line,54,57,72,1,94.73684210526316,18,100.0,18,0,0.0006516000139527023,"[0, 3, 8, 12, 18, 21, 23, 24, 25, 28, 31, 35, 38, 40, 43, 46, 49, 52]",51,52,False
line,55,57,72,1,92.98245614035088,18,100.0,19,1,0.0008671999676153064,"[0, 3, 8, 12, 18, 21, 23, 24, 25, 28, 31, 35, 38, 40, 43, 46, 49, 51, 53]",52,53,False
line,56,57,72,1,94.73684210526316,18,100.0,18,0,0.0007878000033088028,"[0, 3, 8, 12, 18, 21, 23, 24, 25, 28, 31, 35, 38, 40, 43, 46, 49, 52]",53,54,False
line,57,57,72,2,94.73684210526316,18,100.0,19,1,0.0008047999581322074,"[0, 3, 8, 12, 14, 18, 21, 23, 24, 25, 28, 31, 35, 38, 40, 43, 46, 49, 52]",43,44,False
line,58,57,72,1,92.98245614035088,18,100.0,18,0,0.0018684000242501497,"[0, 3, 8, 12, 18, 21, 23, 24, 25, 28, 31, 35, 40, 43, 46, 49, 52, 56]",55,40,False
line,59,57,72,1,92.98245614035088,18,100.0,18,0,0.0007339000003412366,"[0, 3, 8, 12, 18, 21, 23, 24, 25, 28, 31, 35, 38, 40, 43, 46, 49, 52]",55,41,False
line,60,57,72,1,92.98245614035088,18,100.0,18,0,0.0009340000106021762,"[0, 3, 8, 12, 18, 21, 23, 24, 25, 28, 31, 35, 38, 40, 43, 46, 49, 52]",56,55,False
line,61,57,72,1,94.73684210526316,18,100.0,18,0,0.0009056000271812081,"[0, 3, 8, 12, 18, 21, 23, 24, 25, 28, 31, 35, 38, 40, 43, 46, 49, 52]",37,48,False
line,62,57,72,1,92.98245614035088,18,100.0,18,0,0.0010142000392079353,"[0, 3, 8, 12, 18, 21, 23, 24, 25, 28, 31, 35, 38, 40, 43, 46, 49, 52]",37,47,False
trafo,0,57,73,1,94.73684210526316,18,100.0,18,0,0.0007440000190399587,"[0, 3, 8, 12, 18, 21, 23, 24, 25, 28, 31, 35, 38, 40, 43, 46, 49, 52]",17,3,False
trafo,1,57,73,1,94.73684210526316,18,100.0,18,0,0.0009006999898701906,"[0, 3, 8, 12, 18, 21, 23, 24, 25, 28, 31, 35, 38, 40, 43, 46, 49, 52]",17,3,False
trafo,2,57,72,1,92.98245614035088,18,100.0,18,0,0.0015860999701544642,"[0, 3, 8, 12, 18, 21, 23, 24, 25, 28, 31, 35, 38, 40, 43, 46, 49, 52]",19,20,False
trafo,3,57,72,1,94.73684210526316,18,100.0,17,-1,0.0006886000046506524,"[0, 3, 8, 12, 18, 21, 24, 25, 28, 31, 35, 38, 40, 43, 46, 49, 52]",24,23,False
trafo,4,57,73,1,94.73684210526316,18,100.0,18,0,0.000748499995097518,"[0, 3, 8, 12, 18, 21, 23, 24, 25, 28, 31, 35, 38, 40, 43, 46, 49, 52]",24,23,False
trafo,5,57,72,1,94.73684210526316,18,100.0,17,-1,0.0006953999982215464,"[0, 3, 8, 12, 18, 21, 24, 25, 28, 31, 35, 38, 40, 43, 46, 49, 52]",25,23,False
trafo,6,57,72,1,92.98245614035088,18,100.0,18,0,0.0007068000268191099,"[0, 3, 5, 8, 12, 18, 21, 23, 24, 27, 31, 35, 38, 40, 43, 46, 49, 52]",28,6,False
trafo,7,57,72,1,94.73684210526316,18,100.0,19,1,0.000715400034096092,"[0, 3, 8, 12, 18, 21, 23, 25, 28, 30, 31, 33, 35, 38, 40, 43, 46, 49, 52]",31,33,False
trafo,8,57,73,1,94.73684210526316,18,100.0,18,0,0.0007263000006787479,"[0, 3, 8, 12, 18, 21, 23, 24, 25, 28, 31, 35, 38, 40, 43, 46, 49, 52]",40,10,False
trafo,9,57,72,2,92.98245614035088,18,100.0,18,0,0.001718799991067499,"[0, 3, 8, 12, 18, 21, 23, 24, 25, 28, 31, 35, 38, 40, 43, 46, 49, 52]",44,14,False
trafo,10,57,72,1,94.73684210526316,18,100.0,18,0,0.001104300026781857,"[0, 3, 8, 12, 18, 21, 23, 24, 25, 28, 31, 35, 38, 40, 43, 46, 49, 52]",45,13,False
trafo,11,57,72,1,94.73684210526316,18,100.0,18,0,0.001041000010445714,"[0, 3, 8, 12, 18, 21, 23, 24, 25, 28, 31, 35, 38, 40, 43, 46, 49, 52]",50,9,False
trafo,12,57,72,1,94.73684210526316,18,100.0,18,0,0.0006850999779999256,"[0, 3, 8, 12, 19, 23, 24, 25, 28, 31, 35, 37, 38, 40, 43, 45, 49, 52]",48,12,False
trafo,13,57,72,1,92.98245614035088,18,100.0,18,0,0.000824799994006753,"[0, 3, 8, 12, 18, 21, 23, 24, 25, 28, 31, 35, 38, 40, 43, 46, 49, 52]",42,10,False
trafo,14,57,73,1,94.73684210526316,18,100.0,18,0,0.0006932999822311103,"[0, 3, 8, 12, 18, 21, 23, 24, 25, 28, 31, 35, 38, 40, 43, 46, 49, 52]",55,39,False
trafo,15,57,72,1,94.73684210526316,18,100.0,19,1,0.0007126000127755105,"[0, 3, 8, 12, 18, 21, 23, 24, 25, 28, 31, 35, 36, 40, 43, 46, 49, 52, 55]",56,38,False
trafo,16,57,72,1,92.98245614035088,18,100.0,18,0,0.0007329999934881926,"[0, 3, 5, 12, 18, 21, 23, 24, 25, 28, 31, 35, 38, 40, 43, 46, 50, 53]",54,8,False
line,0,57,76,1,98.24561403508773,18,100.0,19,1,0.0007509000133723021,"[0, 1, 3, 8, 10, 14, 19, 23, 24, 25, 28, 31, 34, 36, 37, 45, 49, 52, 55]",0,1,False
line,1,57,76,1,100.0,18,100.0,18,0,0.0007980000227689743,"[0, 3, 8, 10, 14, 19, 23, 24, 25, 28, 31, 34, 36, 37, 45, 49, 52, 55]",1,2,True
line,2,57,76,1,100.0,18,100.0,18,0,0.0007362000178545713,"[0, 3, 8, 10, 14, 19, 23, 24, 25, 28, 31, 34, 36, 37, 45, 49, 52, 55]",2,3,True
line,3,57,76,1,98.24561403508773,18,100.0,19,1,0.0007662999560125172,"[0, 3, 4, 8, 10, 14, 19, 23, 24, 25, 28, 31, 34, 36, 37, 45, 49, 52, 55]",3,4,False
line,4,57,76,1,98.24561403508773,18,100.0,19,1,0.0007430000114254653,"[0, 3, 4, 8, 10, 14, 19, 23, 24, 25, 28, 31, 34, 36, 37, 45, 49, 52, 55]",3,5,False
line,5,57,76,1,100.0,18,100.0,18,0,0.0007066999678499997,"[0, 3, 8, 10, 14, 19, 23, 24, 25, 28, 31, 34, 36, 37, 45, 49, 52, 55]",5,6,True
line,6,57,76,1,100.0,18,100.0,18,0,0.0010320000001229346,"[0, 3, 8, 10, 14, 19, 23, 24, 25, 28, 31, 34, 36, 37, 45, 49, 52, 55]",5,7,True
line,7,57,76,1,98.24561403508773,18,100.0,19,1,0.0012729000300168991,"[0, 3, 5, 10, 12, 14, 19, 23, 24, 25, 28, 31, 34, 36, 37, 45, 50, 53, 55]",7,8,False
line,8,57,76,1,98.24561403508773,18,100.0,19,1,0.001102799957152456,"[0, 3, 5, 10, 12, 14, 19, 23, 24, 25, 28, 31, 34, 36, 37, 45, 50, 53, 55]",8,9,False
line,9,57,76,1,100.0,18,100.0,19,1,0.0007301999721676111,"[0, 3, 8, 10, 12, 14, 19, 23, 24, 25, 28, 31, 34, 36, 37, 45, 49, 52, 55]",8,10,True
line,10,57,76,1,98.24561403508773,18,100.0,19,1,0.0007875000010244548,"[0, 3, 8, 10, 12, 14, 19, 23, 24, 25, 28, 31, 34, 36, 37, 45, 49, 52, 55]",8,11,False
line,11,57,76,1,100.0,18,100.0,18,0,0.0007507000118494034,"[0, 3, 8, 10, 14, 19, 23, 24, 25, 28, 31, 34, 36, 37, 45, 49, 52, 55]",8,12,True
line,12,57,76,1,100.0,18,100.0,18,0,0.0007155000348575413,"[0, 3, 8, 10, 14, 19, 23, 24, 25, 28, 31, 34, 36, 37, 45, 49, 52, 55]",12,13,True
line,13,57,76,1,100.0,18,100.0,18,0,0.0007072000298649073,"[0, 3, 8, 10, 14, 19, 23, 24, 25, 28, 31, 34, 36, 37, 45, 49, 52, 55]",12,14,True
line,14,57,76,1,100.0,18,100.0,19,1,0.0007299999706447124,"[0, 3, 8, 10, 13, 14, 19, 23, 24, 25, 28, 31, 34, 36, 37, 45, 49, 52, 55]",0,14,True
line,15,57,76,1,98.24561403508773,18,100.0,19,1,0.0007339000003412366,"[0, 3, 8, 10, 11, 14, 19, 23, 24, 25, 28, 31, 34, 36, 37, 45, 49, 52, 55]",0,15,False
line,16,57,76,1,98.24561403508773,18,100.0,19,1,0.0007655999506823719,"[0, 3, 8, 10, 11, 14, 19, 23, 24, 25, 28, 31, 34, 36, 37, 45, 49, 52, 55]",0,16,False
line,17,57,76,1,100.0,18,100.0,18,0,0.0007004999788478017,"[0, 3, 8, 10, 14, 19, 23, 24, 25, 28, 31, 34, 36, 37, 45, 49, 52, 55]",2,14,True
line,18,57,76,1,100.0,18,100.0,18,0,0.0010515000321902335,"[0, 3, 8, 10, 14, 19, 23, 24, 25, 28, 31, 34, 36, 37, 45, 49, 52, 55]",4,5,True
line,19,57,76,1,100.0,18,100.0,18,0,0.0014023000258021057,"[0, 3, 8, 10, 14, 19, 23, 24, 25, 28, 31, 34, 36, 37, 45, 49, 52, 55]",6,7,True
line,20,57,76,1,100.0,18,100.0,18,0,0.001149799965787679,"[0, 3, 8, 10, 14, 19, 23, 24, 25, 28, 31, 34, 36, 37, 45, 49, 52, 55]",9,11,True
line,21,57,76,1,100.0,18,100.0,18,0,0.0007068999693728983,"[0, 3, 8, 10, 14, 19, 23, 24, 25, 28, 31, 34, 36, 37, 45, 49, 52, 55]",10,12,True
line,22,57,76,1,100.0,18,100.0,18,0,0.0007046000100672245,"[0, 3, 8, 10, 14, 19, 23, 24, 25, 28, 31, 34, 36, 37, 45, 49, 52, 55]",11,12,True
line,23,57,76,1,100.0,18,100.0,18,0,0.0007249000482261181,"[0, 3, 8, 10, 14, 19, 23, 24, 25, 28, 31, 34, 36, 37, 45, 49, 52, 55]",11,15,True
line,24,57,76,1,100.0,18,100.0,18,0,0.0007345000049099326,"[0, 3, 8, 10, 14, 19, 23, 24, 25, 28, 31, 34, 36, 37, 45, 49, 52, 55]",11,16,True
line,25,57,76,1,100.0,18,100.0,18,0,0.0009352000197395682,"[0, 3, 8, 10, 14, 19, 23, 24, 25, 28, 31, 34, 36, 37, 45, 49, 52, 55]",13,14,True
line,26,57,76,1,100.0,18,100.0,18,0,0.0007601000252179801,"[0, 3, 8, 10, 14, 19, 23, 24, 25, 28, 31, 34, 36, 37, 45, 49, 52, 55]",17,18,True
line,27,57,76,1,98.24561403508773,18,100.0,19,1,0.0007485999958589673,"[0, 3, 8, 10, 14, 17, 19, 23, 24, 25, 28, 31, 34, 36, 37, 45, 49, 52, 55]",18,19,False
line,28,57,76,1,100.0,18,100.0,18,0,0.0014940999681130052,"[0, 3, 8, 10, 14, 19, 23, 24, 25, 28, 31, 34, 36, 37, 45, 49, 52, 55]",20,21,True
line,29,57,76,1,100.0,18,100.0,18,0,0.0007020999910309911,"[0, 3, 8, 10, 14, 19, 23, 24, 25, 28, 31, 34, 36, 37, 45, 49, 52, 55]",21,22,True
line,30,57,76,1,98.24561403508773,18,100.0,19,1,0.0008676999714225531,"[0, 3, 8, 10, 14, 19, 21, 23, 24, 25, 28, 31, 34, 36, 37, 45, 49, 52, 55]",22,23,False
line,31,57,76,2,98.24561403508773,18,100.0,18,0,0.001184399996418506,"[0, 3, 8, 10, 14, 19, 23, 24, 26, 28, 31, 34, 36, 37, 45, 49, 52, 55]",25,26,False
line,32,57,77,1,100.0,18,100.0,18,0,0.0007022999925538898,"[0, 3, 8, 10, 14, 19, 23, 24, 25, 28, 31, 34, 36, 37, 45, 49, 52, 55]",26,27,True
line,33,57,76,2,98.24561403508773,18,100.0,19,1,0.0007368000224232674,"[0, 3, 8, 10, 14, 19, 23, 24, 25, 27, 28, 31, 34, 36, 37, 45, 49, 52, 55]",27,28,False
line,34,57,76,1,98.24561403508773,18,100.0,18,0,0.0009736000210978091,"[0, 3, 8, 10, 14, 19, 23, 25, 28, 29, 31, 34, 36, 37, 45, 49, 52, 55]",24,29,False
line,35,57,76,1,100.0,18,100.0,18,0,0.0007170000462792814,"[0, 3, 8, 10, 14, 19, 23, 24, 25, 28, 31, 34, 36, 37, 45, 49, 52, 55]",29,30,True
line,36,57,76,1,98.24561403508773,18,100.0,18,0,0.0009450000361539423,"[0, 3, 8, 10, 14, 19, 23, 25, 28, 29, 31, 34, 36, 37, 45, 49, 52, 55]",30,31,False
line,37,57,76,2,98.24561403508773,18,100.0,18,0,0.0007114000036381185,"[0, 3, 8, 10, 14, 19, 23, 25, 28, 30, 32, 34, 36, 37, 45, 49, 52, 55]",31,32,False
line,38,57,76,1,100.0,18,100.0,18,0,0.0009671999723650515,"[0, 3, 8, 10, 14, 19, 23, 24, 25, 28, 31, 34, 36, 37, 45, 49, 52, 55]",33,34,True
line,39,57,76,1,100.0,18,100.0,18,0,0.0013106000260449946,"[0, 3, 8, 10, 14, 19, 23, 24, 25, 28, 31, 33, 36, 37, 45, 49, 52, 55]",34,35,True
line,40,57,76,1,100.0,18,100.0,18,0,0.000806200027000159,"[0, 3, 8, 10, 14, 19, 23, 24, 25, 28, 31, 34, 36, 37, 45, 49, 52, 55]",35,36,True
line,41,57,76,1,100.0,18,100.0,18,0,0.0007026999955996871,"[0, 3, 8, 10, 14, 19, 23, 24, 25, 28, 31, 35, 36, 37, 45, 49, 52, 55]",36,37,True
line,42,57,76,1,98.24561403508773,18,100.0,18,0,0.0007026999955996871,"[0, 3, 8, 10, 14, 19, 23, 24, 25, 28, 31, 34, 37, 38, 45, 49, 52, 55]",36,38,False
line,43,57,76,1,100.0,18,100.0,18,0,0.00074380001751706,"[0, 3, 8, 10, 14, 19, 23, 24, 25, 28, 31, 34, 36, 37, 45, 49, 52, 55]",35,39,True
line,44,57,76,1,98.24561403508773,18,100.0,19,1,0.0008574000094085932,"[0, 3, 8, 10, 14, 19, 20, 23, 24, 25, 28, 31, 34, 36, 37, 45, 49, 52, 55]",21,37,False
line,45,57,76,1,100.0,18,100.0,18,0,0.0007057000184431672,"[0, 3, 8, 10, 14, 19, 23, 24, 25, 28, 31, 34, 36, 37, 45, 49, 52, 55]",40,41,True
line,46,57,76,1,100.0,18,100.0,18,0,0.003117899992503226,"[0, 3, 8, 10, 14, 19, 23, 24, 25, 28, 31, 34, 36, 37, 45, 49, 52, 55]",40,42,True
line,47,57,76,1,98.24561403508773,18,100.0,18,0,0.0007340000011026859,"[0, 3, 8, 10, 19, 23, 24, 25, 28, 31, 34, 36, 37, 43, 45, 49, 52, 55]",37,43,False
line,48,57,76,1,98.24561403508773,18,100.0,19,1,0.0016488999826833606,"[0, 3, 8, 10, 13, 14, 19, 23, 24, 25, 28, 31, 34, 36, 37, 46, 49, 52, 55]",45,46,False
line,49,57,76,1,100.0,18,100.0,18,0,0.0012173000141046941,"[0, 3, 8, 10, 14, 19, 23, 24, 25, 28, 31, 34, 36, 37, 45, 49, 52, 55]",46,47,True
line,50,57,76,1,100.0,18,100.0,18,0,0.0007360000163316727,"[0, 3, 8, 10, 14, 19, 23, 24, 25, 28, 31, 34, 36, 37, 45, 49, 52, 55]",47,48,True
line,51,57,76,1,100.0,18,100.0,18,0,0.0012286000419408083,"[0, 3, 8, 10, 14, 19, 23, 24, 25, 28, 31, 34, 36, 37, 45, 49, 52, 55]",48,49,True
line,52,57,76,1,98.24561403508773,18,100.0,19,1,0.0012805000296793878,"[0, 3, 8, 9, 10, 14, 19, 23, 24, 25, 28, 31, 34, 36, 37, 45, 48, 52, 55]",49,50,False
line,53,57,76,1,100.0,18,100.0,18,0,0.001014099980238825,"[0, 3, 8, 10, 14, 19, 23, 24, 25, 28, 31, 34, 36, 37, 45, 49, 52, 55]",28,51,True
line,54,57,76,1,100.0,18,100.0,18,0,0.0010818999726325274,"[0, 3, 8, 10, 14, 19, 23, 24, 25, 28, 31, 34, 36, 37, 45, 49, 52, 55]",51,52,True
line,55,57,76,1,98.24561403508773,18,100.0,19,1,0.0008449999731965363,"[0, 3, 8, 10, 14, 19, 23, 24, 25, 28, 31, 34, 36, 37, 45, 49, 51, 53, 55]",52,53,False
line,56,57,76,1,100.0,18,100.0,18,0,0.0008060999680310488,"[0, 3, 8, 10, 14, 19, 23, 24, 25, 28, 31, 34, 36, 37, 45, 49, 52, 55]",53,54,True
line,57,57,76,1,100.0,18,100.0,18,0,0.0007115000043995678,"[0, 3, 8, 10, 14, 19, 23, 24, 25, 28, 31, 34, 36, 37, 45, 49, 52, 55]",43,44,True
line,58,57,76,1,100.0,18,100.0,18,0,0.001323700009379536,"[0, 3, 8, 10, 14, 19, 23, 24, 25, 28, 31, 34, 36, 37, 45, 49, 52, 55]",55,40,True
line,59,57,76,1,98.24561403508773,18,100.0,17,-1,0.0009973000269383192,"[0, 3, 8, 14, 19, 23, 24, 25, 28, 31, 35, 37, 38, 40, 45, 49, 52]",55,41,False
line,60,57,76,1,98.24561403508773,18,100.0,17,-1,0.0007076000329107046,"[0, 3, 8, 14, 19, 23, 24, 25, 28, 31, 35, 37, 38, 40, 45, 49, 52]",56,55,False
line,61,57,76,1,100.0,18,100.0,18,0,0.0007658000104129314,"[0, 3, 8, 10, 14, 19, 23, 24, 25, 28, 31, 34, 36, 37, 45, 49, 52, 55]",37,48,True
line,62,57,76,1,98.24561403508773,18,100.0,19,1,0.0007252999930642545,"[0, 3, 8, 9, 10, 14, 19, 23, 24, 25, 28, 31, 34, 36, 37, 45, 48, 52, 55]",37,47,False
trafo,0,57,77,1,100.0,18,100.0,18,0,0.0008566000033169985,"[0, 3, 8, 10, 14, 19, 23, 24, 25, 28, 31, 34, 36, 37, 45, 49, 52, 55]",17,3,True
trafo,1,57,77,1,100.0,18,100.0,18,0,0.0009602999780327082,"[0, 3, 8, 10, 14, 19, 23, 24, 25, 28, 31, 34, 36, 37, 45, 49, 52, 55]",17,3,True
trafo,2,57,76,1,98.24561403508773,18,100.0,19,1,0.0010332000092603266,"[0, 3, 8, 10, 14, 18, 20, 23, 24, 25, 28, 31, 34, 36, 37, 45, 49, 52, 55]",19,20,False
trafo,3,57,76,1,100.0,18,100.0,18,0,0.000970900000538677,"[0, 3, 8, 10, 14, 19, 23, 24, 25, 28, 31, 34, 36, 37, 45, 49, 52, 55]",24,23,True
trafo,4,57,77,1,100.0,18,100.0,18,0,0.0008359000203199685,"[0, 3, 8, 10, 14, 19, 23, 24, 25, 28, 31, 34, 36, 37, 45, 49, 52, 55]",24,23,True
trafo,5,57,76,2,100.0,18,100.0,18,0,0.0010645000147633255,"[0, 3, 8, 10, 14, 19, 23, 24, 25, 28, 31, 34, 36, 37, 45, 49, 52, 55]",25,23,True
trafo,6,57,76,1,98.24561403508773,18,100.0,19,1,0.0007532000308856368,"[0, 3, 5, 8, 10, 14, 19, 23, 24, 25, 28, 31, 34, 36, 37, 45, 49, 52, 55]",28,6,False
trafo,7,57,76,1,100.0,18,100.0,18,0,0.0007026999955996871,"[0, 3, 8, 10, 14, 19, 23, 25, 28, 30, 31, 34, 36, 37, 45, 49, 52, 55]",31,33,True
trafo,8,57,76,1,100.0,18,100.0,18,0,0.001005200028885156,"[0, 3, 8, 10, 14, 19, 23, 24, 25, 28, 31, 34, 36, 37, 45, 49, 52, 55]",40,10,True
trafo,9,57,76,1,98.24561403508773,18,100.0,18,0,0.0008587000193074346,"[0, 3, 8, 10, 19, 23, 24, 25, 28, 31, 34, 36, 37, 43, 45, 49, 52, 55]",44,14,False
trafo,10,57,76,1,100.0,18,100.0,18,0,0.0007283000159077346,"[0, 3, 8, 10, 14, 19, 23, 24, 25, 28, 31, 34, 36, 37, 45, 49, 52, 55]",45,13,True
trafo,11,57,76,1,100.0,18,100.0,18,0,0.0010091000003740191,"[0, 3, 8, 10, 14, 19, 23, 24, 25, 28, 31, 34, 36, 37, 45, 49, 52, 55]",50,9,True
trafo,12,57,76,1,100.0,18,100.0,18,0,0.0007088999846018851,"[0, 3, 8, 10, 14, 19, 23, 24, 25, 28, 31, 34, 36, 37, 45, 49, 52, 55]",48,12,True
trafo,13,57,76,1,98.24561403508773,18,100.0,18,0,0.00136599998222664,"[0, 3, 8, 14, 19, 23, 24, 25, 28, 31, 34, 36, 37, 40, 45, 49, 52, 55]",42,10,False
trafo,14,57,76,1,98.24561403508773,18,100.0,17,-1,0.0006741000106558204,"[0, 3, 8, 14, 19, 23, 24, 25, 28, 31, 35, 37, 38, 40, 45, 49, 52]",55,39,False
trafo,15,57,76,1,100.0,18,100.0,18,0,0.0016119999927468598,"[0, 3, 8, 10, 14, 19, 23, 24, 25, 28, 31, 34, 36, 37, 45, 49, 52, 55]",56,38,True
trafo,16,57,76,1,98.24561403508773,18,100.0,19,1,0.001901299983728677,"[0, 3, 5, 10, 12, 14, 19, 23, 24, 25, 28, 31, 34, 36, 37, 45, 50, 53, 55]",54,8,False
line,0,57,73,1,96.49122807017544,18,100.0,20,2,0.0007514000171795487,"[0, 1, 3, 8, 10, 12, 14, 19, 23, 25, 28, 30, 31, 34, 36, 37, 45, 49, 52, 55]",0,1,False
line,1,57,73,1,98.24561403508773,18,100.0,19,1,0.0012216000468470156,"[0, 3, 8, 10, 12, 14, 19, 23, 25, 28, 30, 31, 34, 36, 37, 45, 49, 52, 55]",1,2,False
line,2,57,73,1,98.24561403508773,18,100.0,19,1,0.0007806999492458999,"[0, 5, 10, 12, 14, 18, 19, 23, 26, 30, 31, 34, 36, 37, 45, 50, 51, 53, 55]",2,3,False
line,3,57,73,1,96.49122807017544,18,100.0,19,1,0.000860300031490624,"[0, 5, 10, 12, 14, 18, 19, 23, 26, 30, 31, 34, 36, 37, 45, 50, 51, 53, 55]",3,4,False
line,4,57,73,1,96.49122807017544,18,100.0,19,1,0.0008860999951139092,"[0, 3, 6, 8, 10, 12, 14, 19, 23, 26, 30, 31, 34, 36, 37, 45, 50, 52, 55]",3,5,False
line,5,57,73,1,98.24561403508773,18,100.0,19,1,0.0007318999851122499,"[0, 3, 8, 10, 12, 14, 19, 23, 25, 28, 30, 31, 34, 36, 37, 45, 49, 52, 55]",5,6,False
line,6,57,73,1,98.24561403508773,18,100.0,19,1,0.0007292999653145671,"[0, 3, 8, 10, 12, 14, 19, 23, 25, 28, 30, 31, 34, 36, 37, 45, 49, 52, 55]",5,7,False
line,7,57,73,1,96.49122807017544,18,100.0,19,1,0.0007253999938257039,"[0, 3, 5, 10, 12, 14, 19, 23, 25, 28, 30, 31, 34, 36, 37, 45, 50, 53, 55]",7,8,False
line,8,57,73,1,96.49122807017544,18,100.0,19,1,0.0012993999989703298,"[0, 3, 5, 10, 12, 14, 19, 23, 25, 28, 30, 31, 34, 36, 37, 45, 50, 53, 55]",8,9,False
line,9,57,73,1,98.24561403508773,18,100.0,19,1,0.000777200039010495,"[0, 3, 8, 10, 12, 14, 19, 23, 25, 28, 30, 31, 34, 36, 37, 45, 49, 52, 55]",8,10,False
line,10,57,74,1,98.24561403508773,18,100.0,19,1,0.0007374999695457518,"[0, 3, 8, 10, 12, 14, 19, 23, 25, 28, 30, 31, 34, 36, 37, 45, 49, 52, 55]",8,11,False
line,11,57,73,1,98.24561403508773,18,100.0,19,1,0.0014977999962866306,"[0, 3, 8, 10, 12, 14, 19, 23, 25, 28, 30, 31, 34, 36, 37, 45, 49, 52, 55]",8,12,False
line,12,57,73,1,98.24561403508773,18,100.0,19,1,0.0007237999816425145,"[0, 3, 8, 9, 10, 14, 19, 23, 25, 28, 30, 31, 34, 36, 37, 45, 49, 52, 55]",12,13,False
line,13,57,73,1,98.24561403508773,18,100.0,19,1,0.0007170999888330698,"[0, 3, 8, 9, 10, 14, 19, 23, 25, 28, 30, 31, 34, 36, 37, 45, 49, 52, 55]",12,14,False
line,14,57,73,1,98.24561403508773,18,100.0,19,1,0.0007319999858736992,"[0, 3, 8, 10, 12, 14, 19, 23, 25, 28, 30, 31, 34, 36, 37, 45, 49, 52, 55]",0,14,False
line,15,57,73,1,96.49122807017544,18,100.0,20,2,0.0009475999977439642,"[0, 3, 8, 10, 11, 12, 14, 19, 23, 25, 28, 30, 31, 34, 36, 37, 45, 49, 52, 55]",0,15,False
line,16,57,73,1,96.49122807017544,18,100.0,20,2,0.0007518000202253461,"[0, 3, 8, 10, 11, 12, 14, 19, 23, 25, 28, 30, 31, 34, 36, 37, 45, 49, 52, 55]",0,16,False
line,17,57,73,1,98.24561403508773,18,100.0,19,1,0.0007244999869726598,"[0, 3, 8, 10, 12, 14, 19, 23, 25, 28, 30, 31, 34, 36, 37, 45, 49, 52, 55]",2,14,False
line,18,57,73,1,98.24561403508773,18,100.0,19,1,0.0007390999817289412,"[0, 3, 8, 10, 12, 14, 19, 23, 25, 28, 30, 31, 34, 36, 37, 45, 49, 52, 55]",4,5,False
line,19,57,73,1,98.24561403508773,18,100.0,19,1,0.0008423000108450651,"[0, 3, 8, 10, 12, 14, 19, 23, 25, 28, 30, 31, 34, 36, 37, 45, 49, 52, 55]",6,7,False
line,20,57,73,1,98.24561403508773,18,100.0,19,1,0.0016119999927468598,"[0, 3, 8, 10, 12, 14, 19, 23, 25, 28, 30, 31, 34, 36, 37, 45, 49, 52, 55]",9,11,False
line,21,57,73,1,98.24561403508773,18,100.0,19,1,0.0008002999820746481,"[0, 3, 8, 9, 10, 14, 19, 23, 25, 28, 30, 31, 34, 36, 37, 45, 49, 52, 55]",10,12,False
line,22,57,73,1,98.24561403508773,18,100.0,19,1,0.0007408999954350293,"[0, 3, 8, 9, 10, 14, 19, 23, 25, 28, 30, 31, 34, 36, 37, 45, 49, 52, 55]",11,12,False
line,23,57,73,1,98.24561403508773,18,100.0,19,1,0.0007271000067703426,"[0, 3, 8, 10, 12, 14, 19, 23, 25, 28, 30, 31, 34, 36, 37, 45, 49, 52, 55]",11,15,False
line,24,57,73,1,98.24561403508773,18,100.0,19,1,0.0009282000246457756,"[0, 3, 8, 10, 12, 14, 19, 23, 25, 28, 30, 31, 34, 36, 37, 45, 49, 52, 55]",11,16,False
line,25,57,73,1,98.24561403508773,18,100.0,19,1,0.0007254999945871532,"[0, 3, 8, 10, 12, 14, 19, 23, 25, 28, 30, 31, 34, 36, 37, 45, 49, 52, 55]",13,14,False
line,26,57,73,1,98.24561403508773,18,100.0,19,1,0.0007342000026255846,"[0, 3, 8, 10, 12, 14, 19, 23, 25, 28, 30, 31, 34, 36, 37, 45, 49, 52, 55]",17,18,False
line,27,57,73,1,96.49122807017544,18,100.0,20,2,0.0007539000362157822,"[0, 3, 8, 10, 12, 14, 17, 19, 23, 25, 28, 30, 31, 34, 36, 37, 45, 49, 52, 55]",18,19,False
line,28,57,73,1,98.24561403508773,18,100.0,19,1,0.0010240999981760979,"[0, 3, 8, 10, 12, 14, 19, 23, 25, 28, 30, 31, 34, 36, 37, 45, 49, 52, 55]",20,21,False
line,29,57,73,2,98.24561403508773,18,100.0,19,1,0.0012234000023454428,"[0, 3, 8, 10, 12, 14, 19, 23, 25, 28, 30, 31, 34, 36, 37, 45, 49, 52, 55]",21,22,False
line,30,57,73,2,96.49122807017544,18,100.0,19,1,0.0007597000221721828,"[0, 3, 8, 10, 12, 14, 19, 21, 24, 25, 28, 31, 34, 36, 37, 45, 49, 52, 55]",22,23,False
line,31,57,73,2,96.49122807017544,18,100.0,20,2,0.0009230999858118594,"[0, 3, 8, 10, 12, 14, 19, 23, 25, 26, 28, 30, 31, 34, 36, 37, 45, 49, 52, 55]",25,26,False
line,32,57,73,2,98.24561403508773,18,100.0,19,1,0.0007844999781809747,"[0, 3, 8, 10, 12, 14, 19, 23, 25, 28, 30, 31, 34, 36, 37, 45, 49, 52, 55]",26,27,False
line,33,57,73,2,96.49122807017544,18,100.0,19,1,0.001201000006403774,"[0, 3, 6, 8, 10, 12, 14, 19, 23, 26, 30, 31, 34, 36, 37, 45, 50, 52, 55]",27,28,False
line,34,57,73,2,96.49122807017544,18,100.0,19,1,0.0007536999764852226,"[0, 3, 8, 10, 12, 14, 19, 23, 25, 28, 30, 31, 34, 36, 37, 45, 49, 52, 55]",24,29,False
line,35,57,73,2,98.24561403508773,18,100.0,19,1,0.0008764999802224338,"[0, 3, 8, 10, 12, 14, 19, 23, 24, 25, 28, 31, 34, 36, 37, 45, 49, 52, 55]",29,30,False
line,36,57,73,2,96.49122807017544,18,100.0,19,1,0.0007407999946735799,"[0, 3, 8, 10, 12, 14, 19, 23, 25, 28, 29, 31, 34, 36, 37, 45, 49, 52, 55]",30,31,False
line,37,57,73,2,96.49122807017544,18,100.0,19,1,0.0007393999840132892,"[0, 3, 8, 10, 12, 14, 19, 23, 25, 28, 30, 32, 34, 36, 37, 45, 49, 52, 55]",31,32,False
line,38,57,73,2,96.49122807017544,18,100.0,20,2,0.0010821999749168754,"[0, 3, 8, 10, 12, 14, 19, 23, 25, 28, 30, 31, 33, 34, 36, 37, 45, 49, 52, 55]",33,34,False
line,39,57,73,2,98.24561403508773,18,100.0,19,1,0.0013735999818891287,"[0, 3, 8, 10, 12, 14, 19, 23, 25, 28, 30, 31, 33, 36, 37, 45, 49, 52, 55]",34,35,False
line,40,57,73,1,98.24561403508773,18,100.0,19,1,0.0024224999942816794,"[0, 3, 8, 10, 12, 14, 19, 23, 25, 28, 30, 31, 34, 36, 37, 45, 49, 52, 55]",35,36,False
line,41,57,73,1,98.24561403508773,18,100.0,18,0,0.0015579999890178442,"[0, 3, 8, 10, 12, 18, 21, 24, 25, 28, 31, 34, 36, 43, 46, 49, 52, 55]",36,37,False
line,42,57,73,1,96.49122807017544,18,100.0,19,1,0.0008767999825067818,"[0, 3, 8, 10, 12, 14, 19, 23, 25, 28, 30, 31, 34, 37, 38, 45, 49, 52, 55]",36,38,False
line,43,57,73,1,98.24561403508773,18,100.0,19,1,0.0016743000014685094,"[0, 3, 8, 10, 12, 14, 19, 23, 25, 28, 30, 31, 34, 36, 37, 45, 49, 52, 55]",35,39,False
line,44,57,73,1,96.49122807017544,18,100.0,18,0,0.0006880000000819564,"[0, 3, 8, 10, 12, 19, 22, 25, 28, 29, 31, 33, 36, 43, 46, 49, 52, 55]",21,37,False
line,45,57,73,1,98.24561403508773,18,100.0,19,1,0.0008592000231146812,"[0, 3, 8, 10, 12, 14, 19, 23, 25, 28, 30, 31, 34, 36, 37, 45, 49, 52, 55]",40,41,False
line,46,57,73,1,98.24561403508773,18,100.0,19,1,0.0008052999619394541,"[0, 3, 8, 10, 12, 14, 19, 23, 25, 28, 30, 31, 34, 36, 37, 45, 49, 52, 55]",40,42,False
line,47,57,73,1,96.49122807017544,18,100.0,18,0,0.0008028000011108816,"[0, 3, 8, 10, 12, 18, 21, 24, 25, 28, 31, 34, 36, 43, 46, 49, 52, 55]",37,43,False
line,48,57,73,1,96.49122807017544,18,100.0,20,2,0.0008070999756455421,"[0, 3, 8, 10, 12, 13, 14, 19, 23, 25, 28, 30, 31, 34, 36, 37, 46, 49, 52, 55]",45,46,False
line,49,57,73,1,98.24561403508773,18,100.0,19,1,0.000723700039088726,"[0, 3, 8, 10, 12, 14, 19, 23, 25, 28, 30, 31, 34, 36, 37, 45, 49, 52, 55]",46,47,False
line,50,57,73,1,98.24561403508773,18,100.0,19,1,0.0007734000100754201,"[0, 3, 8, 10, 12, 14, 19, 23, 25, 28, 30, 31, 34, 36, 37, 45, 49, 52, 55]",47,48,False
line,51,57,74,1,98.24561403508773,18,100.0,19,1,0.0007245000451803207,"[0, 3, 8, 10, 12, 14, 19, 23, 25, 28, 30, 31, 34, 36, 37, 45, 49, 52, 55]",48,49,False
line,52,57,73,2,96.49122807017544,18,100.0,20,2,0.0008852999890223145,"[0, 3, 8, 9, 10, 12, 14, 19, 23, 25, 28, 30, 31, 34, 36, 37, 45, 49, 52, 55]",49,50,False
line,53,57,73,1,98.24561403508773,18,100.0,19,1,0.0008290000259876251,"[0, 3, 6, 8, 10, 12, 14, 19, 23, 26, 30, 31, 34, 36, 37, 45, 50, 52, 55]",28,51,False
line,54,57,73,1,98.24561403508773,18,100.0,19,1,0.0007991999736987054,"[0, 3, 8, 10, 12, 14, 19, 23, 25, 28, 30, 31, 34, 36, 37, 45, 49, 52, 55]",51,52,False
line,55,57,73,1,96.49122807017544,18,100.0,20,2,0.001082100032363087,"[0, 3, 8, 10, 12, 14, 19, 23, 25, 28, 30, 31, 34, 36, 37, 45, 49, 51, 53, 55]",52,53,False
line,56,57,73,1,98.24561403508773,18,100.0,19,1,0.0011705000069923699,"[0, 3, 8, 10, 12, 14, 19, 23, 25, 28, 30, 31, 34, 36, 37, 45, 49, 52, 55]",53,54,False
line,57,57,73,1,98.24561403508773,18,100.0,19,1,0.0007275000098161399,"[0, 3, 8, 10, 12, 14, 19, 23, 25, 28, 30, 31, 34, 36, 37, 45, 49, 52, 55]",43,44,False
line,58,57,73,1,98.24561403508773,18,100.0,19,1,0.0007303999736905098,"[0, 3, 8, 10, 12, 14, 19, 23, 25, 28, 30, 31, 34, 36, 37, 45, 49, 52, 55]",55,40,False
line,59,57,73,1,96.49122807017544,18,100.0,19,1,0.0007162999827414751,"[0, 3, 8, 12, 14, 19, 23, 25, 28, 30, 31, 34, 35, 37, 38, 40, 45, 49, 52]",55,41,False
line,60,57,73,1,96.49122807017544,18,100.0,19,1,0.0008795000030659139,"[0, 3, 8, 12, 14, 19, 23, 25, 28, 30, 31, 34, 35, 37, 38, 40, 45, 49, 52]",56,55,False
line,61,57,73,1,96.49122807017544,18,100.0,19,1,0.0008147999760694802,"[0, 3, 8, 10, 12, 14, 19, 23, 25, 28, 30, 31, 34, 36, 37, 45, 49, 52, 55]",37,48,False
line,62,57,73,1,96.49122807017544,18,100.0,18,0,0.0011882999679073691,"[0, 3, 8, 10, 12, 18, 21, 24, 25, 28, 31, 34, 36, 43, 46, 49, 52, 55]",37,47,False
trafo,0,57,74,1,98.24561403508773,18,100.0,19,1,0.000790799967944622,"[0, 3, 8, 10, 12, 14, 19, 23, 25, 28, 30, 31, 34, 36, 37, 45, 49, 52, 55]",17,3,False
trafo,1,57,74,1,98.24561403508773,18,100.0,19,1,0.0009280000231228769,"[0, 3, 8, 10, 12, 14, 19, 23, 25, 28, 30, 31, 34, 36, 37, 45, 49, 52, 55]",17,3,False
trafo,2,57,73,1,96.49122807017544,18,100.0,20,2,0.0008226000354625285,"[0, 3, 8, 10, 12, 14, 18, 20, 23, 25, 28, 30, 31, 34, 36, 37, 45, 49, 52, 55]",19,20,False
trafo,3,57,74,1,98.24561403508773,18,100.0,19,1,0.0007227999740280211,"[0, 3, 8, 10, 12, 14, 19, 23, 25, 28, 30, 31, 34, 36, 37, 45, 49, 52, 55]",24,23,False
trafo,4,57,74,1,98.24561403508773,18,100.0,19,1,0.001254800008609891,"[0, 3, 8, 10, 12, 14, 19, 23, 25, 28, 30, 31, 34, 36, 37, 45, 49, 52, 55]",24,23,False
trafo,5,57,74,1,98.24561403508773,18,100.0,19,1,0.0008384999819099903,"[0, 3, 8, 10, 12, 14, 19, 23, 25, 28, 30, 31, 34, 36, 37, 45, 49, 52, 55]",25,23,False
trafo,6,57,73,1,96.49122807017544,18,100.0,20,2,0.001128799980506301,"[0, 3, 5, 8, 10, 12, 14, 19, 23, 26, 30, 31, 34, 36, 37, 45, 49, 51, 52, 55]",28,6,False
trafo,7,57,74,1,98.24561403508773,18,100.0,19,1,0.000972400011960417,"[0, 3, 8, 10, 12, 14, 19, 23, 25, 28, 30, 31, 34, 36, 37, 45, 49, 52, 55]",31,33,False
trafo,8,57,73,1,98.24561403508773,18,100.0,19,1,0.0008133999654091895,"[0, 3, 8, 10, 12, 14, 19, 23, 25, 28, 30, 31, 34, 36, 37, 45, 49, 52, 55]",40,10,False
trafo,9,57,73,1,96.49122807017544,18,100.0,19,1,0.0007729000062681735,"[0, 3, 8, 10, 12, 19, 23, 25, 28, 30, 31, 34, 36, 37, 43, 45, 49, 52, 55]",44,14,False
trafo,10,57,73,1,98.24561403508773,18,100.0,19,1,0.0018573999986983836,"[0, 3, 8, 10, 12, 14, 19, 23, 25, 28, 30, 31, 34, 36, 37, 45, 49, 52, 55]",45,13,False
trafo,11,57,73,2,98.24561403508773,18,100.0,19,1,0.0007464999798685312,"[0, 3, 8, 10, 12, 14, 19, 23, 25, 28, 30, 31, 34, 36, 37, 45, 49, 52, 55]",50,9,False
trafo,12,57,73,1,98.24561403508773,18,100.0,19,1,0.0008019999950192869,"[0, 3, 8, 9, 10, 14, 19, 23, 25, 28, 30, 31, 34, 36, 37, 45, 49, 52, 55]",48,12,False
trafo,13,57,73,1,96.49122807017544,18,100.0,19,1,0.0007173999911174178,"[0, 3, 8, 12, 14, 19, 23, 25, 28, 30, 31, 34, 36, 37, 40, 45, 49, 52, 55]",42,10,False
trafo,14,57,73,1,96.49122807017544,18,100.0,19,1,0.0007259999983943999,"[0, 3, 8, 12, 14, 19, 23, 25, 28, 30, 31, 34, 35, 37, 38, 40, 45, 49, 52]",55,39,False
trafo,15,57,73,1,98.24561403508773,18,100.0,19,1,0.0007693000370636582,"[0, 3, 8, 10, 12, 14, 19, 23, 25, 28, 30, 31, 34, 36, 37, 45, 49, 52, 55]",56,38,False
trafo,16,57,73,1,96.49122807017544,18,100.0,19,1,0.0007643999997526407,"[0, 3, 5, 10, 12, 14, 19, 23, 25, 28, 30, 31, 34, 36, 37, 45, 50, 53, 55]",54,8,False
line,0,57,73,1,94.73684210526316,18,100.0,20,2,0.0007811000104993582,"[0, 1, 3, 8, 10, 11, 19, 23, 24, 25, 28, 31, 34, 36, 37, 43, 45, 49, 52, 55]",0,1,False
line,1,57,73,1,96.49122807017544,18,100.0,19,1,0.0007356999558396637,"[0, 3, 8, 10, 11, 19, 23, 24, 25, 28, 31, 34, 36, 37, 43, 45, 49, 52, 55]",1,2,False
line,2,57,73,1,96.49122807017544,18,100.0,20,2,0.0013146999990567565,"[0, 1, 3, 8, 10, 11, 19, 23, 24, 25, 28, 31, 34, 36, 37, 43, 45, 49, 52, 55]",2,3,False
line,3,57,73,1,94.73684210526316,18,100.0,20,2,0.001064100011717528,"[0, 3, 4, 8, 10, 11, 19, 23, 24, 25, 28, 31, 34, 36, 37, 43, 45, 49, 52, 55]",3,4,False
line,4,57,73,1,94.73684210526316,18,100.0,20,2,0.0007534999749623239,"[0, 3, 4, 8, 10, 11, 19, 23, 24, 25, 28, 31, 34, 36, 37, 43, 45, 49, 52, 55]",3,5,False
line,5,57,73,1,96.49122807017544,18,100.0,19,1,0.0007453999714925885,"[0, 3, 8, 10, 11, 19, 23, 24, 25, 28, 31, 34, 36, 37, 43, 45, 49, 52, 55]",5,6,False
line,6,57,73,1,96.49122807017544,18,100.0,19,1,0.0007446999661624432,"[0, 3, 8, 10, 11, 19, 23, 24, 25, 28, 31, 34, 36, 37, 43, 45, 49, 52, 55]",5,7,False
line,7,57,73,1,94.73684210526316,18,100.0,20,2,0.000880699953995645,"[0, 3, 5, 8, 10, 11, 19, 23, 24, 25, 28, 31, 34, 36, 37, 43, 45, 49, 52, 55]",7,8,False
line,8,57,73,1,94.73684210526316,18,100.0,19,1,0.00074230000609532,"[0, 3, 8, 10, 11, 19, 23, 24, 25, 28, 31, 34, 36, 37, 43, 45, 49, 52, 55]",8,9,False
line,9,57,73,1,96.49122807017544,18,100.0,18,0,0.000714800029527396,"[0, 3, 8, 11, 19, 23, 24, 25, 28, 31, 35, 37, 38, 40, 43, 45, 49, 52]",8,10,False
line,10,57,73,1,94.73684210526316,18,100.0,19,1,0.0007442000205628574,"[0, 3, 8, 10, 11, 19, 23, 24, 25, 28, 31, 34, 36, 37, 43, 45, 49, 52, 55]",8,11,False
line,11,57,73,1,96.49122807017544,18,100.0,19,1,0.00103270000545308,"[0, 3, 8, 10, 11, 19, 23, 24, 25, 28, 31, 34, 36, 37, 43, 45, 49, 52, 55]",8,12,False
line,12,57,74,1,96.49122807017544,18,100.0,19,1,0.0007192000048235059,"[0, 3, 8, 10, 11, 19, 23, 24, 25, 28, 31, 34, 36, 37, 43, 45, 49, 52, 55]",12,13,False
line,13,57,73,1,96.49122807017544,18,100.0,19,1,0.0010716000106185675,"[0, 3, 8, 10, 11, 19, 23, 24, 25, 28, 31, 34, 36, 37, 43, 45, 49, 52, 55]",12,14,False
line,14,57,73,1,96.49122807017544,18,100.0,20,2,0.0007557999924756587,"[0, 3, 8, 10, 11, 13, 19, 23, 24, 25, 28, 31, 34, 36, 37, 43, 45, 49, 52, 55]",0,14,False
line,15,57,74,1,96.49122807017544,18,100.0,19,1,0.0009701999952085316,"[0, 3, 8, 10, 11, 19, 23, 24, 25, 28, 31, 34, 36, 37, 43, 45, 49, 52, 55]",0,15,False
line,16,57,73,1,94.73684210526316,18,100.0,19,1,0.0007265000022016466,"[0, 3, 8, 10, 11, 19, 23, 24, 25, 28, 31, 34, 36, 37, 43, 45, 49, 52, 55]",0,16,False
line,17,57,73,1,96.49122807017544,18,100.0,19,1,0.0007180999964475632,"[0, 3, 8, 10, 11, 19, 23, 24, 25, 28, 31, 34, 36, 37, 43, 45, 49, 52, 55]",2,14,False
line,18,57,73,1,96.49122807017544,18,100.0,19,1,0.0010311999940313399,"[0, 3, 8, 10, 11, 19, 23, 24, 25, 28, 31, 34, 36, 37, 43, 45, 49, 52, 55]",4,5,False
line,19,57,73,1,96.49122807017544,18,100.0,19,1,0.001241799967829138,"[0, 3, 8, 10, 11, 19, 23, 24, 25, 28, 31, 34, 36, 37, 43, 45, 49, 52, 55]",6,7,False
line,20,57,73,1,96.49122807017544,18,100.0,19,1,0.000750300008803606,"[0, 3, 8, 10, 11, 19, 23, 24, 25, 28, 31, 34, 36, 37, 43, 45, 49, 52, 55]",9,11,False
line,21,57,73,1,96.49122807017544,18,100.0,19,1,0.00072900002123788,"[0, 3, 8, 10, 11, 19, 23, 24, 25, 28, 31, 34, 36, 37, 43, 45, 49, 52, 55]",10,12,False
line,22,57,73,1,96.49122807017544,18,100.0,19,1,0.0007960000075399876,"[0, 3, 8, 10, 11, 19, 23, 24, 25, 28, 31, 34, 36, 37, 43, 45, 49, 52, 55]",11,12,False
line,23,57,73,2,96.49122807017544,18,100.0,19,1,0.001274299982469529,"[0, 3, 8, 10, 15, 19, 23, 24, 25, 28, 31, 34, 36, 37, 43, 45, 49, 52, 55]",11,15,False
line,24,57,73,1,96.49122807017544,18,100.0,19,1,0.0014909000019542873,"[0, 3, 8, 10, 11, 19, 23, 24, 25, 28, 31, 34, 36, 37, 43, 45, 49, 52, 55]",11,16,False
line,25,57,73,1,96.49122807017544,18,100.0,19,1,0.0007588000153191388,"[0, 3, 8, 10, 11, 19, 23, 24, 25, 28, 31, 34, 36, 37, 43, 45, 49, 52, 55]",13,14,False
line,26,57,73,1,96.49122807017544,18,100.0,19,1,0.0007556999917142093,"[0, 3, 8, 10, 11, 19, 23, 24, 25, 28, 31, 34, 36, 37, 43, 45, 49, 52, 55]",17,18,False
line,27,57,73,1,94.73684210526316,18,100.0,20,2,0.0007767999777570367,"[0, 3, 8, 10, 11, 17, 19, 23, 24, 25, 28, 31, 34, 36, 37, 43, 45, 49, 52, 55]",18,19,False
line,28,57,73,1,96.49122807017544,18,100.0,19,1,0.0007231999770738184,"[0, 3, 8, 10, 11, 19, 23, 24, 25, 28, 31, 34, 36, 37, 43, 45, 49, 52, 55]",20,21,False
line,29,57,73,1,96.49122807017544,18,100.0,19,1,0.0007454000297002494,"[0, 3, 8, 10, 11, 19, 23, 24, 25, 28, 31, 34, 36, 37, 43, 45, 49, 52, 55]",21,22,False
line,30,57,73,1,94.73684210526316,18,100.0,20,2,0.0007569000008516014,"[0, 3, 8, 10, 11, 19, 21, 23, 24, 25, 28, 31, 34, 36, 37, 43, 45, 49, 52, 55]",22,23,False
line,31,57,73,1,94.73684210526316,18,100.0,19,1,0.0010400000028312206,"[0, 3, 8, 10, 11, 19, 23, 24, 26, 28, 31, 34, 36, 37, 43, 45, 49, 52, 55]",25,26,False
line,32,57,73,1,96.49122807017544,18,100.0,19,1,0.0006845000316388905,"[0, 3, 8, 10, 11, 19, 23, 24, 25, 28, 31, 34, 36, 37, 43, 45, 49, 52, 55]",26,27,False
line,33,57,73,1,94.73684210526316,18,100.0,19,1,0.0007220000261440873,"[0, 3, 8, 10, 11, 19, 23, 24, 26, 28, 31, 34, 36, 37, 43, 45, 49, 52, 55]",27,28,False
line,34,57,73,1,94.73684210526316,18,100.0,19,1,0.0006920999730937183,"[0, 3, 8, 10, 11, 19, 23, 25, 28, 29, 31, 34, 36, 37, 43, 45, 49, 52, 55]",24,29,False
line,35,57,73,1,96.49122807017544,18,100.0,19,1,0.001318100024946034,"[0, 3, 8, 10, 11, 19, 23, 24, 25, 28, 31, 34, 36, 37, 43, 45, 49, 52, 55]",29,30,False
line,36,57,73,1,94.73684210526316,18,100.0,19,1,0.0007233000360429287,"[0, 3, 8, 10, 11, 19, 23, 25, 28, 29, 31, 34, 36, 37, 43, 45, 49, 52, 55]",30,31,False
line,37,57,73,2,94.73684210526316,18,100.0,19,1,0.0007456999737769365,"[0, 3, 8, 10, 11, 19, 23, 25, 28, 30, 32, 34, 36, 37, 43, 45, 49, 52, 55]",31,32,False
line,38,57,73,1,96.49122807017544,18,100.0,19,1,0.0007250999915413558,"[0, 3, 8, 10, 11, 19, 23, 24, 25, 28, 31, 34, 36, 37, 43, 45, 49, 52, 55]",33,34,False
line,39,57,73,1,96.49122807017544,18,100.0,19,1,0.000727799953892827,"[0, 3, 8, 10, 11, 19, 23, 24, 25, 28, 31, 33, 36, 37, 43, 45, 49, 52, 55]",34,35,False
line,40,57,73,1,96.49122807017544,18,100.0,19,1,0.0007579000084660947,"[0, 3, 8, 10, 11, 19, 23, 24, 25, 28, 31, 34, 36, 37, 43, 45, 49, 52, 55]",35,36,False
line,41,57,73,1,96.49122807017544,18,100.0,19,1,0.000812700018286705,"[0, 3, 8, 10, 11, 19, 23, 24, 25, 28, 31, 35, 36, 37, 43, 45, 49, 52, 55]",36,37,False
line,42,57,73,1,94.73684210526316,18,100.0,19,1,0.0007245999877341092,"[0, 3, 8, 10, 11, 19, 23, 24, 25, 28, 31, 34, 37, 38, 43, 45, 49, 52, 55]",36,38,False
line,43,57,73,1,96.49122807017544,18,100.0,19,1,0.0007673999643884599,"[0, 3, 8, 10, 11, 19, 23, 24, 25, 28, 31, 34, 36, 37, 43, 45, 49, 52, 55]",35,39,False
line,44,57,73,1,94.73684210526316,18,100.0,20,2,0.00135859998408705,"[0, 3, 8, 10, 11, 19, 20, 23, 24, 25, 28, 31, 34, 36, 37, 43, 45, 49, 52, 55]",21,37,False
line,45,57,73,1,96.49122807017544,18,100.0,19,1,0.0007622000412084162,"[0, 3, 8, 10, 11, 19, 23, 24, 25, 28, 31, 34, 36, 37, 43, 45, 49, 52, 55]",40,41,False
line,46,57,73,1,96.49122807017544,18,100.0,19,1,0.0007259999983943999,"[0, 3, 8, 10, 11, 19, 23, 24, 25, 28, 31, 34, 36, 37, 43, 45, 49, 52, 55]",40,42,False
line,47,57,73,2,94.73684210526316,18,100.0,19,1,0.0008493000059388578,"[0, 3, 8, 10, 11, 19, 23, 24, 25, 28, 31, 34, 36, 37, 43, 45, 49, 52, 55]",37,43,False
line,48,57,73,1,94.73684210526316,18,100.0,20,2,0.001206899993121624,"[0, 3, 8, 10, 11, 13, 19, 23, 24, 25, 28, 31, 34, 36, 37, 43, 46, 49, 52, 55]",45,46,False
line,49,57,73,1,96.49122807017544,18,100.0,19,1,0.0007300999714061618,"[0, 3, 8, 10, 11, 19, 23, 24, 25, 28, 31, 34, 36, 37, 43, 45, 49, 52, 55]",46,47,False
line,50,57,73,1,96.49122807017544,18,100.0,19,1,0.0007211000192910433,"[0, 3, 8, 10, 11, 19, 23, 24, 25, 28, 31, 34, 36, 37, 43, 45, 49, 52, 55]",47,48,False
line,51,57,73,2,96.49122807017544,18,100.0,19,1,0.0007587000145576894,"[0, 3, 8, 10, 11, 19, 23, 24, 25, 28, 31, 34, 36, 37, 43, 45, 49, 52, 55]",48,49,False
line,52,57,73,2,94.73684210526316,18,100.0,20,2,0.0016689000185579062,"[0, 3, 8, 10, 11, 19, 23, 24, 25, 28, 31, 34, 36, 37, 43, 45, 48, 50, 52, 55]",49,50,False
line,53,57,73,1,96.49122807017544,18,100.0,19,1,0.0007581000099889934,"[0, 3, 5, 8, 10, 11, 19, 23, 24, 27, 31, 34, 36, 37, 43, 45, 49, 52, 55]",28,51,False
line,54,57,73,1,96.49122807017544,18,100.0,19,1,0.0007589999586343765,"[0, 3, 8, 10, 11, 19, 23, 24, 25, 28, 31, 34, 36, 37, 43, 45, 49, 52, 55]",51,52,False
line,55,57,73,1,94.73684210526316,18,100.0,20,2,0.0009290999732911587,"[0, 3, 8, 10, 11, 19, 23, 24, 25, 28, 31, 34, 36, 37, 43, 45, 49, 51, 53, 55]",52,53,False
line,56,57,73,1,96.49122807017544,18,100.0,19,1,0.0007486999966204166,"[0, 3, 8, 10, 11, 19, 23, 24, 25, 28, 31, 34, 36, 37, 43, 45, 49, 52, 55]",53,54,False
line,57,57,73,2,96.49122807017544,18,100.0,19,1,0.0008014999912120402,"[0, 3, 8, 10, 11, 19, 23, 24, 25, 28, 31, 34, 36, 37, 44, 45, 49, 52, 55]",43,44,False
line,58,57,73,1,96.49122807017544,18,100.0,19,1,0.0007292999653145671,"[0, 3, 8, 10, 11, 19, 23, 24, 25, 28, 31, 34, 36, 37, 43, 45, 49, 52, 55]",55,40,False
line,59,57,73,1,94.73684210526316,18,100.0,18,0,0.0007912000291980803,"[0, 3, 8, 11, 19, 23, 24, 25, 28, 31, 35, 37, 38, 40, 43, 45, 49, 52]",55,41,False
line,60,57,73,1,94.73684210526316,18,100.0,18,0,0.0013968999846838415,"[0, 3, 8, 11, 19, 23, 24, 25, 28, 31, 35, 37, 38, 40, 43, 45, 49, 52]",56,55,False
line,61,57,73,1,96.49122807017544,18,100.0,19,1,0.0009855999960564077,"[0, 3, 8, 10, 11, 19, 23, 24, 25, 28, 31, 34, 36, 37, 43, 45, 49, 52, 55]",37,48,False
line,62,57,73,1,94.73684210526316,18,100.0,20,2,0.0012032000231556594,"[0, 3, 8, 10, 11, 19, 23, 24, 25, 28, 31, 34, 36, 37, 43, 45, 48, 49, 52, 55]",37,47,False
trafo,0,57,74,1,96.49122807017544,18,100.0,19,1,0.0008143000304698944,"[0, 3, 8, 10, 11, 19, 23, 24, 25, 28, 31, 34, 36, 37, 43, 45, 49, 52, 55]",17,3,False
trafo,1,57,74,1,96.49122807017544,18,100.0,19,1,0.0007528000278398395,"[0, 3, 8, 10, 11, 19, 23, 24, 25, 28, 31, 34, 36, 37, 43, 45, 49, 52, 55]",17,3,False
trafo,2,57,73,1,94.73684210526316,18,100.0,20,2,0.001236499985679984,"[0, 3, 8, 10, 11, 18, 20, 23, 24, 25, 28, 31, 34, 36, 37, 43, 45, 49, 52, 55]",19,20,False
trafo,3,57,74,1,96.49122807017544,18,100.0,19,1,0.0011746999807655811,"[0, 3, 8, 10, 11, 19, 23, 24, 25, 28, 31, 34, 36, 37, 43, 45, 49, 52, 55]",24,23,False
trafo,4,57,74,1,96.49122807017544,18,100.0,19,1,0.0007291000219993293,"[0, 3, 8, 10, 11, 19, 23, 24, 25, 28, 31, 34, 36, 37, 43, 45, 49, 52, 55]",24,23,False
trafo,5,57,73,1,96.49122807017544,18,100.0,19,1,0.0007256999961100519,"[0, 3, 8, 10, 11, 19, 23, 24, 25, 28, 31, 34, 36, 37, 43, 45, 49, 52, 55]",25,23,False
trafo,6,57,73,1,94.73684210526316,18,100.0,19,1,0.0014702000189572573,"[0, 3, 5, 8, 10, 11, 19, 23, 24, 27, 31, 34, 36, 37, 43, 45, 49, 52, 55]",28,6,False
trafo,7,57,73,1,96.49122807017544,18,100.0,19,1,0.0008835000335238874,"[0, 3, 8, 10, 11, 19, 23, 25, 28, 30, 31, 34, 36, 37, 43, 45, 49, 52, 55]",31,33,False
trafo,8,57,73,1,96.49122807017544,18,100.0,19,1,0.0007553999894298613,"[0, 3, 8, 10, 11, 19, 23, 24, 25, 28, 31, 34, 36, 37, 43, 45, 49, 52, 55]",40,10,False
trafo,9,57,74,1,96.49122807017544,18,100.0,19,1,0.0007236999808810651,"[0, 3, 8, 10, 11, 19, 23, 24, 25, 28, 31, 34, 36, 37, 43, 45, 49, 52, 55]",44,14,False
trafo,10,57,73,1,96.49122807017544,18,100.0,20,2,0.0008158999844454229,"[0, 3, 8, 10, 11, 13, 19, 23, 24, 25, 28, 31, 34, 36, 37, 43, 45, 49, 52, 55]",45,13,False
trafo,11,57,74,1,96.49122807017544,18,100.0,19,1,0.0007927000406198204,"[0, 3, 8, 10, 11, 19, 23, 24, 25, 28, 31, 34, 36, 37, 43, 45, 49, 52, 55]",50,9,False
trafo,12,57,73,1,96.49122807017544,18,100.0,19,1,0.0007179999956861138,"[0, 3, 8, 10, 11, 19, 23, 24, 25, 28, 31, 34, 36, 37, 43, 45, 49, 52, 55]",48,12,False
trafo,13,57,73,1,94.73684210526316,18,100.0,19,1,0.0007235000375658274,"[0, 3, 8, 11, 19, 23, 24, 25, 28, 31, 34, 36, 37, 40, 43, 45, 49, 52, 55]",42,10,False
trafo,14,57,73,1,94.73684210526316,18,100.0,18,0,0.0010405000066384673,"[0, 3, 8, 11, 19, 23, 24, 25, 28, 31, 35, 37, 38, 40, 43, 45, 49, 52]",55,39,False
trafo,15,57,73,1,96.49122807017544,18,100.0,19,1,0.0007575999479740858,"[0, 3, 8, 10, 11, 19, 23, 24, 25, 28, 31, 34, 36, 37, 43, 45, 49, 52, 55]",56,38,False
trafo,16,57,73,1,94.73684210526316,18,100.0,19,1,0.0008753000292927027,"[0, 3, 8, 10, 11, 19, 23, 24, 25, 28, 31, 34, 36, 37, 43, 45, 49, 53, 55]",54,8,False
line,0,57,71,1,92.98245614035088,18,100.0,19,1,0.0007209000177681446,"[0, 1, 5, 8, 14, 18, 19, 23, 24, 27, 31, 35, 37, 38, 40, 45, 49, 51, 53]",0,1,False
line,1,57,71,1,94.73684210526316,18,100.0,19,1,0.0007321000448428094,"[0, 3, 4, 8, 14, 19, 23, 24, 25, 28, 31, 35, 37, 38, 40, 45, 49, 51, 53]",1,2,False
line,2,57,71,1,94.73684210526316,18,100.0,18,0,0.0009562999475747347,"[0, 5, 8, 14, 18, 19, 23, 24, 27, 31, 35, 37, 38, 40, 45, 49, 51, 53]",2,3,False
line,3,57,72,1,94.73684210526316,18,100.0,19,1,0.0007631999906152487,"[0, 3, 4, 8, 14, 19, 23, 24, 25, 28, 31, 35, 37, 38, 40, 45, 49, 51, 53]",3,4,False
line,4,57,71,1,92.98245614035088,18,100.0,19,1,0.0007591999601572752,"[0, 3, 4, 8, 14, 19, 23, 24, 25, 28, 31, 35, 37, 38, 40, 45, 49, 51, 53]",3,5,False
line,5,57,71,1,94.73684210526316,18,100.0,19,1,0.0008297999738715589,"[0, 3, 4, 8, 14, 19, 23, 24, 25, 28, 31, 35, 37, 38, 40, 45, 49, 51, 53]",5,6,False
line,6,57,71,1,94.73684210526316,18,100.0,19,1,0.0007461999775841832,"[0, 3, 4, 8, 14, 19, 23, 24, 25, 28, 31, 35, 37, 38, 40, 45, 49, 51, 53]",5,7,False
line,7,57,71,1,92.98245614035088,18,100.0,19,1,0.000819800014141947,"[0, 5, 8, 12, 14, 18, 19, 23, 24, 27, 31, 35, 37, 38, 40, 45, 49, 51, 53]",7,8,False
line,8,57,71,1,92.98245614035088,18,100.0,19,1,0.0010337000130675733,"[0, 5, 9, 12, 14, 18, 19, 23, 24, 27, 31, 35, 37, 38, 40, 45, 49, 51, 53]",8,9,False
line,9,57,71,1,94.73684210526316,18,100.0,19,1,0.001007300044875592,"[0, 5, 8, 12, 14, 18, 19, 23, 24, 27, 31, 35, 37, 38, 40, 45, 49, 51, 53]",8,10,False
line,10,57,71,1,92.98245614035088,18,100.0,19,1,0.0007455999730154872,"[0, 5, 8, 12, 14, 18, 19, 23, 24, 27, 31, 35, 37, 38, 40, 45, 49, 51, 53]",8,11,False
line,11,57,71,1,94.73684210526316,18,100.0,18,0,0.0007891000132076442,"[0, 5, 8, 14, 18, 19, 23, 24, 27, 31, 35, 37, 38, 40, 45, 49, 51, 53]",8,12,False
line,12,57,71,1,94.73684210526316,18,100.0,19,1,0.001204799977131188,"[0, 3, 4, 8, 14, 19, 23, 24, 25, 28, 31, 35, 37, 38, 40, 45, 49, 51, 53]",12,13,False
line,13,57,71,1,94.73684210526316,18,100.0,19,1,0.001032100000884384,"[0, 3, 4, 8, 14, 19, 23, 24, 25, 28, 31, 35, 37, 38, 40, 45, 49, 51, 53]",12,14,False
line,14,57,71,1,94.73684210526316,18,100.0,19,1,0.0008548999903723598,"[0, 3, 4, 8, 14, 19, 23, 24, 25, 28, 31, 35, 37, 38, 40, 45, 49, 51, 53]",0,14,False
line,15,57,71,2,92.98245614035088,18,100.0,19,1,0.0007159999804571271,"[0, 5, 8, 14, 15, 18, 19, 23, 24, 27, 31, 35, 37, 38, 40, 45, 49, 51, 53]",0,15,False
line,16,57,71,1,92.98245614035088,18,100.0,19,1,0.0007510999566875398,"[0, 5, 8, 11, 14, 18, 19, 23, 24, 27, 31, 35, 37, 38, 40, 45, 49, 51, 53]",0,16,False
line,17,57,71,1,94.73684210526316,18,100.0,19,1,0.0007961000083014369,"[0, 3, 4, 8, 14, 19, 23, 24, 25, 28, 31, 35, 37, 38, 40, 45, 49, 51, 53]",2,14,False
line,18,57,71,2,94.73684210526316,18,100.0,19,1,0.0007463999791070819,"[0, 3, 4, 8, 14, 19, 23, 24, 25, 28, 31, 35, 37, 38, 40, 45, 49, 51, 53]",4,5,False
line,19,57,71,1,94.73684210526316,18,100.0,19,1,0.0007206000154837966,"[0, 3, 4, 8, 14, 19, 23, 24, 25, 28, 31, 35, 37, 38, 40, 45, 49, 51, 53]",6,7,False
line,20,57,71,1,94.73684210526316,18,100.0,19,1,0.0008027000003494322,"[0, 3, 4, 8, 14, 19, 23, 24, 25, 28, 31, 35, 37, 38, 40, 45, 49, 51, 53]",9,11,False
line,21,57,71,1,94.73684210526316,18,100.0,19,1,0.0007224999717436731,"[0, 3, 4, 8, 14, 19, 23, 24, 25, 28, 31, 35, 37, 38, 40, 45, 49, 51, 53]",10,12,False
line,22,57,71,1,94.73684210526316,18,100.0,19,1,0.0007242000428959727,"[0, 3, 4, 8, 14, 19, 23, 24, 25, 28, 31, 35, 37, 38, 40, 45, 49, 51, 53]",11,12,False
line,23,57,72,1,94.73684210526316,18,100.0,19,1,0.0015598000027239323,"[0, 3, 4, 8, 14, 19, 23, 24, 25, 28, 31, 35, 37, 38, 40, 45, 49, 51, 53]",11,15,False
line,24,57,71,1,94.73684210526316,18,100.0,19,1,0.001303600030951202,"[0, 3, 4, 8, 14, 19, 23, 24, 25, 28, 31, 35, 37, 38, 40, 45, 49, 51, 53]",11,16,False
line,25,57,71,1,92.98245614035088,18,100.0,20,2,0.0007426999509334564,"[0, 3, 4, 8, 12, 14, 19, 23, 24, 25, 28, 31, 35, 37, 38, 40, 45, 49, 51, 53]",13,14,False
line,26,57,71,1,94.73684210526316,18,100.0,19,1,0.0007557999924756587,"[0, 3, 4, 8, 14, 19, 23, 24, 25, 28, 31, 35, 37, 38, 40, 45, 49, 51, 53]",17,18,False
line,27,57,71,1,92.98245614035088,18,100.0,20,2,0.0007505000103265047,"[0, 3, 4, 8, 14, 17, 19, 23, 24, 25, 28, 31, 35, 37, 38, 40, 45, 49, 51, 53]",18,19,False
line,28,57,71,1,94.73684210526316,18,100.0,19,1,0.0007449999684467912,"[0, 3, 4, 8, 14, 19, 23, 24, 25, 28, 31, 35, 37, 38, 40, 45, 49, 51, 53]",20,21,False
line,29,57,71,1,94.73684210526316,18,100.0,19,1,0.0007173999911174178,"[0, 3, 4, 8, 14, 19, 23, 24, 25, 28, 31, 35, 37, 38, 40, 45, 49, 51, 53]",21,22,False
line,30,57,71,1,92.98245614035088,18,100.0,20,2,0.0011495000217109919,"[0, 3, 4, 8, 14, 19, 21, 23, 24, 25, 28, 31, 35, 37, 38, 40, 45, 49, 51, 53]",22,23,False
line,31,57,71,1,92.98245614035088,18,100.0,19,1,0.0007528999703936279,"[0, 3, 4, 8, 14, 19, 23, 24, 26, 28, 31, 35, 37, 38, 40, 45, 49, 51, 53]",25,26,False
line,32,57,71,1,94.73684210526316,18,100.0,19,1,0.0007776000420562923,"[0, 3, 4, 8, 14, 19, 23, 24, 25, 28, 31, 35, 37, 38, 40, 45, 49, 51, 53]",26,27,False
line,33,57,71,1,92.98245614035088,18,100.0,19,1,0.0008151999791152775,"[0, 3, 4, 8, 14, 19, 23, 24, 26, 28, 31, 35, 37, 38, 40, 45, 49, 51, 53]",27,28,False
line,34,57,71,1,92.98245614035088,18,100.0,19,1,0.0007839000318199396,"[0, 3, 4, 8, 14, 19, 23, 25, 28, 29, 31, 35, 37, 38, 40, 45, 49, 51, 53]",24,29,False
line,35,57,71,1,94.73684210526316,18,100.0,19,1,0.0010424000211060047,"[0, 3, 4, 8, 14, 19, 23, 24, 25, 28, 31, 35, 37, 38, 40, 45, 49, 51, 53]",29,30,False
line,36,57,71,1,92.98245614035088,18,100.0,19,1,0.0027028999757021666,"[0, 3, 4, 8, 14, 19, 23, 25, 28, 29, 31, 35, 37, 38, 40, 45, 49, 51, 53]",30,31,False
line,37,57,71,2,92.98245614035088,18,100.0,20,2,0.0009342000121250749,"[0, 3, 4, 8, 14, 19, 23, 25, 28, 30, 32, 34, 35, 37, 38, 40, 45, 49, 51, 53]",31,32,False
line,38,57,71,1,94.73684210526316,18,100.0,19,1,0.0025124999810941517,"[0, 3, 4, 8, 14, 19, 23, 24, 25, 28, 31, 35, 37, 38, 40, 45, 49, 51, 53]",33,34,False
line,39,57,71,1,94.73684210526316,18,100.0,20,2,0.0008924999856390059,"[0, 3, 4, 8, 14, 19, 23, 24, 25, 28, 31, 33, 35, 37, 38, 40, 45, 49, 51, 53]",34,35,False
line,40,57,71,1,94.73684210526316,18,100.0,19,1,0.0007878000033088028,"[0, 3, 4, 8, 14, 19, 23, 24, 25, 28, 31, 35, 37, 38, 40, 45, 49, 51, 53]",35,36,False
line,41,57,71,1,94.73684210526316,18,100.0,19,1,0.0008834999753162265,"[0, 3, 4, 8, 14, 19, 23, 24, 25, 28, 31, 35, 37, 38, 40, 45, 49, 51, 53]",36,37,False
line,42,57,71,1,92.98245614035088,18,100.0,19,1,0.0009426000178791583,"[0, 3, 4, 8, 14, 19, 23, 24, 25, 28, 31, 35, 37, 38, 40, 45, 49, 51, 53]",36,38,False
line,43,57,71,2,94.73684210526316,18,100.0,20,2,0.0013182999682612717,"[0, 3, 4, 8, 14, 19, 23, 24, 25, 28, 31, 34, 37, 38, 39, 40, 45, 49, 51, 53]",35,39,False
line,44,57,71,1,92.98245614035088,18,100.0,20,2,0.0008558999979868531,"[0, 3, 4, 8, 14, 19, 20, 23, 24, 25, 28, 31, 35, 37, 38, 40, 45, 49, 51, 53]",21,37,False
line,45,57,71,1,94.73684210526316,18,100.0,20,2,0.0009824000298976898,"[0, 3, 4, 8, 10, 14, 19, 23, 24, 25, 28, 31, 35, 36, 37, 45, 49, 51, 53, 55]",40,41,False
line,46,57,71,1,94.73684210526316,18,100.0,20,2,0.0007507000118494034,"[0, 3, 4, 8, 10, 14, 19, 23, 24, 25, 28, 31, 35, 36, 37, 45, 49, 51, 53, 55]",40,42,False
line,47,57,71,1,92.98245614035088,18,100.0,20,2,0.0007470999844372272,"[0, 3, 4, 8, 14, 19, 23, 24, 25, 28, 31, 35, 37, 38, 40, 43, 45, 49, 51, 53]",37,43,False
line,48,57,71,2,92.98245614035088,18,100.0,20,2,0.0007512000156566501,"[0, 3, 4, 8, 14, 19, 23, 24, 25, 28, 31, 35, 37, 38, 40, 45, 46, 49, 51, 53]",45,46,False
line,49,57,71,2,94.73684210526316,18,100.0,19,1,0.000833700003568083,"[0, 3, 4, 8, 14, 19, 23, 24, 25, 28, 31, 35, 37, 38, 40, 45, 49, 51, 53]",46,47,False
line,50,57,71,1,94.73684210526316,18,100.0,19,1,0.0009389999904669821,"[0, 3, 4, 8, 14, 19, 23, 24, 25, 28, 31, 35, 37, 38, 40, 45, 49, 51, 53]",47,48,False
line,51,57,71,2,94.73684210526316,18,100.0,19,1,0.0009322999976575375,"[0, 3, 4, 8, 14, 19, 23, 24, 25, 28, 31, 35, 37, 38, 40, 45, 49, 51, 53]",48,49,False
line,52,57,71,2,92.98245614035088,18,100.0,20,2,0.001857800001744181,"[0, 3, 4, 8, 14, 19, 23, 24, 25, 28, 31, 35, 37, 38, 40, 45, 48, 50, 51, 53]",49,50,False
line,53,57,71,2,94.73684210526316,18,100.0,18,0,0.000693199981469661,"[0, 3, 5, 8, 14, 19, 23, 24, 27, 31, 35, 37, 38, 40, 45, 49, 51, 53]",28,51,False
line,54,57,71,2,94.73684210526316,18,100.0,19,1,0.0011347999679856002,"[0, 3, 4, 8, 14, 19, 23, 24, 25, 28, 31, 35, 37, 38, 40, 45, 49, 52, 53]",51,52,False
line,55,57,72,1,94.73684210526316,18,100.0,19,1,0.0007557999924756587,"[0, 3, 4, 8, 14, 19, 23, 24, 25, 28, 31, 35, 37, 38, 40, 45, 49, 51, 53]",52,53,False
line,56,57,71,2,94.73684210526316,18,100.0,19,1,0.0007242999854497612,"[0, 3, 4, 8, 14, 19, 23, 24, 25, 28, 31, 35, 37, 38, 40, 45, 49, 51, 53]",53,54,False
line,57,57,71,1,94.73684210526316,18,100.0,19,1,0.0007212000200524926,"[0, 3, 4, 8, 14, 19, 23, 24, 25, 28, 31, 35, 37, 38, 40, 45, 49, 51, 53]",43,44,False
line,58,57,71,1,94.73684210526316,18,100.0,19,1,0.0010644000140018761,"[0, 3, 4, 8, 14, 19, 23, 24, 25, 28, 31, 35, 37, 40, 45, 49, 51, 53, 56]",55,40,False
line,59,57,71,1,92.98245614035088,18,100.0,19,1,0.001132700010202825,"[0, 3, 4, 8, 14, 19, 23, 24, 25, 28, 31, 35, 37, 38, 40, 45, 49, 51, 53]",55,41,False
line,60,57,71,1,92.98245614035088,18,100.0,19,1,0.0007201000116765499,"[0, 3, 4, 8, 14, 19, 23, 24, 25, 28, 31, 35, 37, 38, 40, 45, 49, 51, 53]",56,55,False
line,61,57,71,1,94.73684210526316,18,100.0,19,1,0.0013563999673351645,"[0, 3, 4, 8, 14, 19, 23, 24, 25, 28, 31, 35, 37, 38, 40, 45, 49, 51, 53]",37,48,False
line,62,57,71,1,92.98245614035088,18,100.0,19,1,0.0007175999926403165,"[0, 3, 4, 8, 14, 19, 23, 24, 25, 28, 31, 35, 37, 38, 40, 46, 49, 51, 53]",37,47,False
trafo,0,57,72,1,94.73684210526316,18,100.0,19,1,0.0009667999693192542,"[0, 3, 4, 8, 14, 19, 23, 24, 25, 28, 31, 35, 37, 38, 40, 45, 49, 51, 53]",17,3,False
trafo,1,57,72,1,94.73684210526316,18,100.0,19,1,0.0007225999725051224,"[0, 3, 4, 8, 14, 19, 23, 24, 25, 28, 31, 35, 37, 38, 40, 45, 49, 51, 53]",17,3,False
trafo,2,57,71,1,92.98245614035088,18,100.0,20,2,0.0007618000381626189,"[0, 3, 4, 8, 14, 18, 20, 23, 24, 25, 28, 31, 35, 37, 38, 40, 45, 49, 51, 53]",19,20,False
trafo,3,57,72,1,94.73684210526316,18,100.0,19,1,0.0008232999825850129,"[0, 3, 4, 8, 14, 19, 23, 24, 25, 28, 31, 35, 37, 38, 40, 45, 49, 51, 53]",24,23,False
trafo,4,57,72,1,94.73684210526316,18,100.0,19,1,0.0007256999961100519,"[0, 3, 4, 8, 14, 19, 23, 24, 25, 28, 31, 35, 37, 38, 40, 45, 49, 51, 53]",24,23,False
trafo,5,57,71,1,94.73684210526316,18,100.0,19,1,0.001121999986935407,"[0, 3, 4, 8, 14, 19, 23, 24, 25, 28, 31, 35, 37, 38, 40, 45, 49, 51, 53]",25,23,False
trafo,6,57,71,1,92.98245614035088,18,100.0,18,0,0.0006864999886602163,"[0, 3, 5, 8, 14, 19, 23, 24, 27, 31, 35, 37, 38, 40, 45, 49, 51, 53]",28,6,False
trafo,7,57,71,1,94.73684210526316,18,100.0,20,2,0.0008357000187970698,"[0, 3, 4, 8, 14, 19, 23, 25, 28, 30, 31, 34, 35, 37, 38, 40, 45, 49, 51, 53]",31,33,False
trafo,8,57,71,1,94.73684210526316,18,100.0,19,1,0.0007173999911174178,"[0, 3, 4, 8, 14, 19, 23, 24, 25, 28, 31, 35, 37, 38, 40, 45, 49, 51, 53]",40,10,False
trafo,9,57,71,1,92.98245614035088,18,100.0,20,2,0.0010806000209413469,"[0, 3, 4, 8, 12, 19, 23, 24, 25, 28, 31, 35, 37, 38, 40, 43, 45, 49, 51, 53]",44,14,False
trafo,10,57,72,1,94.73684210526316,18,100.0,19,1,0.0007591999601572752,"[0, 3, 4, 8, 14, 19, 23, 24, 25, 28, 31, 35, 37, 38, 40, 45, 49, 51, 53]",45,13,False
trafo,11,57,72,1,94.73684210526316,18,100.0,19,1,0.000723700039088726,"[0, 3, 4, 8, 14, 19, 23, 24, 25, 28, 31, 35, 37, 38, 40, 45, 49, 51, 53]",50,9,False
trafo,12,57,71,1,94.73684210526316,18,100.0,19,1,0.0007205000147223473,"[0, 3, 4, 8, 14, 19, 23, 24, 25, 28, 31, 35, 37, 38, 40, 45, 49, 51, 53]",48,12,False
trafo,13,57,71,1,92.98245614035088,18,100.0,19,1,0.0007554999901913106,"[0, 3, 4, 8, 14, 19, 23, 24, 25, 28, 31, 35, 37, 38, 40, 45, 49, 51, 53]",42,10,False
trafo,14,57,72,1,94.73684210526316,18,100.0,19,1,0.0008068999741226435,"[0, 3, 4, 8, 14, 19, 23, 24, 25, 28, 31, 35, 37, 38, 40, 45, 49, 51, 53]",55,39,False
trafo,15,57,71,1,94.73684210526316,18,100.0,20,2,0.0009766999864950776,"[0, 3, 4, 8, 14, 19, 23, 24, 25, 28, 31, 35, 36, 37, 40, 45, 49, 51, 53, 55]",56,38,False
trafo,16,57,71,2,92.98245614035088,18,100.0,19,1,0.0007857999880798161,"[0, 5, 8, 12, 14, 18, 19, 23, 24, 27, 31, 35, 37, 38, 40, 45, 49, 51, 53]",54,8,False
line,0,57,73,1,92.98245614035088,18,100.0,20,2,0.0007939000497572124,"[0, 1, 3, 8, 10, 17, 19, 23, 25, 28, 29, 31, 34, 36, 37, 43, 45, 49, 52, 55]",0,1,False
line,1,57,73,1,94.73684210526316,18,100.0,19,1,0.000833700003568083,"[0, 3, 8, 10, 17, 19, 23, 25, 28, 29, 31, 34, 36, 37, 43, 45, 49, 52, 55]",1,2,False
line,2,57,73,1,94.73684210526316,18,100.0,20,2,0.000756499997805804,"[0, 1, 3, 8, 10, 17, 19, 23, 25, 28, 29, 31, 34, 36, 37, 43, 45, 49, 52, 55]",2,3,False
line,3,57,73,1,92.98245614035088,18,100.0,20,2,0.0018558999872766435,"[0, 3, 4, 8, 10, 17, 19, 23, 25, 28, 29, 31, 34, 36, 37, 43, 45, 49, 52, 55]",3,4,False
line,4,57,73,1,92.98245614035088,18,100.0,20,2,0.0007557999924756587,"[0, 3, 4, 8, 10, 17, 19, 23, 25, 28, 29, 31, 34, 36, 37, 43, 45, 49, 52, 55]",3,5,False
line,5,57,73,1,94.73684210526316,18,100.0,19,1,0.0008427000138908625,"[0, 3, 8, 10, 17, 19, 23, 25, 28, 29, 31, 34, 36, 37, 43, 45, 49, 52, 55]",5,6,False
line,6,57,73,1,94.73684210526316,18,100.0,19,1,0.0007312999805435538,"[0, 3, 8, 10, 17, 19, 23, 25, 28, 29, 31, 34, 36, 37, 43, 45, 49, 52, 55]",5,7,False
line,7,57,73,1,92.98245614035088,18,100.0,21,3,0.001118200016207993,"[0, 3, 5, 8, 10, 12, 17, 19, 23, 25, 28, 29, 31, 34, 36, 37, 43, 45, 49, 53, 55]",7,8,False
line,8,57,73,1,92.98245614035088,18,100.0,21,3,0.0008957000100053847,"[0, 3, 5, 9, 10, 12, 17, 19, 23, 25, 28, 29, 31, 34, 36, 37, 43, 45, 49, 53, 55]",8,9,False
line,9,57,73,1,94.73684210526316,18,100.0,20,2,0.0007926999824121594,"[0, 3, 8, 10, 12, 17, 19, 23, 25, 28, 29, 31, 34, 36, 37, 43, 45, 49, 52, 55]",8,10,False
line,10,57,73,1,92.98245614035088,18,100.0,20,2,0.0009497000137344003,"[0, 3, 8, 10, 12, 17, 19, 23, 25, 28, 29, 31, 34, 36, 37, 43, 45, 49, 52, 55]",8,11,False
line,11,57,73,1,94.73684210526316,18,100.0,20,2,0.0007973999599926174,"[0, 3, 8, 10, 13, 17, 19, 23, 25, 28, 29, 31, 34, 36, 37, 43, 45, 49, 52, 55]",8,12,False
line,12,57,73,1,94.73684210526316,18,100.0,19,1,0.0007256999961100519,"[0, 3, 8, 10, 17, 19, 23, 25, 28, 29, 31, 34, 36, 37, 43, 45, 49, 52, 55]",12,13,False
line,13,57,73,1,94.73684210526316,18,100.0,19,1,0.0007921000360511243,"[0, 3, 8, 10, 17, 19, 23, 25, 28, 29, 31, 34, 36, 37, 43, 45, 49, 52, 55]",12,14,False
line,14,57,73,1,94.73684210526316,18,100.0,20,2,0.0007556999917142093,"[0, 3, 8, 10, 13, 17, 19, 23, 25, 28, 29, 31, 34, 36, 37, 43, 45, 49, 52, 55]",0,14,False
line,15,57,73,1,92.98245614035088,18,100.0,20,2,0.001168800052255392,"[0, 3, 8, 10, 11, 17, 19, 23, 25, 28, 29, 31, 34, 36, 37, 43, 45, 49, 52, 55]",0,15,False
line,16,57,73,1,92.98245614035088,18,100.0,20,2,0.0010738000273704529,"[0, 3, 8, 10, 11, 17, 19, 23, 25, 28, 29, 31, 34, 36, 37, 43, 45, 49, 52, 55]",0,16,False
line,17,57,73,1,94.73684210526316,18,100.0,19,1,0.0007480999920517206,"[0, 3, 8, 10, 17, 19, 23, 25, 28, 29, 31, 34, 36, 37, 43, 45, 49, 52, 55]",2,14,False
line,18,57,73,1,94.73684210526316,18,100.0,19,1,0.0008343000081367791,"[0, 3, 8, 10, 17, 19, 23, 25, 28, 29, 31, 34, 36, 37, 43, 45, 49, 52, 55]",4,5,False
line,19,57,73,1,94.73684210526316,18,100.0,19,1,0.0007226000307127833,"[0, 3, 8, 10, 17, 19, 23, 25, 28, 29, 31, 34, 36, 37, 43, 45, 49, 52, 55]",6,7,False
line,20,57,73,1,94.73684210526316,18,100.0,19,1,0.000784299976658076,"[0, 3, 8, 10, 17, 19, 23, 25, 28, 29, 31, 34, 36, 37, 43, 45, 49, 52, 55]",9,11,False
line,21,57,73,1,94.73684210526316,18,100.0,19,1,0.0007257999968715012,"[0, 3, 8, 10, 17, 19, 23, 25, 28, 29, 31, 34, 36, 37, 43, 45, 49, 52, 55]",10,12,False
line,22,57,73,1,94.73684210526316,18,100.0,19,1,0.0010160999954678118,"[0, 3, 8, 10, 17, 19, 23, 25, 28, 29, 31, 34, 36, 37, 43, 45, 49, 52, 55]",11,12,False
line,23,57,73,1,94.73684210526316,18,100.0,19,1,0.0007243000436574221,"[0, 3, 8, 10, 17, 19, 23, 25, 28, 29, 31, 34, 36, 37, 43, 45, 49, 52, 55]",11,15,False
line,24,57,73,1,94.73684210526316,18,100.0,19,1,0.0007522999658249319,"[0, 3, 8, 10, 17, 19, 23, 25, 28, 29, 31, 34, 36, 37, 43, 45, 49, 52, 55]",11,16,False
line,25,57,73,1,94.73684210526316,18,100.0,19,1,0.001025600009597838,"[0, 3, 8, 10, 17, 19, 23, 25, 28, 29, 31, 34, 36, 37, 43, 45, 49, 52, 55]",13,14,False
line,26,57,73,2,94.73684210526316,18,100.0,19,1,0.0010973999742418528,"[0, 3, 8, 10, 18, 19, 23, 25, 28, 29, 31, 34, 36, 37, 43, 45, 49, 52, 55]",17,18,False
line,27,57,74,1,94.73684210526316,18,100.0,19,1,0.0008232999825850129,"[0, 3, 8, 10, 17, 19, 23, 25, 28, 29, 31, 34, 36, 37, 43, 45, 49, 52, 55]",18,19,False
line,28,57,73,2,94.73684210526316,18,100.0,19,1,0.0007341000018641353,"[0, 3, 8, 10, 17, 19, 23, 25, 28, 29, 31, 34, 36, 37, 43, 45, 49, 52, 55]",20,21,False
line,29,57,73,1,94.73684210526316,18,100.0,19,1,0.0007483999943360686,"[0, 3, 8, 10, 17, 19, 23, 25, 28, 29, 31, 34, 36, 37, 43, 45, 49, 52, 55]",21,22,False
line,30,57,73,1,92.98245614035088,18,100.0,20,2,0.0007690999773330986,"[0, 3, 8, 10, 17, 19, 21, 23, 25, 28, 29, 31, 34, 36, 37, 43, 45, 49, 52, 55]",22,23,False
line,31,57,73,1,92.98245614035088,18,100.0,19,1,0.0008501999545842409,"[0, 3, 8, 10, 17, 19, 23, 26, 28, 29, 31, 34, 36, 37, 43, 45, 49, 52, 55]",25,26,False
line,32,57,73,1,94.73684210526316,18,100.0,19,1,0.0007682000286877155,"[0, 3, 8, 10, 17, 19, 23, 25, 28, 29, 31, 34, 36, 37, 43, 45, 49, 52, 55]",26,27,False
line,33,57,73,1,92.98245614035088,18,100.0,19,1,0.0012534999987110496,"[0, 3, 8, 10, 17, 19, 23, 26, 28, 29, 31, 34, 36, 37, 43, 45, 49, 52, 55]",27,28,False
line,34,57,73,2,92.98245614035088,18,100.0,19,1,0.0009640000062063336,"[0, 3, 8, 10, 17, 19, 23, 25, 28, 29, 31, 34, 36, 37, 43, 45, 49, 52, 55]",24,29,False
line,35,57,73,2,94.73684210526316,18,100.0,20,2,0.0007495000027120113,"[0, 3, 8, 10, 17, 19, 23, 24, 25, 28, 30, 31, 34, 36, 37, 43, 45, 49, 52, 55]",29,30,False
line,36,57,74,1,94.73684210526316,18,100.0,19,1,0.0007615999784320593,"[0, 3, 8, 10, 17, 19, 23, 25, 28, 29, 31, 34, 36, 37, 43, 45, 49, 52, 55]",30,31,False
line,37,57,73,2,92.98245614035088,18,100.0,19,1,0.0007184999994933605,"[0, 3, 8, 10, 17, 19, 23, 25, 28, 29, 32, 33, 36, 37, 43, 45, 49, 52, 55]",31,32,False
line,38,57,73,2,94.73684210526316,18,100.0,19,1,0.0012283999822102487,"[0, 3, 8, 10, 17, 19, 23, 25, 28, 29, 31, 34, 36, 37, 43, 45, 49, 52, 55]",33,34,False
line,39,57,73,2,94.73684210526316,18,100.0,19,1,0.0007667000172659755,"[0, 3, 8, 10, 17, 19, 23, 25, 28, 29, 31, 33, 36, 37, 43, 45, 49, 52, 55]",34,35,False
line,40,57,73,1,94.73684210526316,18,100.0,19,1,0.0010109000140801072,"[0, 3, 8, 10, 17, 19, 23, 25, 28, 29, 31, 34, 36, 37, 43, 45, 49, 52, 55]",35,36,False
line,41,57,73,1,94.73684210526316,18,100.0,19,1,0.0009692999883554876,"[0, 3, 8, 10, 17, 19, 23, 25, 28, 29, 31, 35, 36, 37, 43, 45, 49, 52, 55]",36,37,False
line,42,57,73,1,92.98245614035088,18,100.0,19,1,0.0014722999767400324,"[0, 3, 8, 10, 17, 19, 23, 25, 28, 29, 31, 34, 37, 38, 43, 45, 49, 52, 55]",36,38,False
line,43,57,73,1,94.73684210526316,18,100.0,19,1,0.0007277000113390386,"[0, 3, 8, 10, 17, 19, 23, 25, 28, 29, 31, 34, 36, 37, 43, 45, 49, 52, 55]",35,39,False
line,44,57,73,1,92.98245614035088,18,100.0,19,1,0.0007394000422209501,"[0, 3, 8, 10, 17, 20, 23, 25, 28, 29, 31, 34, 36, 37, 43, 45, 49, 52, 55]",21,37,False
line,45,57,73,1,94.73684210526316,18,100.0,19,1,0.00090970000019297,"[0, 3, 8, 10, 17, 19, 23, 25, 28, 29, 31, 34, 36, 37, 43, 45, 49, 52, 55]",40,41,False
line,46,57,73,1,94.73684210526316,18,100.0,19,1,0.0008681999752297997,"[0, 3, 8, 10, 17, 19, 23, 25, 28, 29, 31, 34, 36, 37, 43, 45, 49, 52, 55]",40,42,False
line,47,57,73,2,92.98245614035088,18,100.0,19,1,0.0011629000073298812,"[0, 3, 8, 10, 17, 19, 23, 25, 28, 29, 31, 34, 36, 37, 43, 45, 49, 52, 55]",37,43,False
line,48,57,73,1,92.98245614035088,18,100.0,20,2,0.0007507000118494034,"[0, 3, 8, 10, 13, 17, 19, 23, 25, 28, 29, 31, 34, 36, 37, 43, 46, 49, 52, 55]",45,46,False
line,49,57,73,1,94.73684210526316,18,100.0,19,1,0.0007792999967932701,"[0, 3, 8, 10, 17, 19, 23, 25, 28, 29, 31, 34, 36, 37, 43, 45, 49, 52, 55]",46,47,False
line,50,57,73,1,94.73684210526316,18,100.0,19,1,0.0007326999912038445,"[0, 3, 8, 10, 17, 19, 23, 25, 28, 29, 31, 34, 36, 37, 43, 45, 49, 52, 55]",47,48,False
line,51,57,73,2,94.73684210526316,18,100.0,19,1,0.000757400004658848,"[0, 3, 8, 10, 17, 19, 23, 25, 28, 29, 31, 34, 36, 37, 43, 45, 49, 52, 55]",48,49,False
line,52,57,73,2,92.98245614035088,18,100.0,20,2,0.0008020000532269478,"[0, 3, 8, 10, 17, 19, 23, 25, 28, 29, 31, 34, 36, 37, 43, 45, 48, 50, 52, 55]",49,50,False
line,53,57,73,1,94.73684210526316,18,100.0,19,1,0.0013761000009253621,"[0, 3, 5, 8, 10, 17, 19, 23, 27, 29, 31, 34, 36, 37, 43, 45, 49, 52, 55]",28,51,False
line,54,57,73,1,94.73684210526316,18,100.0,19,1,0.0011121000279672444,"[0, 3, 8, 10, 17, 19, 23, 25, 28, 29, 31, 34, 36, 37, 43, 45, 49, 52, 55]",51,52,False
line,55,57,73,1,92.98245614035088,18,100.0,20,2,0.0007592000183649361,"[0, 3, 8, 10, 17, 19, 23, 25, 28, 29, 31, 34, 36, 37, 43, 45, 49, 51, 53, 55]",52,53,False
line,56,57,73,1,94.73684210526316,18,100.0,19,1,0.000735500012524426,"[0, 3, 8, 10, 17, 19, 23, 25, 28, 29, 31, 34, 36, 37, 43, 45, 49, 52, 55]",53,54,False
line,57,57,73,2,94.73684210526316,18,100.0,19,1,0.0011149999918416142,"[0, 3, 8, 10, 17, 19, 23, 25, 28, 29, 31, 34, 36, 37, 44, 45, 49, 52, 55]",43,44,False
line,58,57,73,1,94.73684210526316,18,100.0,19,1,0.0007803000044077635,"[0, 3, 8, 10, 17, 19, 23, 25, 28, 29, 31, 34, 36, 37, 43, 45, 49, 52, 55]",55,40,False
line,59,57,73,1,92.98245614035088,18,100.0,18,0,0.0007275000098161399,"[0, 3, 8, 17, 19, 23, 25, 28, 29, 31, 35, 37, 38, 40, 43, 45, 49, 52]",55,41,False
line,60,57,73,1,92.98245614035088,18,100.0,18,0,0.0007021999917924404,"[0, 3, 8, 17, 19, 23, 25, 28, 29, 31, 35, 37, 38, 40, 43, 45, 49, 52]",56,55,False
line,61,57,73,1,94.73684210526316,18,100.0,19,1,0.0006935999845154583,"[0, 3, 8, 10, 17, 19, 23, 25, 28, 29, 31, 34, 36, 37, 43, 45, 49, 52, 55]",37,48,False
line,62,57,73,1,92.98245614035088,18,100.0,20,2,0.0007217000238597393,"[0, 3, 8, 10, 17, 19, 23, 25, 28, 29, 31, 34, 36, 37, 43, 45, 48, 49, 52, 55]",37,47,False
trafo,0,57,74,1,94.73684210526316,18,100.0,19,1,0.0007258999976329505,"[0, 3, 8, 10, 17, 19, 23, 25, 28, 29, 31, 34, 36, 37, 43, 45, 49, 52, 55]",17,3,False
trafo,1,57,74,1,94.73684210526316,18,100.0,19,1,0.0007551999879069626,"[0, 3, 8, 10, 17, 19, 23, 25, 28, 29, 31, 34, 36, 37, 43, 45, 49, 52, 55]",17,3,False
trafo,2,57,73,2,92.98245614035088,18,100.0,20,2,0.000976799987256527,"[0, 3, 8, 10, 17, 19, 20, 23, 25, 28, 29, 31, 34, 36, 37, 43, 45, 49, 52, 55]",19,20,False
trafo,3,57,74,1,94.73684210526316,18,100.0,19,1,0.0007315999828279018,"[0, 3, 8, 10, 17, 19, 23, 25, 28, 29, 31, 34, 36, 37, 43, 45, 49, 52, 55]",24,23,False
trafo,4,57,74,1,94.73684210526316,18,100.0,19,1,0.0007270999485626817,"[0, 3, 8, 10, 17, 19, 23, 25, 28, 29, 31, 34, 36, 37, 43, 45, 49, 52, 55]",24,23,False
trafo,5,57,73,1,94.73684210526316,18,100.0,19,1,0.0009598999749869108,"[0, 3, 8, 10, 17, 19, 23, 25, 28, 29, 31, 34, 36, 37, 43, 45, 49, 52, 55]",25,23,False
trafo,6,57,73,1,92.98245614035088,18,100.0,19,1,0.0007617000374011695,"[0, 3, 5, 8, 10, 17, 19, 23, 27, 29, 31, 34, 36, 37, 43, 45, 49, 52, 55]",28,6,False
trafo,7,57,73,2,94.73684210526316,18,100.0,19,1,0.001006999984383583,"[0, 3, 8, 10, 17, 19, 23, 25, 28, 29, 31, 34, 36, 37, 43, 45, 49, 52, 55]",31,33,False
trafo,8,57,73,1,94.73684210526316,18,100.0,19,1,0.0007941999938338995,"[0, 3, 8, 10, 17, 19, 23, 25, 28, 29, 31, 34, 36, 37, 43, 45, 49, 52, 55]",40,10,False
trafo,9,57,74,1,94.73684210526316,18,100.0,19,1,0.0007268000044859946,"[0, 3, 8, 10, 17, 19, 23, 25, 28, 29, 31, 34, 36, 37, 43, 45, 49, 52, 55]",44,14,False
trafo,10,57,73,1,94.73684210526316,18,100.0,20,2,0.0007135000196285546,"[0, 3, 8, 10, 12, 17, 19, 23, 25, 28, 29, 31, 34, 36, 37, 43, 45, 49, 52, 55]",45,13,False
trafo,11,57,74,1,94.73684210526316,18,100.0,19,1,0.001277900009881705,"[0, 3, 8, 10, 17, 19, 23, 25, 28, 29, 31, 34, 36, 37, 43, 45, 49, 52, 55]",50,9,False
trafo,12,57,73,1,94.73684210526316,18,100.0,19,1,0.0007953000022098422,"[0, 3, 8, 10, 17, 19, 23, 25, 28, 29, 31, 34, 36, 37, 43, 45, 49, 52, 55]",48,12,False
trafo,13,57,73,1,92.98245614035088,18,100.0,19,1,0.0007455000304616988,"[0, 3, 8, 17, 19, 23, 25, 28, 29, 31, 34, 36, 37, 40, 43, 45, 49, 52, 55]",42,10,False
trafo,14,57,73,1,92.98245614035088,18,100.0,18,0,0.0007427000091411173,"[0, 3, 8, 17, 19, 23, 25, 28, 29, 31, 35, 37, 38, 40, 43, 45, 49, 52]",55,39,False
trafo,15,57,73,1,94.73684210526316,18,100.0,19,1,0.0007337999995797873,"[0, 3, 8, 10, 17, 19, 23, 25, 28, 29, 31, 34, 36, 37, 43, 45, 49, 52, 55]",56,38,False
trafo,16,57,73,1,92.98245614035088,18,100.0,20,2,0.0008957999525591731,"[0, 3, 8, 10, 12, 17, 19, 23, 25, 28, 29, 31, 34, 36, 37, 43, 45, 49, 53, 55]",54,8,False
line,0,57,75,2,96.49122807017544,18,100.0,19,1,0.000987800012808293,"[0, 1, 3, 8, 10, 14, 19, 23, 25, 28, 30, 32, 34, 36, 37, 45, 49, 52, 55]",0,1,False
line,1,57,75,2,98.24561403508773,18,100.0,18,0,0.0007320999866351485,"[0, 3, 8, 10, 14, 19, 23, 25, 28, 30, 32, 34, 36, 37, 45, 49, 52, 55]",1,2,False
line,2,57,75,2,98.24561403508773,18,100.0,18,0,0.0011956000234931707,"[0, 3, 8, 10, 14, 19, 23, 25, 28, 30, 32, 34, 36, 37, 45, 49, 52, 55]",2,3,False
line,3,57,75,2,96.49122807017544,18,100.0,19,1,0.0007690999773330986,"[0, 3, 4, 8, 10, 14, 19, 23, 25, 28, 30, 32, 34, 36, 37, 45, 49, 52, 55]",3,4,False
line,4,57,75,2,96.49122807017544,18,100.0,19,1,0.0008114000083878636,"[0, 3, 4, 8, 10, 14, 19, 23, 25, 28, 30, 32, 34, 36, 37, 45, 49, 52, 55]",3,5,False
line,5,57,75,2,98.24561403508773,18,100.0,18,0,0.0006630999851040542,"[0, 3, 8, 10, 14, 19, 23, 25, 28, 30, 32, 34, 36, 37, 45, 49, 52, 55]",5,6,False
line,6,57,75,2,98.24561403508773,18,100.0,18,0,0.0006979000172577798,"[0, 3, 8, 10, 14, 19, 23, 25, 28, 30, 32, 34, 36, 37, 45, 49, 52, 55]",5,7,False
line,7,57,75,2,96.49122807017544,18,100.0,19,1,0.000936599972192198,"[0, 3, 5, 10, 12, 14, 19, 23, 25, 28, 30, 32, 34, 36, 37, 45, 50, 53, 55]",7,8,False
line,8,57,75,2,96.49122807017544,18,100.0,19,1,0.0007628999883309007,"[0, 3, 5, 10, 12, 14, 19, 23, 25, 28, 30, 32, 34, 36, 37, 45, 50, 53, 55]",8,9,False
line,9,57,75,2,98.24561403508773,18,100.0,19,1,0.0007649999461136758,"[0, 3, 8, 10, 12, 14, 19, 23, 25, 28, 30, 32, 34, 36, 37, 45, 49, 52, 55]",8,10,False
line,10,57,75,2,96.49122807017544,18,100.0,19,1,0.0008308999822475016,"[0, 3, 8, 10, 12, 14, 19, 23, 25, 28, 30, 32, 34, 36, 37, 45, 49, 52, 55]",8,11,False
line,11,57,75,2,98.24561403508773,18,100.0,18,0,0.00076299998909235,"[0, 3, 8, 10, 14, 19, 23, 25, 28, 30, 32, 34, 36, 37, 45, 49, 52, 55]",8,12,False
line,12,57,75,2,98.24561403508773,18,100.0,18,0,0.0007074999739415944,"[0, 3, 8, 10, 14, 19, 23, 25, 28, 30, 32, 34, 36, 37, 45, 49, 52, 55]",12,13,False
line,13,57,75,2,98.24561403508773,18,100.0,18,0,0.0007428000099025667,"[0, 3, 8, 10, 14, 19, 23, 25, 28, 30, 32, 34, 36, 37, 45, 49, 52, 55]",12,14,False
line,14,57,75,2,98.24561403508773,18,100.0,19,1,0.0007874000002630055,"[0, 3, 8, 10, 13, 14, 19, 23, 25, 28, 30, 32, 34, 36, 37, 45, 49, 52, 55]",0,14,False
line,15,57,75,2,96.49122807017544,18,100.0,19,1,0.001250700035598129,"[0, 3, 8, 10, 11, 14, 19, 23, 25, 28, 30, 32, 34, 36, 37, 45, 49, 52, 55]",0,15,False
line,16,57,75,2,96.49122807017544,18,100.0,19,1,0.0007258999976329505,"[0, 3, 8, 10, 11, 14, 19, 23, 25, 28, 30, 32, 34, 36, 37, 45, 49, 52, 55]",0,16,False
line,17,57,75,2,98.24561403508773,18,100.0,18,0,0.0006963000050745904,"[0, 3, 8, 10, 14, 19, 23, 25, 28, 30, 32, 34, 36, 37, 45, 49, 52, 55]",2,14,False
line,18,57,75,2,98.24561403508773,18,100.0,18,0,0.000790199963375926,"[0, 3, 8, 10, 14, 19, 23, 25, 28, 30, 32, 34, 36, 37, 45, 49, 52, 55]",4,5,False
line,19,57,75,2,98.24561403508773,18,100.0,18,0,0.001030100043863058,"[0, 3, 8, 10, 14, 19, 23, 25, 28, 30, 32, 34, 36, 37, 45, 49, 52, 55]",6,7,False
line,20,57,75,2,98.24561403508773,18,100.0,18,0,0.0007343000033870339,"[0, 3, 8, 10, 14, 19, 23, 25, 28, 30, 32, 34, 36, 37, 45, 49, 52, 55]",9,11,False
line,21,57,75,2,98.24561403508773,18,100.0,18,0,0.0007270000060088933,"[0, 3, 8, 10, 14, 19, 23, 25, 28, 30, 32, 34, 36, 37, 45, 49, 52, 55]",10,12,False
line,22,57,75,2,98.24561403508773,18,100.0,18,0,0.0007369999657385051,"[0, 3, 8, 10, 14, 19, 23, 25, 28, 30, 32, 34, 36, 37, 45, 49, 52, 55]",11,12,False
line,23,57,75,2,98.24561403508773,18,100.0,18,0,0.0015242999652400613,"[0, 3, 8, 10, 14, 19, 23, 25, 28, 30, 32, 34, 36, 37, 45, 49, 52, 55]",11,15,False
line,24,57,75,2,98.24561403508773,18,100.0,18,0,0.0018752000178210437,"[0, 3, 8, 10, 14, 19, 23, 25, 28, 30, 32, 34, 36, 37, 45, 49, 52, 55]",11,16,False
line,25,57,75,2,98.24561403508773,18,100.0,18,0,0.0007192000048235059,"[0, 3, 8, 10, 14, 19, 23, 25, 28, 30, 32, 34, 36, 37, 45, 49, 52, 55]",13,14,False
line,26,57,75,2,98.24561403508773,18,100.0,18,0,0.0009036000119522214,"[0, 3, 8, 10, 14, 19, 23, 25, 28, 30, 32, 34, 36, 37, 45, 49, 52, 55]",17,18,False
line,27,57,75,2,96.49122807017544,18,100.0,19,1,0.0007306000334210694,"[0, 3, 8, 10, 14, 17, 19, 23, 25, 28, 30, 32, 34, 36, 37, 45, 49, 52, 55]",18,19,False
line,28,57,75,2,98.24561403508773,18,100.0,18,0,0.0007207000162452459,"[0, 3, 8, 10, 14, 19, 23, 25, 28, 30, 32, 34, 36, 37, 45, 49, 52, 55]",20,21,False
line,29,57,75,2,98.24561403508773,18,100.0,18,0,0.0007056000176817179,"[0, 3, 8, 10, 14, 19, 23, 25, 28, 30, 32, 34, 36, 37, 45, 49, 52, 55]",21,22,False
line,30,57,75,2,96.49122807017544,18,100.0,19,1,0.0007365000201389194,"[0, 3, 8, 10, 14, 19, 21, 23, 25, 28, 30, 32, 34, 36, 37, 45, 49, 52, 55]",22,23,False
line,31,57,75,2,96.49122807017544,18,100.0,18,0,0.000784000032581389,"[0, 3, 8, 10, 14, 19, 23, 26, 28, 30, 32, 34, 36, 37, 45, 49, 52, 55]",25,26,False
line,32,57,75,2,98.24561403508773,18,100.0,18,0,0.0012937999563291669,"[0, 3, 8, 10, 14, 19, 23, 25, 28, 30, 32, 34, 36, 37, 45, 49, 52, 55]",26,27,False
line,33,57,75,2,96.49122807017544,18,100.0,18,0,0.0008140999707393348,"[0, 3, 8, 10, 14, 19, 23, 26, 28, 30, 32, 34, 36, 37, 45, 49, 52, 55]",27,28,False
line,34,57,75,2,96.49122807017544,18,100.0,18,0,0.0007819000165909529,"[0, 3, 8, 10, 14, 19, 23, 25, 28, 30, 32, 34, 36, 37, 45, 49, 52, 55]",24,29,False
line,35,57,75,2,98.24561403508773,18,100.0,19,1,0.0013679999974556267,"[0, 3, 8, 10, 14, 19, 23, 24, 25, 28, 31, 32, 34, 36, 37, 45, 49, 52, 55]",29,30,False
line,36,57,75,2,96.49122807017544,18,100.0,18,0,0.0007327999919652939,"[0, 3, 8, 10, 14, 19, 23, 25, 28, 29, 32, 33, 36, 37, 45, 49, 52, 55]",30,31,False
line,37,57,76,2,98.24561403508773,18,100.0,18,0,0.0007030999986454844,"[0, 3, 8, 10, 14, 19, 23, 25, 28, 30, 32, 34, 36, 37, 45, 49, 52, 55]",31,32,False
line,38,57,75,2,98.24561403508773,18,100.0,19,1,0.0007711999933235347,"[0, 3, 8, 10, 14, 19, 23, 25, 28, 30, 31, 32, 34, 36, 37, 45, 49, 52, 55]",33,34,False
line,39,57,75,2,98.24561403508773,18,100.0,18,0,0.0007689999765716493,"[0, 3, 8, 10, 14, 19, 23, 25, 28, 30, 32, 33, 36, 37, 45, 49, 52, 55]",34,35,False
line,40,57,75,2,98.24561403508773,18,100.0,18,0,0.0009339000098407269,"[0, 3, 8, 10, 14, 19, 23, 25, 28, 30, 32, 34, 36, 37, 45, 49, 52, 55]",35,36,False
line,41,57,75,2,98.24561403508773,18,100.0,18,0,0.000763899995945394,"[0, 3, 8, 14, 19, 23, 25, 28, 30, 31, 32, 35, 37, 40, 45, 49, 52, 56]",36,37,False
line,42,57,75,2,96.49122807017544,18,100.0,18,0,0.0007320000440813601,"[0, 3, 8, 10, 14, 19, 23, 25, 28, 30, 32, 34, 37, 38, 45, 49, 52, 55]",36,38,False
line,43,57,75,2,98.24561403508773,18,100.0,18,0,0.0009538000449538231,"[0, 3, 8, 10, 14, 19, 23, 25, 28, 30, 32, 34, 36, 37, 45, 49, 52, 55]",35,39,False
line,44,57,75,2,96.49122807017544,18,100.0,19,1,0.0007234999793581665,"[0, 3, 8, 10, 14, 19, 20, 23, 25, 28, 30, 32, 34, 36, 37, 45, 49, 52, 55]",21,37,False
line,45,57,75,2,98.24561403508773,18,100.0,18,0,0.000699999975040555,"[0, 3, 8, 10, 14, 19, 23, 25, 28, 30, 32, 34, 36, 37, 45, 49, 52, 55]",40,41,False
line,46,57,75,2,98.24561403508773,18,100.0,18,0,0.0007670000195503235,"[0, 3, 8, 10, 14, 19, 23, 25, 28, 30, 32, 34, 36, 37, 45, 49, 52, 55]",40,42,False
line,47,57,75,2,96.49122807017544,18,100.0,18,0,0.0013035000301897526,"[0, 3, 8, 10, 19, 23, 25, 28, 30, 32, 34, 36, 37, 43, 45, 49, 52, 55]",37,43,False
line,48,57,75,2,96.49122807017544,18,100.0,19,1,0.000729600025806576,"[0, 3, 8, 10, 13, 14, 19, 23, 25, 28, 30, 32, 34, 36, 37, 46, 49, 52, 55]",45,46,False
line,49,57,75,2,98.24561403508773,18,100.0,18,0,0.000775999971665442,"[0, 3, 8, 10, 14, 19, 23, 25, 28, 30, 32, 34, 36, 37, 45, 49, 52, 55]",46,47,False
line,50,57,75,2,98.24561403508773,18,100.0,18,0,0.0007031999994069338,"[0, 3, 8, 10, 14, 19, 23, 25, 28, 30, 32, 34, 36, 37, 45, 49, 52, 55]",47,48,False
line,51,57,75,2,98.24561403508773,18,100.0,18,0,0.0010830999817699194,"[0, 3, 8, 10, 14, 19, 23, 25, 28, 30, 32, 34, 36, 37, 45, 49, 52, 55]",48,49,False
line,52,57,75,2,96.49122807017544,18,100.0,19,1,0.0008014000486582518,"[0, 3, 8, 9, 10, 14, 19, 23, 25, 28, 30, 32, 34, 36, 37, 45, 48, 52, 55]",49,50,False
line,53,57,75,2,98.24561403508773,18,100.0,18,0,0.0007173999911174178,"[0, 3, 5, 8, 10, 14, 19, 23, 27, 30, 32, 34, 36, 37, 45, 49, 52, 55]",28,51,False
line,54,57,75,2,98.24561403508773,18,100.0,18,0,0.0007092999876476824,"[0, 3, 8, 10, 14, 19, 23, 25, 28, 30, 32, 34, 36, 37, 45, 49, 52, 55]",51,52,False
line,55,57,75,2,96.49122807017544,18,100.0,19,1,0.0007629000465385616,"[0, 3, 8, 10, 14, 19, 23, 25, 28, 30, 32, 34, 36, 37, 45, 49, 51, 53, 55]",52,53,False
line,56,57,75,2,98.24561403508773,18,100.0,18,0,0.0008146000327542424,"[0, 3, 8, 10, 14, 19, 23, 25, 28, 30, 32, 34, 36, 37, 45, 49, 52, 55]",53,54,False
line,57,57,75,2,98.24561403508773,18,100.0,18,0,0.0010512999724596739,"[0, 3, 8, 10, 14, 19, 23, 25, 28, 30, 32, 34, 36, 37, 45, 49, 52, 55]",43,44,False
line,58,57,76,2,98.24561403508773,18,100.0,18,0,0.000832499994430691,"[0, 3, 8, 10, 14, 19, 23, 25, 28, 30, 32, 34, 36, 37, 45, 49, 52, 55]",55,40,False
line,59,57,75,2,96.49122807017544,18,100.0,18,0,0.0007035000016912818,"[0, 3, 8, 14, 19, 23, 25, 28, 30, 32, 34, 36, 37, 40, 45, 49, 52, 55]",55,41,False
line,60,57,75,2,96.49122807017544,18,100.0,18,0,0.0007080999785102904,"[0, 3, 8, 14, 19, 23, 25, 28, 30, 32, 34, 37, 38, 39, 40, 45, 49, 52]",56,55,False
line,61,57,75,2,98.24561403508773,18,100.0,18,0,0.0006989000248722732,"[0, 3, 8, 10, 14, 19, 23, 25, 28, 30, 32, 34, 36, 37, 45, 49, 52, 55]",37,48,False
line,62,57,75,2,96.49122807017544,18,100.0,19,1,0.0008019999950192869,"[0, 3, 8, 9, 10, 14, 19, 23, 25, 28, 30, 32, 34, 36, 37, 45, 48, 52, 55]",37,47,False
trafo,0,57,76,2,98.24561403508773,18,100.0,18,0,0.0007377000292763114,"[0, 3, 8, 10, 14, 19, 23, 25, 28, 30, 32, 34, 36, 37, 45, 49, 52, 55]",17,3,False
trafo,1,57,75,2,96.49122807017544,18,100.0,19,1,0.0007334999972954392,"[0, 3, 8, 10, 14, 18, 19, 23, 25, 28, 30, 32, 34, 36, 37, 45, 49, 52, 55]",17,3,False
trafo,2,57,75,2,96.49122807017544,18,100.0,19,1,0.0007515000179409981,"[0, 3, 8, 10, 14, 18, 20, 23, 25, 28, 30, 32, 34, 36, 37, 45, 49, 52, 55]",19,20,False
trafo,3,57,75,2,98.24561403508773,18,100.0,18,0,0.0007573000038973987,"[0, 3, 8, 10, 14, 19, 23, 25, 28, 29, 32, 33, 36, 37, 45, 49, 52, 55]",24,23,False
trafo,4,57,76,2,98.24561403508773,18,100.0,18,0,0.0007736000115983188,"[0, 3, 8, 10, 14, 19, 23, 25, 28, 30, 32, 34, 36, 37, 45, 49, 52, 55]",24,23,False
trafo,5,57,75,2,98.24561403508773,18,100.0,18,0,0.0007041000062599778,"[0, 3, 8, 10, 14, 19, 23, 25, 28, 30, 32, 34, 36, 37, 45, 49, 52, 55]",25,23,False
trafo,6,57,75,2,96.49122807017544,18,100.0,18,0,0.0007416000007651746,"[0, 3, 5, 8, 10, 14, 19, 23, 27, 30, 32, 34, 36, 37, 45, 49, 52, 55]",28,6,False
trafo,7,57,75,2,98.24561403508773,18,100.0,18,0,0.001289699983317405,"[0, 3, 8, 10, 14, 19, 23, 25, 28, 30, 32, 34, 36, 37, 45, 49, 52, 55]",31,33,False
trafo,8,57,75,2,96.49122807017544,18,100.0,18,0,0.0006980000180192292,"[0, 3, 8, 14, 19, 23, 25, 28, 30, 32, 34, 36, 37, 40, 45, 49, 52, 55]",40,10,False
trafo,9,57,75,2,96.49122807017544,18,100.0,18,0,0.0006985999643802643,"[0, 3, 8, 10, 19, 23, 25, 28, 30, 32, 34, 36, 37, 43, 45, 49, 52, 55]",44,14,False
trafo,10,57,75,2,98.24561403508773,18,100.0,18,0,0.0007627999875694513,"[0, 3, 8, 10, 14, 19, 23, 25, 28, 30, 32, 34, 36, 37, 45, 49, 52, 55]",45,13,False
trafo,11,57,75,2,98.24561403508773,18,100.0,18,0,0.0007105999975465238,"[0, 3, 8, 10, 14, 19, 23, 25, 28, 30, 32, 34, 36, 37, 45, 49, 52, 55]",50,9,False
trafo,12,57,75,2,98.24561403508773,18,100.0,18,0,0.0012989999959245324,"[0, 3, 8, 10, 14, 19, 23, 25, 28, 30, 32, 34, 36, 37, 45, 49, 52, 55]",48,12,False
trafo,13,57,75,2,96.49122807017544,18,100.0,18,0,0.0006980000180192292,"[0, 3, 8, 14, 19, 23, 25, 28, 30, 32, 34, 36, 37, 40, 45, 49, 52, 55]",42,10,False
trafo,14,57,75,2,96.49122807017544,18,100.0,18,0,0.0006962999468669295,"[0, 3, 8, 14, 19, 23, 25, 28, 30, 32, 34, 35, 37, 40, 45, 49, 52, 56]",55,39,False
trafo,15,57,75,2,98.24561403508773,18,100.0,18,0,0.0007195999496616423,"[0, 3, 8, 10, 14, 19, 23, 25, 28, 30, 32, 34, 36, 37, 45, 49, 52, 55]",56,38,False
trafo,16,57,75,2,96.49122807017544,18,100.0,19,1,0.0007276000105775893,"[0, 3, 5, 10, 12, 14, 19, 23, 25, 28, 30, 32, 34, 36, 37, 45, 50, 53, 55]",54,8,False
line,0,57,76,1,96.49122807017544,18,100.0,20,2,0.0008294999715872109,"[0, 1, 3, 5, 10, 12, 14, 19, 23, 24, 25, 28, 31, 34, 36, 37, 45, 50, 53, 55]",0,1,False
line,1,57,76,1,98.24561403508773,18,100.0,19,1,0.000735500012524426,"[0, 3, 5, 10, 12, 14, 19, 23, 24, 25, 28, 31, 34, 36, 37, 45, 50, 53, 55]",1,2,False
line,2,57,76,1,98.24561403508773,18,100.0,19,1,0.0007341000018641353,"[0, 5, 8, 10, 12, 14, 18, 19, 23, 24, 27, 31, 34, 36, 37, 45, 50, 52, 55]",2,3,False
line,3,57,76,1,96.49122807017544,18,100.0,19,1,0.0007703000446781516,"[0, 5, 8, 10, 12, 14, 18, 19, 23, 24, 27, 31, 34, 36, 37, 45, 50, 52, 55]",3,4,False
line,4,57,76,1,96.49122807017544,18,100.0,19,1,0.0010415000142529607,"[0, 3, 6, 8, 10, 12, 14, 19, 23, 24, 26, 31, 34, 36, 37, 45, 50, 52, 55]",3,5,False
line,5,57,76,1,98.24561403508773,18,100.0,19,1,0.0007302999729290605,"[0, 3, 5, 10, 12, 14, 19, 23, 24, 25, 28, 31, 34, 36, 37, 45, 50, 53, 55]",5,6,False
line,6,57,76,1,98.24561403508773,18,100.0,19,1,0.0007633999921381474,"[0, 3, 6, 10, 12, 14, 19, 23, 24, 25, 28, 31, 34, 36, 37, 45, 50, 53, 55]",5,7,False
line,7,57,77,1,98.24561403508773,18,100.0,19,1,0.0008199000149033964,"[0, 3, 5, 10, 12, 14, 19, 23, 24, 25, 28, 31, 34, 36, 37, 45, 50, 53, 55]",7,8,False
line,8,57,76,1,96.49122807017544,18,100.0,19,1,0.000987800012808293,"[0, 3, 5, 10, 12, 14, 19, 23, 24, 25, 28, 31, 34, 36, 37, 45, 50, 53, 55]",8,9,False
line,9,57,76,1,98.24561403508773,18,100.0,19,1,0.0007681000279262662,"[0, 3, 5, 10, 12, 14, 19, 23, 24, 25, 28, 31, 34, 36, 37, 45, 50, 53, 55]",8,10,False
line,10,57,76,1,96.49122807017544,18,100.0,19,1,0.000727199949324131,"[0, 3, 5, 10, 12, 14, 19, 23, 24, 25, 28, 31, 34, 36, 37, 45, 50, 53, 55]",8,11,False
line,11,57,76,1,98.24561403508773,18,100.0,18,0,0.0007387000368908048,"[0, 3, 5, 11, 14, 19, 23, 24, 25, 28, 31, 35, 37, 38, 40, 45, 49, 53]",8,12,False
line,12,57,76,1,98.24561403508773,18,100.0,19,1,0.0007540999795310199,"[0, 3, 5, 8, 10, 14, 19, 23, 24, 25, 28, 31, 34, 36, 37, 45, 49, 52, 55]",12,13,False
line,13,57,76,1,98.24561403508773,18,100.0,19,1,0.0007323000463657081,"[0, 3, 5, 8, 10, 14, 19, 23, 24, 25, 28, 31, 34, 36, 37, 45, 49, 52, 55]",12,14,False
line,14,57,76,1,98.24561403508773,18,100.0,19,1,0.0011844999971799552,"[0, 3, 5, 10, 12, 14, 19, 23, 24, 25, 28, 31, 34, 36, 37, 45, 50, 53, 55]",0,14,False
line,15,57,76,1,96.49122807017544,18,100.0,20,2,0.0010017000022344291,"[0, 3, 5, 10, 11, 12, 14, 19, 23, 24, 25, 28, 31, 34, 36, 37, 45, 50, 53, 55]",0,15,False
line,16,57,76,1,96.49122807017544,18,100.0,20,2,0.000833700003568083,"[0, 3, 5, 10, 11, 12, 14, 19, 23, 24, 25, 28, 31, 34, 36, 37, 45, 50, 53, 55]",0,16,False
line,17,57,76,1,98.24561403508773,18,100.0,19,1,0.0008181000011973083,"[0, 3, 5, 10, 12, 14, 19, 23, 24, 25, 28, 31, 34, 36, 37, 45, 50, 53, 55]",2,14,False
line,18,57,76,1,98.24561403508773,18,100.0,19,1,0.0007560999947600067,"[0, 3, 5, 10, 12, 14, 19, 23, 24, 25, 28, 31, 34, 36, 37, 45, 50, 53, 55]",4,5,False
line,19,57,76,1,98.24561403508773,18,100.0,19,1,0.0011808000272139907,"[0, 3, 5, 10, 12, 14, 19, 23, 24, 25, 28, 31, 34, 36, 37, 45, 50, 53, 55]",6,7,False
line,20,57,76,1,98.24561403508773,18,100.0,19,1,0.0012271999730728567,"[0, 3, 5, 10, 12, 14, 19, 23, 24, 25, 28, 31, 34, 36, 37, 45, 50, 53, 55]",9,11,False
line,21,57,76,1,98.24561403508773,18,100.0,19,1,0.0007479000487364829,"[0, 3, 5, 8, 10, 14, 19, 23, 24, 25, 28, 31, 34, 36, 37, 45, 49, 52, 55]",10,12,False
line,22,57,76,1,98.24561403508773,18,100.0,19,1,0.0007489999989047647,"[0, 3, 5, 8, 10, 14, 19, 23, 24, 25, 28, 31, 34, 36, 37, 45, 49, 52, 55]",11,12,False
line,23,57,76,1,98.24561403508773,18,100.0,19,1,0.0007359999581240118,"[0, 3, 5, 10, 12, 14, 19, 23, 24, 25, 28, 31, 34, 36, 37, 45, 50, 53, 55]",11,15,False
line,24,57,76,1,98.24561403508773,18,100.0,19,1,0.0008447000291198492,"[0, 3, 5, 10, 12, 14, 19, 23, 24, 25, 28, 31, 34, 36, 37, 45, 50, 53, 55]",11,16,False
line,25,57,76,1,98.24561403508773,18,100.0,19,1,0.0007502000080421567,"[0, 3, 5, 10, 12, 14, 19, 23, 24, 25, 28, 31, 34, 36, 37, 45, 50, 53, 55]",13,14,False
line,26,57,76,1,98.24561403508773,18,100.0,19,1,0.0007319999858736992,"[0, 3, 5, 10, 12, 14, 19, 23, 24, 25, 28, 31, 34, 36, 37, 45, 50, 53, 55]",17,18,False
line,27,57,76,1,96.49122807017544,18,100.0,20,2,0.0007962000090628862,"[0, 3, 5, 10, 12, 14, 17, 19, 23, 24, 25, 28, 31, 34, 36, 37, 45, 50, 53, 55]",18,19,False
line,28,57,76,1,98.24561403508773,18,100.0,19,1,0.0014773000148124993,"[0, 3, 5, 10, 12, 14, 19, 23, 24, 25, 28, 31, 34, 36, 37, 45, 50, 53, 55]",20,21,False
line,29,57,76,1,98.24561403508773,18,100.0,19,1,0.0007378000300377607,"[0, 3, 5, 10, 12, 14, 19, 23, 24, 25, 28, 31, 34, 36, 37, 45, 50, 53, 55]",21,22,False
line,30,57,76,1,96.49122807017544,18,100.0,20,2,0.000825399998575449,"[0, 3, 5, 10, 12, 14, 19, 21, 23, 24, 25, 28, 31, 34, 36, 37, 45, 50, 53, 55]",22,23,False
line,31,57,76,1,96.49122807017544,18,100.0,19,1,0.0007317999843508005,"[0, 3, 5, 10, 12, 14, 19, 23, 24, 26, 28, 31, 34, 36, 37, 45, 50, 53, 55]",25,26,False
line,32,57,76,1,98.24561403508773,18,100.0,19,1,0.0009739000233821571,"[0, 3, 5, 10, 12, 14, 19, 23, 24, 25, 28, 31, 34, 36, 37, 45, 50, 53, 55]",26,27,False
line,33,57,76,1,96.49122807017544,18,100.0,19,1,0.001124400005210191,"[0, 3, 6, 8, 10, 12, 14, 19, 23, 24, 26, 31, 34, 36, 37, 45, 50, 52, 55]",27,28,False
line,34,57,76,1,96.49122807017544,18,100.0,19,1,0.001215800002682954,"[0, 3, 5, 10, 12, 14, 19, 23, 25, 28, 29, 31, 34, 36, 37, 45, 50, 53, 55]",24,29,False
line,35,57,76,1,98.24561403508773,18,100.0,19,1,0.0007290999637916684,"[0, 3, 5, 10, 12, 14, 19, 23, 24, 25, 28, 31, 34, 36, 37, 45, 50, 53, 55]",29,30,False
line,36,57,76,1,96.49122807017544,18,100.0,19,1,0.0007754999678581953,"[0, 3, 5, 10, 12, 14, 19, 23, 25, 28, 29, 31, 34, 36, 37, 45, 50, 53, 55]",30,31,False
line,37,57,76,2,96.49122807017544,18,100.0,19,1,0.0008108000038191676,"[0, 3, 5, 10, 12, 14, 19, 23, 25, 28, 30, 32, 34, 36, 37, 45, 50, 53, 55]",31,32,False
line,38,57,76,1,98.24561403508773,18,100.0,19,1,0.0007786000496707857,"[0, 3, 5, 10, 12, 14, 19, 23, 24, 25, 28, 31, 34, 36, 37, 45, 50, 53, 55]",33,34,False
line,39,57,76,1,98.24561403508773,18,100.0,19,1,0.000804100011009723,"[0, 3, 5, 10, 12, 14, 19, 23, 24, 25, 28, 31, 33, 36, 37, 45, 50, 53, 55]",34,35,False
line,40,57,76,1,98.24561403508773,18,100.0,19,1,0.0007357000140473247,"[0, 3, 5, 10, 12, 14, 19, 23, 24, 25, 28, 31, 34, 36, 37, 45, 50, 53, 55]",35,36,False
line,41,57,76,1,98.24561403508773,18,100.0,19,1,0.0009524999768473208,"[0, 3, 5, 10, 12, 18, 21, 23, 24, 25, 28, 31, 35, 36, 43, 46, 50, 53, 55]",36,37,False
line,42,57,76,1,96.49122807017544,18,100.0,19,1,0.0007329999934881926,"[0, 3, 5, 10, 12, 14, 19, 23, 24, 25, 28, 31, 34, 37, 38, 45, 50, 53, 55]",36,38,False
line,43,57,76,1,98.24561403508773,18,100.0,19,1,0.0007330999942496419,"[0, 3, 5, 10, 12, 14, 19, 23, 24, 25, 28, 31, 34, 36, 37, 45, 50, 53, 55]",35,39,False
line,44,57,76,1,96.49122807017544,18,100.0,19,1,0.0007396999862976372,"[0, 3, 5, 10, 12, 19, 20, 23, 24, 25, 28, 31, 33, 36, 43, 46, 50, 53, 55]",21,37,False
line,45,57,76,1,98.24561403508773,18,100.0,19,1,0.0006957000005058944,"[0, 3, 5, 10, 12, 14, 19, 23, 24, 25, 28, 31, 34, 36, 37, 45, 50, 53, 55]",40,41,False
line,46,57,76,1,98.24561403508773,18,100.0,19,1,0.0007257000543177128,"[0, 3, 5, 10, 12, 14, 19, 23, 24, 25, 28, 31, 34, 36, 37, 45, 50, 53, 55]",40,42,False
line,47,57,76,1,96.49122807017544,18,100.0,19,1,0.001233500021044165,"[0, 3, 5, 10, 12, 18, 21, 23, 24, 25, 28, 31, 35, 36, 43, 46, 50, 53, 55]",37,43,False
line,48,57,76,1,96.49122807017544,18,100.0,20,2,0.000790499965660274,"[0, 3, 5, 10, 12, 13, 14, 19, 23, 24, 25, 28, 31, 34, 36, 37, 46, 50, 53, 55]",45,46,False
line,49,57,76,1,98.24561403508773,18,100.0,19,1,0.0007668000180274248,"[0, 3, 5, 10, 12, 14, 19, 23, 24, 25, 28, 31, 34, 36, 37, 45, 50, 53, 55]",46,47,False
line,50,57,76,1,98.24561403508773,18,100.0,19,1,0.0010458000469952822,"[0, 3, 5, 10, 12, 14, 19, 23, 24, 25, 28, 31, 34, 36, 37, 45, 50, 53, 55]",47,48,False
line,51,57,76,1,98.24561403508773,18,100.0,19,1,0.0013679999974556267,"[0, 3, 5, 10, 12, 14, 19, 23, 24, 25, 28, 31, 34, 36, 37, 45, 50, 53, 55]",48,49,False
line,52,57,76,1,96.49122807017544,18,100.0,20,2,0.0008702999912202358,"[0, 3, 5, 9, 10, 12, 14, 19, 23, 24, 25, 28, 31, 34, 36, 37, 45, 48, 53, 55]",49,50,False
line,53,57,76,1,98.24561403508773,18,100.0,19,1,0.0007324999896809459,"[0, 3, 6, 8, 10, 12, 14, 19, 23, 24, 26, 31, 34, 36, 37, 45, 50, 52, 55]",28,51,False
line,54,57,76,1,98.24561403508773,18,100.0,19,1,0.000867700029630214,"[0, 3, 5, 10, 12, 14, 19, 23, 24, 25, 28, 31, 34, 36, 37, 45, 50, 53, 55]",51,52,False
line,55,57,76,1,96.49122807017544,18,100.0,20,2,0.0007615999784320593,"[0, 3, 5, 10, 12, 14, 19, 23, 24, 25, 28, 31, 34, 36, 37, 45, 50, 51, 53, 55]",52,53,False
line,56,57,76,1,98.24561403508773,18,100.0,20,2,0.000763599993661046,"[0, 3, 5, 8, 10, 12, 14, 19, 23, 24, 25, 28, 31, 34, 36, 37, 45, 50, 52, 55]",53,54,False
line,57,57,76,1,98.24561403508773,18,100.0,19,1,0.0008930999902077019,"[0, 3, 5, 10, 12, 14, 19, 23, 24, 25, 28, 31, 34, 36, 37, 45, 50, 53, 55]",43,44,False
line,58,57,76,1,98.24561403508773,18,100.0,19,1,0.0007531999726779759,"[0, 3, 5, 10, 12, 14, 19, 23, 24, 25, 28, 31, 34, 36, 37, 45, 50, 53, 55]",55,40,False
line,59,57,76,1,96.49122807017544,18,100.0,18,0,0.0007067000260576606,"[0, 3, 5, 12, 14, 19, 23, 24, 25, 28, 31, 35, 37, 38, 40, 45, 50, 53]",55,41,False
line,60,57,76,1,96.49122807017544,18,100.0,18,0,0.0007681999704800546,"[0, 3, 5, 12, 14, 19, 23, 24, 25, 28, 31, 35, 37, 38, 40, 45, 50, 53]",56,55,False
line,61,57,76,1,98.24561403508773,18,100.0,19,1,0.0008017999934963882,"[0, 3, 5, 10, 12, 14, 19, 23, 24, 25, 28, 31, 34, 36, 37, 45, 50, 53, 55]",37,48,False
line,62,57,76,1,96.49122807017544,18,100.0,19,1,0.0007350000087171793,"[0, 3, 5, 10, 12, 18, 21, 23, 24, 25, 28, 31, 35, 36, 43, 46, 50, 53, 55]",37,47,False
trafo,0,57,77,1,98.24561403508773,18,100.0,19,1,0.0007734999526292086,"[0, 3, 5, 10, 12, 14, 19, 23, 24, 25, 28, 31, 34, 36, 37, 45, 50, 53, 55]",17,3,False
trafo,1,57,77,1,98.24561403508773,18,100.0,19,1,0.0007376999710686505,"[0, 3, 5, 10, 12, 14, 19, 23, 24, 25, 28, 31, 34, 36, 37, 45, 50, 53, 55]",17,3,False
trafo,2,57,76,1,96.49122807017544,18,100.0,20,2,0.0007691000355407596,"[0, 3, 5, 10, 12, 14, 18, 20, 23, 24, 25, 28, 31, 34, 36, 37, 45, 50, 53, 55]",19,20,False
trafo,3,57,77,1,98.24561403508773,18,100.0,19,1,0.0010079999919980764,"[0, 3, 5, 10, 12, 14, 19, 23, 24, 25, 28, 31, 34, 36, 37, 45, 50, 53, 55]",24,23,False
trafo,4,57,76,1,98.24561403508773,18,100.0,19,1,0.00074970000423491,"[0, 3, 5, 10, 12, 14, 19, 23, 24, 25, 28, 31, 34, 36, 37, 45, 50, 53, 55]",24,23,False
trafo,5,57,76,1,98.24561403508773,18,100.0,19,1,0.0006963000050745904,"[0, 3, 5, 10, 12, 14, 19, 23, 24, 25, 28, 31, 34, 36, 37, 45, 50, 53, 55]",25,23,False
trafo,6,57,76,1,96.49122807017544,18,100.0,19,1,0.0007308999774977565,"[0, 3, 5, 8, 10, 12, 14, 19, 23, 24, 27, 31, 34, 36, 37, 45, 50, 52, 55]",28,6,False
trafo,7,57,76,1,98.24561403508773,18,100.0,19,1,0.0012461000005714595,"[0, 3, 5, 10, 12, 14, 19, 23, 25, 28, 30, 31, 34, 36, 37, 45, 50, 53, 55]",31,33,False
trafo,8,57,76,1,98.24561403508773,18,100.0,19,1,0.0007334999972954392,"[0, 3, 5, 10, 12, 14, 19, 23, 24, 25, 28, 31, 34, 36, 37, 45, 50, 53, 55]",40,10,False
trafo,9,57,76,1,96.49122807017544,18,100.0,19,1,0.000756199995521456,"[0, 3, 5, 10, 12, 19, 23, 24, 25, 28, 31, 34, 36, 37, 43, 45, 50, 53, 55]",44,14,False
trafo,10,57,76,1,98.24561403508773,18,100.0,19,1,0.001080599962733686,"[0, 3, 5, 10, 12, 14, 19, 23, 24, 25, 28, 31, 34, 36, 37, 45, 50, 53, 55]",45,13,False
trafo,11,57,76,1,98.24561403508773,18,100.0,20,2,0.0007602999685332179,"[0, 3, 5, 8, 10, 12, 14, 19, 23, 24, 25, 28, 31, 34, 36, 37, 45, 49, 53, 55]",50,9,False
trafo,12,57,76,1,98.24561403508773,18,100.0,19,1,0.0007388000376522541,"[0, 3, 5, 8, 10, 14, 19, 23, 24, 25, 28, 31, 34, 36, 37, 45, 49, 52, 55]",48,12,False
trafo,13,57,76,1,96.49122807017544,18,100.0,19,1,0.0008120000129565597,"[0, 3, 5, 12, 14, 19, 23, 24, 25, 28, 31, 34, 36, 37, 40, 45, 50, 53, 55]",42,10,False
trafo,14,57,76,1,96.49122807017544,18,100.0,18,0,0.0007383999763987958,"[0, 3, 5, 12, 14, 19, 23, 24, 25, 28, 31, 35, 37, 38, 40, 45, 50, 53]",55,39,False
trafo,15,57,76,1,98.24561403508773,18,100.0,19,1,0.0007812000112608075,"[0, 3, 5, 10, 12, 14, 19, 23, 24, 25, 28, 31, 34, 36, 37, 45, 50, 53, 55]",56,38,False
trafo,16,57,76,1,96.49122807017544,18,100.0,19,1,0.0008340999484062195,"[0, 3, 5, 10, 12, 14, 19, 23, 24, 25, 28, 31, 34, 36, 37, 45, 50, 53, 55]",54,8,False
line,0,57,74,1,98.24561403508773,18,100.0,20,2,0.0007923999801278114,"[0, 1, 3, 8, 10, 12, 14, 19, 23, 24, 25, 28, 31, 34, 36, 37, 45, 49, 52, 55]",0,1,False
line,1,57,74,1,100.0,18,100.0,19,1,0.0007300999714061618,"[0, 3, 8, 10, 12, 14, 19, 23, 24, 25, 28, 31, 34, 36, 37, 45, 49, 52, 55]",1,2,True
line,2,57,74,1,100.0,18,100.0,19,1,0.0012380999978631735,"[0, 5, 8, 10, 12, 14, 18, 19, 23, 24, 27, 31, 34, 36, 37, 45, 50, 52, 55]",2,3,True
line,3,57,74,1,98.24561403508773,18,100.0,19,1,0.0007465999806299806,"[0, 5, 8, 10, 12, 14, 18, 19, 23, 24, 27, 31, 34, 36, 37, 45, 50, 52, 55]",3,4,False
line,4,57,74,1,98.24561403508773,18,100.0,19,1,0.0007288000197149813,"[0, 3, 6, 8, 10, 12, 14, 19, 23, 24, 26, 31, 34, 36, 37, 45, 50, 52, 55]",3,5,False
line,5,57,74,1,100.0,18,100.0,19,1,0.0010944000096060336,"[0, 3, 8, 10, 12, 14, 19, 23, 24, 25, 28, 31, 34, 36, 37, 45, 49, 52, 55]",5,6,True
line,6,57,74,1,100.0,18,100.0,19,1,0.000699099968187511,"[0, 3, 8, 10, 12, 14, 19, 23, 24, 25, 28, 31, 34, 36, 37, 45, 49, 52, 55]",5,7,True
line,7,57,74,1,98.24561403508773,18,100.0,19,1,0.0007291999645531178,"[0, 3, 5, 10, 12, 14, 19, 23, 24, 25, 28, 31, 34, 36, 37, 45, 50, 53, 55]",7,8,False
line,8,57,74,1,98.24561403508773,18,100.0,19,1,0.0007252999930642545,"[0, 3, 5, 10, 12, 14, 19, 23, 24, 25, 28, 31, 34, 36, 37, 45, 50, 53, 55]",8,9,False
line,9,57,75,1,100.0,18,100.0,19,1,0.0007323999889194965,"[0, 3, 8, 10, 12, 14, 19, 23, 24, 25, 28, 31, 34, 36, 37, 45, 49, 52, 55]",8,10,True
line,10,57,74,1,98.24561403508773,18,100.0,19,1,0.0011181000154465437,"[0, 3, 8, 10, 12, 14, 19, 23, 24, 25, 28, 31, 34, 36, 37, 45, 49, 52, 55]",8,11,False
line,11,57,74,1,100.0,18,100.0,19,1,0.0008703999919816852,"[0, 3, 5, 10, 11, 14, 19, 23, 24, 25, 28, 31, 34, 36, 37, 45, 49, 53, 55]",8,12,True
line,12,57,74,1,100.0,18,100.0,18,0,0.0006972000119276345,"[0, 3, 8, 10, 14, 19, 23, 24, 25, 28, 31, 34, 36, 37, 45, 49, 52, 55]",12,13,True
line,13,57,74,1,100.0,18,100.0,18,0,0.0013435999862849712,"[0, 3, 8, 10, 14, 19, 23, 24, 25, 28, 31, 34, 36, 37, 45, 49, 52, 55]",12,14,True
line,14,57,74,1,100.0,18,100.0,19,1,0.0007592000183649361,"[0, 3, 8, 10, 12, 14, 19, 23, 24, 25, 28, 31, 34, 36, 37, 45, 49, 52, 55]",0,14,True
line,15,57,74,1,98.24561403508773,18,100.0,20,2,0.0009094999986700714,"[0, 3, 8, 10, 11, 12, 14, 19, 23, 24, 25, 28, 31, 34, 36, 37, 45, 49, 52, 55]",0,15,False
line,16,57,74,1,98.24561403508773,18,100.0,20,2,0.0008256000000983477,"[0, 3, 8, 10, 11, 12, 14, 19, 23, 24, 25, 28, 31, 34, 36, 37, 45, 49, 52, 55]",0,16,False
line,17,57,74,1,100.0,18,100.0,19,1,0.0007329999934881926,"[0, 3, 8, 10, 12, 14, 19, 23, 24, 25, 28, 31, 34, 36, 37, 45, 49, 52, 55]",2,14,True
line,18,57,74,1,100.0,18,100.0,19,1,0.0013744000461883843,"[0, 3, 8, 10, 12, 14, 19, 23, 24, 25, 28, 31, 34, 36, 37, 45, 49, 52, 55]",4,5,True
line,19,57,74,1,100.0,18,100.0,19,1,0.0008538999827578664,"[0, 3, 8, 10, 12, 14, 19, 23, 24, 25, 28, 31, 34, 36, 37, 45, 49, 52, 55]",6,7,True
line,20,57,74,1,100.0,18,100.0,19,1,0.0010858000023290515,"[0, 3, 8, 10, 12, 14, 19, 23, 24, 25, 28, 31, 34, 36, 37, 45, 49, 52, 55]",9,11,True
line,21,57,74,1,100.0,18,100.0,18,0,0.0007063000230118632,"[0, 3, 8, 10, 14, 19, 23, 24, 25, 28, 31, 34, 36, 37, 45, 49, 52, 55]",10,12,True
line,22,57,74,1,100.0,18,100.0,18,0,0.0006926999776624143,"[0, 3, 8, 10, 14, 19, 23, 24, 25, 28, 31, 34, 36, 37, 45, 49, 52, 55]",11,12,True
line,23,57,74,1,100.0,18,100.0,19,1,0.0007919000345282257,"[0, 3, 8, 10, 12, 14, 19, 23, 24, 25, 28, 31, 34, 36, 37, 45, 49, 52, 55]",11,15,True
line,24,57,74,1,100.0,18,100.0,19,1,0.0007266000029630959,"[0, 3, 8, 10, 12, 14, 19, 23, 24, 25, 28, 31, 34, 36, 37, 45, 49, 52, 55]",11,16,True
line,25,57,74,1,100.0,18,100.0,19,1,0.0007485999958589673,"[0, 3, 8, 10, 12, 14, 19, 23, 24, 25, 28, 31, 34, 36, 37, 45, 49, 52, 55]",13,14,True
line,26,57,74,1,100.0,18,100.0,19,1,0.0009508999646641314,"[0, 3, 8, 10, 12, 14, 19, 23, 24, 25, 28, 31, 34, 36, 37, 45, 49, 52, 55]",17,18,True
line,27,57,74,1,98.24561403508773,18,100.0,20,2,0.0007606999715790153,"[0, 3, 8, 10, 12, 14, 17, 19, 23, 24, 25, 28, 31, 34, 36, 37, 45, 49, 52, 55]",18,19,False
line,28,57,74,1,100.0,18,100.0,19,1,0.0007263000006787479,"[0, 3, 8, 10, 12, 14, 19, 23, 24, 25, 28, 31, 34, 36, 37, 45, 49, 52, 55]",20,21,True
line,29,57,74,1,100.0,18,100.0,19,1,0.0007270000060088933,"[0, 3, 8, 10, 12, 14, 19, 23, 24, 25, 28, 31, 34, 36, 37, 45, 49, 52, 55]",21,22,True
line,30,57,74,1,98.24561403508773,18,100.0,20,2,0.000854700047057122,"[0, 3, 8, 10, 12, 14, 19, 21, 23, 24, 25, 28, 31, 34, 36, 37, 45, 49, 52, 55]",22,23,False
line,31,57,74,1,98.24561403508773,18,100.0,19,1,0.0009864000021480024,"[0, 3, 8, 10, 12, 14, 19, 23, 24, 26, 28, 31, 34, 36, 37, 45, 49, 52, 55]",25,26,False
line,32,57,74,1,100.0,18,100.0,19,1,0.000686699990183115,"[0, 3, 8, 10, 12, 14, 19, 23, 24, 25, 28, 31, 34, 36, 37, 45, 49, 52, 55]",26,27,True
line,33,57,74,1,98.24561403508773,18,100.0,19,1,0.0007668000180274248,"[0, 3, 6, 8, 10, 12, 14, 19, 23, 24, 26, 31, 34, 36, 37, 45, 50, 52, 55]",27,28,False
line,34,57,74,1,98.24561403508773,18,100.0,19,1,0.0009846999892033637,"[0, 3, 8, 10, 12, 14, 19, 23, 25, 28, 29, 31, 34, 36, 37, 45, 49, 52, 55]",24,29,False
line,35,57,74,1,100.0,18,100.0,19,1,0.0007405999931506813,"[0, 3, 8, 10, 12, 14, 19, 23, 24, 25, 28, 31, 34, 36, 37, 45, 49, 52, 55]",29,30,True
line,36,57,74,1,98.24561403508773,18,100.0,19,1,0.0007943999953567982,"[0, 3, 8, 10, 12, 14, 19, 23, 25, 28, 29, 31, 34, 36, 37, 45, 49, 52, 55]",30,31,False
line,37,57,74,2,98.24561403508773,18,100.0,19,1,0.0007534999749623239,"[0, 3, 8, 10, 12, 14, 19, 23, 25, 28, 30, 32, 34, 36, 37, 45, 49, 52, 55]",31,32,False
line,38,57,74,1,100.0,18,100.0,19,1,0.0008278000168502331,"[0, 3, 8, 10, 12, 14, 19, 23, 24, 25, 28, 31, 34, 36, 37, 45, 49, 52, 55]",33,34,True
line,39,57,74,1,98.24561403508773,18,100.0,20,2,0.000754999986384064,"[0, 3, 8, 10, 12, 14, 19, 23, 24, 25, 28, 31, 33, 35, 36, 37, 45, 49, 52, 55]",34,35,False
line,40,57,75,1,100.0,18,100.0,19,1,0.0007230999763123691,"[0, 3, 8, 10, 12, 14, 19, 23, 24, 25, 28, 31, 34, 36, 37, 45, 49, 52, 55]",35,36,True
line,41,57,74,1,100.0,18,100.0,19,1,0.0007391999824903905,"[0, 3, 8, 10, 12, 18, 21, 23, 24, 25, 28, 31, 34, 36, 43, 46, 49, 52, 55]",36,37,True
line,42,57,74,1,98.24561403508773,18,100.0,19,1,0.000768299971241504,"[0, 3, 8, 10, 12, 14, 19, 23, 24, 25, 28, 31, 34, 37, 38, 45, 49, 52, 55]",36,38,False
line,43,57,74,1,100.0,18,100.0,19,1,0.000763599993661046,"[0, 3, 8, 10, 12, 14, 19, 23, 24, 25, 28, 31, 34, 36, 37, 45, 49, 52, 55]",35,39,True
line,44,57,74,1,98.24561403508773,18,100.0,20,2,0.0009441999718546867,"[0, 3, 8, 10, 12, 14, 19, 20, 23, 24, 25, 28, 31, 34, 36, 37, 45, 49, 52, 55]",21,37,False
line,45,57,74,1,100.0,18,100.0,19,1,0.0007343000033870339,"[0, 3, 8, 10, 12, 14, 19, 23, 24, 25, 28, 31, 34, 36, 37, 45, 49, 52, 55]",40,41,True
line,46,57,74,1,100.0,18,100.0,19,1,0.0007237999816425145,"[0, 3, 8, 10, 12, 14, 19, 23, 24, 25, 28, 31, 34, 36, 37, 45, 49, 52, 55]",40,42,True
line,47,57,74,1,98.24561403508773,18,100.0,19,1,0.000727799953892827,"[0, 3, 8, 10, 12, 18, 21, 23, 24, 25, 28, 31, 34, 36, 43, 46, 49, 52, 55]",37,43,False
line,48,57,74,1,98.24561403508773,18,100.0,20,2,0.0012404000153765082,"[0, 3, 8, 10, 12, 13, 14, 19, 23, 24, 25, 28, 31, 34, 36, 37, 46, 49, 52, 55]",45,46,False
line,49,57,74,1,100.0,18,100.0,19,1,0.0008770000422373414,"[0, 3, 8, 10, 12, 14, 19, 23, 24, 25, 28, 31, 34, 36, 37, 45, 49, 52, 55]",46,47,True
line,50,57,74,1,100.0,18,100.0,19,1,0.0008888000156730413,"[0, 3, 8, 10, 12, 14, 19, 23, 24, 25, 28, 31, 34, 36, 37, 45, 49, 52, 55]",47,48,True
line,51,57,74,1,100.0,18,100.0,19,1,0.0009742000256665051,"[0, 3, 8, 10, 12, 14, 19, 23, 24, 25, 28, 31, 34, 36, 37, 45, 49, 52, 55]",48,49,True
line,52,57,74,1,98.24561403508773,18,100.0,20,2,0.0008129000198096037,"[0, 3, 8, 9, 10, 12, 14, 19, 23, 24, 25, 28, 31, 34, 36, 37, 45, 48, 52, 55]",49,50,False
line,53,57,74,1,100.0,18,100.0,19,1,0.0012040999718010426,"[0, 3, 6, 8, 10, 12, 14, 19, 23, 24, 26, 31, 34, 36, 37, 45, 50, 52, 55]",28,51,True
line,54,57,74,1,100.0,18,100.0,19,1,0.0007802000036463141,"[0, 3, 8, 10, 12, 14, 19, 23, 24, 25, 28, 31, 34, 36, 37, 45, 49, 52, 55]",51,52,True
line,55,57,74,1,98.24561403508773,18,100.0,20,2,0.0007876000017859042,"[0, 3, 8, 10, 12, 14, 19, 23, 24, 25, 28, 31, 34, 36, 37, 45, 49, 51, 53, 55]",52,53,False
line,56,57,74,1,100.0,18,100.0,19,1,0.0012104000197723508,"[0, 3, 8, 10, 12, 14, 19, 23, 24, 25, 28, 31, 34, 36, 37, 45, 49, 52, 55]",53,54,True
line,57,57,74,1,100.0,18,100.0,19,1,0.0013321999576874077,"[0, 3, 8, 10, 12, 14, 19, 23, 24, 25, 28, 31, 34, 36, 37, 45, 49, 52, 55]",43,44,True
line,58,57,74,1,98.24561403508773,18,100.0,19,1,0.0008230000385083258,"[0, 3, 8, 12, 14, 19, 23, 24, 25, 28, 31, 34, 36, 37, 40, 45, 49, 52, 55]",55,40,False
line,59,57,74,1,98.24561403508773,18,100.0,18,0,0.0007404999923892319,"[0, 3, 8, 12, 14, 19, 23, 24, 25, 28, 31, 35, 37, 38, 40, 45, 49, 52]",55,41,False
line,60,57,74,1,98.24561403508773,18,100.0,18,0,0.0007946999976411462,"[0, 3, 8, 12, 14, 19, 23, 24, 25, 28, 31, 35, 37, 38, 40, 45, 49, 52]",56,55,False
line,61,57,74,1,100.0,18,100.0,19,1,0.0008761999779380858,"[0, 3, 8, 10, 12, 14, 19, 23, 24, 25, 28, 31, 34, 36, 37, 45, 49, 52, 55]",37,48,True
line,62,57,74,1,98.24561403508773,18,100.0,19,1,0.0007634999928995967,"[0, 3, 8, 10, 12, 18, 21, 23, 24, 25, 28, 31, 34, 36, 43, 46, 49, 52, 55]",37,47,False
trafo,0,57,75,1,100.0,18,100.0,19,1,0.0007731000077910721,"[0, 3, 8, 10, 12, 14, 19, 23, 24, 25, 28, 31, 34, 36, 37, 45, 49, 52, 55]",17,3,True
trafo,1,57,75,1,100.0,18,100.0,19,1,0.0007350000087171793,"[0, 3, 8, 10, 12, 14, 19, 23, 24, 25, 28, 31, 34, 36, 37, 45, 49, 52, 55]",17,3,True
trafo,2,57,74,1,98.24561403508773,18,100.0,20,2,0.0007766999769955873,"[0, 3, 8, 10, 12, 14, 18, 20, 23, 24, 25, 28, 31, 34, 36, 37, 45, 49, 52, 55]",19,20,False
trafo,3,57,75,1,100.0,18,100.0,19,1,0.002018700004555285,"[0, 3, 8, 10, 12, 14, 19, 23, 24, 25, 28, 31, 34, 36, 37, 45, 49, 52, 55]",24,23,True
trafo,4,57,74,1,100.0,18,100.0,19,1,0.00089640001533553,"[0, 3, 8, 10, 12, 14, 19, 23, 24, 25, 28, 31, 34, 36, 37, 45, 49, 52, 55]",24,23,True
trafo,5,57,74,1,100.0,18,100.0,19,1,0.0008496999507769942,"[0, 3, 8, 10, 12, 14, 19, 23, 24, 25, 28, 31, 34, 36, 37, 45, 49, 52, 55]",25,23,True
trafo,6,57,74,1,98.24561403508773,18,100.0,19,1,0.0007410999969579279,"[0, 3, 5, 8, 10, 12, 14, 19, 23, 24, 27, 31, 34, 36, 37, 45, 49, 52, 55]",28,6,False
trafo,7,57,74,1,100.0,18,100.0,19,1,0.0007269000052474439,"[0, 3, 8, 10, 12, 14, 19, 23, 25, 28, 30, 31, 34, 36, 37, 45, 49, 52, 55]",31,33,True
trafo,8,57,75,1,100.0,18,100.0,19,1,0.0007236000383272767,"[0, 3, 8, 10, 12, 14, 19, 23, 24, 25, 28, 31, 34, 36, 37, 45, 49, 52, 55]",40,10,True
trafo,9,57,74,1,98.24561403508773,18,100.0,19,1,0.0007750000222586095,"[0, 3, 8, 10, 12, 19, 23, 24, 25, 28, 31, 34, 36, 37, 43, 45, 49, 52, 55]",44,14,False
trafo,10,57,74,1,100.0,18,100.0,19,1,0.0006864999886602163,"[0, 3, 8, 10, 12, 14, 19, 23, 24, 25, 28, 31, 34, 36, 37, 45, 49, 52, 55]",45,13,True
trafo,11,57,74,1,100.0,18,100.0,19,1,0.0007580000092275441,"[0, 3, 8, 10, 12, 14, 19, 23, 24, 25, 28, 31, 34, 36, 37, 45, 49, 52, 55]",50,9,True
trafo,12,57,74,1,100.0,18,100.0,18,0,0.0007560999947600067,"[0, 3, 8, 10, 14, 19, 23, 24, 25, 28, 31, 34, 36, 37, 45, 49, 52, 55]",48,12,True
trafo,13,57,74,1,98.24561403508773,18,100.0,19,1,0.0007685000309720635,"[0, 3, 8, 12, 14, 19, 23, 24, 25, 28, 31, 34, 36, 37, 40, 45, 49, 52, 55]",42,10,False
trafo,14,57,74,1,98.24561403508773,18,100.0,18,0,0.0006945999921299517,"[0, 3, 8, 12, 14, 19, 23, 24, 25, 28, 31, 35, 37, 38, 40, 45, 49, 52]",55,39,False
trafo,15,57,74,1,100.0,18,100.0,19,1,0.0007261999999172986,"[0, 3, 8, 10, 12, 14, 19, 23, 24, 25, 28, 31, 34, 36, 37, 45, 49, 52, 55]",56,38,True
trafo,16,57,74,1,98.24561403508773,18,100.0,19,1,0.0007571000023745,"[0, 3, 5, 10, 12, 14, 19, 23, 24, 25, 28, 31, 34, 36, 37, 45, 50, 53, 55]",54,8,False
line,0,57,74,1,96.49122807017544,18,100.0,19,1,0.0016179000376723707,"[1, 3, 8, 10, 11, 14, 19, 23, 24, 25, 28, 31, 34, 36, 37, 45, 49, 52, 55]",0,1,False
line,1,57,74,1,98.24561403508773,18,100.0,19,1,0.00072900002123788,"[0, 3, 8, 10, 11, 14, 19, 23, 24, 25, 28, 31, 34, 36, 37, 45, 49, 52, 55]",1,2,False
line,2,57,74,1,98.24561403508773,18,100.0,19,1,0.0007627999875694513,"[0, 3, 8, 10, 11, 14, 19, 23, 24, 25, 28, 31, 34, 36, 37, 45, 49, 52, 55]",2,3,False
line,3,57,74,1,96.49122807017544,18,100.0,19,1,0.0008084999863058329,"[0, 5, 8, 10, 11, 14, 18, 19, 23, 24, 27, 31, 34, 36, 37, 45, 49, 52, 55]",3,4,False
line,4,57,74,1,96.49122807017544,18,100.0,20,2,0.0007712000515311956,"[0, 3, 4, 8, 10, 11, 14, 19, 23, 24, 25, 28, 31, 34, 36, 37, 45, 49, 52, 55]",3,5,False
line,5,57,74,1,98.24561403508773,18,100.0,19,1,0.0007301999721676111,"[0, 3, 8, 10, 11, 14, 19, 23, 24, 25, 28, 31, 34, 36, 37, 45, 49, 52, 55]",5,6,False
line,6,57,74,1,98.24561403508773,18,100.0,19,1,0.0008055999642238021,"[0, 3, 8, 10, 11, 14, 19, 23, 24, 25, 28, 31, 34, 36, 37, 45, 49, 52, 55]",5,7,False
line,7,57,74,1,96.49122807017544,18,100.0,20,2,0.0010554000036790967,"[0, 3, 5, 10, 11, 12, 14, 19, 23, 24, 25, 28, 31, 34, 36, 37, 45, 49, 53, 55]",7,8,False
line,8,57,74,1,96.49122807017544,18,100.0,20,2,0.0007597000221721828,"[0, 3, 5, 10, 11, 12, 14, 19, 23, 24, 25, 28, 31, 34, 36, 37, 45, 49, 53, 55]",8,9,False
line,9,57,74,1,98.24561403508773,18,100.0,20,2,0.0008199000149033964,"[0, 3, 8, 10, 11, 12, 14, 19, 23, 24, 25, 28, 31, 34, 36, 37, 45, 49, 52, 55]",8,10,False
line,10,57,74,1,96.49122807017544,18,100.0,20,2,0.0007812000112608075,"[0, 3, 8, 10, 11, 12, 14, 19, 23, 24, 25, 28, 31, 34, 36, 37, 45, 49, 52, 55]",8,11,False
line,11,57,74,1,98.24561403508773,18,100.0,19,1,0.0007615000358782709,"[0, 3, 8, 10, 11, 14, 19, 23, 24, 25, 28, 31, 34, 36, 37, 45, 49, 52, 55]",8,12,False
line,12,57,74,1,98.24561403508773,18,100.0,19,1,0.0007323999889194965,"[0, 3, 8, 10, 11, 14, 19, 23, 24, 25, 28, 31, 34, 36, 37, 45, 49, 52, 55]",12,13,False
line,13,57,74,1,98.24561403508773,18,100.0,19,1,0.000749099999666214,"[0, 3, 8, 10, 11, 14, 19, 23, 24, 25, 28, 31, 34, 36, 37, 45, 49, 52, 55]",12,14,False
line,14,57,74,1,98.24561403508773,18,100.0,20,2,0.0015871000359766185,"[0, 3, 8, 10, 11, 13, 14, 19, 23, 24, 25, 28, 31, 34, 36, 37, 45, 49, 52, 55]",0,14,False
line,15,57,75,1,98.24561403508773,18,100.0,19,1,0.0011220000451430678,"[0, 3, 8, 10, 11, 14, 19, 23, 24, 25, 28, 31, 34, 36, 37, 45, 49, 52, 55]",0,15,False
line,16,57,74,1,96.49122807017544,18,100.0,19,1,0.0007631999906152487,"[0, 3, 8, 10, 11, 14, 19, 23, 24, 25, 28, 31, 34, 36, 37, 45, 49, 52, 55]",0,16,False
line,17,57,74,1,98.24561403508773,18,100.0,19,1,0.0007634999928995967,"[0, 3, 8, 10, 11, 14, 19, 23, 24, 25, 28, 31, 34, 36, 37, 45, 49, 52, 55]",2,14,False
line,18,57,74,1,98.24561403508773,18,100.0,19,1,0.0008080000407062471,"[0, 3, 8, 10, 11, 14, 19, 23, 24, 25, 28, 31, 34, 36, 37, 45, 49, 52, 55]",4,5,False
line,19,57,74,1,98.24561403508773,18,100.0,19,1,0.001325200020801276,"[0, 3, 8, 10, 11, 14, 19, 23, 24, 25, 28, 31, 34, 36, 37, 45, 49, 52, 55]",6,7,False
line,20,57,74,1,98.24561403508773,18,100.0,19,1,0.0007504000095650554,"[0, 3, 8, 10, 11, 14, 19, 23, 24, 25, 28, 31, 34, 36, 37, 45, 49, 52, 55]",9,11,False
line,21,57,74,1,98.24561403508773,18,100.0,19,1,0.0007287999615073204,"[0, 3, 8, 10, 11, 14, 19, 23, 24, 25, 28, 31, 34, 36, 37, 45, 49, 52, 55]",10,12,False
line,22,57,74,1,98.24561403508773,18,100.0,19,1,0.0008486000006087124,"[0, 3, 8, 10, 11, 14, 19, 23, 24, 25, 28, 31, 34, 36, 37, 45, 49, 52, 55]",11,12,False
line,23,57,74,2,98.24561403508773,18,100.0,19,1,0.0007384999771602452,"[0, 3, 8, 10, 14, 15, 19, 23, 24, 25, 28, 31, 34, 36, 37, 45, 49, 52, 55]",11,15,False
line,24,57,74,1,98.24561403508773,18,100.0,19,1,0.0008001999813131988,"[0, 3, 8, 10, 11, 14, 19, 23, 24, 25, 28, 31, 34, 36, 37, 45, 49, 52, 55]",11,16,False
line,25,57,74,1,98.24561403508773,18,100.0,19,1,0.0008325999951921403,"[0, 3, 8, 10, 11, 14, 19, 23, 24, 25, 28, 31, 34, 36, 37, 45, 49, 52, 55]",13,14,False
line,26,57,74,1,98.24561403508773,18,100.0,19,1,0.0010053000296466053,"[0, 3, 8, 10, 11, 14, 19, 23, 24, 25, 28, 31, 34, 36, 37, 45, 49, 52, 55]",17,18,False
line,27,57,74,1,96.49122807017544,18,100.0,20,2,0.0010226999875158072,"[0, 3, 8, 10, 11, 14, 17, 19, 23, 24, 25, 28, 31, 34, 36, 37, 45, 49, 52, 55]",18,19,False
line,28,57,74,1,98.24561403508773,18,100.0,19,1,0.0007723000016994774,"[0, 3, 8, 10, 11, 14, 19, 23, 24, 25, 28, 31, 34, 36, 37, 45, 49, 52, 55]",20,21,False
line,29,57,74,1,98.24561403508773,18,100.0,19,1,0.0007214000215753913,"[0, 3, 8, 10, 11, 14, 19, 23, 24, 25, 28, 31, 34, 36, 37, 45, 49, 52, 55]",21,22,False
line,30,57,74,1,96.49122807017544,18,100.0,20,2,0.0007643999997526407,"[0, 3, 8, 10, 11, 14, 19, 21, 23, 24, 25, 28, 31, 34, 36, 37, 45, 49, 52, 55]",22,23,False
line,31,57,74,1,96.49122807017544,18,100.0,19,1,0.0011597999837249517,"[0, 3, 8, 10, 11, 14, 19, 23, 24, 26, 28, 31, 34, 36, 37, 45, 49, 52, 55]",25,26,False
line,32,57,74,1,98.24561403508773,18,100.0,19,1,0.000875400030054152,"[0, 3, 8, 10, 11, 14, 19, 23, 24, 25, 28, 31, 34, 36, 37, 45, 49, 52, 55]",26,27,False
line,33,57,74,1,96.49122807017544,18,100.0,19,1,0.0009748000302352011,"[0, 3, 8, 10, 11, 14, 19, 23, 24, 26, 28, 31, 34, 36, 37, 45, 49, 52, 55]",27,28,False
line,34,57,74,2,96.49122807017544,18,100.0,19,1,0.001743400003761053,"[0, 3, 8, 10, 11, 14, 19, 23, 25, 28, 29, 31, 34, 36, 37, 45, 49, 52, 55]",24,29,False
line,35,57,74,2,98.24561403508773,18,100.0,19,1,0.0012258000206202269,"[0, 3, 8, 10, 11, 14, 19, 23, 24, 25, 28, 31, 34, 36, 37, 45, 49, 52, 55]",29,30,False
line,36,57,74,2,96.49122807017544,18,100.0,19,1,0.0010748999775387347,"[0, 3, 8, 10, 11, 14, 19, 23, 25, 28, 29, 31, 34, 36, 37, 45, 49, 52, 55]",30,31,False
line,37,57,74,2,96.49122807017544,18,100.0,20,2,0.0009252000018022954,"[0, 3, 8, 10, 11, 14, 19, 23, 25, 28, 30, 31, 32, 34, 36, 37, 45, 49, 52, 55]",31,32,False
line,38,57,75,1,98.24561403508773,18,100.0,19,1,0.0011903000413440168,"[0, 3, 8, 10, 11, 14, 19, 23, 24, 25, 28, 31, 34, 36, 37, 45, 49, 52, 55]",33,34,False
line,39,57,74,2,98.24561403508773,18,100.0,19,1,0.0008620999869890511,"[0, 3, 8, 10, 11, 14, 19, 23, 24, 25, 28, 31, 34, 36, 37, 45, 49, 52, 55]",34,35,False
line,40,57,74,1,98.24561403508773,18,100.0,19,1,0.000923299987334758,"[0, 3, 8, 10, 11, 14, 19, 23, 24, 25, 28, 31, 34, 36, 37, 45, 49, 52, 55]",35,36,False
line,41,57,74,1,98.24561403508773,18,100.0,19,1,0.0008348999544978142,"[0, 3, 8, 10, 11, 14, 19, 23, 24, 25, 28, 31, 35, 36, 37, 45, 49, 52, 55]",36,37,False
line,42,57,74,1,96.49122807017544,18,100.0,19,1,0.0008512000204063952,"[0, 3, 8, 10, 11, 14, 19, 23, 24, 25, 28, 31, 34, 37, 38, 45, 49, 52, 55]",36,38,False
line,43,57,74,1,98.24561403508773,18,100.0,19,1,0.0007940999930724502,"[0, 3, 8, 10, 11, 14, 19, 23, 24, 25, 28, 31, 34, 36, 37, 45, 49, 52, 55]",35,39,False
line,44,57,74,1,96.49122807017544,18,100.0,20,2,0.0021072999807074666,"[0, 3, 8, 10, 11, 14, 19, 20, 23, 24, 25, 28, 31, 34, 36, 37, 45, 49, 52, 55]",21,37,False
line,45,57,74,1,98.24561403508773,18,100.0,19,1,0.0007705999887548387,"[0, 3, 8, 10, 11, 14, 19, 23, 24, 25, 28, 31, 34, 36, 37, 45, 49, 52, 55]",40,41,False
line,46,57,74,1,98.24561403508773,18,100.0,19,1,0.0008230999810621142,"[0, 3, 8, 10, 11, 14, 19, 23, 24, 25, 28, 31, 34, 36, 37, 45, 49, 52, 55]",40,42,False
line,47,57,74,1,96.49122807017544,18,100.0,19,1,0.001021499978378415,"[0, 3, 8, 10, 11, 19, 23, 24, 25, 28, 31, 34, 36, 37, 43, 45, 49, 52, 55]",37,43,False
line,48,57,74,1,96.49122807017544,18,100.0,20,2,0.0007590999593958259,"[0, 3, 8, 10, 11, 13, 14, 19, 23, 24, 25, 28, 31, 34, 36, 37, 46, 49, 52, 55]",45,46,False
line,49,57,74,1,98.24561403508773,18,100.0,19,1,0.0008801000076346099,"[0, 3, 8, 10, 11, 14, 19, 23, 24, 25, 28, 31, 34, 36, 37, 45, 49, 52, 55]",46,47,False
line,50,57,74,1,98.24561403508773,18,100.0,19,1,0.0008264000061899424,"[0, 3, 8, 10, 11, 14, 19, 23, 24, 25, 28, 31, 34, 36, 37, 45, 49, 52, 55]",47,48,False
line,51,57,74,2,98.24561403508773,18,100.0,19,1,0.0007246999884955585,"[0, 3, 8, 10, 11, 14, 19, 23, 24, 25, 28, 31, 34, 36, 37, 45, 49, 52, 55]",48,49,False
line,52,57,74,2,96.49122807017544,18,100.0,20,2,0.000756199995521456,"[0, 3, 8, 10, 11, 14, 19, 23, 24, 25, 28, 31, 34, 36, 37, 45, 48, 50, 52, 55]",49,50,False
line,53,57,74,1,98.24561403508773,18,100.0,19,1,0.0007337999995797873,"[0, 3, 5, 8, 10, 11, 14, 19, 23, 24, 27, 31, 34, 36, 37, 45, 49, 52, 55]",28,51,False
line,54,57,74,1,98.24561403508773,18,100.0,19,1,0.001011400017887354,"[0, 3, 8, 10, 11, 14, 19, 23, 24, 25, 28, 31, 34, 36, 37, 45, 49, 52, 55]",51,52,False
line,55,57,74,1,96.49122807017544,18,100.0,20,2,0.0007986999698914587,"[0, 3, 8, 10, 11, 14, 19, 23, 24, 25, 28, 31, 34, 36, 37, 45, 49, 51, 53, 55]",52,53,False
line,56,57,74,1,98.24561403508773,18,100.0,19,1,0.0007675999659113586,"[0, 3, 8, 10, 11, 14, 19, 23, 24, 25, 28, 31, 34, 36, 37, 45, 49, 52, 55]",53,54,False
line,57,57,74,1,98.24561403508773,18,100.0,19,1,0.0013129999861121178,"[0, 3, 8, 10, 11, 14, 19, 23, 24, 25, 28, 31, 34, 36, 37, 45, 49, 52, 55]",43,44,False
line,58,57,74,1,98.24561403508773,18,100.0,19,1,0.0007619999814778566,"[0, 3, 8, 10, 11, 14, 19, 23, 24, 25, 28, 31, 34, 36, 37, 45, 49, 52, 55]",55,40,False
line,59,57,74,1,96.49122807017544,18,100.0,18,0,0.001254500006325543,"[0, 3, 8, 11, 14, 19, 23, 24, 25, 28, 31, 35, 37, 38, 40, 45, 49, 52]",55,41,False
line,60,57,74,1,96.49122807017544,18,100.0,18,0,0.0007578000077046454,"[0, 3, 8, 11, 14, 19, 23, 24, 25, 28, 31, 35, 37, 38, 40, 45, 49, 52]",56,55,False
line,61,57,74,1,98.24561403508773,18,100.0,19,1,0.0007650000043213367,"[0, 3, 8, 10, 11, 14, 19, 23, 24, 25, 28, 31, 34, 36, 37, 45, 49, 52, 55]",37,48,False
line,62,57,74,1,96.49122807017544,18,100.0,20,2,0.0007580000092275441,"[0, 3, 8, 10, 11, 14, 19, 23, 24, 25, 28, 31, 34, 36, 37, 45, 48, 49, 52, 55]",37,47,False
trafo,0,57,75,1,98.24561403508773,18,100.0,19,1,0.0007311999797821045,"[0, 3, 8, 10, 11, 14, 19, 23, 24, 25, 28, 31, 34, 36, 37, 45, 49, 52, 55]",17,3,False
trafo,1,57,75,1,98.24561403508773,18,100.0,19,1,0.000833099998999387,"[0, 3, 8, 10, 11, 14, 19, 23, 24, 25, 28, 31, 34, 36, 37, 45, 49, 52, 55]",17,3,False
trafo,2,57,74,1,96.49122807017544,18,100.0,20,2,0.0009304999839514494,"[0, 3, 8, 10, 11, 14, 18, 20, 23, 24, 25, 28, 31, 34, 36, 37, 45, 49, 52, 55]",19,20,False
trafo,3,57,75,1,98.24561403508773,18,100.0,19,1,0.0007825000211596489,"[0, 3, 8, 10, 11, 14, 19, 23, 24, 25, 28, 31, 34, 36, 37, 45, 49, 52, 55]",24,23,False
trafo,4,57,74,2,98.24561403508773,18,100.0,19,1,0.0010483000078238547,"[0, 3, 8, 10, 11, 14, 19, 23, 24, 25, 28, 31, 34, 36, 37, 45, 49, 52, 55]",24,23,False
trafo,5,57,74,1,98.24561403508773,18,100.0,19,1,0.0012710000155493617,"[0, 3, 8, 10, 11, 14, 19, 23, 24, 25, 28, 31, 34, 36, 37, 45, 49, 52, 55]",25,23,False
trafo,6,57,74,1,96.49122807017544,18,100.0,19,1,0.0007418000022880733,"[0, 3, 5, 8, 10, 11, 14, 19, 23, 24, 27, 31, 34, 36, 37, 45, 49, 52, 55]",28,6,False
trafo,7,57,74,2,96.49122807017544,18,100.0,20,2,0.0007593000191263855,"[0, 3, 8, 10, 11, 14, 19, 23, 25, 28, 30, 31, 33, 34, 36, 37, 45, 49, 52, 55]",31,33,False
trafo,8,57,74,1,98.24561403508773,18,100.0,19,1,0.0007923999801278114,"[0, 3, 8, 10, 11, 14, 19, 23, 24, 25, 28, 31, 34, 36, 37, 45, 49, 52, 55]",40,10,False
trafo,9,57,74,1,96.49122807017544,18,100.0,19,1,0.0008986000320874155,"[0, 3, 8, 10, 11, 19, 23, 24, 25, 28, 31, 34, 36, 37, 43, 45, 49, 52, 55]",44,14,False
trafo,10,57,74,1,98.24561403508773,18,100.0,19,1,0.0008615999831818044,"[0, 3, 8, 10, 11, 14, 19, 23, 24, 25, 28, 31, 34, 36, 37, 45, 49, 52, 55]",45,13,False
trafo,11,57,75,1,98.24561403508773,18,100.0,19,1,0.0012119999737478793,"[0, 3, 8, 10, 11, 14, 19, 23, 24, 25, 28, 31, 34, 36, 37, 45, 49, 52, 55]",50,9,False
trafo,12,57,74,1,98.24561403508773,18,100.0,19,1,0.0007365999626927078,"[0, 3, 8, 10, 11, 14, 19, 23, 24, 25, 28, 31, 34, 36, 37, 45, 49, 52, 55]",48,12,False
trafo,13,57,74,1,96.49122807017544,18,100.0,19,1,0.000762099982239306,"[0, 3, 8, 11, 14, 19, 23, 24, 25, 28, 31, 34, 36, 37, 40, 45, 49, 52, 55]",42,10,False
trafo,14,57,74,1,96.49122807017544,18,100.0,18,0,0.0006983999628573656,"[0, 3, 8, 11, 14, 19, 23, 24, 25, 28, 31, 35, 37, 38, 40, 45, 49, 52]",55,39,False
trafo,15,57,74,1,98.24561403508773,18,100.0,19,1,0.0007630999898537993,"[0, 3, 8, 10, 11, 14, 19, 23, 24, 25, 28, 31, 34, 36, 37, 45, 49, 52, 55]",56,38,False
trafo,16,57,74,1,96.49122807017544,18,100.0,20,2,0.0007562999962829053,"[0, 3, 8, 10, 11, 12, 14, 19, 23, 24, 25, 28, 31, 34, 36, 37, 45, 49, 53, 55]",54,8,False
line,0,57,73,1,96.49122807017544,18,100.0,20,2,0.0007809000089764595,"[0, 1, 3, 8, 10, 14, 18, 20, 23, 24, 25, 28, 31, 34, 36, 37, 45, 49, 52, 55]",0,1,False
line,1,57,73,1,98.24561403508773,18,100.0,19,1,0.0007726000039838254,"[0, 3, 8, 10, 14, 18, 20, 23, 24, 25, 28, 31, 34, 36, 37, 45, 49, 52, 55]",1,2,False
line,2,57,73,1,98.24561403508773,18,100.0,19,1,0.0007445999654009938,"[0, 3, 8, 10, 14, 18, 20, 23, 24, 25, 28, 31, 34, 36, 37, 45, 49, 52, 55]",2,3,False
line,3,57,73,1,96.49122807017544,18,100.0,20,2,0.001020599971525371,"[0, 3, 4, 8, 10, 14, 18, 20, 23, 24, 25, 28, 31, 34, 36, 37, 45, 49, 52, 55]",3,4,False
line,4,57,73,1,96.49122807017544,18,100.0,20,2,0.0013463000068441033,"[0, 3, 4, 8, 10, 14, 18, 20, 23, 24, 25, 28, 31, 34, 36, 37, 45, 49, 52, 55]",3,5,False
line,5,57,73,1,98.24561403508773,18,100.0,19,1,0.0010281999711878598,"[0, 3, 8, 10, 14, 18, 20, 23, 24, 25, 28, 31, 34, 36, 37, 45, 49, 52, 55]",5,6,False
line,6,57,73,1,98.24561403508773,18,100.0,19,1,0.0007630999898537993,"[0, 3, 8, 10, 14, 18, 20, 23, 24, 25, 28, 31, 34, 36, 37, 45, 49, 52, 55]",5,7,False
line,7,57,73,1,96.49122807017544,18,100.0,21,3,0.0019359999569132924,"[0, 3, 5, 8, 10, 12, 14, 18, 20, 23, 24, 25, 28, 31, 34, 36, 37, 45, 50, 52, 55]",7,8,False
line,8,57,73,1,96.49122807017544,18,100.0,20,2,0.0008032000041566789,"[0, 3, 8, 10, 12, 14, 18, 20, 23, 24, 25, 28, 31, 34, 36, 37, 45, 50, 52, 55]",8,9,False
line,9,57,73,1,98.24561403508773,18,100.0,20,2,0.0020328000537119806,"[0, 3, 8, 10, 12, 14, 18, 20, 23, 24, 25, 28, 31, 34, 36, 37, 45, 49, 52, 55]",8,10,False
line,10,57,73,1,96.49122807017544,18,100.0,20,2,0.0008542000432498753,"[0, 3, 8, 10, 12, 14, 18, 20, 23, 24, 25, 28, 31, 34, 36, 37, 45, 49, 52, 55]",8,11,False
line,11,57,73,1,98.24561403508773,18,100.0,19,1,0.0020785999950021505,"[0, 3, 8, 10, 14, 18, 20, 23, 24, 25, 28, 31, 34, 36, 37, 45, 49, 52, 55]",8,12,False
line,12,57,73,1,98.24561403508773,18,100.0,19,1,0.0010783000034280121,"[0, 3, 8, 10, 14, 18, 20, 23, 24, 25, 28, 31, 34, 36, 37, 45, 49, 52, 55]",12,13,False
line,13,57,73,1,98.24561403508773,18,100.0,19,1,0.0030261999927461147,"[0, 3, 8, 10, 14, 18, 20, 23, 24, 25, 28, 31, 34, 36, 37, 45, 49, 52, 55]",12,14,False
line,14,57,73,1,98.24561403508773,18,100.0,20,2,0.0010762999881990254,"[0, 3, 8, 10, 12, 14, 18, 20, 23, 24, 25, 28, 31, 34, 36, 37, 45, 49, 52, 55]",0,14,False
line,15,57,73,1,96.49122807017544,18,100.0,20,2,0.0010131000308319926,"[0, 3, 8, 10, 11, 14, 18, 20, 23, 24, 25, 28, 31, 34, 36, 37, 45, 49, 52, 55]",0,15,False
line,16,57,73,1,96.49122807017544,18,100.0,20,2,0.001054599997587502,"[0, 3, 8, 10, 11, 14, 18, 20, 23, 24, 25, 28, 31, 34, 36, 37, 45, 49, 52, 55]",0,16,False
line,17,57,73,1,98.24561403508773,18,100.0,19,1,0.0007774000405333936,"[0, 3, 8, 10, 14, 18, 20, 23, 24, 25, 28, 31, 34, 36, 37, 45, 49, 52, 55]",2,14,False
line,18,57,73,1,98.24561403508773,18,100.0,19,1,0.0007305999752134085,"[0, 3, 8, 10, 14, 18, 20, 23, 24, 25, 28, 31, 34, 36, 37, 45, 49, 52, 55]",4,5,False
line,19,57,73,1,98.24561403508773,18,100.0,19,1,0.0007334999972954392,"[0, 3, 8, 10, 14, 18, 20, 23, 24, 25, 28, 31, 34, 36, 37, 45, 49, 52, 55]",6,7,False
line,20,57,73,1,98.24561403508773,18,100.0,19,1,0.0009857999975793064,"[0, 3, 8, 10, 14, 18, 20, 23, 24, 25, 28, 31, 34, 36, 37, 45, 49, 52, 55]",9,11,False
line,21,57,73,1,98.24561403508773,18,100.0,19,1,0.0009242999949492514,"[0, 3, 8, 10, 14, 18, 20, 23, 24, 25, 28, 31, 34, 36, 37, 45, 49, 52, 55]",10,12,False
line,22,57,73,1,98.24561403508773,18,100.0,19,1,0.001078799949027598,"[0, 3, 8, 10, 14, 18, 20, 23, 24, 25, 28, 31, 34, 36, 37, 45, 49, 52, 55]",11,12,False
line,23,57,73,1,98.24561403508773,18,100.0,19,1,0.0007528999703936279,"[0, 3, 8, 10, 14, 18, 20, 23, 24, 25, 28, 31, 34, 36, 37, 45, 49, 52, 55]",11,15,False
line,24,57,73,1,98.24561403508773,18,100.0,19,1,0.0007693000370636582,"[0, 3, 8, 10, 14, 18, 20, 23, 24, 25, 28, 31, 34, 36, 37, 45, 49, 52, 55]",11,16,False
line,25,57,73,1,98.24561403508773,18,100.0,19,1,0.0015017000259831548,"[0, 3, 8, 10, 14, 18, 20, 23, 24, 25, 28, 31, 34, 36, 37, 45, 49, 52, 55]",13,14,False
line,26,57,73,2,98.24561403508773,18,100.0,19,1,0.0009685999830253422,"[0, 3, 8, 10, 14, 18, 20, 23, 24, 25, 28, 31, 34, 36, 37, 45, 49, 52, 55]",17,18,False
line,27,57,73,2,96.49122807017544,18,100.0,20,2,0.0010746000334620476,"[0, 3, 8, 10, 14, 17, 19, 20, 23, 24, 25, 28, 31, 34, 36, 37, 45, 49, 52, 55]",18,19,False
line,28,57,73,2,98.24561403508773,18,100.0,19,1,0.0014955999795347452,"[0, 3, 8, 10, 14, 18, 20, 23, 24, 25, 28, 31, 34, 36, 37, 45, 49, 52, 55]",20,21,False
line,29,57,73,1,98.24561403508773,18,100.0,19,1,0.0007280000136233866,"[0, 3, 8, 10, 14, 18, 20, 23, 24, 25, 28, 31, 34, 36, 37, 45, 49, 52, 55]",21,22,False
line,30,57,73,1,96.49122807017544,18,100.0,18,0,0.0007243999862112105,"[0, 3, 8, 10, 14, 18, 21, 24, 25, 28, 31, 34, 36, 37, 45, 49, 52, 55]",22,23,False
line,31,57,73,2,96.49122807017544,18,100.0,20,2,0.0008019999950192869,"[0, 3, 8, 10, 14, 18, 20, 23, 24, 25, 26, 28, 31, 34, 36, 37, 45, 49, 52, 55]",25,26,False
line,32,57,73,2,98.24561403508773,18,100.0,19,1,0.0007335999980568886,"[0, 3, 8, 10, 14, 18, 20, 23, 24, 25, 28, 31, 34, 36, 37, 45, 49, 52, 55]",26,27,False
line,33,57,73,2,96.49122807017544,18,100.0,19,1,0.0007301999721676111,"[0, 3, 8, 10, 14, 18, 20, 23, 24, 26, 28, 31, 34, 36, 37, 45, 49, 52, 55]",27,28,False
line,34,57,73,1,96.49122807017544,18,100.0,19,1,0.0007930999854579568,"[0, 3, 8, 10, 14, 18, 20, 23, 25, 28, 29, 31, 34, 36, 37, 45, 49, 52, 55]",24,29,False
line,35,57,73,1,98.24561403508773,18,100.0,19,1,0.001130299991928041,"[0, 3, 8, 10, 14, 18, 20, 23, 24, 25, 28, 31, 34, 36, 37, 45, 49, 52, 55]",29,30,False
line,36,57,73,1,96.49122807017544,18,100.0,19,1,0.0006945999921299517,"[0, 3, 8, 10, 14, 18, 20, 23, 25, 28, 29, 31, 34, 36, 37, 45, 49, 52, 55]",30,31,False
line,37,57,73,2,96.49122807017544,18,100.0,19,1,0.0008290999685414135,"[0, 3, 8, 10, 14, 18, 20, 23, 25, 28, 30, 32, 34, 36, 37, 45, 49, 52, 55]",31,32,False
line,38,57,73,1,98.24561403508773,18,100.0,19,1,0.0014629000215791166,"[0, 3, 8, 10, 14, 18, 20, 23, 24, 25, 28, 31, 34, 36, 37, 45, 49, 52, 55]",33,34,False
line,39,57,73,1,98.24561403508773,18,100.0,19,1,0.0008341000066138804,"[0, 3, 8, 10, 14, 18, 20, 23, 24, 25, 28, 31, 33, 36, 37, 45, 49, 52, 55]",34,35,False
line,40,57,73,1,98.24561403508773,18,100.0,19,1,0.0007327000494115055,"[0, 3, 8, 10, 14, 18, 20, 23, 24, 25, 28, 31, 34, 36, 37, 45, 49, 52, 55]",35,36,False
line,41,57,73,1,98.24561403508773,18,100.0,18,0,0.0007112000021152198,"[0, 3, 8, 9, 10, 18, 21, 24, 25, 28, 31, 35, 36, 43, 45, 48, 52, 55]",36,37,False
line,42,57,73,1,96.49122807017544,18,100.0,19,1,0.0009280999656766653,"[0, 3, 8, 10, 14, 18, 20, 23, 24, 25, 28, 31, 34, 37, 38, 45, 49, 52, 55]",36,38,False
line,43,57,73,1,98.24561403508773,18,100.0,19,1,0.0008681999752297997,"[0, 3, 8, 10, 14, 18, 20, 23, 24, 25, 28, 31, 34, 36, 37, 45, 49, 52, 55]",35,39,False
line,44,57,73,1,96.49122807017544,18,100.0,18,0,0.0006678999634459615,"[0, 3, 8, 9, 10, 18, 21, 24, 25, 28, 31, 33, 36, 43, 45, 48, 52, 55]",21,37,False
line,45,57,73,1,98.24561403508773,18,100.0,19,1,0.0007275000098161399,"[0, 3, 8, 10, 14, 18, 20, 23, 24, 25, 28, 31, 34, 36, 37, 45, 49, 52, 55]",40,41,False
line,46,57,73,1,98.24561403508773,18,100.0,19,1,0.000728400016669184,"[0, 3, 8, 10, 14, 18, 20, 23, 24, 25, 28, 31, 34, 36, 37, 45, 49, 52, 55]",40,42,False
line,47,57,73,1,96.49122807017544,18,100.0,18,0,0.000748799997381866,"[0, 3, 8, 9, 10, 18, 21, 24, 25, 28, 31, 35, 36, 43, 45, 48, 52, 55]",37,43,False
line,48,57,73,1,96.49122807017544,18,100.0,20,2,0.0008310999837704003,"[0, 3, 8, 10, 13, 14, 18, 20, 23, 24, 25, 28, 31, 34, 36, 37, 46, 49, 52, 55]",45,46,False
line,49,57,73,1,98.24561403508773,18,100.0,19,1,0.000998400035314262,"[0, 3, 8, 10, 14, 18, 20, 23, 24, 25, 28, 31, 34, 36, 37, 45, 49, 52, 55]",46,47,False
line,50,57,73,1,98.24561403508773,18,100.0,19,1,0.000727800012100488,"[0, 3, 8, 10, 14, 18, 20, 23, 24, 25, 28, 31, 34, 36, 37, 45, 49, 52, 55]",47,48,False
line,51,57,73,1,96.49122807017544,18,100.0,20,2,0.0008275000145658851,"[0, 3, 8, 10, 12, 14, 18, 20, 23, 24, 25, 28, 31, 34, 36, 37, 45, 49, 52, 55]",48,49,False
line,52,57,73,1,96.49122807017544,18,100.0,20,2,0.0008123000152409077,"[0, 3, 8, 9, 10, 14, 18, 20, 23, 24, 25, 28, 31, 34, 36, 37, 45, 48, 52, 55]",49,50,False
line,53,57,73,2,98.24561403508773,18,100.0,19,1,0.0007289000204764307,"[0, 3, 6, 8, 10, 14, 18, 20, 23, 24, 26, 31, 34, 36, 37, 45, 49, 52, 55]",28,51,False
line,54,57,73,2,98.24561403508773,18,100.0,19,1,0.001731799973640591,"[0, 3, 8, 10, 14, 18, 20, 23, 24, 25, 28, 31, 34, 36, 37, 45, 49, 52, 55]",51,52,False
line,55,57,73,2,96.49122807017544,18,100.0,20,2,0.0012055999832227826,"[0, 3, 8, 10, 14, 18, 20, 23, 24, 25, 28, 31, 34, 36, 37, 45, 49, 51, 53, 55]",52,53,False
line,56,57,74,1,98.24561403508773,18,100.0,19,1,0.001131500001065433,"[0, 3, 8, 10, 14, 18, 20, 23, 24, 25, 28, 31, 34, 36, 37, 45, 49, 52, 55]",53,54,False
line,57,57,73,1,98.24561403508773,18,100.0,19,1,0.0008235000423155725,"[0, 3, 8, 10, 14, 18, 20, 23, 24, 25, 28, 31, 34, 36, 37, 45, 49, 52, 55]",43,44,False
line,58,57,73,1,98.24561403508773,18,100.0,19,1,0.001226700027473271,"[0, 3, 8, 10, 14, 18, 20, 23, 24, 25, 28, 31, 34, 36, 37, 45, 49, 52, 55]",55,40,False
line,59,57,73,1,96.49122807017544,18,100.0,18,0,0.0013547999551519752,"[0, 3, 8, 14, 18, 20, 23, 24, 25, 28, 31, 35, 37, 38, 40, 45, 49, 52]",55,41,False
line,60,57,73,1,96.49122807017544,18,100.0,18,0,0.0007350000087171793,"[0, 3, 8, 14, 18, 20, 23, 24, 25, 28, 31, 35, 37, 38, 40, 45, 49, 52]",56,55,False
line,61,57,74,1,98.24561403508773,18,100.0,19,1,0.0012245000107213855,"[0, 3, 8, 10, 14, 18, 20, 23, 24, 25, 28, 31, 34, 36, 37, 45, 49, 52, 55]",37,48,False
line,62,57,73,1,96.49122807017544,18,100.0,18,0,0.0012428999762050807,"[0, 3, 8, 9, 10, 18, 21, 24, 25, 28, 31, 35, 36, 43, 45, 48, 52, 55]",37,47,False
trafo,0,57,74,1,98.24561403508773,18,100.0,19,1,0.0007297000265680254,"[0, 3, 8, 10, 14, 18, 20, 23, 24, 25, 28, 31, 34, 36, 37, 45, 49, 52, 55]",17,3,False
trafo,1,57,74,1,98.24561403508773,18,100.0,19,1,0.0007292000227607787,"[0, 3, 8, 10, 14, 18, 20, 23, 24, 25, 28, 31, 34, 36, 37, 45, 49, 52, 55]",17,3,False
trafo,2,57,74,1,98.24561403508773,18,100.0,19,1,0.0007418000022880733,"[0, 3, 8, 10, 14, 18, 20, 23, 24, 25, 28, 31, 34, 36, 37, 45, 49, 52, 55]",19,20,False
trafo,3,57,74,1,98.24561403508773,18,100.0,19,1,0.0007344000041484833,"[0, 3, 8, 10, 14, 18, 20, 23, 24, 25, 28, 31, 34, 36, 37, 45, 49, 52, 55]",24,23,False
trafo,4,57,74,1,98.24561403508773,18,100.0,19,1,0.0007450000266544521,"[0, 3, 8, 10, 14, 18, 20, 23, 24, 25, 28, 31, 34, 36, 37, 45, 49, 52, 55]",24,23,False
trafo,5,57,74,1,98.24561403508773,18,100.0,19,1,0.0010825000354088843,"[0, 3, 8, 10, 14, 18, 20, 23, 24, 25, 28, 31, 34, 36, 37, 45, 49, 52, 55]",25,23,False
trafo,6,57,73,2,96.49122807017544,18,100.0,20,2,0.0007937999907881021,"[0, 3, 5, 8, 10, 14, 18, 20, 23, 24, 26, 31, 34, 36, 37, 45, 49, 51, 52, 55]",28,6,False
trafo,7,57,73,1,98.24561403508773,18,100.0,19,1,0.0007543999818153679,"[0, 3, 8, 10, 14, 18, 20, 23, 25, 28, 30, 31, 34, 36, 37, 45, 49, 52, 55]",31,33,False
trafo,8,57,73,1,98.24561403508773,18,100.0,19,1,0.001264300022739917,"[0, 3, 8, 10, 14, 18, 20, 23, 24, 25, 28, 31, 34, 36, 37, 45, 49, 52, 55]",40,10,False
trafo,9,57,73,1,96.49122807017544,18,100.0,19,1,0.0007316999835893512,"[0, 3, 8, 10, 18, 20, 23, 24, 25, 28, 31, 34, 36, 37, 43, 45, 49, 52, 55]",44,14,False
trafo,10,57,73,1,98.24561403508773,18,100.0,19,1,0.0007353999535553157,"[0, 3, 8, 10, 14, 18, 20, 23, 24, 25, 28, 31, 34, 36, 37, 45, 49, 52, 55]",45,13,False
trafo,11,57,73,1,98.24561403508773,18,100.0,19,1,0.0008899999666027725,"[0, 3, 8, 10, 14, 18, 20, 23, 24, 25, 28, 31, 34, 36, 37, 45, 49, 52, 55]",50,9,False
trafo,12,57,73,1,98.24561403508773,18,100.0,19,1,0.0007263000006787479,"[0, 3, 8, 10, 14, 18, 20, 23, 24, 25, 28, 31, 34, 36, 37, 45, 49, 52, 55]",48,12,False
trafo,13,57,73,1,96.49122807017544,18,100.0,19,1,0.0012526999926194549,"[0, 3, 8, 14, 18, 20, 23, 24, 25, 28, 31, 34, 36, 37, 40, 45, 49, 52, 55]",42,10,False
trafo,14,57,73,1,96.49122807017544,18,100.0,18,0,0.0007854999857954681,"[0, 3, 8, 14, 18, 20, 23, 24, 25, 28, 31, 35, 37, 38, 40, 45, 49, 52]",55,39,False
trafo,15,57,73,1,98.24561403508773,18,100.0,19,1,0.0007847999804653227,"[0, 3, 8, 10, 14, 18, 20, 23, 24, 25, 28, 31, 34, 36, 37, 45, 49, 52, 55]",56,38,False
trafo,16,57,73,2,96.49122807017544,18,100.0,21,3,0.0008663000189699233,"[0, 3, 5, 10, 12, 14, 18, 20, 23, 24, 25, 28, 31, 34, 36, 37, 45, 50, 52, 54, 55]",54,8,False
line,0,57,73,1,94.73684210526316,18,100.0,19,1,0.0008323999936692417,"[0, 1, 3, 5, 8, 14, 19, 23, 24, 27, 31, 34, 36, 37, 40, 45, 49, 52, 55]",0,1,False
line,1,57,73,1,96.49122807017544,18,100.0,18,0,0.0014392999582923949,"[0, 3, 5, 8, 14, 19, 23, 24, 27, 31, 34, 36, 37, 40, 45, 49, 52, 55]",1,2,False
line,2,57,73,1,96.49122807017544,18,100.0,18,0,0.0007656000088900328,"[0, 3, 5, 8, 14, 19, 23, 24, 27, 31, 34, 36, 37, 40, 45, 49, 52, 55]",2,3,False
line,3,57,73,1,94.73684210526316,18,100.0,18,0,0.000730200030375272,"[0, 3, 5, 8, 14, 19, 23, 24, 27, 31, 34, 36, 37, 40, 45, 49, 52, 55]",3,4,False
line,4,57,73,1,94.73684210526316,18,100.0,18,0,0.0007302999729290605,"[0, 3, 5, 8, 14, 19, 23, 24, 27, 31, 34, 36, 37, 40, 45, 49, 52, 55]",3,5,False
line,5,57,73,1,96.49122807017544,18,100.0,18,0,0.0006966000073589385,"[0, 3, 6, 8, 14, 19, 23, 24, 27, 31, 34, 36, 37, 40, 45, 49, 52, 55]",5,6,False
line,6,57,73,1,96.49122807017544,18,100.0,18,0,0.0008990999776870012,"[0, 3, 5, 8, 14, 19, 23, 24, 27, 31, 34, 36, 37, 40, 45, 49, 52, 55]",5,7,False
line,7,57,73,1,94.73684210526316,18,100.0,19,1,0.0018584999488666654,"[0, 3, 5, 8, 12, 14, 19, 23, 24, 27, 31, 34, 36, 37, 40, 45, 50, 52, 55]",7,8,False
line,8,57,73,1,94.73684210526316,18,100.0,19,1,0.0008588000200688839,"[0, 3, 5, 8, 12, 14, 19, 23, 24, 27, 31, 34, 36, 37, 40, 45, 50, 52, 55]",8,9,False
line,9,57,73,1,96.49122807017544,18,100.0,19,1,0.0007878000033088028,"[0, 3, 5, 8, 12, 14, 19, 23, 24, 27, 31, 34, 36, 37, 40, 45, 49, 52, 55]",8,10,False
line,10,57,73,1,94.73684210526316,18,100.0,19,1,0.0007266000029630959,"[0, 3, 5, 8, 12, 14, 19, 23, 24, 27, 31, 34, 36, 37, 40, 45, 49, 52, 55]",8,11,False
line,11,57,73,1,96.49122807017544,18,100.0,18,0,0.0006617999752052128,"[0, 3, 5, 8, 14, 19, 23, 24, 27, 31, 34, 36, 37, 40, 45, 49, 52, 55]",8,12,False
line,12,57,73,1,96.49122807017544,18,100.0,18,0,0.0007702999864704907,"[0, 3, 5, 8, 14, 19, 23, 24, 27, 31, 34, 36, 37, 40, 45, 49, 52, 55]",12,13,False
line,13,57,73,1,96.49122807017544,18,100.0,18,0,0.0006925000343471766,"[0, 3, 5, 8, 14, 19, 23, 24, 27, 31, 34, 36, 37, 40, 45, 49, 52, 55]",12,14,False
line,14,57,73,1,96.49122807017544,18,100.0,19,1,0.0007229000329971313,"[0, 3, 5, 8, 13, 14, 19, 23, 24, 27, 31, 34, 36, 37, 40, 45, 49, 52, 55]",0,14,False
line,15,57,73,1,94.73684210526316,18,100.0,19,1,0.000720399955753237,"[0, 3, 5, 8, 11, 14, 19, 23, 24, 27, 31, 34, 36, 37, 40, 45, 49, 52, 55]",0,15,False
line,16,57,73,1,94.73684210526316,18,100.0,19,1,0.000763899995945394,"[0, 3, 5, 8, 11, 14, 19, 23, 24, 27, 31, 34, 36, 37, 40, 45, 49, 52, 55]",0,16,False
line,17,57,73,1,96.49122807017544,18,100.0,18,0,0.0006954999989829957,"[0, 3, 5, 8, 14, 19, 23, 24, 27, 31, 34, 36, 37, 40, 45, 49, 52, 55]",2,14,False
line,18,57,73,1,96.49122807017544,18,100.0,18,0,0.0007993999752216041,"[0, 3, 5, 8, 14, 19, 23, 24, 27, 31, 34, 36, 37, 40, 45, 49, 52, 55]",4,5,False
line,19,57,73,1,96.49122807017544,18,100.0,18,0,0.000770999991800636,"[0, 3, 5, 8, 14, 19, 23, 24, 27, 31, 34, 36, 37, 40, 45, 49, 52, 55]",6,7,False
line,20,57,73,1,96.49122807017544,18,100.0,18,0,0.000894600001629442,"[0, 3, 5, 8, 14, 19, 23, 24, 27, 31, 34, 36, 37, 40, 45, 49, 52, 55]",9,11,False
line,21,57,73,1,96.49122807017544,18,100.0,18,0,0.001158400031272322,"[0, 3, 5, 8, 14, 19, 23, 24, 27, 31, 34, 36, 37, 40, 45, 49, 52, 55]",10,12,False
line,22,57,73,1,96.49122807017544,18,100.0,18,0,0.0006920000305399299,"[0, 3, 5, 8, 14, 19, 23, 24, 27, 31, 34, 36, 37, 40, 45, 49, 52, 55]",11,12,False
line,23,57,73,1,96.49122807017544,18,100.0,18,0,0.000693199981469661,"[0, 3, 5, 8, 14, 19, 23, 24, 27, 31, 34, 36, 37, 40, 45, 49, 52, 55]",11,15,False
line,24,57,73,1,96.49122807017544,18,100.0,18,0,0.0006957000005058944,"[0, 3, 5, 8, 14, 19, 23, 24, 27, 31, 34, 36, 37, 40, 45, 49, 52, 55]",11,16,False
line,25,57,73,1,96.49122807017544,18,100.0,18,0,0.0009422999573871493,"[0, 3, 5, 8, 14, 19, 23, 24, 27, 31, 34, 36, 37, 40, 45, 49, 52, 55]",13,14,False
line,26,57,73,1,96.49122807017544,18,100.0,18,0,0.0011808000272139907,"[0, 3, 5, 8, 14, 19, 23, 24, 27, 31, 34, 36, 37, 40, 45, 49, 52, 55]",17,18,False
line,27,57,73,1,94.73684210526316,18,100.0,19,1,0.000729600025806576,"[0, 3, 5, 8, 14, 17, 19, 23, 24, 27, 31, 34, 36, 37, 40, 45, 49, 52, 55]",18,19,False
line,28,57,73,1,96.49122807017544,18,100.0,18,0,0.0013940000208094716,"[0, 3, 5, 8, 14, 19, 23, 24, 27, 31, 34, 36, 37, 40, 45, 49, 52, 55]",20,21,False
line,29,57,74,1,96.49122807017544,18,100.0,18,0,0.0006965000065974891,"[0, 3, 5, 8, 14, 19, 23, 24, 27, 31, 34, 36, 37, 40, 45, 49, 52, 55]",21,22,False
line,30,57,73,2,94.73684210526316,18,100.0,19,1,0.0007693999796174467,"[0, 3, 5, 8, 14, 19, 22, 23, 24, 27, 31, 34, 36, 37, 40, 45, 49, 52, 55]",22,23,False
line,31,57,73,1,94.73684210526316,18,100.0,18,0,0.0006952999974600971,"[0, 3, 5, 8, 14, 19, 23, 24, 27, 31, 34, 36, 37, 40, 45, 49, 52, 55]",25,26,False
line,32,57,73,1,96.49122807017544,18,100.0,19,1,0.0007291999645531178,"[0, 3, 5, 8, 14, 19, 23, 24, 25, 28, 31, 34, 36, 37, 40, 45, 49, 52, 55]",26,27,False
line,33,57,73,1,94.73684210526316,18,100.0,19,1,0.0007266999455168843,"[0, 3, 5, 8, 14, 19, 23, 24, 26, 31, 34, 36, 37, 40, 45, 49, 51, 52, 55]",27,28,False
line,34,57,73,1,94.73684210526316,18,100.0,18,0,0.00105339998845011,"[0, 3, 5, 8, 14, 19, 23, 27, 29, 31, 34, 36, 37, 40, 45, 49, 52, 55]",24,29,False
line,35,57,73,1,96.49122807017544,18,100.0,18,0,0.0007660000119358301,"[0, 3, 5, 8, 14, 19, 23, 24, 27, 31, 34, 36, 37, 40, 45, 49, 52, 55]",29,30,False
line,36,57,73,1,94.73684210526316,18,100.0,18,0,0.0008024999988265336,"[0, 3, 5, 8, 14, 19, 23, 27, 29, 31, 34, 36, 37, 40, 45, 49, 52, 55]",30,31,False
line,37,57,73,2,94.73684210526316,18,100.0,18,0,0.0008391999872401357,"[0, 3, 5, 8, 14, 19, 23, 27, 30, 32, 34, 36, 37, 40, 45, 49, 52, 55]",31,32,False
line,38,57,73,1,96.49122807017544,18,100.0,18,0,0.0007460999768227339,"[0, 3, 5, 8, 14, 19, 23, 24, 27, 31, 34, 36, 37, 40, 45, 49, 52, 55]",33,34,False
line,39,57,73,1,96.49122807017544,18,100.0,18,0,0.0007045000093057752,"[0, 3, 5, 8, 14, 19, 23, 24, 27, 31, 33, 36, 37, 40, 45, 49, 52, 55]",34,35,False
line,40,57,73,1,96.49122807017544,18,100.0,18,0,0.0007360000163316727,"[0, 3, 5, 8, 14, 19, 23, 24, 27, 31, 34, 36, 37, 40, 45, 49, 52, 55]",35,36,False
line,41,57,73,1,96.49122807017544,18,100.0,18,0,0.0006942999898456037,"[0, 3, 5, 8, 14, 19, 23, 24, 27, 31, 35, 36, 37, 40, 45, 49, 52, 55]",36,37,False
line,42,57,73,1,94.73684210526316,18,100.0,18,0,0.0007044000085443258,"[0, 3, 5, 8, 14, 19, 23, 24, 27, 31, 34, 37, 38, 40, 45, 49, 52, 55]",36,38,False
line,43,57,73,1,96.49122807017544,18,100.0,18,0,0.000692299974616617,"[0, 3, 5, 8, 14, 19, 23, 24, 27, 31, 34, 36, 37, 40, 45, 49, 52, 55]",35,39,False
line,44,57,73,1,94.73684210526316,18,100.0,19,1,0.0007266000029630959,"[0, 3, 5, 8, 14, 19, 20, 23, 24, 27, 31, 34, 36, 37, 40, 45, 49, 52, 55]",21,37,False
line,45,57,74,1,96.49122807017544,18,100.0,18,0,0.000708900042809546,"[0, 3, 5, 8, 14, 19, 23, 24, 27, 31, 34, 36, 37, 40, 45, 49, 52, 55]",40,41,False
line,46,57,73,2,96.49122807017544,18,100.0,18,0,0.0006973000126890838,"[0, 3, 5, 8, 14, 19, 23, 24, 27, 31, 34, 36, 37, 42, 45, 49, 52, 55]",40,42,False
line,47,57,73,1,94.73684210526316,18,100.0,18,0,0.0010142999817617238,"[0, 3, 5, 8, 19, 23, 24, 27, 31, 34, 36, 37, 40, 43, 45, 49, 52, 55]",37,43,False
line,48,57,73,1,94.73684210526316,18,100.0,19,1,0.000825399998575449,"[0, 3, 5, 8, 13, 14, 19, 23, 24, 27, 31, 34, 36, 37, 40, 46, 49, 52, 55]",45,46,False
line,49,57,73,1,96.49122807017544,18,100.0,18,0,0.0006957000005058944,"[0, 3, 5, 8, 14, 19, 23, 24, 27, 31, 34, 36, 37, 40, 45, 49, 52, 55]",46,47,False
line,50,57,73,1,96.49122807017544,18,100.0,18,0,0.0008027000003494322,"[0, 3, 5, 8, 14, 19, 23, 24, 27, 31, 34, 36, 37, 40, 45, 49, 52, 55]",47,48,False
line,51,57,73,1,96.49122807017544,18,100.0,18,0,0.0007425000076182187,"[0, 3, 5, 8, 14, 19, 23, 24, 27, 31, 34, 36, 37, 40, 45, 49, 52, 55]",48,49,False
line,52,57,73,1,94.73684210526316,18,100.0,19,1,0.0010946000111289322,"[0, 3, 5, 8, 9, 14, 19, 23, 24, 27, 31, 34, 36, 37, 40, 45, 48, 52, 55]",49,50,False
line,53,57,73,1,96.49122807017544,18,100.0,18,0,0.0006947999936528504,"[0, 3, 5, 8, 14, 19, 23, 24, 27, 31, 34, 36, 37, 40, 45, 49, 52, 55]",28,51,False
line,54,57,73,1,96.49122807017544,18,100.0,19,1,0.0007547999848611653,"[0, 3, 5, 8, 14, 19, 23, 24, 27, 28, 31, 34, 36, 37, 40, 45, 49, 52, 55]",51,52,False
line,55,57,73,1,94.73684210526316,18,100.0,19,1,0.0008911999757401645,"[0, 3, 5, 8, 14, 19, 23, 24, 27, 31, 34, 36, 37, 40, 45, 49, 51, 53, 55]",52,53,False
line,56,57,73,1,96.49122807017544,18,100.0,18,0,0.000694700051099062,"[0, 3, 5, 8, 14, 19, 23, 24, 27, 31, 34, 36, 37, 40, 45, 49, 52, 55]",53,54,False
line,57,57,73,1,96.49122807017544,18,100.0,18,0,0.0008421000093221664,"[0, 3, 5, 8, 14, 19, 23, 24, 27, 31, 34, 36, 37, 40, 45, 49, 52, 55]",43,44,False
line,58,57,73,1,96.49122807017544,18,100.0,18,0,0.0007175999926403165,"[0, 3, 5, 8, 14, 19, 23, 24, 27, 31, 34, 36, 37, 40, 45, 49, 52, 55]",55,40,False
line,59,57,73,2,94.73684210526316,18,100.0,19,1,0.00085350003791973,"[0, 3, 5, 8, 14, 19, 23, 24, 27, 31, 34, 36, 37, 40, 41, 45, 49, 52, 55]",55,41,False
line,60,57,73,1,94.73684210526316,18,100.0,18,0,0.0006974000134505332,"[0, 3, 5, 8, 14, 19, 23, 24, 27, 31, 34, 37, 38, 40, 45, 49, 52, 55]",56,55,False
line,61,57,73,1,96.49122807017544,18,100.0,18,0,0.0007357999566011131,"[0, 3, 5, 8, 14, 19, 23, 24, 27, 31, 34, 36, 37, 40, 45, 49, 52, 55]",37,48,False
line,62,57,73,1,94.73684210526316,18,100.0,19,1,0.0008657000144012272,"[0, 3, 5, 8, 9, 14, 19, 23, 24, 27, 31, 34, 36, 37, 40, 45, 48, 52, 55]",37,47,False
trafo,0,57,74,1,96.49122807017544,18,100.0,18,0,0.0006978000164963305,"[0, 3, 5, 8, 14, 19, 23, 24, 27, 31, 34, 36, 37, 40, 45, 49, 52, 55]",17,3,False
trafo,1,57,74,1,96.49122807017544,18,100.0,18,0,0.0007465999806299806,"[0, 3, 5, 8, 14, 19, 23, 24, 27, 31, 34, 36, 37, 40, 45, 49, 52, 55]",17,3,False
trafo,2,57,73,1,94.73684210526316,18,100.0,19,1,0.0007450999692082405,"[0, 3, 5, 8, 14, 18, 20, 23, 24, 27, 31, 34, 36, 37, 40, 45, 49, 52, 55]",19,20,False
trafo,3,57,74,1,96.49122807017544,18,100.0,18,0,0.0007018999895080924,"[0, 3, 5, 8, 14, 19, 23, 24, 27, 31, 34, 36, 37, 40, 45, 49, 52, 55]",24,23,False
trafo,4,57,74,1,96.49122807017544,18,100.0,18,0,0.0014108999748714268,"[0, 3, 5, 8, 14, 19, 23, 24, 27, 31, 34, 36, 37, 40, 45, 49, 52, 55]",24,23,False
trafo,5,57,73,1,96.49122807017544,18,100.0,19,1,0.0012297999928705394,"[0, 3, 5, 8, 14, 19, 23, 24, 26, 31, 34, 36, 37, 40, 45, 49, 51, 52, 55]",25,23,False
trafo,6,57,74,1,96.49122807017544,18,100.0,18,0,0.0007937999907881021,"[0, 3, 5, 8, 14, 19, 23, 24, 27, 31, 34, 36, 37, 40, 45, 49, 52, 55]",28,6,False
trafo,7,57,73,1,96.49122807017544,18,100.0,18,0,0.0007052000146359205,"[0, 3, 5, 8, 14, 19, 23, 27, 30, 31, 34, 36, 37, 40, 45, 49, 52, 55]",31,33,False
trafo,8,57,73,1,96.49122807017544,18,100.0,18,0,0.0008136999676935375,"[0, 3, 5, 8, 14, 19, 23, 24, 27, 31, 34, 36, 37, 40, 45, 49, 52, 55]",40,10,False
trafo,9,57,73,1,94.73684210526316,18,100.0,18,0,0.0010886999662034214,"[0, 3, 5, 8, 19, 23, 24, 27, 31, 34, 36, 37, 40, 43, 45, 49, 52, 55]",44,14,False
trafo,10,57,73,1,96.49122807017544,18,100.0,18,0,0.000699999975040555,"[0, 3, 5, 8, 14, 19, 23, 24, 27, 31, 34, 36, 37, 40, 45, 49, 52, 55]",45,13,False
trafo,11,57,73,1,96.49122807017544,18,100.0,18,0,0.0008505999576300383,"[0, 3, 5, 8, 14, 19, 23, 24, 27, 31, 34, 36, 37, 40, 45, 49, 52, 55]",50,9,False
trafo,12,57,73,1,96.49122807017544,18,100.0,18,0,0.0007365000201389194,"[0, 3, 5, 8, 14, 19, 23, 24, 27, 31, 34, 36, 37, 40, 45, 49, 52, 55]",48,12,False
trafo,13,57,74,1,96.49122807017544,18,100.0,18,0,0.0007609999738633633,"[0, 3, 5, 8, 14, 19, 23, 24, 27, 31, 34, 36, 37, 40, 45, 49, 52, 55]",42,10,False
trafo,14,57,73,1,94.73684210526316,18,100.0,18,0,0.0006958000012673438,"[0, 3, 5, 8, 14, 19, 23, 24, 27, 31, 35, 36, 37, 40, 45, 49, 52, 55]",55,39,False
trafo,15,57,73,1,96.49122807017544,18,100.0,18,0,0.0006901000160723925,"[0, 3, 5, 8, 14, 19, 23, 24, 27, 31, 34, 36, 37, 40, 45, 49, 52, 55]",56,38,False
trafo,16,57,73,1,94.73684210526316,18,100.0,19,1,0.0007222999702207744,"[0, 3, 5, 12, 14, 19, 23, 24, 27, 31, 34, 36, 37, 40, 45, 50, 52, 53, 55]",54,8,False
line,0,57,76,1,98.24561403508773,18,100.0,19,1,0.0009250000002793968,"[0, 1, 3, 8, 10, 14, 19, 23, 24, 25, 28, 31, 34, 36, 37, 45, 49, 52, 55]",0,1,False
line,1,57,76,1,100.0,18,100.0,18,0,0.000805600022431463,"[0, 3, 8, 10, 14, 19, 23, 24, 25, 28, 31, 34, 36, 37, 45, 49, 52, 55]",1,2,True
line,2,57,76,1,100.0,18,100.0,18,0,0.0007618999807164073,"[0, 3, 8, 10, 14, 19, 23, 24, 25, 28, 31, 34, 36, 37, 45, 49, 52, 55]",2,3,True
line,3,57,76,1,98.24561403508773,18,100.0,19,1,0.0008707999950274825,"[0, 3, 4, 8, 10, 14, 19, 23, 24, 25, 28, 31, 34, 36, 37, 45, 49, 52, 55]",3,4,False
line,4,57,76,1,98.24561403508773,18,100.0,19,1,0.0007989999721758068,"[0, 3, 4, 8, 10, 14, 19, 23, 24, 25, 28, 31, 34, 36, 37, 45, 49, 52, 55]",3,5,False
line,5,57,76,1,100.0,18,100.0,18,0,0.0007891999557614326,"[0, 3, 8, 10, 14, 19, 23, 24, 25, 28, 31, 34, 36, 37, 45, 49, 52, 55]",5,6,True
line,6,57,76,1,100.0,18,100.0,18,0,0.0007383999763987958,"[0, 3, 8, 10, 14, 19, 23, 24, 25, 28, 31, 34, 36, 37, 45, 49, 52, 55]",5,7,True
line,7,57,76,1,98.24561403508773,18,100.0,19,1,0.0007671000203117728,"[0, 3, 5, 8, 10, 14, 19, 23, 24, 25, 28, 31, 34, 36, 37, 45, 49, 52, 55]",7,8,False
line,8,57,76,1,98.24561403508773,18,100.0,18,0,0.0007354000117629766,"[0, 3, 8, 10, 14, 19, 23, 24, 25, 28, 31, 34, 36, 37, 45, 50, 52, 55]",8,9,False
line,9,57,76,1,100.0,18,100.0,17,-1,0.0007572000031359494,"[0, 3, 8, 14, 19, 23, 24, 25, 28, 31, 35, 37, 38, 40, 45, 49, 52]",8,10,True
line,10,57,76,1,98.24561403508773,18,100.0,19,1,0.0008074999786913395,"[0, 3, 8, 9, 10, 14, 19, 23, 24, 25, 28, 31, 34, 36, 37, 45, 48, 52, 55]",8,11,False
line,11,57,76,1,100.0,18,100.0,19,1,0.0008010999881662428,"[0, 3, 8, 10, 13, 14, 19, 23, 24, 25, 28, 31, 34, 36, 37, 45, 49, 52, 55]",8,12,True
line,12,57,76,1,100.0,18,100.0,18,0,0.0007736000115983188,"[0, 3, 8, 10, 14, 19, 23, 24, 25, 28, 31, 34, 36, 37, 45, 49, 52, 55]",12,13,True
line,13,57,77,1,100.0,18,100.0,18,0,0.0007138000219129026,"[0, 3, 8, 10, 14, 19, 23, 24, 25, 28, 31, 34, 36, 37, 45, 49, 52, 55]",12,14,True
line,14,57,76,1,100.0,18,100.0,19,1,0.0009091999963857234,"[0, 3, 8, 10, 13, 14, 19, 23, 24, 25, 28, 31, 34, 36, 37, 45, 49, 52, 55]",0,14,True
line,15,57,76,1,98.24561403508773,18,100.0,19,1,0.0007367999642156065,"[0, 3, 8, 10, 11, 14, 19, 23, 24, 25, 28, 31, 34, 36, 37, 45, 49, 52, 55]",0,15,False
line,16,57,76,1,98.24561403508773,18,100.0,19,1,0.000763599993661046,"[0, 3, 8, 10, 11, 14, 19, 23, 24, 25, 28, 31, 34, 36, 37, 45, 49, 52, 55]",0,16,False
line,17,57,76,1,100.0,18,100.0,18,0,0.0006994999712333083,"[0, 3, 8, 10, 14, 19, 23, 24, 25, 28, 31, 34, 36, 37, 45, 49, 52, 55]",2,14,True
line,18,57,76,1,100.0,18,100.0,18,0,0.0007078000344336033,"[0, 3, 8, 10, 14, 19, 23, 24, 25, 28, 31, 34, 36, 37, 45, 49, 52, 55]",4,5,True
line,19,57,76,1,100.0,18,100.0,18,0,0.0008426000131294131,"[0, 3, 8, 10, 14, 19, 23, 24, 25, 28, 31, 34, 36, 37, 45, 49, 52, 55]",6,7,True
line,20,57,76,1,100.0,18,100.0,18,0,0.000888100010342896,"[0, 3, 8, 10, 14, 19, 23, 24, 25, 28, 31, 34, 36, 37, 45, 49, 52, 55]",9,11,True
line,21,57,76,1,100.0,18,100.0,18,0,0.0007065999670885503,"[0, 3, 8, 10, 14, 19, 23, 24, 25, 28, 31, 34, 36, 37, 45, 49, 52, 55]",10,12,True
line,22,57,76,1,100.0,18,100.0,18,0,0.0007619000389240682,"[0, 3, 8, 10, 14, 19, 23, 24, 25, 28, 31, 34, 36, 37, 45, 49, 52, 55]",11,12,True
line,23,57,76,1,100.0,18,100.0,18,0,0.0007489999989047647,"[0, 3, 8, 10, 14, 19, 23, 24, 25, 28, 31, 34, 36, 37, 45, 49, 52, 55]",11,15,True
line,24,57,76,1,100.0,18,100.0,18,0,0.001119400025345385,"[0, 3, 8, 10, 14, 19, 23, 24, 25, 28, 31, 34, 36, 37, 45, 49, 52, 55]",11,16,True
line,25,57,76,1,100.0,18,100.0,18,0,0.0007265000022016466,"[0, 3, 8, 10, 14, 19, 23, 24, 25, 28, 31, 34, 36, 37, 45, 49, 52, 55]",13,14,True
line,26,57,76,1,100.0,18,100.0,18,0,0.0008792000007815659,"[0, 3, 8, 10, 14, 19, 23, 24, 25, 28, 31, 34, 36, 37, 45, 49, 52, 55]",17,18,True
line,27,57,76,1,98.24561403508773,18,100.0,19,1,0.0007347999489866197,"[0, 3, 8, 10, 14, 17, 19, 23, 24, 25, 28, 31, 34, 36, 37, 45, 49, 52, 55]",18,19,False
line,28,57,76,1,100.0,18,100.0,18,0,0.0008523000287823379,"[0, 3, 8, 10, 14, 19, 23, 24, 25, 28, 31, 34, 36, 37, 45, 49, 52, 55]",20,21,True
line,29,57,76,1,100.0,18,100.0,18,0,0.0007030999986454844,"[0, 3, 8, 10, 14, 19, 23, 24, 25, 28, 31, 34, 36, 37, 45, 49, 52, 55]",21,22,True
line,30,57,76,1,98.24561403508773,18,100.0,19,1,0.0007488999981433153,"[0, 3, 8, 10, 14, 19, 21, 23, 24, 25, 28, 31, 34, 36, 37, 45, 49, 52, 55]",22,23,False
line,31,57,76,1,98.24561403508773,18,100.0,18,0,0.0007019999902695417,"[0, 3, 8, 10, 14, 19, 23, 24, 26, 28, 31, 34, 36, 37, 45, 49, 52, 55]",25,26,False
line,32,57,76,1,100.0,18,100.0,18,0,0.0007042000070214272,"[0, 3, 8, 10, 14, 19, 23, 24, 25, 28, 31, 34, 36, 37, 45, 49, 52, 55]",26,27,True
line,33,57,76,1,98.24561403508773,18,100.0,18,0,0.0007353000110015273,"[0, 3, 8, 10, 14, 19, 23, 24, 26, 28, 31, 34, 36, 37, 45, 49, 52, 55]",27,28,False
line,34,57,76,1,98.24561403508773,18,100.0,18,0,0.0006995000294409692,"[0, 3, 8, 10, 14, 19, 23, 25, 28, 29, 31, 34, 36, 37, 45, 49, 52, 55]",24,29,False
line,35,57,76,1,100.0,18,100.0,18,0,0.0013217999949119985,"[0, 3, 8, 10, 14, 19, 23, 24, 25, 28, 31, 34, 36, 37, 45, 49, 52, 55]",29,30,True
line,36,57,76,1,98.24561403508773,18,100.0,18,0,0.0006998000317253172,"[0, 3, 8, 10, 14, 19, 23, 25, 28, 29, 31, 34, 36, 37, 45, 49, 52, 55]",30,31,False
line,37,57,76,2,98.24561403508773,18,100.0,18,0,0.0007022999925538898,"[0, 3, 8, 10, 14, 19, 23, 25, 28, 30, 32, 34, 36, 37, 45, 49, 52, 55]",31,32,False
line,38,57,76,1,100.0,18,100.0,18,0,0.0008594999671913683,"[0, 3, 8, 10, 14, 19, 23, 24, 25, 28, 31, 34, 36, 37, 45, 49, 52, 55]",33,34,True
line,39,57,76,1,100.0,18,100.0,18,0,0.0007061000214889646,"[0, 3, 8, 10, 14, 19, 23, 24, 25, 28, 31, 33, 36, 37, 45, 49, 52, 55]",34,35,True
line,40,57,76,1,100.0,18,100.0,18,0,0.0006817999528720975,"[0, 3, 8, 10, 14, 19, 23, 24, 25, 28, 31, 34, 36, 37, 45, 49, 52, 55]",35,36,True
line,41,57,76,1,100.0,18,100.0,18,0,0.0007375000277534127,"[0, 3, 8, 10, 14, 19, 23, 24, 25, 28, 31, 35, 36, 37, 45, 49, 52, 55]",36,37,True
line,42,57,76,1,98.24561403508773,18,100.0,18,0,0.0007039000047370791,"[0, 3, 8, 10, 14, 19, 23, 24, 25, 28, 31, 34, 37, 38, 45, 49, 52, 55]",36,38,False
line,43,57,76,1,100.0,18,100.0,18,0,0.000742900010664016,"[0, 3, 8, 10, 14, 19, 23, 24, 25, 28, 31, 34, 36, 37, 45, 49, 52, 55]",35,39,True
line,44,57,76,1,98.24561403508773,18,100.0,19,1,0.0008797000045888126,"[0, 3, 8, 10, 14, 19, 20, 23, 24, 25, 28, 31, 34, 36, 37, 45, 49, 52, 55]",21,37,False
line,45,57,76,1,100.0,18,100.0,18,0,0.0020398999913595617,"[0, 3, 8, 10, 14, 19, 23, 24, 25, 28, 31, 34, 36, 37, 45, 49, 52, 55]",40,41,True
line,46,57,76,1,100.0,18,100.0,18,0,0.0007903000223450363,"[0, 3, 8, 10, 14, 19, 23, 24, 25, 28, 31, 34, 36, 37, 45, 49, 52, 55]",40,42,True
line,47,57,76,1,98.24561403508773,18,100.0,18,0,0.0013604999985545874,"[0, 3, 8, 10, 19, 23, 24, 25, 28, 31, 34, 36, 37, 43, 45, 49, 52, 55]",37,43,False
line,48,57,76,1,98.24561403508773,18,100.0,19,1,0.001424900023266673,"[0, 3, 8, 10, 13, 14, 19, 23, 24, 25, 28, 31, 34, 36, 37, 46, 49, 52, 55]",45,46,False
line,49,57,76,1,100.0,18,100.0,18,0,0.0013993000029586256,"[0, 3, 8, 10, 14, 19, 23, 24, 25, 28, 31, 34, 36, 37, 45, 49, 52, 55]",46,47,True
line,50,57,76,1,100.0,18,100.0,18,0,0.0007242999854497612,"[0, 3, 8, 10, 14, 19, 23, 24, 25, 28, 31, 34, 36, 37, 45, 49, 52, 55]",47,48,True
line,51,57,76,1,100.0,18,100.0,18,0,0.0008209000225178897,"[0, 3, 8, 10, 14, 19, 23, 24, 25, 28, 31, 34, 36, 37, 45, 49, 52, 55]",48,49,True
line,52,57,76,1,98.24561403508773,18,100.0,19,1,0.0007280000136233866,"[0, 3, 8, 9, 10, 14, 19, 23, 24, 25, 28, 31, 34, 36, 37, 45, 48, 52, 55]",49,50,False
line,53,57,76,1,100.0,18,100.0,18,0,0.0007403999916277826,"[0, 3, 5, 8, 10, 14, 19, 23, 24, 27, 31, 34, 36, 37, 45, 49, 52, 55]",28,51,True
line,54,57,76,1,100.0,18,100.0,18,0,0.0007492000004276633,"[0, 3, 8, 10, 14, 19, 23, 24, 25, 28, 31, 34, 36, 37, 45, 49, 52, 55]",51,52,True
line,55,57,76,1,98.24561403508773,18,100.0,19,1,0.001381399983074516,"[0, 3, 8, 10, 14, 19, 23, 24, 25, 28, 31, 34, 36, 37, 45, 49, 51, 53, 55]",52,53,False
line,56,57,76,1,100.0,18,100.0,18,0,0.0008051999611780047,"[0, 3, 8, 10, 14, 19, 23, 24, 25, 28, 31, 34, 36, 37, 45, 49, 52, 55]",53,54,True
line,57,57,76,1,100.0,18,100.0,18,0,0.0007015999872237444,"[0, 3, 8, 10, 14, 19, 23, 24, 25, 28, 31, 34, 36, 37, 45, 49, 52, 55]",43,44,True
line,58,57,76,1,100.0,18,100.0,18,0,0.0006964000058360398,"[0, 3, 8, 10, 14, 19, 23, 24, 25, 28, 31, 34, 36, 37, 45, 49, 52, 55]",55,40,True
line,59,57,76,1,98.24561403508773,18,100.0,17,-1,0.001192399999126792,"[0, 3, 8, 14, 19, 23, 24, 25, 28, 31, 35, 37, 38, 40, 45, 49, 52]",55,41,False
line,60,57,76,1,98.24561403508773,18,100.0,17,-1,0.0006902000168338418,"[0, 3, 8, 14, 19, 23, 24, 25, 28, 31, 35, 37, 38, 40, 45, 49, 52]",56,55,False
line,61,57,76,1,100.0,18,100.0,18,0,0.00073050003265962,"[0, 3, 8, 10, 14, 19, 23, 24, 25, 28, 31, 34, 36, 37, 45, 49, 52, 55]",37,48,True
line,62,57,76,1,98.24561403508773,18,100.0,19,1,0.0008965000160969794,"[0, 3, 8, 9, 10, 14, 19, 23, 24, 25, 28, 31, 34, 36, 37, 45, 48, 52, 55]",37,47,False
trafo,0,57,76,1,98.24561403508773,18,100.0,19,1,0.001204799977131188,"[0, 3, 8, 10, 14, 18, 19, 23, 24, 25, 28, 31, 34, 36, 37, 45, 49, 52, 55]",17,3,False
trafo,1,57,77,1,100.0,18,100.0,18,0,0.0007087999838404357,"[0, 3, 8, 10, 14, 19, 23, 24, 25, 28, 31, 34, 36, 37, 45, 49, 52, 55]",17,3,True
trafo,2,57,76,1,98.24561403508773,18,100.0,19,1,0.000734600005671382,"[0, 3, 8, 10, 14, 18, 20, 23, 24, 25, 28, 31, 34, 36, 37, 45, 49, 52, 55]",19,20,False
trafo,3,57,77,1,100.0,18,100.0,18,0,0.0007050999556668103,"[0, 3, 8, 10, 14, 19, 23, 24, 25, 28, 31, 34, 36, 37, 45, 49, 52, 55]",24,23,True
trafo,4,57,77,1,100.0,18,100.0,18,0,0.0007195999496616423,"[0, 3, 8, 10, 14, 19, 23, 24, 25, 28, 31, 34, 36, 37, 45, 49, 52, 55]",24,23,True
trafo,5,57,76,1,100.0,18,100.0,18,0,0.0009664000244811177,"[0, 3, 8, 10, 14, 19, 23, 24, 25, 28, 31, 34, 36, 37, 45, 49, 52, 55]",25,23,True
trafo,6,57,76,1,98.24561403508773,18,100.0,18,0,0.0007006999803707004,"[0, 3, 5, 8, 10, 14, 19, 23, 24, 27, 31, 34, 36, 37, 45, 49, 52, 55]",28,6,False
trafo,7,57,76,1,100.0,18,100.0,18,0,0.000707999977748841,"[0, 3, 8, 10, 14, 19, 23, 25, 28, 30, 31, 34, 36, 37, 45, 49, 52, 55]",31,33,True
trafo,8,57,76,1,100.0,18,100.0,18,0,0.0008199000149033964,"[0, 3, 8, 10, 14, 19, 23, 24, 25, 28, 31, 34, 36, 37, 45, 49, 52, 55]",40,10,True
trafo,9,57,76,1,98.24561403508773,18,100.0,18,0,0.0013414000277407467,"[0, 3, 8, 10, 19, 23, 24, 25, 28, 31, 34, 36, 37, 43, 45, 49, 52, 55]",44,14,False
trafo,10,57,76,1,100.0,18,100.0,18,0,0.000700899981893599,"[0, 3, 8, 10, 14, 19, 23, 24, 25, 28, 31, 34, 36, 37, 45, 49, 52, 55]",45,13,True
trafo,11,57,76,1,100.0,18,100.0,18,0,0.0007372000254690647,"[0, 3, 8, 10, 14, 19, 23, 24, 25, 28, 31, 34, 36, 37, 45, 49, 52, 55]",50,9,True
trafo,12,57,76,1,100.0,18,100.0,18,0,0.000833099998999387,"[0, 3, 8, 10, 14, 19, 23, 24, 25, 28, 31, 34, 36, 37, 45, 49, 52, 55]",48,12,True
trafo,13,57,76,1,98.24561403508773,18,100.0,18,0,0.0007200000109151006,"[0, 3, 8, 14, 19, 23, 24, 25, 28, 31, 34, 36, 37, 40, 45, 49, 52, 55]",42,10,False
trafo,14,57,76,1,98.24561403508773,18,100.0,17,-1,0.0012292999890632927,"[0, 3, 8, 14, 19, 23, 24, 25, 28, 31, 35, 37, 38, 40, 45, 49, 52]",55,39,False
trafo,15,57,76,1,100.0,18,100.0,18,0,0.0006980000180192292,"[0, 3, 8, 10, 14, 19, 23, 24, 25, 28, 31, 34, 36, 37, 45, 49, 52, 55]",56,38,True
trafo,16,57,76,1,98.24561403508773,18,100.0,18,0,0.0007071000291034579,"[0, 3, 8, 10, 14, 19, 23, 24, 25, 28, 31, 34, 36, 37, 45, 49, 53, 55]",54,8,False
line,0,57,75,1,98.24561403508773,18,100.0,19,1,0.0007254999945871532,"[0, 1, 3, 8, 10, 14, 19, 23, 24, 25, 28, 31, 34, 36, 37, 45, 49, 52, 55]",0,1,False
line,1,57,75,1,100.0,18,100.0,18,0,0.0007231999770738184,"[0, 3, 8, 10, 14, 19, 23, 24, 25, 28, 31, 34, 36, 37, 45, 49, 52, 55]",1,2,True
line,2,57,75,1,100.0,18,100.0,18,0,0.0011514000361785293,"[0, 3, 8, 10, 14, 19, 23, 24, 25, 28, 31, 34, 36, 37, 45, 49, 52, 55]",2,3,True
line,3,57,75,1,98.24561403508773,18,100.0,19,1,0.0007676999666728079,"[0, 3, 4, 8, 10, 14, 19, 23, 24, 25, 28, 31, 34, 36, 37, 45, 49, 52, 55]",3,4,False
line,4,57,75,1,98.24561403508773,18,100.0,19,1,0.0008725000079721212,"[0, 3, 4, 8, 10, 14, 19, 23, 24, 25, 28, 31, 34, 36, 37, 45, 49, 52, 55]",3,5,False
line,5,57,75,1,100.0,18,100.0,18,0,0.000907899986486882,"[0, 3, 8, 10, 14, 19, 23, 24, 25, 28, 31, 34, 36, 37, 45, 49, 52, 55]",5,6,True
line,6,57,75,1,100.0,18,100.0,18,0,0.0017846999689936638,"[0, 3, 8, 10, 14, 19, 23, 24, 25, 28, 31, 34, 36, 37, 45, 49, 52, 55]",5,7,True
line,7,57,75,1,98.24561403508773,18,100.0,19,1,0.0008845999836921692,"[0, 3, 5, 8, 10, 14, 19, 23, 24, 25, 28, 31, 34, 36, 37, 45, 49, 52, 55]",7,8,False
line,8,57,75,1,98.24561403508773,18,100.0,19,1,0.0007631999906152487,"[0, 3, 8, 9, 10, 14, 19, 23, 24, 25, 28, 31, 34, 36, 37, 45, 49, 52, 55]",8,9,False
line,9,57,75,1,100.0,18,100.0,17,-1,0.0006842000293545425,"[0, 3, 8, 14, 19, 23, 24, 25, 28, 31, 35, 37, 38, 40, 45, 49, 52]",8,10,True
line,10,57,75,1,98.24561403508773,18,100.0,19,1,0.0010358999716117978,"[0, 3, 8, 9, 10, 14, 19, 23, 24, 25, 28, 31, 34, 36, 37, 45, 49, 52, 55]",8,11,False
line,11,57,75,1,100.0,18,100.0,18,0,0.000839599990285933,"[0, 3, 8, 10, 14, 19, 23, 24, 25, 28, 31, 34, 36, 37, 45, 49, 52, 55]",8,12,True
line,12,57,76,1,100.0,18,100.0,18,0,0.0007882999489083886,"[0, 3, 8, 10, 14, 19, 23, 24, 25, 28, 31, 34, 36, 37, 45, 49, 52, 55]",12,13,True
line,13,57,75,1,100.0,18,100.0,18,0,0.0008055999642238021,"[0, 3, 8, 10, 14, 19, 23, 24, 25, 28, 31, 34, 36, 37, 45, 49, 52, 55]",12,14,True
line,14,57,75,1,100.0,18,100.0,19,1,0.0007989000296220183,"[0, 3, 8, 10, 13, 14, 19, 23, 24, 25, 28, 31, 34, 36, 37, 45, 49, 52, 55]",0,14,True
line,15,57,75,1,98.24561403508773,18,100.0,19,1,0.0009830999770201743,"[0, 3, 8, 10, 11, 14, 19, 23, 24, 25, 28, 31, 34, 36, 37, 45, 49, 52, 55]",0,15,False
line,16,57,75,1,98.24561403508773,18,100.0,19,1,0.0008004999835975468,"[0, 3, 8, 10, 11, 14, 19, 23, 24, 25, 28, 31, 34, 36, 37, 45, 49, 52, 55]",0,16,False
line,17,57,75,1,100.0,18,100.0,18,0,0.0007007999811321497,"[0, 3, 8, 10, 14, 19, 23, 24, 25, 28, 31, 34, 36, 37, 45, 49, 52, 55]",2,14,True
line,18,57,75,1,100.0,18,100.0,18,0,0.0007331999950110912,"[0, 3, 8, 10, 14, 19, 23, 24, 25, 28, 31, 34, 36, 37, 45, 49, 52, 55]",4,5,True
line,19,57,75,1,100.0,18,100.0,18,0,0.001957500004209578,"[0, 3, 8, 10, 14, 19, 23, 24, 25, 28, 31, 34, 36, 37, 45, 49, 52, 55]",6,7,True
line,20,57,75,1,100.0,18,100.0,18,0,0.0014461000100709498,"[0, 3, 8, 10, 14, 19, 23, 24, 25, 28, 31, 34, 36, 37, 45, 49, 52, 55]",9,11,True
line,21,57,75,1,100.0,18,100.0,18,0,0.000699399970471859,"[0, 3, 8, 10, 14, 19, 23, 24, 25, 28, 31, 34, 36, 37, 45, 49, 52, 55]",10,12,True
line,22,57,75,1,100.0,18,100.0,18,0,0.0007028000545687973,"[0, 3, 8, 10, 14, 19, 23, 24, 25, 28, 31, 34, 36, 37, 45, 49, 52, 55]",11,12,True
line,23,57,75,1,100.0,18,100.0,18,0,0.0007209000177681446,"[0, 3, 8, 10, 14, 19, 23, 24, 25, 28, 31, 34, 36, 37, 45, 49, 52, 55]",11,15,True
line,24,57,75,1,100.0,18,100.0,18,0,0.000851099961437285,"[0, 3, 8, 10, 14, 19, 23, 24, 25, 28, 31, 34, 36, 37, 45, 49, 52, 55]",11,16,True
line,25,57,75,1,100.0,18,100.0,18,0,0.0007033000001683831,"[0, 3, 8, 10, 14, 19, 23, 24, 25, 28, 31, 34, 36, 37, 45, 49, 52, 55]",13,14,True
line,26,57,75,1,100.0,18,100.0,18,0,0.0007388999802060425,"[0, 3, 8, 10, 14, 19, 23, 24, 25, 28, 31, 34, 36, 37, 45, 49, 52, 55]",17,18,True
line,27,57,75,1,98.24561403508773,18,100.0,19,1,0.000875400030054152,"[0, 3, 8, 10, 14, 17, 19, 23, 24, 25, 28, 31, 34, 36, 37, 45, 49, 52, 55]",18,19,False
line,28,57,75,1,100.0,18,100.0,18,0,0.0007066000252962112,"[0, 3, 8, 10, 14, 19, 23, 24, 25, 28, 31, 34, 36, 37, 45, 49, 52, 55]",20,21,True
line,29,57,75,1,100.0,18,100.0,18,0,0.0007556999917142093,"[0, 3, 8, 10, 14, 19, 23, 24, 25, 28, 31, 34, 36, 37, 45, 49, 52, 55]",21,22,True
line,30,57,75,1,98.24561403508773,18,100.0,19,1,0.0007306999759748578,"[0, 3, 8, 10, 14, 19, 21, 23, 24, 25, 28, 31, 34, 36, 37, 45, 49, 52, 55]",22,23,False
line,31,57,75,1,98.24561403508773,18,100.0,18,0,0.0007063000230118632,"[0, 3, 8, 10, 14, 19, 23, 24, 26, 28, 31, 34, 36, 37, 45, 49, 52, 55]",25,26,False
line,32,57,75,1,100.0,18,100.0,18,0,0.000901099992915988,"[0, 3, 8, 10, 14, 19, 23, 24, 25, 28, 31, 34, 36, 37, 45, 49, 52, 55]",26,27,True
line,33,57,75,1,98.24561403508773,18,100.0,18,0,0.0008584000170230865,"[0, 3, 8, 10, 14, 19, 23, 24, 26, 28, 31, 34, 36, 37, 45, 49, 52, 55]",27,28,False
line,34,57,75,1,98.24561403508773,18,100.0,18,0,0.0007018999895080924,"[0, 3, 8, 10, 14, 19, 23, 25, 28, 29, 31, 34, 36, 37, 45, 49, 52, 55]",24,29,False
line,35,57,75,1,100.0,18,100.0,18,0,0.000708600040525198,"[0, 3, 8, 10, 14, 19, 23, 24, 25, 28, 31, 34, 36, 37, 45, 49, 52, 55]",29,30,True
line,36,57,75,1,98.24561403508773,18,100.0,18,0,0.0007004000362940133,"[0, 3, 8, 10, 14, 19, 23, 25, 28, 29, 31, 34, 36, 37, 45, 49, 52, 55]",30,31,False
line,37,57,75,2,98.24561403508773,18,100.0,18,0,0.0009171999990940094,"[0, 3, 8, 10, 14, 19, 23, 25, 28, 30, 32, 34, 36, 37, 45, 49, 52, 55]",31,32,False
line,38,57,75,1,100.0,18,100.0,18,0,0.0008313999860547483,"[0, 3, 8, 10, 14, 19, 23, 24, 25, 28, 31, 34, 36, 37, 45, 49, 52, 55]",33,34,True
line,39,57,75,1,100.0,18,100.0,18,0,0.000741399999242276,"[0, 3, 8, 10, 14, 19, 23, 24, 25, 28, 31, 33, 36, 37, 45, 49, 52, 55]",34,35,True
line,40,57,75,1,100.0,18,100.0,18,0,0.000709500047378242,"[0, 3, 8, 10, 14, 19, 23, 24, 25, 28, 31, 34, 36, 37, 45, 49, 52, 55]",35,36,True
line,41,57,75,1,100.0,18,100.0,18,0,0.0007112000021152198,"[0, 3, 8, 10, 14, 19, 23, 24, 25, 28, 31, 35, 36, 37, 45, 49, 52, 55]",36,37,True
line,42,57,75,1,98.24561403508773,18,100.0,18,0,0.0009264000109396875,"[0, 3, 8, 10, 14, 19, 23, 24, 25, 28, 31, 34, 37, 38, 45, 49, 52, 55]",36,38,False
line,43,57,75,1,100.0,18,100.0,18,0,0.000792000035289675,"[0, 3, 8, 10, 14, 19, 23, 24, 25, 28, 31, 34, 36, 37, 45, 49, 52, 55]",35,39,True
line,44,57,75,1,98.24561403508773,18,100.0,19,1,0.0007938999915495515,"[0, 3, 8, 10, 14, 19, 20, 23, 24, 25, 28, 31, 34, 36, 37, 45, 49, 52, 55]",21,37,False
line,45,57,75,1,100.0,18,100.0,18,0,0.0007030999986454844,"[0, 3, 8, 10, 14, 19, 23, 24, 25, 28, 31, 34, 36, 37, 45, 49, 52, 55]",40,41,True
line,46,57,75,1,100.0,18,100.0,18,0,0.0007076000329107046,"[0, 3, 8, 10, 14, 19, 23, 24, 25, 28, 31, 34, 36, 37, 45, 49, 52, 55]",40,42,True
line,47,57,75,1,98.24561403508773,18,100.0,18,0,0.0008433000184595585,"[0, 3, 8, 10, 19, 23, 24, 25, 28, 31, 34, 36, 37, 43, 45, 49, 52, 55]",37,43,False
line,48,57,75,1,98.24561403508773,18,100.0,19,1,0.00077479996252805,"[0, 3, 8, 10, 13, 14, 19, 23, 24, 25, 28, 31, 34, 36, 37, 46, 49, 52, 55]",45,46,False
line,49,57,75,1,100.0,18,100.0,18,0,0.0007046000100672245,"[0, 3, 8, 10, 14, 19, 23, 24, 25, 28, 31, 34, 36, 37, 45, 49, 52, 55]",46,47,True
line,50,57,75,1,100.0,18,100.0,18,0,0.0007345000049099326,"[0, 3, 8, 10, 14, 19, 23, 24, 25, 28, 31, 34, 36, 37, 45, 49, 52, 55]",47,48,True
line,51,57,75,2,100.0,18,100.0,18,0,0.0008190000080503523,"[0, 3, 8, 10, 14, 19, 23, 24, 25, 28, 31, 34, 36, 37, 45, 49, 52, 55]",48,49,True
line,52,57,75,2,98.24561403508773,18,100.0,19,1,0.0007322999881580472,"[0, 3, 8, 10, 14, 19, 23, 24, 25, 28, 31, 34, 36, 37, 45, 48, 50, 52, 55]",49,50,False
line,53,57,75,1,100.0,18,100.0,18,0,0.0013841000036336482,"[0, 3, 5, 8, 10, 14, 19, 23, 24, 27, 31, 34, 36, 37, 45, 49, 52, 55]",28,51,True
line,54,57,75,1,100.0,18,100.0,18,0,0.0007031999994069338,"[0, 3, 8, 10, 14, 19, 23, 24, 25, 28, 31, 34, 36, 37, 45, 49, 52, 55]",51,52,True
line,55,57,75,1,98.24561403508773,18,100.0,19,1,0.0007683000294491649,"[0, 3, 8, 10, 14, 19, 23, 24, 25, 28, 31, 34, 36, 37, 45, 49, 51, 53, 55]",52,53,False
line,56,57,75,1,100.0,18,100.0,18,0,0.0006984000210650265,"[0, 3, 8, 10, 14, 19, 23, 24, 25, 28, 31, 34, 36, 37, 45, 49, 52, 55]",53,54,True
line,57,57,75,1,100.0,18,100.0,18,0,0.000755899993237108,"[0, 3, 8, 10, 14, 19, 23, 24, 25, 28, 31, 34, 36, 37, 45, 49, 52, 55]",43,44,True
line,58,57,75,1,100.0,18,100.0,18,0,0.0006984000210650265,"[0, 3, 8, 10, 14, 19, 23, 24, 25, 28, 31, 34, 36, 37, 45, 49, 52, 55]",55,40,True
line,59,57,75,1,98.24561403508773,18,100.0,17,-1,0.000694699992891401,"[0, 3, 8, 14, 19, 23, 24, 25, 28, 31, 35, 37, 38, 40, 45, 49, 52]",55,41,False
line,60,57,75,1,98.24561403508773,18,100.0,17,-1,0.0011162000009790063,"[0, 3, 8, 14, 19, 23, 24, 25, 28, 31, 35, 37, 38, 40, 45, 49, 52]",56,55,False
line,61,57,75,1,100.0,18,100.0,18,0,0.0007049000123515725,"[0, 3, 8, 10, 14, 19, 23, 24, 25, 28, 31, 34, 36, 37, 45, 49, 52, 55]",37,48,True
line,62,57,75,1,98.24561403508773,18,100.0,19,1,0.0007335999980568886,"[0, 3, 8, 10, 14, 19, 23, 24, 25, 28, 31, 34, 36, 37, 45, 48, 49, 52, 55]",37,47,False
trafo,0,57,76,1,100.0,18,100.0,18,0,0.0008194000110961497,"[0, 3, 8, 10, 14, 19, 23, 24, 25, 28, 31, 34, 36, 37, 45, 49, 52, 55]",17,3,True
trafo,1,57,76,1,100.0,18,100.0,18,0,0.0007038000039756298,"[0, 3, 8, 10, 14, 19, 23, 24, 25, 28, 31, 34, 36, 37, 45, 49, 52, 55]",17,3,True
trafo,2,57,75,1,98.24561403508773,18,100.0,19,1,0.0007659999537281692,"[0, 3, 8, 10, 14, 18, 20, 23, 24, 25, 28, 31, 34, 36, 37, 45, 49, 52, 55]",19,20,False
trafo,3,57,76,1,100.0,18,100.0,18,0,0.0019147999701090157,"[0, 3, 8, 10, 14, 19, 23, 24, 25, 28, 31, 34, 36, 37, 45, 49, 52, 55]",24,23,True
trafo,4,57,76,1,100.0,18,100.0,18,0,0.0007989000296220183,"[0, 3, 8, 10, 14, 19, 23, 24, 25, 28, 31, 34, 36, 37, 45, 49, 52, 55]",24,23,True
trafo,5,57,75,1,100.0,18,100.0,18,0,0.001192099996842444,"[0, 3, 8, 10, 14, 19, 23, 24, 25, 28, 31, 34, 36, 37, 45, 49, 52, 55]",25,23,True
trafo,6,57,75,1,98.24561403508773,18,100.0,18,0,0.0011534999939613044,"[0, 3, 5, 8, 10, 14, 19, 23, 24, 27, 31, 34, 36, 37, 45, 49, 52, 55]",28,6,False
trafo,7,57,75,1,100.0,18,100.0,18,0,0.0007134000188671052,"[0, 3, 8, 10, 14, 19, 23, 25, 28, 30, 31, 34, 36, 37, 45, 49, 52, 55]",31,33,True
trafo,8,57,75,1,100.0,18,100.0,18,0,0.0008612999808974564,"[0, 3, 8, 10, 14, 19, 23, 24, 25, 28, 31, 34, 36, 37, 45, 49, 52, 55]",40,10,True
trafo,9,57,75,1,98.24561403508773,18,100.0,18,0,0.0007716999971307814,"[0, 3, 8, 10, 19, 23, 24, 25, 28, 31, 34, 36, 37, 43, 45, 49, 52, 55]",44,14,False
trafo,10,57,75,1,100.0,18,100.0,18,0,0.0007056000176817179,"[0, 3, 8, 10, 14, 19, 23, 24, 25, 28, 31, 34, 36, 37, 45, 49, 52, 55]",45,13,True
trafo,11,57,76,1,100.0,18,100.0,18,0,0.0008265000069513917,"[0, 3, 8, 10, 14, 19, 23, 24, 25, 28, 31, 34, 36, 37, 45, 49, 52, 55]",50,9,True
trafo,12,57,75,1,100.0,18,100.0,18,0,0.0007041000062599778,"[0, 3, 8, 10, 14, 19, 23, 24, 25, 28, 31, 34, 36, 37, 45, 49, 52, 55]",48,12,True
trafo,13,57,75,1,98.24561403508773,18,100.0,18,0,0.0008937999955378473,"[0, 3, 8, 14, 19, 23, 24, 25, 28, 31, 34, 36, 37, 40, 45, 49, 52, 55]",42,10,False
trafo,14,57,75,1,98.24561403508773,18,100.0,17,-1,0.0006710999878123403,"[0, 3, 8, 14, 19, 23, 24, 25, 28, 31, 35, 37, 38, 40, 45, 49, 52]",55,39,False
trafo,15,57,75,1,100.0,18,100.0,18,0,0.0008258000016212463,"[0, 3, 8, 10, 14, 19, 23, 24, 25, 28, 31, 34, 36, 37, 45, 49, 52, 55]",56,38,True
trafo,16,57,75,1,98.24561403508773,18,100.0,18,0,0.001125000009778887,"[0, 3, 8, 10, 14, 19, 23, 24, 25, 28, 31, 34, 36, 37, 45, 49, 53, 55]",54,8,False
line,0,57,75,1,98.24561403508773,18,100.0,19,1,0.0008977999677881598,"[0, 1, 3, 8, 10, 14, 19, 23, 24, 25, 28, 31, 34, 36, 37, 45, 49, 52, 55]",0,1,False
line,1,57,74,2,98.24561403508773,18,100.0,19,1,0.0007214000215753913,"[0, 1, 3, 8, 10, 14, 19, 23, 24, 25, 28, 31, 34, 36, 37, 45, 49, 52, 55]",1,2,False
line,2,57,74,1,98.24561403508773,18,100.0,19,1,0.0007192000048235059,"[0, 1, 3, 8, 10, 14, 19, 23, 24, 25, 28, 31, 34, 36, 37, 45, 49, 52, 55]",2,3,False
line,3,57,74,1,96.49122807017544,18,100.0,19,1,0.000729600025806576,"[0, 1, 5, 8, 10, 14, 18, 19, 23, 24, 27, 31, 34, 36, 37, 45, 49, 52, 55]",3,4,False
line,4,57,74,1,96.49122807017544,18,100.0,20,2,0.0007612000335939229,"[0, 1, 3, 4, 8, 10, 14, 19, 23, 24, 25, 28, 31, 34, 36, 37, 45, 49, 52, 55]",3,5,False
line,5,57,74,1,98.24561403508773,18,100.0,19,1,0.0008862999966368079,"[0, 1, 3, 8, 10, 14, 19, 23, 24, 25, 28, 31, 34, 36, 37, 45, 49, 52, 55]",5,6,False
line,6,57,74,1,98.24561403508773,18,100.0,19,1,0.0010566000128164887,"[0, 1, 3, 8, 10, 14, 19, 23, 24, 25, 28, 31, 34, 36, 37, 45, 49, 52, 55]",5,7,False
line,7,57,74,1,96.49122807017544,18,100.0,20,2,0.0007514999597333372,"[0, 1, 3, 5, 10, 12, 14, 19, 23, 24, 25, 28, 31, 34, 36, 37, 45, 50, 53, 55]",7,8,False
line,8,57,74,1,96.49122807017544,18,100.0,20,2,0.0007910000276751816,"[0, 1, 3, 5, 10, 12, 14, 19, 23, 24, 25, 28, 31, 34, 36, 37, 45, 50, 53, 55]",8,9,False
line,9,57,74,1,98.24561403508773,18,100.0,20,2,0.0007727000047452748,"[0, 1, 3, 8, 10, 12, 14, 19, 23, 24, 25, 28, 31, 34, 36, 37, 45, 49, 52, 55]",8,10,False
line,10,57,74,1,96.49122807017544,18,100.0,20,2,0.0009150999831035733,"[0, 1, 3, 8, 10, 12, 14, 19, 23, 24, 25, 28, 31, 34, 36, 37, 45, 49, 52, 55]",8,11,False
line,11,57,74,1,98.24561403508773,18,100.0,19,1,0.0009840999846346676,"[0, 1, 3, 8, 10, 14, 19, 23, 24, 25, 28, 31, 34, 36, 37, 45, 49, 52, 55]",8,12,False
line,12,57,74,1,98.24561403508773,18,100.0,19,1,0.001234999974258244,"[0, 1, 3, 8, 10, 14, 19, 23, 24, 25, 28, 31, 34, 36, 37, 45, 49, 52, 55]",12,13,False
line,13,57,74,1,98.24561403508773,18,100.0,19,1,0.0007627000450156629,"[0, 1, 3, 8, 10, 14, 19, 23, 24, 25, 28, 31, 34, 36, 37, 45, 49, 52, 55]",12,14,False
line,14,57,74,1,98.24561403508773,18,100.0,19,1,0.0012425000313669443,"[0, 1, 3, 8, 10, 14, 19, 23, 24, 25, 28, 31, 34, 36, 37, 45, 49, 52, 55]",0,14,False
line,15,57,74,1,96.49122807017544,18,100.0,19,1,0.0007458999752998352,"[1, 3, 8, 10, 11, 14, 19, 23, 24, 25, 28, 31, 34, 36, 37, 45, 49, 52, 55]",0,15,False
line,16,57,74,1,96.49122807017544,18,100.0,19,1,0.0007331999950110912,"[1, 3, 8, 10, 11, 14, 19, 23, 24, 25, 28, 31, 34, 36, 37, 45, 49, 52, 55]",0,16,False
line,17,57,74,1,98.24561403508773,18,100.0,19,1,0.0010955999605357647,"[0, 1, 3, 8, 10, 14, 19, 23, 24, 25, 28, 31, 34, 36, 37, 45, 49, 52, 55]",2,14,False
line,18,57,74,1,98.24561403508773,18,100.0,19,1,0.0007297000265680254,"[0, 1, 3, 8, 10, 14, 19, 23, 24, 25, 28, 31, 34, 36, 37, 45, 49, 52, 55]",4,5,False
line,19,57,74,1,98.24561403508773,18,100.0,19,1,0.0007292000227607787,"[0, 1, 3, 8, 10, 14, 19, 23, 24, 25, 28, 31, 34, 36, 37, 45, 49, 52, 55]",6,7,False
line,20,57,75,1,98.24561403508773,18,100.0,19,1,0.0007370999664999545,"[0, 1, 3, 8, 10, 14, 19, 23, 24, 25, 28, 31, 34, 36, 37, 45, 49, 52, 55]",9,11,False
line,21,57,74,1,98.24561403508773,18,100.0,19,1,0.0010785000049509108,"[0, 1, 3, 8, 10, 14, 19, 23, 24, 25, 28, 31, 34, 36, 37, 45, 49, 52, 55]",10,12,False
line,22,57,74,1,98.24561403508773,18,100.0,19,1,0.0009882000158540905,"[0, 1, 3, 8, 10, 14, 19, 23, 24, 25, 28, 31, 34, 36, 37, 45, 49, 52, 55]",11,12,False
line,23,57,74,1,98.24561403508773,18,100.0,19,1,0.0007850999827496707,"[0, 1, 3, 8, 10, 14, 19, 23, 24, 25, 28, 31, 34, 36, 37, 45, 49, 52, 55]",11,15,False
line,24,57,74,1,98.24561403508773,18,100.0,19,1,0.0007305999752134085,"[0, 1, 3, 8, 10, 14, 19, 23, 24, 25, 28, 31, 34, 36, 37, 45, 49, 52, 55]",11,16,False
line,25,57,74,1,96.49122807017544,18,100.0,20,2,0.0007952000014483929,"[0, 1, 3, 8, 10, 12, 14, 19, 23, 24, 25, 28, 31, 34, 36, 37, 45, 49, 52, 55]",13,14,False
line,26,57,74,1,98.24561403508773,18,100.0,19,1,0.0007687000324949622,"[0, 1, 3, 8, 10, 14, 19, 23, 24, 25, 28, 31, 34, 36, 37, 45, 49, 52, 55]",17,18,False
line,27,57,74,1,96.49122807017544,18,100.0,20,2,0.0023573999642394483,"[0, 1, 3, 8, 10, 14, 17, 19, 23, 24, 25, 28, 31, 34, 36, 37, 45, 49, 52, 55]",18,19,False
line,28,57,74,1,98.24561403508773,18,100.0,19,1,0.000727800012100488,"[0, 1, 3, 8, 10, 14, 19, 23, 24, 25, 28, 31, 34, 36, 37, 45, 49, 52, 55]",20,21,False
line,29,57,74,1,98.24561403508773,18,100.0,19,1,0.0007434999570250511,"[0, 1, 3, 8, 10, 14, 19, 23, 24, 25, 28, 31, 34, 36, 37, 45, 49, 52, 55]",21,22,False
line,30,57,74,1,96.49122807017544,18,100.0,20,2,0.0007872999995015562,"[0, 1, 3, 8, 10, 14, 19, 21, 23, 24, 25, 28, 31, 34, 36, 37, 45, 49, 52, 55]",22,23,False
line,31,57,74,1,96.49122807017544,18,100.0,19,1,0.00073490000795573,"[0, 1, 3, 8, 10, 14, 19, 23, 24, 26, 28, 31, 34, 36, 37, 45, 49, 52, 55]",25,26,False
line,32,57,74,1,98.24561403508773,18,100.0,19,1,0.0007246000459417701,"[0, 1, 3, 8, 10, 14, 19, 23, 24, 25, 28, 31, 34, 36, 37, 45, 49, 52, 55]",26,27,False
line,33,57,74,1,96.49122807017544,18,100.0,19,1,0.0008531000348739326,"[0, 1, 3, 8, 10, 14, 19, 23, 24, 26, 28, 31, 34, 36, 37, 45, 49, 52, 55]",27,28,False
line,34,57,74,1,96.49122807017544,18,100.0,19,1,0.0007557999924756587,"[0, 1, 3, 8, 10, 14, 19, 23, 25, 28, 29, 31, 34, 36, 37, 45, 49, 52, 55]",24,29,False
line,35,57,74,1,98.24561403508773,18,100.0,19,1,0.0012308000004850328,"[0, 1, 3, 8, 10, 14, 19, 23, 24, 25, 28, 31, 34, 36, 37, 45, 49, 52, 55]",29,30,False
line,36,57,74,1,96.49122807017544,18,100.0,19,1,0.0007507000118494034,"[0, 1, 3, 8, 10, 14, 19, 23, 25, 28, 29, 31, 34, 36, 37, 45, 49, 52, 55]",30,31,False
line,37,57,74,2,96.49122807017544,18,100.0,19,1,0.0007482999935746193,"[0, 1, 3, 8, 10, 14, 19, 23, 25, 28, 30, 32, 34, 36, 37, 45, 49, 52, 55]",31,32,False
line,38,57,74,1,98.24561403508773,18,100.0,19,1,0.0007960000075399876,"[0, 1, 3, 8, 10, 14, 19, 23, 24, 25, 28, 31, 34, 36, 37, 45, 49, 52, 55]",33,34,False
line,39,57,74,1,98.24561403508773,18,100.0,19,1,0.0007253999938257039,"[0, 1, 3, 8, 10, 14, 19, 23, 24, 25, 28, 31, 33, 36, 37, 45, 49, 52, 55]",34,35,False
line,40,57,74,1,98.24561403508773,18,100.0,19,1,0.0007267000037245452,"[0, 1, 3, 8, 10, 14, 19, 23, 24, 25, 28, 31, 34, 36, 37, 45, 49, 52, 55]",35,36,False
line,41,57,74,1,98.24561403508773,18,100.0,19,1,0.0008433000184595585,"[0, 1, 3, 8, 10, 14, 19, 23, 24, 25, 28, 31, 35, 36, 37, 45, 49, 52, 55]",36,37,False
line,42,57,74,1,96.49122807017544,18,100.0,19,1,0.0008569000056013465,"[0, 1, 3, 8, 10, 14, 19, 23, 24, 25, 28, 31, 34, 37, 38, 45, 49, 52, 55]",36,38,False
line,43,57,74,1,98.24561403508773,18,100.0,19,1,0.000722800032235682,"[0, 1, 3, 8, 10, 14, 19, 23, 24, 25, 28, 31, 34, 36, 37, 45, 49, 52, 55]",35,39,False
line,44,57,74,1,96.49122807017544,18,100.0,20,2,0.0007688000332564116,"[0, 1, 3, 8, 10, 14, 19, 20, 23, 24, 25, 28, 31, 34, 36, 37, 45, 49, 52, 55]",21,37,False
line,45,57,74,1,98.24561403508773,18,100.0,19,1,0.000764199998229742,"[0, 1, 3, 8, 10, 14, 19, 23, 24, 25, 28, 31, 34, 36, 37, 45, 49, 52, 55]",40,41,False
line,46,57,74,1,98.24561403508773,18,100.0,19,1,0.000880700012203306,"[0, 1, 3, 8, 10, 14, 19, 23, 24, 25, 28, 31, 34, 36, 37, 45, 49, 52, 55]",40,42,False
line,47,57,74,1,96.49122807017544,18,100.0,20,2,0.00115720002213493,"[0, 1, 3, 8, 10, 14, 19, 23, 24, 25, 28, 31, 34, 36, 37, 43, 45, 49, 52, 55]",37,43,False
line,48,57,74,2,96.49122807017544,18,100.0,20,2,0.0008213999681174755,"[0, 1, 3, 8, 10, 14, 19, 23, 24, 25, 28, 31, 34, 36, 37, 45, 46, 49, 52, 55]",45,46,False
line,49,57,74,2,98.24561403508773,18,100.0,19,1,0.000791400030720979,"[0, 1, 3, 8, 10, 14, 19, 23, 24, 25, 28, 31, 34, 36, 37, 45, 49, 52, 55]",46,47,False
line,50,57,74,1,98.24561403508773,18,100.0,19,1,0.0007254999945871532,"[0, 1, 3, 8, 10, 14, 19, 23, 24, 25, 28, 31, 34, 36, 37, 45, 49, 52, 55]",47,48,False
line,51,57,74,1,98.24561403508773,18,100.0,19,1,0.0007254999945871532,"[0, 1, 3, 8, 10, 14, 19, 23, 24, 25, 28, 31, 34, 36, 37, 45, 49, 52, 55]",48,49,False
line,52,57,74,1,96.49122807017544,18,100.0,20,2,0.0015382000128738582,"[0, 1, 3, 8, 9, 10, 14, 19, 23, 24, 25, 28, 31, 34, 36, 37, 45, 48, 52, 55]",49,50,False
line,53,57,74,1,98.24561403508773,18,100.0,19,1,0.0009290999732911587,"[0, 1, 3, 5, 8, 10, 14, 19, 23, 24, 27, 31, 34, 36, 37, 45, 49, 52, 55]",28,51,False
line,54,57,74,1,98.24561403508773,18,100.0,19,1,0.0007253999938257039,"[0, 1, 3, 8, 10, 14, 19, 23, 24, 25, 28, 31, 34, 36, 37, 45, 49, 52, 55]",51,52,False
line,55,57,74,1,96.49122807017544,18,100.0,20,2,0.001124400005210191,"[0, 1, 3, 8, 10, 14, 19, 23, 24, 25, 28, 31, 34, 36, 37, 45, 49, 51, 53, 55]",52,53,False
line,56,57,74,1,98.24561403508773,18,100.0,19,1,0.0009826000314205885,"[0, 1, 3, 8, 10, 14, 19, 23, 24, 25, 28, 31, 34, 36, 37, 45, 49, 52, 55]",53,54,False
line,57,57,74,1,98.24561403508773,18,100.0,19,1,0.0008598000276833773,"[0, 1, 3, 8, 10, 14, 19, 23, 24, 25, 28, 31, 34, 36, 37, 45, 49, 52, 55]",43,44,False
line,58,57,74,1,98.24561403508773,18,100.0,19,1,0.0007226000307127833,"[0, 1, 3, 8, 10, 14, 19, 23, 24, 25, 28, 31, 34, 36, 37, 45, 49, 52, 55]",55,40,False
line,59,57,74,1,96.49122807017544,18,100.0,18,0,0.0013510999851860106,"[0, 1, 3, 8, 14, 19, 23, 24, 25, 28, 31, 35, 37, 38, 40, 45, 49, 52]",55,41,False
line,60,57,74,1,96.49122807017544,18,100.0,18,0,0.0007512000156566501,"[0, 1, 3, 8, 14, 19, 23, 24, 25, 28, 31, 35, 37, 38, 40, 45, 49, 52]",56,55,False
line,61,57,74,1,98.24561403508773,18,100.0,19,1,0.0007374999695457518,"[0, 1, 3, 8, 10, 14, 19, 23, 24, 25, 28, 31, 34, 36, 37, 45, 49, 52, 55]",37,48,False
line,62,57,74,1,96.49122807017544,18,100.0,19,1,0.000983599980827421,"[0, 1, 3, 8, 10, 14, 19, 23, 24, 25, 28, 31, 34, 36, 37, 46, 49, 52, 55]",37,47,False
trafo,0,57,75,1,98.24561403508773,18,100.0,19,1,0.001263400015886873,"[0, 1, 3, 8, 10, 14, 19, 23, 24, 25, 28, 31, 34, 36, 37, 45, 49, 52, 55]",17,3,False
trafo,1,57,75,1,98.24561403508773,18,100.0,19,1,0.0009960000170394778,"[0, 1, 3, 8, 10, 14, 19, 23, 24, 25, 28, 31, 34, 36, 37, 45, 49, 52, 55]",17,3,False
trafo,2,57,74,1,96.49122807017544,18,100.0,20,2,0.0007479999912902713,"[0, 1, 3, 8, 10, 14, 18, 20, 23, 24, 25, 28, 31, 34, 36, 37, 45, 49, 52, 55]",19,20,False
trafo,3,57,75,1,98.24561403508773,18,100.0,19,1,0.0008422000100836158,"[0, 1, 3, 8, 10, 14, 19, 23, 24, 25, 28, 31, 34, 36, 37, 45, 49, 52, 55]",24,23,False
trafo,4,57,74,1,98.24561403508773,18,100.0,19,1,0.0007283000159077346,"[0, 1, 3, 8, 10, 14, 19, 23, 24, 25, 28, 31, 34, 36, 37, 45, 49, 52, 55]",24,23,False
trafo,5,57,74,1,98.24561403508773,18,100.0,19,1,0.0018301000236533582,"[0, 1, 3, 8, 10, 14, 19, 23, 24, 25, 28, 31, 34, 36, 37, 45, 49, 52, 55]",25,23,False
trafo,6,57,74,1,96.49122807017544,18,100.0,19,1,0.001069399993866682,"[0, 1, 3, 5, 8, 10, 14, 19, 23, 24, 27, 31, 34, 36, 37, 45, 49, 52, 55]",28,6,False
trafo,7,57,74,1,98.24561403508773,18,100.0,19,1,0.0008976000244729221,"[0, 1, 3, 8, 10, 14, 19, 23, 25, 28, 30, 31, 34, 36, 37, 45, 49, 52, 55]",31,33,False
trafo,8,57,74,1,98.24561403508773,18,100.0,19,1,0.0010785000049509108,"[0, 1, 3, 8, 10, 14, 19, 23, 24, 25, 28, 31, 34, 36, 37, 45, 49, 52, 55]",40,10,False
trafo,9,57,74,1,96.49122807017544,18,100.0,20,2,0.0008729000110179186,"[0, 1, 3, 8, 10, 12, 19, 23, 24, 25, 28, 31, 34, 36, 37, 43, 45, 49, 52, 55]",44,14,False
trafo,10,57,75,1,98.24561403508773,18,100.0,19,1,0.0007248999900184572,"[0, 1, 3, 8, 10, 14, 19, 23, 24, 25, 28, 31, 34, 36, 37, 45, 49, 52, 55]",45,13,False
trafo,11,57,74,1,98.24561403508773,18,100.0,19,1,0.0007236999808810651,"[0, 1, 3, 8, 10, 14, 19, 23, 24, 25, 28, 31, 34, 36, 37, 45, 49, 52, 55]",50,9,False
trafo,12,57,74,1,98.24561403508773,18,100.0,19,1,0.0008857999928295612,"[0, 1, 3, 8, 10, 14, 19, 23, 24, 25, 28, 31, 34, 36, 37, 45, 49, 52, 55]",48,12,False
trafo,13,57,74,1,96.49122807017544,18,100.0,19,1,0.0008374000317417085,"[0, 1, 3, 8, 14, 19, 23, 24, 25, 28, 31, 34, 36, 37, 40, 45, 49, 52, 55]",42,10,False
trafo,14,57,74,1,96.49122807017544,18,100.0,18,0,0.0007509000133723021,"[0, 1, 3, 8, 14, 19, 23, 24, 25, 28, 31, 35, 37, 38, 40, 45, 49, 52]",55,39,False
trafo,15,57,74,1,98.24561403508773,18,100.0,19,1,0.0007480999920517206,"[0, 1, 3, 8, 10, 14, 19, 23, 24, 25, 28, 31, 34, 36, 37, 45, 49, 52, 55]",56,38,False
trafo,16,57,74,1,96.49122807017544,18,100.0,20,2,0.0009397999965585768,"[0, 1, 3, 5, 10, 12, 14, 19, 23, 24, 25, 28, 31, 34, 36, 37, 45, 50, 53, 55]",54,8,False
line,0,57,71,2,92.98245614035088,18,100.0,19,1,0.0007176999934017658,"[0, 1, 3, 8, 14, 19, 23, 24, 25, 28, 31, 35, 37, 38, 40, 45, 46, 49, 53]",0,1,False
line,1,57,71,2,94.73684210526316,18,100.0,18,0,0.000756499997805804,"[0, 3, 8, 14, 19, 23, 24, 25, 28, 31, 35, 37, 38, 40, 45, 46, 49, 53]",1,2,False
line,2,57,71,2,94.73684210526316,18,100.0,18,0,0.0007755999686196446,"[0, 3, 8, 14, 19, 23, 24, 25, 28, 31, 35, 37, 38, 40, 45, 46, 49, 53]",2,3,False
line,3,57,71,2,92.98245614035088,18,100.0,19,1,0.0008922999841161072,"[0, 3, 4, 8, 14, 19, 23, 24, 25, 28, 31, 35, 37, 38, 40, 45, 46, 49, 53]",3,4,False
line,4,57,71,2,92.98245614035088,18,100.0,19,1,0.0007215000223368406,"[0, 3, 4, 8, 14, 19, 23, 24, 25, 28, 31, 35, 37, 38, 40, 45, 46, 49, 53]",3,5,False
line,5,57,71,2,94.73684210526316,18,100.0,18,0,0.0007470999844372272,"[0, 3, 8, 14, 19, 23, 24, 25, 28, 31, 35, 37, 38, 40, 45, 46, 49, 53]",5,6,False
line,6,57,71,2,94.73684210526316,18,100.0,18,0,0.0008292000275105238,"[0, 3, 8, 14, 19, 23, 24, 25, 28, 31, 35, 37, 38, 40, 45, 46, 49, 53]",5,7,False
line,7,57,71,2,92.98245614035088,18,100.0,20,2,0.0008969000191427767,"[0, 3, 5, 9, 12, 14, 19, 23, 24, 25, 28, 31, 35, 37, 38, 40, 45, 46, 48, 53]",7,8,False
line,8,57,71,2,92.98245614035088,18,100.0,20,2,0.0008048000163398683,"[0, 3, 5, 9, 12, 14, 19, 23, 24, 25, 28, 31, 35, 37, 38, 40, 45, 46, 48, 53]",8,9,False
line,9,57,71,2,94.73684210526316,18,100.0,19,1,0.0008507000165991485,"[0, 3, 8, 12, 14, 19, 23, 24, 25, 28, 31, 35, 37, 38, 40, 45, 46, 49, 53]",8,10,False
line,10,57,71,2,92.98245614035088,18,100.0,20,2,0.0008505999576300383,"[0, 3, 5, 9, 12, 14, 19, 23, 24, 25, 28, 31, 35, 37, 38, 40, 45, 46, 48, 53]",8,11,False
line,11,57,71,2,94.73684210526316,18,100.0,20,2,0.000950200017541647,"[0, 5, 8, 11, 14, 18, 19, 23, 24, 27, 31, 35, 37, 38, 40, 45, 46, 49, 52, 53]",8,12,False
line,12,57,71,2,94.73684210526316,18,100.0,18,0,0.0006865999894216657,"[0, 3, 8, 14, 19, 23, 24, 25, 28, 31, 35, 37, 38, 40, 45, 46, 49, 53]",12,13,False
line,13,57,71,2,94.73684210526316,18,100.0,18,0,0.0006893000099807978,"[0, 3, 8, 14, 19, 23, 24, 25, 28, 31, 35, 37, 38, 40, 45, 46, 49, 53]",12,14,False
line,14,57,71,2,94.73684210526316,18,100.0,18,0,0.0006873000529594719,"[0, 3, 8, 14, 19, 23, 24, 25, 28, 31, 35, 37, 38, 40, 45, 46, 49, 53]",0,14,False
line,15,57,71,2,92.98245614035088,18,100.0,19,1,0.0007214000215753913,"[0, 3, 8, 11, 14, 19, 23, 24, 25, 28, 31, 35, 37, 38, 40, 45, 46, 49, 53]",0,15,False
line,16,57,71,2,92.98245614035088,18,100.0,19,1,0.0007190000033006072,"[0, 3, 8, 11, 14, 19, 23, 24, 25, 28, 31, 35, 37, 38, 40, 45, 46, 49, 53]",0,16,False
line,17,57,71,2,94.73684210526316,18,100.0,18,0,0.0007401999901048839,"[0, 3, 8, 14, 19, 23, 24, 25, 28, 31, 35, 37, 38, 40, 45, 46, 49, 53]",2,14,False
line,18,57,71,2,94.73684210526316,18,100.0,18,0,0.0006948999944142997,"[0, 3, 8, 14, 19, 23, 24, 25, 28, 31, 35, 37, 38, 40, 45, 46, 49, 53]",4,5,False
line,19,57,71,2,94.73684210526316,18,100.0,18,0,0.0006877999985590577,"[0, 3, 8, 14, 19, 23, 24, 25, 28, 31, 35, 37, 38, 40, 45, 46, 49, 53]",6,7,False
line,20,57,71,2,94.73684210526316,18,100.0,18,0,0.0010554000036790967,"[0, 3, 8, 14, 19, 23, 24, 25, 28, 31, 35, 37, 38, 40, 45, 46, 49, 53]",9,11,False
line,21,57,71,2,94.73684210526316,18,100.0,18,0,0.0016702000284567475,"[0, 3, 8, 14, 19, 23, 24, 25, 28, 31, 35, 37, 38, 40, 45, 46, 49, 53]",10,12,False
line,22,57,72,2,94.73684210526316,18,100.0,18,0,0.0007158000371418893,"[0, 3, 8, 14, 19, 23, 24, 25, 28, 31, 35, 37, 38, 40, 45, 46, 49, 53]",11,12,False
line,23,57,71,2,94.73684210526316,18,100.0,18,0,0.0007242999854497612,"[0, 3, 8, 14, 19, 23, 24, 25, 28, 31, 35, 37, 38, 40, 45, 46, 49, 53]",11,15,False
line,24,57,71,2,94.73684210526316,18,100.0,18,0,0.0008217000286094844,"[0, 3, 8, 14, 19, 23, 24, 25, 28, 31, 35, 37, 38, 40, 45, 46, 49, 53]",11,16,False
line,25,57,71,2,92.98245614035088,18,100.0,19,1,0.0007595000206492841,"[0, 3, 8, 12, 14, 19, 23, 24, 25, 28, 31, 35, 37, 38, 40, 45, 46, 49, 53]",13,14,False
line,26,57,71,2,94.73684210526316,18,100.0,18,0,0.0009065999765880406,"[0, 3, 8, 14, 19, 23, 24, 25, 28, 31, 35, 37, 38, 40, 45, 46, 49, 53]",17,18,False
line,27,57,71,2,92.98245614035088,18,100.0,19,1,0.0007157999789342284,"[0, 3, 8, 14, 17, 19, 23, 24, 25, 28, 31, 35, 37, 38, 40, 45, 46, 49, 53]",18,19,False
line,28,57,71,2,94.73684210526316,18,100.0,18,0,0.0007288999622687697,"[0, 3, 8, 14, 19, 23, 24, 25, 28, 31, 35, 37, 38, 40, 45, 46, 49, 53]",20,21,False
line,29,57,71,2,94.73684210526316,18,100.0,18,0,0.0009817999671213329,"[0, 3, 8, 14, 19, 23, 24, 25, 28, 31, 35, 37, 38, 40, 45, 46, 49, 53]",21,22,False
line,30,57,71,2,92.98245614035088,18,100.0,19,1,0.0007203000131994486,"[0, 3, 8, 14, 19, 21, 23, 24, 25, 28, 31, 35, 37, 38, 40, 45, 46, 49, 53]",22,23,False
line,31,57,71,2,92.98245614035088,18,100.0,18,0,0.0010211000335402787,"[0, 3, 8, 14, 19, 23, 24, 26, 28, 31, 35, 37, 38, 40, 45, 46, 49, 53]",25,26,False
line,32,57,71,2,94.73684210526316,18,100.0,18,0,0.0011804000241681933,"[0, 3, 8, 14, 19, 23, 24, 25, 28, 31, 35, 37, 38, 40, 45, 46, 49, 53]",26,27,False
line,33,57,71,2,92.98245614035088,18,100.0,18,0,0.0006846999749541283,"[0, 3, 8, 14, 19, 23, 24, 26, 28, 31, 35, 37, 38, 40, 45, 46, 49, 53]",27,28,False
line,34,57,71,2,92.98245614035088,18,100.0,18,0,0.0007513999589718878,"[0, 3, 8, 14, 19, 23, 25, 28, 29, 31, 35, 37, 38, 40, 45, 46, 49, 53]",24,29,False
line,35,57,71,2,94.73684210526316,18,100.0,18,0,0.0007668000180274248,"[0, 3, 8, 14, 19, 23, 24, 25, 28, 31, 35, 37, 38, 40, 45, 46, 49, 53]",29,30,False
line,36,57,71,2,92.98245614035088,18,100.0,18,0,0.0009329000022262335,"[0, 3, 8, 14, 19, 23, 25, 28, 29, 31, 35, 37, 38, 40, 45, 46, 49, 53]",30,31,False
line,37,57,71,3,92.98245614035088,18,100.0,19,1,0.0010958000202663243,"[0, 3, 8, 14, 19, 23, 25, 28, 30, 32, 34, 35, 37, 38, 40, 45, 46, 49, 53]",31,32,False
line,38,57,71,2,94.73684210526316,18,100.0,18,0,0.0007009999826550484,"[0, 3, 8, 14, 19, 23, 24, 25, 28, 31, 35, 37, 38, 40, 45, 46, 49, 53]",33,34,False
line,39,57,71,2,94.73684210526316,18,100.0,19,1,0.0007569000008516014,"[0, 3, 8, 14, 19, 23, 24, 25, 28, 31, 33, 35, 37, 38, 40, 45, 46, 49, 53]",34,35,False
line,40,57,71,2,94.73684210526316,18,100.0,18,0,0.0007260999991558492,"[0, 3, 8, 14, 19, 23, 24, 25, 28, 31, 35, 37, 38, 40, 45, 46, 49, 53]",35,36,False
line,41,57,71,2,94.73684210526316,18,100.0,18,0,0.0008308999822475016,"[0, 3, 8, 14, 19, 23, 24, 25, 28, 31, 35, 37, 38, 40, 45, 46, 49, 53]",36,37,False
line,42,57,71,2,92.98245614035088,18,100.0,18,0,0.0006987000233493745,"[0, 3, 8, 14, 19, 23, 24, 25, 28, 31, 35, 37, 38, 40, 45, 46, 49, 53]",36,38,False
line,43,57,71,2,94.73684210526316,18,100.0,19,1,0.0007191000040620565,"[0, 3, 8, 14, 19, 23, 24, 25, 28, 31, 34, 37, 38, 39, 40, 45, 46, 49, 53]",35,39,False
line,44,57,71,2,92.98245614035088,18,100.0,19,1,0.001555000024382025,"[0, 3, 8, 14, 19, 20, 23, 24, 25, 28, 31, 35, 37, 38, 40, 45, 46, 49, 53]",21,37,False
line,45,57,71,3,94.73684210526316,18,100.0,20,2,0.0010293999803252518,"[0, 3, 8, 10, 14, 19, 23, 24, 25, 28, 31, 34, 36, 37, 41, 45, 46, 49, 53, 55]",40,41,False
line,46,57,71,2,94.73684210526316,18,100.0,20,2,0.0007461999775841832,"[0, 3, 8, 10, 14, 19, 23, 24, 25, 28, 31, 34, 36, 37, 40, 45, 46, 49, 53, 55]",40,42,False
line,47,57,71,2,92.98245614035088,18,100.0,19,1,0.0007530000293627381,"[0, 3, 8, 14, 19, 23, 24, 25, 28, 31, 35, 37, 38, 40, 43, 45, 46, 49, 53]",37,43,False
line,48,57,72,2,94.73684210526316,18,100.0,18,0,0.0007247999892570078,"[0, 3, 8, 14, 19, 23, 24, 25, 28, 31, 35, 37, 38, 40, 45, 46, 49, 53]",45,46,False
line,49,57,71,3,94.73684210526316,18,100.0,18,0,0.0007122000097297132,"[0, 3, 8, 14, 19, 23, 24, 25, 28, 31, 35, 37, 38, 40, 45, 46, 49, 53]",46,47,False
line,50,57,71,2,94.73684210526316,18,100.0,18,0,0.0007004000362940133,"[0, 3, 8, 14, 19, 23, 24, 25, 28, 31, 35, 37, 38, 40, 45, 46, 49, 53]",47,48,False
line,51,57,71,2,94.73684210526316,18,100.0,18,0,0.0006852999795228243,"[0, 3, 8, 14, 19, 23, 24, 25, 28, 31, 35, 37, 38, 40, 45, 46, 49, 53]",48,49,False
line,52,57,71,2,92.98245614035088,18,100.0,19,1,0.0007224999717436731,"[0, 3, 8, 9, 14, 19, 23, 24, 25, 28, 31, 35, 37, 38, 40, 45, 46, 48, 53]",49,50,False
line,53,57,71,3,94.73684210526316,18,100.0,19,1,0.0007659000111743808,"[0, 3, 5, 8, 14, 19, 23, 24, 27, 31, 35, 37, 38, 40, 45, 46, 49, 52, 53]",28,51,False
line,54,57,71,3,94.73684210526316,18,100.0,18,0,0.0007172999903559685,"[0, 3, 8, 14, 19, 23, 24, 25, 28, 31, 35, 37, 38, 40, 45, 46, 49, 53]",51,52,False
line,55,57,71,3,92.98245614035088,18,100.0,19,1,0.0007454999722540379,"[0, 3, 8, 14, 19, 23, 24, 25, 28, 31, 35, 37, 38, 40, 45, 46, 49, 51, 53]",52,53,False
line,56,57,71,3,94.73684210526316,18,100.0,19,1,0.0007648000027984381,"[0, 3, 8, 14, 19, 23, 24, 25, 28, 31, 35, 37, 38, 40, 45, 46, 49, 52, 54]",53,54,False
line,57,57,71,2,94.73684210526316,18,100.0,18,0,0.000692299974616617,"[0, 3, 8, 14, 19, 23, 24, 25, 28, 31, 35, 37, 38, 40, 45, 46, 49, 53]",43,44,False
line,58,57,71,2,92.98245614035088,18,100.0,18,0,0.000783999974373728,"[0, 3, 8, 14, 19, 23, 24, 25, 28, 31, 35, 37, 40, 45, 46, 49, 53, 56]",55,40,False
line,59,57,72,2,94.73684210526316,18,100.0,18,0,0.000762399984523654,"[0, 3, 8, 14, 19, 23, 24, 25, 28, 31, 35, 37, 38, 40, 45, 46, 49, 53]",55,41,False
line,60,57,71,2,92.98245614035088,18,100.0,18,0,0.000693799986038357,"[0, 3, 8, 14, 19, 23, 24, 25, 28, 31, 35, 37, 38, 40, 45, 46, 49, 53]",56,55,False
line,61,57,71,2,94.73684210526316,18,100.0,18,0,0.000701199984177947,"[0, 3, 8, 14, 19, 23, 24, 25, 28, 31, 35, 37, 38, 40, 45, 46, 49, 53]",37,48,False
line,62,57,71,2,92.98245614035088,18,100.0,18,0,0.0011071999906562269,"[0, 3, 8, 14, 19, 23, 24, 25, 28, 31, 35, 37, 38, 40, 45, 46, 49, 53]",37,47,False
trafo,0,57,72,2,94.73684210526316,18,100.0,18,0,0.0008113000076264143,"[0, 3, 8, 14, 19, 23, 24, 25, 28, 31, 35, 37, 38, 40, 45, 46, 49, 53]",17,3,False
trafo,1,57,72,2,94.73684210526316,18,100.0,18,0,0.0009886000188998878,"[0, 3, 8, 14, 19, 23, 24, 25, 28, 31, 35, 37, 38, 40, 45, 46, 49, 53]",17,3,False
trafo,2,57,71,2,92.98245614035088,18,100.0,19,1,0.0007593000191263855,"[0, 3, 8, 14, 18, 20, 23, 24, 25, 28, 31, 35, 37, 38, 40, 45, 46, 49, 53]",19,20,False
trafo,3,57,72,2,94.73684210526316,18,100.0,18,0,0.0017662000027485192,"[0, 3, 8, 14, 19, 23, 24, 25, 28, 31, 35, 37, 38, 40, 45, 46, 49, 53]",24,23,False
trafo,4,57,72,2,94.73684210526316,18,100.0,18,0,0.0017584000015631318,"[0, 3, 8, 14, 19, 23, 24, 25, 28, 31, 35, 37, 38, 40, 45, 46, 49, 53]",24,23,False
trafo,5,57,71,2,94.73684210526316,18,100.0,18,0,0.0007254999945871532,"[0, 3, 8, 14, 19, 23, 24, 25, 28, 31, 35, 37, 38, 40, 45, 46, 49, 53]",25,23,False
trafo,6,57,71,2,92.98245614035088,18,100.0,19,1,0.0012241000076755881,"[0, 3, 5, 8, 14, 19, 23, 24, 27, 31, 35, 37, 38, 40, 45, 46, 49, 52, 53]",28,6,False
trafo,7,57,71,2,94.73684210526316,18,100.0,19,1,0.0012169000110588968,"[0, 3, 8, 14, 19, 23, 25, 28, 30, 31, 34, 35, 37, 38, 40, 45, 46, 49, 53]",31,33,False
trafo,8,57,72,2,94.73684210526316,18,100.0,18,0,0.0008023999980650842,"[0, 3, 8, 14, 19, 23, 24, 25, 28, 31, 35, 37, 38, 40, 45, 46, 49, 53]",40,10,False
trafo,9,57,71,2,92.98245614035088,18,100.0,19,1,0.0007418000022880733,"[0, 3, 8, 12, 19, 23, 24, 25, 28, 31, 35, 37, 38, 40, 43, 45, 46, 49, 53]",44,14,False
trafo,10,57,72,2,94.73684210526316,18,100.0,18,0,0.0007294000242836773,"[0, 3, 8, 14, 19, 23, 24, 25, 28, 31, 35, 37, 38, 40, 45, 46, 49, 53]",45,13,False
trafo,11,57,71,2,94.73684210526316,18,100.0,18,0,0.0008972000214271247,"[0, 3, 8, 14, 19, 23, 24, 25, 28, 31, 35, 37, 38, 40, 45, 46, 49, 53]",50,9,False
trafo,12,57,71,2,94.73684210526316,18,100.0,18,0,0.0007520999643020332,"[0, 3, 8, 14, 19, 23, 24, 25, 28, 31, 35, 37, 38, 40, 45, 46, 49, 53]",48,12,False
trafo,13,57,71,2,92.98245614035088,18,100.0,18,0,0.000691999972332269,"[0, 3, 8, 14, 19, 23, 24, 25, 28, 31, 35, 37, 38, 40, 45, 46, 49, 53]",42,10,False
trafo,14,57,71,2,92.98245614035088,18,100.0,18,0,0.0012880000285804272,"[0, 3, 8, 14, 19, 23, 24, 25, 28, 31, 35, 37, 38, 40, 45, 46, 49, 53]",55,39,False
trafo,15,57,71,2,94.73684210526316,18,100.0,19,1,0.0007623000419698656,"[0, 3, 8, 14, 19, 23, 24, 25, 28, 31, 35, 36, 37, 40, 45, 46, 49, 53, 55]",56,38,False
trafo,16,57,72,2,94.73684210526316,18,100.0,18,0,0.0007303999736905098,"[0, 3, 8, 14, 19, 23, 24, 25, 28, 31, 35, 37, 38, 40, 45, 46, 49, 53]",54,8,False
line,0,57,75,2,98.24561403508773,18,100.0,19,1,0.001159900042694062,"[0, 1, 3, 8, 10, 14, 19, 23, 24, 25, 28, 31, 34, 36, 37, 45, 49, 52, 55]",0,1,False
line,1,57,75,2,100.0,18,100.0,18,0,0.0010738000273704529,"[0, 3, 8, 10, 14, 19, 23, 24, 25, 28, 31, 34, 36, 37, 45, 49, 52, 55]",1,2,True
line,2,57,75,2,100.0,18,100.0,18,0,0.002187900012359023,"[0, 3, 8, 10, 14, 19, 23, 24, 25, 28, 31, 34, 36, 37, 45, 49, 52, 55]",2,3,True
line,3,57,75,2,98.24561403508773,18,100.0,19,1,0.0015588999958708882,"[0, 3, 4, 8, 10, 14, 19, 23, 24, 25, 28, 31, 34, 36, 37, 45, 49, 52, 55]",3,4,False
line,4,57,75,2,98.24561403508773,18,100.0,19,1,0.0014079000102356076,"[0, 3, 4, 8, 10, 14, 19, 23, 24, 25, 28, 31, 34, 36, 37, 45, 49, 52, 55]",3,5,False
line,5,57,75,2,100.0,18,100.0,18,0,0.001264900027308613,"[0, 3, 8, 10, 14, 19, 23, 24, 25, 28, 31, 34, 36, 37, 45, 49, 52, 55]",5,6,True
line,6,57,75,2,100.0,18,100.0,18,0,0.0012159000034444034,"[0, 3, 8, 10, 14, 19, 23, 24, 25, 28, 31, 34, 36, 37, 45, 49, 52, 55]",5,7,True
line,7,57,75,2,98.24561403508773,18,100.0,20,2,0.0009335000067949295,"[0, 3, 5, 8, 10, 12, 14, 19, 23, 24, 25, 28, 31, 34, 36, 37, 45, 49, 53, 55]",7,8,False
line,8,57,75,2,98.24561403508773,18,100.0,20,2,0.002216799999587238,"[0, 3, 5, 9, 10, 12, 14, 19, 23, 24, 25, 28, 31, 34, 36, 37, 45, 49, 53, 55]",8,9,False
line,9,57,75,2,100.0,18,100.0,19,1,0.0007312999805435538,"[0, 3, 8, 10, 12, 14, 19, 23, 24, 25, 28, 31, 34, 36, 37, 45, 49, 52, 55]",8,10,True
line,10,57,75,2,98.24561403508773,18,100.0,19,1,0.0007871999987401068,"[0, 3, 8, 10, 12, 14, 19, 23, 24, 25, 28, 31, 34, 36, 37, 45, 49, 52, 55]",8,11,False
line,11,57,75,2,100.0,18,100.0,18,0,0.0007243000436574221,"[0, 3, 8, 10, 14, 19, 23, 24, 25, 28, 31, 34, 36, 37, 45, 49, 52, 55]",8,12,True
line,12,57,75,2,100.0,18,100.0,18,0,0.0007215000223368406,"[0, 3, 8, 10, 14, 19, 23, 24, 25, 28, 31, 34, 36, 37, 45, 49, 52, 55]",12,13,True
line,13,57,75,2,100.0,18,100.0,18,0,0.0007450000266544521,"[0, 3, 8, 10, 14, 19, 23, 24, 25, 28, 31, 34, 36, 37, 45, 49, 52, 55]",12,14,True
line,14,57,75,2,100.0,18,100.0,19,1,0.0007823000196367502,"[0, 3, 8, 10, 13, 14, 19, 23, 24, 25, 28, 31, 34, 36, 37, 45, 49, 52, 55]",0,14,True
line,15,57,75,2,98.24561403508773,18,100.0,19,1,0.0007464000373147428,"[0, 3, 8, 10, 11, 14, 19, 23, 24, 25, 28, 31, 34, 36, 37, 45, 49, 52, 55]",0,15,False
line,16,57,75,2,98.24561403508773,18,100.0,19,1,0.000756199995521456,"[0, 3, 8, 10, 11, 14, 19, 23, 24, 25, 28, 31, 34, 36, 37, 45, 49, 52, 55]",0,16,False
line,17,57,75,2,100.0,18,100.0,18,0,0.0007394999847747386,"[0, 3, 8, 10, 14, 19, 23, 24, 25, 28, 31, 34, 36, 37, 45, 49, 52, 55]",2,14,True
line,18,57,75,2,100.0,18,100.0,18,0,0.0013061999925412238,"[0, 3, 8, 10, 14, 19, 23, 24, 25, 28, 31, 34, 36, 37, 45, 49, 52, 55]",4,5,True
line,19,57,75,2,100.0,18,100.0,18,0,0.001021499978378415,"[0, 3, 8, 10, 14, 19, 23, 24, 25, 28, 31, 34, 36, 37, 45, 49, 52, 55]",6,7,True
line,20,57,75,2,100.0,18,100.0,18,0,0.0025695000076666474,"[0, 3, 8, 10, 14, 19, 23, 24, 25, 28, 31, 34, 36, 37, 45, 49, 52, 55]",9,11,True
line,21,57,75,2,100.0,18,100.0,18,0,0.0025003000046126544,"[0, 3, 8, 10, 14, 19, 23, 24, 25, 28, 31, 34, 36, 37, 45, 49, 52, 55]",10,12,True
line,22,57,75,2,100.0,18,100.0,18,0,0.0007579000084660947,"[0, 3, 8, 10, 14, 19, 23, 24, 25, 28, 31, 34, 36, 37, 45, 49, 52, 55]",11,12,True
line,23,57,75,2,100.0,18,100.0,18,0,0.0012330999597907066,"[0, 3, 8, 10, 14, 19, 23, 24, 25, 28, 31, 34, 36, 37, 45, 49, 52, 55]",11,15,True
line,24,57,75,2,100.0,18,100.0,18,0,0.0007360000163316727,"[0, 3, 8, 10, 14, 19, 23, 24, 25, 28, 31, 34, 36, 37, 45, 49, 52, 55]",11,16,True
line,25,57,75,2,100.0,18,100.0,18,0,0.0007066999678499997,"[0, 3, 8, 10, 14, 19, 23, 24, 25, 28, 31, 34, 36, 37, 45, 49, 52, 55]",13,14,True
line,26,57,75,2,100.0,18,100.0,18,0,0.0007208000170066953,"[0, 3, 8, 10, 14, 19, 23, 24, 25, 28, 31, 34, 36, 37, 45, 49, 52, 55]",17,18,True
line,27,57,75,2,98.24561403508773,18,100.0,19,1,0.001471899973694235,"[0, 3, 8, 10, 14, 17, 19, 23, 24, 25, 28, 31, 34, 36, 37, 45, 49, 52, 55]",18,19,False
line,28,57,75,2,100.0,18,100.0,18,0,0.0007018999895080924,"[0, 3, 8, 10, 14, 19, 23, 24, 25, 28, 31, 34, 36, 37, 45, 49, 52, 55]",20,21,True
line,29,57,75,2,100.0,18,100.0,18,0,0.0013225000002421439,"[0, 3, 8, 10, 14, 19, 23, 24, 25, 28, 31, 34, 36, 37, 45, 49, 52, 55]",21,22,True
line,30,57,75,2,98.24561403508773,18,100.0,19,1,0.001142399967648089,"[0, 3, 8, 10, 14, 19, 21, 23, 24, 25, 28, 31, 34, 36, 37, 45, 49, 52, 55]",22,23,False
line,31,57,75,2,98.24561403508773,18,100.0,18,0,0.0008711000555194914,"[0, 3, 8, 10, 14, 19, 23, 24, 26, 28, 31, 34, 36, 37, 45, 49, 52, 55]",25,26,False
line,32,57,75,2,100.0,18,100.0,18,0,0.000741399999242276,"[0, 3, 8, 10, 14, 19, 23, 24, 25, 28, 31, 34, 36, 37, 45, 49, 52, 55]",26,27,True
line,33,57,75,2,98.24561403508773,18,100.0,18,0,0.0016131000011228025,"[0, 3, 8, 10, 14, 19, 23, 24, 26, 28, 31, 34, 36, 37, 45, 49, 52, 55]",27,28,False
line,34,57,75,2,98.24561403508773,18,100.0,18,0,0.0007366999634541571,"[0, 3, 8, 10, 14, 19, 23, 25, 28, 29, 31, 34, 36, 37, 45, 49, 52, 55]",24,29,False
line,35,57,75,2,100.0,18,100.0,18,0,0.0007276000105775893,"[0, 3, 8, 10, 14, 19, 23, 24, 25, 28, 31, 34, 36, 37, 45, 49, 52, 55]",29,30,True
line,36,57,75,2,98.24561403508773,18,100.0,18,0,0.0007773000397719443,"[0, 3, 8, 10, 14, 19, 23, 25, 28, 29, 31, 34, 36, 37, 45, 49, 52, 55]",30,31,False
line,37,57,75,3,98.24561403508773,18,100.0,18,0,0.0007094999891705811,"[0, 3, 8, 10, 14, 19, 23, 25, 28, 30, 32, 34, 36, 37, 45, 49, 52, 55]",31,32,False
line,38,57,75,2,100.0,18,100.0,18,0,0.000762699986808002,"[0, 3, 8, 10, 14, 19, 23, 24, 25, 28, 31, 34, 36, 37, 45, 49, 52, 55]",33,34,True
line,39,57,75,2,100.0,18,100.0,18,0,0.0007516000187024474,"[0, 3, 8, 10, 14, 19, 23, 24, 25, 28, 31, 33, 36, 37, 45, 49, 52, 55]",34,35,True
line,40,57,75,2,100.0,18,100.0,18,0,0.0007245999877341092,"[0, 3, 8, 10, 14, 19, 23, 24, 25, 28, 31, 34, 36, 37, 45, 49, 52, 55]",35,36,True
line,41,57,75,2,100.0,18,100.0,18,0,0.0007593000191263855,"[0, 3, 8, 10, 14, 19, 23, 24, 25, 28, 31, 35, 36, 37, 45, 49, 52, 55]",36,37,True
line,42,57,75,2,98.24561403508773,18,100.0,18,0,0.0014662999892607331,"[0, 3, 8, 10, 14, 19, 23, 24, 25, 28, 31, 34, 37, 38, 45, 49, 52, 55]",36,38,False
line,43,57,75,2,100.0,18,100.0,18,0,0.001000199990812689,"[0, 3, 8, 10, 14, 19, 23, 24, 25, 28, 31, 34, 36, 37, 45, 49, 52, 55]",35,39,True
line,44,57,75,2,98.24561403508773,18,100.0,19,1,0.0013129999861121178,"[0, 3, 8, 10, 14, 19, 20, 23, 24, 25, 28, 31, 34, 36, 37, 45, 49, 52, 55]",21,37,False
line,45,57,75,2,100.0,18,100.0,18,0,0.0008580000139772892,"[0, 3, 8, 10, 14, 19, 23, 24, 25, 28, 31, 34, 36, 37, 45, 49, 52, 55]",40,41,True
line,46,57,75,2,100.0,18,100.0,18,0,0.0007241999846883118,"[0, 3, 8, 10, 14, 19, 23, 24, 25, 28, 31, 34, 36, 37, 45, 49, 52, 55]",40,42,True
line,47,57,75,2,98.24561403508773,18,100.0,18,0,0.0014072000049054623,"[0, 3, 8, 10, 19, 23, 24, 25, 28, 31, 34, 36, 37, 43, 45, 49, 52, 55]",37,43,False
line,48,57,75,2,98.24561403508773,18,100.0,19,1,0.0016531000146642327,"[0, 3, 8, 10, 13, 14, 19, 23, 24, 25, 28, 31, 34, 36, 37, 46, 49, 52, 55]",45,46,False
line,49,57,75,2,100.0,18,100.0,18,0,0.0015687000122852623,"[0, 3, 8, 10, 14, 19, 23, 24, 25, 28, 31, 34, 36, 37, 45, 49, 52, 55]",46,47,True
line,50,57,75,2,100.0,18,100.0,18,0,0.0008276000153273344,"[0, 3, 8, 10, 14, 19, 23, 24, 25, 28, 31, 34, 36, 37, 45, 49, 52, 55]",47,48,True
line,51,57,76,2,100.0,18,100.0,18,0,0.0014523999998345971,"[0, 3, 8, 10, 14, 19, 23, 24, 25, 28, 31, 34, 36, 37, 45, 49, 52, 55]",48,49,True
line,52,57,75,3,98.24561403508773,18,100.0,19,1,0.0007241999846883118,"[0, 3, 8, 10, 14, 19, 23, 24, 25, 28, 31, 34, 36, 37, 45, 49, 50, 52, 55]",49,50,False
line,53,57,75,2,100.0,18,100.0,18,0,0.0007366000209003687,"[0, 3, 5, 8, 10, 14, 19, 23, 24, 27, 31, 34, 36, 37, 45, 49, 52, 55]",28,51,True
line,54,57,75,2,100.0,18,100.0,18,0,0.0007600000244565308,"[0, 3, 8, 10, 14, 19, 23, 24, 25, 28, 31, 34, 36, 37, 45, 49, 52, 55]",51,52,True
line,55,57,75,2,98.24561403508773,18,100.0,19,1,0.0007516000187024474,"[0, 3, 8, 10, 14, 19, 23, 24, 25, 28, 31, 34, 36, 37, 45, 49, 51, 53, 55]",52,53,False
line,56,57,75,2,100.0,18,100.0,18,0,0.0008799000061117113,"[0, 3, 8, 10, 14, 19, 23, 24, 25, 28, 31, 34, 36, 37, 45, 49, 52, 55]",53,54,True
line,57,57,75,2,100.0,18,100.0,18,0,0.0018761000246740878,"[0, 3, 8, 10, 14, 19, 23, 24, 25, 28, 31, 34, 36, 37, 45, 49, 52, 55]",43,44,True
line,58,57,75,2,100.0,18,100.0,18,0,0.0007154999766498804,"[0, 3, 8, 10, 14, 19, 23, 24, 25, 28, 31, 34, 36, 37, 45, 49, 52, 55]",55,40,True
line,59,57,75,2,98.24561403508773,18,100.0,17,-1,0.001062600000295788,"[0, 3, 8, 14, 19, 23, 24, 25, 28, 31, 35, 37, 38, 40, 45, 49, 52]",55,41,False
line,60,57,75,2,98.24561403508773,18,100.0,17,-1,0.0010302999871782959,"[0, 3, 8, 14, 19, 23, 24, 25, 28, 31, 35, 37, 38, 40, 45, 49, 52]",56,55,False
line,61,57,75,2,98.24561403508773,18,100.0,19,1,0.0009910000371746719,"[0, 3, 8, 10, 12, 14, 19, 23, 24, 25, 28, 31, 34, 36, 37, 45, 49, 52, 55]",37,48,False
line,62,57,75,2,98.24561403508773,18,100.0,19,1,0.0008749999688006938,"[0, 3, 8, 10, 14, 19, 23, 24, 25, 28, 31, 34, 36, 37, 45, 46, 49, 52, 55]",37,47,False
trafo,0,57,76,2,100.0,18,100.0,18,0,0.0008382999803870916,"[0, 3, 8, 10, 14, 19, 23, 24, 25, 28, 31, 34, 36, 37, 45, 49, 52, 55]",17,3,True
trafo,1,57,76,2,100.0,18,100.0,18,0,0.0007250999915413558,"[0, 3, 8, 10, 14, 19, 23, 24, 25, 28, 31, 34, 36, 37, 45, 49, 52, 55]",17,3,True
trafo,2,57,75,2,98.24561403508773,18,100.0,19,1,0.0007556000491604209,"[0, 3, 8, 10, 14, 18, 20, 23, 24, 25, 28, 31, 34, 36, 37, 45, 49, 52, 55]",19,20,False
trafo,3,57,76,2,100.0,18,100.0,18,0,0.0009176000021398067,"[0, 3, 8, 10, 14, 19, 23, 24, 25, 28, 31, 34, 36, 37, 45, 49, 52, 55]",24,23,True
trafo,4,57,76,2,100.0,18,100.0,18,0,0.0007329999934881926,"[0, 3, 8, 10, 14, 19, 23, 24, 25, 28, 31, 34, 36, 37, 45, 49, 52, 55]",24,23,True
trafo,5,57,75,2,100.0,18,100.0,18,0,0.0008259000023826957,"[0, 3, 8, 10, 14, 19, 23, 24, 25, 28, 31, 34, 36, 37, 45, 49, 52, 55]",25,23,True
trafo,6,57,75,2,98.24561403508773,18,100.0,18,0,0.0007122000097297132,"[0, 3, 5, 8, 10, 14, 19, 23, 24, 27, 31, 34, 36, 37, 45, 49, 52, 55]",28,6,False
trafo,7,57,75,2,100.0,18,100.0,18,0,0.0007247999892570078,"[0, 3, 8, 10, 14, 19, 23, 25, 28, 30, 31, 34, 36, 37, 45, 49, 52, 55]",31,33,True
trafo,8,57,75,2,100.0,18,100.0,18,0,0.0007470999844372272,"[0, 3, 8, 10, 14, 19, 23, 24, 25, 28, 31, 34, 36, 37, 45, 49, 52, 55]",40,10,True
trafo,9,57,75,2,98.24561403508773,18,100.0,18,0,0.0008509999606758356,"[0, 3, 8, 10, 19, 23, 24, 25, 28, 31, 34, 36, 37, 43, 45, 49, 52, 55]",44,14,False
trafo,10,57,75,2,100.0,18,100.0,18,0,0.001525099971331656,"[0, 3, 8, 10, 14, 19, 23, 24, 25, 28, 31, 34, 36, 37, 45, 49, 52, 55]",45,13,True
trafo,11,57,76,2,100.0,18,100.0,18,0,0.0007221000269055367,"[0, 3, 8, 10, 14, 19, 23, 24, 25, 28, 31, 34, 36, 37, 45, 49, 52, 55]",50,9,True
trafo,12,57,75,2,100.0,18,100.0,18,0,0.0008126999600790441,"[0, 3, 8, 10, 14, 19, 23, 24, 25, 28, 31, 34, 36, 37, 45, 49, 52, 55]",48,12,True
trafo,13,57,75,2,98.24561403508773,18,100.0,18,0,0.0008285000221803784,"[0, 3, 8, 14, 19, 23, 24, 25, 28, 31, 34, 36, 37, 40, 45, 49, 52, 55]",42,10,False
trafo,14,57,75,2,98.24561403508773,18,100.0,17,-1,0.0016445000073872507,"[0, 3, 8, 14, 19, 23, 24, 25, 28, 31, 35, 37, 38, 40, 45, 49, 52]",55,39,False
trafo,15,57,75,2,100.0,18,100.0,18,0,0.0007736000115983188,"[0, 3, 8, 10, 14, 19, 23, 24, 25, 28, 31, 34, 36, 37, 45, 49, 52, 55]",56,38,True
trafo,16,57,75,2,98.24561403508773,18,100.0,19,1,0.0007780999876558781,"[0, 3, 8, 10, 12, 14, 19, 23, 24, 25, 28, 31, 34, 36, 37, 45, 49, 53, 55]",54,8,False
line,0,57,72,1,92.98245614035088,18,100.0,20,2,0.000777200039010495,"[0, 1, 3, 8, 10, 14, 19, 20, 23, 25, 28, 29, 31, 34, 37, 38, 45, 49, 52, 55]",0,1,False
line,1,57,72,1,94.73684210526316,18,100.0,19,1,0.0009554999996908009,"[0, 3, 8, 10, 14, 19, 20, 23, 25, 28, 29, 31, 34, 37, 38, 45, 49, 52, 55]",1,2,False
line,2,57,72,1,94.73684210526316,18,100.0,19,1,0.0010717000113800168,"[0, 3, 8, 10, 14, 19, 20, 23, 25, 28, 29, 31, 34, 37, 38, 45, 49, 52, 55]",2,3,False
line,3,57,72,1,92.98245614035088,18,100.0,20,2,0.0007772999815642834,"[0, 3, 4, 8, 10, 14, 19, 20, 23, 25, 28, 29, 31, 34, 37, 38, 45, 49, 52, 55]",3,4,False
line,4,57,72,1,92.98245614035088,18,100.0,20,2,0.0013437000452540815,"[0, 3, 4, 8, 10, 14, 19, 20, 23, 25, 28, 29, 31, 34, 37, 38, 45, 49, 52, 55]",3,5,False
line,5,57,72,1,94.73684210526316,18,100.0,19,1,0.0007285999599844217,"[0, 3, 8, 10, 14, 19, 20, 23, 25, 28, 29, 31, 34, 37, 38, 45, 49, 52, 55]",5,6,False
line,6,57,72,1,94.73684210526316,18,100.0,19,1,0.0010277999681420624,"[0, 3, 8, 10, 14, 19, 20, 23, 25, 28, 29, 31, 34, 37, 38, 45, 49, 52, 55]",5,7,False
line,7,57,72,1,92.98245614035088,18,100.0,21,3,0.0008074999786913395,"[0, 3, 5, 8, 10, 12, 14, 19, 20, 23, 25, 28, 29, 31, 34, 37, 38, 45, 49, 53, 55]",7,8,False
line,8,57,72,1,92.98245614035088,18,100.0,21,3,0.0008059999672695994,"[0, 3, 5, 9, 10, 12, 14, 19, 20, 23, 25, 28, 29, 31, 34, 37, 38, 45, 49, 53, 55]",8,9,False
line,9,57,72,1,94.73684210526316,18,100.0,20,2,0.0010381000465713441,"[0, 3, 8, 10, 12, 14, 19, 20, 23, 25, 28, 29, 31, 34, 37, 38, 45, 49, 52, 55]",8,10,False
line,10,57,72,1,92.98245614035088,18,100.0,20,2,0.0018612999701872468,"[0, 3, 8, 10, 12, 14, 19, 20, 23, 25, 28, 29, 31, 34, 37, 38, 45, 49, 52, 55]",8,11,False
line,11,57,72,1,94.73684210526316,18,100.0,19,1,0.0008909000316634774,"[0, 3, 8, 10, 14, 19, 20, 23, 25, 28, 29, 31, 34, 37, 38, 45, 49, 52, 55]",8,12,False
line,12,57,72,1,94.73684210526316,18,100.0,19,1,0.0007300999714061618,"[0, 3, 8, 10, 14, 19, 20, 23, 25, 28, 29, 31, 34, 37, 38, 45, 49, 52, 55]",12,13,False
line,13,57,72,1,94.73684210526316,18,100.0,19,1,0.0009360999683849514,"[0, 3, 8, 10, 14, 19, 20, 23, 25, 28, 29, 31, 34, 37, 38, 45, 49, 52, 55]",12,14,False
line,14,57,72,1,94.73684210526316,18,100.0,19,1,0.0008124999585561454,"[0, 3, 8, 10, 14, 19, 20, 23, 25, 28, 29, 31, 34, 37, 38, 45, 49, 52, 55]",0,14,False
line,15,57,72,1,92.98245614035088,18,100.0,20,2,0.0007549000438302755,"[0, 3, 8, 10, 11, 14, 19, 20, 23, 25, 28, 29, 31, 34, 37, 38, 45, 49, 52, 55]",0,15,False
line,16,57,72,1,92.98245614035088,18,100.0,20,2,0.0010076999897137284,"[0, 3, 8, 10, 11, 14, 19, 20, 23, 25, 28, 29, 31, 34, 37, 38, 45, 49, 52, 55]",0,16,False
line,17,57,72,1,94.73684210526316,18,100.0,19,1,0.0007487000548280776,"[0, 3, 8, 10, 14, 19, 20, 23, 25, 28, 29, 31, 34, 37, 38, 45, 49, 52, 55]",2,14,False
line,18,57,72,1,94.73684210526316,18,100.0,19,1,0.0007438999600708485,"[0, 3, 8, 10, 14, 19, 20, 23, 25, 28, 29, 31, 34, 37, 38, 45, 49, 52, 55]",4,5,False
line,19,57,72,1,94.73684210526316,18,100.0,19,1,0.0009347000159323215,"[0, 3, 8, 10, 14, 19, 20, 23, 25, 28, 29, 31, 34, 37, 38, 45, 49, 52, 55]",6,7,False
line,20,57,72,1,94.73684210526316,18,100.0,19,1,0.002221899980213493,"[0, 3, 8, 10, 14, 19, 20, 23, 25, 28, 29, 31, 34, 37, 38, 45, 49, 52, 55]",9,11,False
line,21,57,72,1,94.73684210526316,18,100.0,19,1,0.0008181000011973083,"[0, 3, 8, 10, 14, 19, 20, 23, 25, 28, 29, 31, 34, 37, 38, 45, 49, 52, 55]",10,12,False
line,22,57,72,1,94.73684210526316,18,100.0,19,1,0.0007445999654009938,"[0, 3, 8, 10, 14, 19, 20, 23, 25, 28, 29, 31, 34, 37, 38, 45, 49, 52, 55]",11,12,False
line,23,57,72,1,94.73684210526316,18,100.0,19,1,0.0008088999893516302,"[0, 3, 8, 10, 14, 19, 20, 23, 25, 28, 29, 31, 34, 37, 38, 45, 49, 52, 55]",11,15,False
line,24,57,72,1,94.73684210526316,18,100.0,19,1,0.0015653999871574342,"[0, 3, 8, 10, 14, 19, 20, 23, 25, 28, 29, 31, 34, 37, 38, 45, 49, 52, 55]",11,16,False
line,25,57,72,1,92.98245614035088,18,100.0,20,2,0.002511399972718209,"[0, 3, 8, 10, 12, 14, 19, 20, 23, 25, 28, 29, 31, 34, 37, 38, 45, 49, 52, 55]",13,14,False
line,26,57,72,1,94.73684210526316,18,100.0,19,1,0.0008020999957807362,"[0, 3, 8, 10, 14, 19, 20, 23, 25, 28, 29, 31, 34, 37, 38, 45, 49, 52, 55]",17,18,False
line,27,57,72,1,92.98245614035088,18,100.0,19,1,0.0008274000138044357,"[0, 3, 8, 10, 14, 17, 20, 23, 25, 28, 29, 31, 34, 37, 38, 45, 49, 52, 55]",18,19,False
line,28,57,72,1,94.73684210526316,18,100.0,19,1,0.0007702999864704907,"[0, 3, 8, 10, 14, 19, 21, 23, 25, 28, 29, 31, 34, 37, 38, 45, 49, 52, 55]",20,21,False
line,29,57,72,1,94.73684210526316,18,100.0,19,1,0.0023592999787069857,"[0, 3, 8, 10, 14, 19, 20, 23, 25, 28, 29, 31, 34, 37, 38, 45, 49, 52, 55]",21,22,False
line,30,57,72,1,92.98245614035088,18,100.0,19,1,0.0007256999961100519,"[0, 3, 8, 10, 14, 19, 21, 23, 25, 28, 29, 31, 34, 37, 38, 45, 49, 52, 55]",22,23,False
line,31,57,72,1,92.98245614035088,18,100.0,19,1,0.0008174999966286123,"[0, 3, 8, 10, 14, 19, 20, 23, 26, 28, 29, 31, 34, 37, 38, 45, 49, 52, 55]",25,26,False
line,32,57,72,1,94.73684210526316,18,100.0,19,1,0.0007882000063546002,"[0, 3, 8, 10, 14, 19, 20, 23, 25, 28, 29, 31, 34, 37, 38, 45, 49, 52, 55]",26,27,False
line,33,57,72,1,92.98245614035088,18,100.0,19,1,0.0007456999737769365,"[0, 3, 8, 10, 14, 19, 20, 23, 26, 28, 29, 31, 34, 37, 38, 45, 49, 52, 55]",27,28,False
line,34,57,72,2,92.98245614035088,18,100.0,19,1,0.0008395000477321446,"[0, 3, 8, 10, 14, 19, 20, 23, 25, 28, 29, 31, 34, 37, 38, 45, 49, 52, 55]",24,29,False
line,35,57,72,2,94.73684210526316,18,100.0,20,2,0.0011634000111371279,"[0, 3, 8, 10, 14, 19, 20, 23, 24, 25, 28, 30, 31, 34, 37, 38, 45, 49, 52, 55]",29,30,False
line,36,57,73,1,94.73684210526316,18,100.0,19,1,0.0010473000002093613,"[0, 3, 8, 10, 14, 19, 20, 23, 25, 28, 29, 31, 34, 37, 38, 45, 49, 52, 55]",30,31,False
line,37,57,72,2,92.98245614035088,18,100.0,20,2,0.0020574999507516623,"[0, 3, 8, 10, 14, 19, 20, 23, 25, 28, 29, 32, 33, 34, 37, 38, 45, 49, 52, 55]",31,32,False
line,38,57,72,2,94.73684210526316,18,100.0,19,1,0.0017717999871820211,"[0, 3, 8, 10, 14, 19, 20, 23, 25, 28, 29, 31, 34, 37, 38, 45, 49, 52, 55]",33,34,False
line,39,57,72,2,94.73684210526316,18,100.0,20,2,0.0008272000122815371,"[0, 3, 8, 10, 14, 19, 20, 23, 25, 28, 29, 31, 33, 35, 37, 38, 45, 49, 52, 55]",34,35,False
line,40,57,72,1,94.73684210526316,18,100.0,19,1,0.0008007999858818948,"[0, 3, 8, 10, 14, 19, 20, 23, 25, 28, 29, 31, 34, 37, 38, 45, 49, 52, 55]",35,36,False
line,41,57,72,1,94.73684210526316,18,100.0,19,1,0.00163720001000911,"[0, 3, 8, 10, 14, 19, 20, 23, 25, 28, 29, 31, 35, 37, 38, 45, 49, 52, 55]",36,37,False
line,42,57,73,1,94.73684210526316,18,100.0,19,1,0.0013433999847620726,"[0, 3, 8, 10, 14, 19, 20, 23, 25, 28, 29, 31, 34, 37, 38, 45, 49, 52, 55]",36,38,False
line,43,57,72,1,94.73684210526316,18,100.0,19,1,0.0007674999651499093,"[0, 3, 8, 10, 14, 19, 20, 23, 25, 28, 29, 31, 34, 37, 38, 45, 49, 52, 55]",35,39,False
line,44,57,73,1,94.73684210526316,18,100.0,19,1,0.0008637999999336898,"[0, 3, 8, 10, 14, 19, 20, 23, 25, 28, 29, 31, 34, 37, 38, 45, 49, 52, 55]",21,37,False
line,45,57,72,1,94.73684210526316,18,100.0,19,1,0.0022613999899476767,"[0, 3, 8, 10, 14, 19, 20, 23, 25, 28, 29, 31, 34, 37, 38, 45, 49, 52, 55]",40,41,False
line,46,57,72,1,94.73684210526316,18,100.0,19,1,0.000838699983432889,"[0, 3, 8, 10, 14, 19, 20, 23, 25, 28, 29, 31, 34, 37, 38, 45, 49, 52, 55]",40,42,False
line,47,57,72,1,92.98245614035088,18,100.0,20,2,0.0007563999970443547,"[0, 3, 8, 10, 14, 19, 20, 23, 25, 28, 29, 31, 34, 37, 38, 43, 45, 49, 52, 55]",37,43,False
line,48,57,72,2,92.98245614035088,18,100.0,20,2,0.0009055000264197588,"[0, 3, 8, 10, 14, 19, 20, 23, 25, 28, 29, 31, 34, 37, 38, 45, 46, 49, 52, 55]",45,46,False
line,49,57,72,2,94.73684210526316,18,100.0,19,1,0.001233500021044165,"[0, 3, 8, 10, 14, 19, 20, 23, 25, 28, 29, 31, 34, 37, 38, 45, 49, 52, 55]",46,47,False
line,50,57,72,1,94.73684210526316,18,100.0,19,1,0.0007360000163316727,"[0, 3, 8, 10, 14, 19, 20, 23, 25, 28, 29, 31, 34, 37, 38, 45, 49, 52, 55]",47,48,False
line,51,57,72,2,94.73684210526316,18,100.0,19,1,0.0008169999928213656,"[0, 3, 8, 10, 14, 19, 20, 23, 25, 28, 29, 31, 34, 37, 38, 45, 49, 52, 55]",48,49,False
line,52,57,72,2,92.98245614035088,18,100.0,20,2,0.0009928999934345484,"[0, 3, 8, 10, 14, 19, 20, 23, 25, 28, 29, 31, 34, 37, 38, 45, 48, 50, 52, 55]",49,50,False
line,53,57,72,1,94.73684210526316,18,100.0,19,1,0.0007252999930642545,"[0, 3, 5, 8, 10, 14, 19, 20, 23, 27, 29, 31, 34, 37, 38, 45, 49, 52, 55]",28,51,False
line,54,57,72,1,94.73684210526316,18,100.0,19,1,0.0007482999935746193,"[0, 3, 8, 10, 14, 19, 20, 23, 25, 28, 29, 31, 34, 37, 38, 45, 49, 52, 55]",51,52,False
line,55,57,72,1,92.98245614035088,18,100.0,20,2,0.000784299976658076,"[0, 3, 8, 10, 14, 19, 20, 23, 25, 28, 29, 31, 34, 37, 38, 45, 49, 51, 53, 55]",52,53,False
line,56,57,72,1,94.73684210526316,18,100.0,19,1,0.0008299999753944576,"[0, 3, 8, 10, 14, 19, 20, 23, 25, 28, 29, 31, 34, 37, 38, 45, 49, 52, 55]",53,54,False
line,57,57,72,1,94.73684210526316,18,100.0,19,1,0.0010414000134915113,"[0, 3, 8, 10, 14, 19, 20, 23, 25, 28, 29, 31, 34, 37, 38, 45, 49, 52, 55]",43,44,False
line,58,57,72,1,94.73684210526316,18,100.0,19,1,0.0020178999984636903,"[0, 3, 8, 10, 14, 19, 20, 23, 25, 28, 29, 31, 34, 37, 38, 45, 49, 52, 55]",55,40,False
line,59,57,72,1,92.98245614035088,18,100.0,18,0,0.0013587999856099486,"[0, 3, 8, 14, 19, 20, 23, 25, 28, 29, 31, 35, 37, 38, 40, 45, 49, 52]",55,41,False
line,60,57,72,2,92.98245614035088,18,100.0,18,0,0.0009973999694921076,"[0, 3, 8, 14, 19, 20, 23, 25, 28, 29, 31, 35, 37, 38, 40, 45, 49, 52]",56,55,False
line,61,57,72,1,94.73684210526316,18,100.0,19,1,0.002053899981547147,"[0, 3, 8, 10, 14, 19, 20, 23, 25, 28, 29, 31, 34, 37, 38, 45, 49, 52, 55]",37,48,False
line,62,57,72,1,92.98245614035088,18,100.0,19,1,0.005470199976116419,"[0, 3, 8, 10, 14, 19, 20, 23, 25, 28, 29, 31, 34, 37, 38, 46, 49, 52, 55]",37,47,False
trafo,0,57,73,1,94.73684210526316,18,100.0,19,1,0.0020677000284194946,"[0, 3, 8, 10, 14, 19, 20, 23, 25, 28, 29, 31, 34, 37, 38, 45, 49, 52, 55]",17,3,False
trafo,1,57,73,1,94.73684210526316,18,100.0,19,1,0.000922399980481714,"[0, 3, 8, 10, 14, 19, 20, 23, 25, 28, 29, 31, 34, 37, 38, 45, 49, 52, 55]",17,3,False
trafo,2,57,72,1,92.98245614035088,18,100.0,19,1,0.0008005999843589962,"[0, 3, 8, 10, 14, 18, 20, 23, 25, 28, 29, 31, 34, 37, 38, 45, 49, 52, 55]",19,20,False
trafo,3,57,73,1,94.73684210526316,18,100.0,19,1,0.0008362000226043165,"[0, 3, 8, 10, 14, 19, 20, 23, 25, 28, 29, 31, 34, 37, 38, 45, 49, 52, 55]",24,23,False
trafo,4,57,72,2,94.73684210526316,18,100.0,18,0,0.0007639999967068434,"[0, 3, 8, 10, 14, 19, 22, 25, 28, 29, 31, 34, 37, 38, 45, 49, 52, 55]",24,23,False
trafo,5,57,72,1,94.73684210526316,18,100.0,18,0,0.000735500012524426,"[0, 3, 8, 10, 14, 19, 22, 25, 28, 29, 31, 34, 37, 38, 45, 49, 52, 55]",25,23,False
trafo,6,57,72,1,92.98245614035088,18,100.0,19,1,0.000763599993661046,"[0, 3, 5, 8, 10, 14, 19, 20, 23, 27, 29, 31, 34, 37, 38, 45, 49, 52, 55]",28,6,False
trafo,7,57,72,2,94.73684210526316,18,100.0,19,1,0.0010087999980896711,"[0, 3, 8, 10, 14, 19, 20, 23, 25, 28, 29, 31, 34, 37, 38, 45, 49, 52, 55]",31,33,False
trafo,8,57,72,1,94.73684210526316,18,100.0,19,1,0.0018640999915078282,"[0, 3, 8, 10, 14, 19, 20, 23, 25, 28, 29, 31, 34, 37, 38, 45, 49, 52, 55]",40,10,False
trafo,9,57,72,1,92.98245614035088,18,100.0,20,2,0.00121779995970428,"[0, 3, 8, 10, 12, 19, 20, 23, 25, 28, 29, 31, 34, 37, 38, 43, 45, 49, 52, 55]",44,14,False
trafo,10,57,73,1,94.73684210526316,18,100.0,19,1,0.00135119998594746,"[0, 3, 8, 10, 14, 19, 20, 23, 25, 28, 29, 31, 34, 37, 38, 45, 49, 52, 55]",45,13,False
trafo,11,57,73,1,94.73684210526316,18,100.0,19,1,0.0012417000252753496,"[0, 3, 8, 10, 14, 19, 20, 23, 25, 28, 29, 31, 34, 37, 38, 45, 49, 52, 55]",50,9,False
trafo,12,57,72,1,94.73684210526316,18,100.0,19,1,0.001700199965853244,"[0, 3, 8, 10, 14, 19, 20, 23, 25, 28, 29, 31, 34, 37, 38, 45, 49, 52, 55]",48,12,False
trafo,13,57,72,1,92.98245614035088,18,100.0,19,1,0.000791700033005327,"[0, 3, 8, 14, 19, 20, 23, 25, 28, 29, 31, 34, 37, 38, 40, 45, 49, 52, 55]",42,10,False
trafo,14,57,72,1,92.98245614035088,18,100.0,18,0,0.000750600011087954,"[0, 3, 8, 14, 19, 20, 23, 25, 28, 29, 31, 35, 37, 38, 40, 45, 49, 52]",55,39,False
trafo,15,57,72,2,94.73684210526316,18,100.0,19,1,0.0017297000158578157,"[0, 3, 8, 10, 14, 19, 20, 23, 25, 28, 29, 31, 34, 37, 38, 45, 49, 52, 55]",56,38,False
trafo,16,57,72,1,92.98245614035088,18,100.0,20,2,0.0031057000160217285,"[0, 3, 8, 10, 12, 14, 19, 20, 23, 25, 28, 29, 31, 34, 37, 38, 45, 49, 53, 55]",54,8,False
line,0,57,72,1,98.24561403508773,18,100.0,19,1,0.001492300012614578,"[0, 1, 3, 8, 10, 14, 19, 23, 24, 25, 28, 31, 34, 36, 37, 45, 49, 52, 55]",0,1,False
line,1,57,72,1,100.0,18,100.0,18,0,0.0007470000418834388,"[0, 3, 8, 10, 14, 19, 23, 24, 25, 28, 31, 34, 36, 37, 45, 49, 52, 55]",1,2,True
line,2,57,72,1,100.0,18,100.0,18,0,0.0007514000171795487,"[0, 3, 8, 10, 14, 19, 23, 24, 25, 28, 31, 34, 36, 37, 45, 49, 52, 55]",2,3,True
line,3,57,72,1,98.24561403508773,18,100.0,19,1,0.0008574000094085932,"[0, 3, 4, 8, 10, 14, 19, 23, 24, 25, 28, 31, 34, 36, 37, 45, 49, 52, 55]",3,4,False
line,4,57,72,1,98.24561403508773,18,100.0,19,1,0.0007637999951839447,"[0, 3, 4, 8, 10, 14, 19, 23, 24, 25, 28, 31, 34, 36, 37, 45, 49, 52, 55]",3,5,False
line,5,57,72,1,100.0,18,100.0,18,0,0.0007467999821528792,"[0, 3, 8, 10, 14, 19, 23, 24, 25, 28, 31, 34, 36, 37, 45, 49, 52, 55]",5,6,True
line,6,57,72,1,100.0,18,100.0,18,0,0.0006901000160723925,"[0, 3, 8, 10, 14, 19, 23, 24, 25, 28, 31, 34, 36, 37, 45, 49, 52, 55]",5,7,True
line,7,57,72,1,98.24561403508773,18,100.0,19,1,0.0007340000011026859,"[0, 3, 5, 8, 10, 14, 19, 23, 24, 25, 28, 31, 34, 36, 37, 45, 49, 52, 55]",7,8,False
line,8,57,72,1,98.24561403508773,18,100.0,18,0,0.001179999962914735,"[0, 3, 8, 10, 14, 19, 23, 24, 25, 28, 31, 34, 36, 37, 45, 50, 52, 55]",8,9,False
line,9,57,72,1,100.0,18,100.0,17,-1,0.0006626999820582569,"[0, 3, 8, 14, 19, 23, 24, 25, 28, 31, 35, 37, 38, 40, 45, 49, 52]",8,10,True
line,10,57,72,1,98.24561403508773,18,100.0,19,1,0.0007228999747894704,"[0, 3, 8, 9, 10, 14, 19, 23, 24, 25, 28, 31, 34, 36, 37, 45, 48, 52, 55]",8,11,False
line,11,57,72,1,100.0,18,100.0,18,0,0.0006559999892488122,"[0, 3, 8, 10, 14, 19, 23, 24, 25, 28, 31, 34, 36, 37, 45, 49, 52, 55]",8,12,True
line,12,57,73,1,100.0,18,100.0,18,0,0.0009438999695703387,"[0, 3, 8, 10, 14, 19, 23, 24, 25, 28, 31, 34, 36, 37, 45, 49, 52, 55]",12,13,True
line,13,57,73,1,100.0,18,100.0,18,0,0.0007276999531313777,"[0, 3, 8, 10, 14, 19, 23, 24, 25, 28, 31, 34, 36, 37, 45, 49, 52, 55]",12,14,True
line,14,57,72,1,100.0,18,100.0,19,1,0.002358200028538704,"[0, 3, 8, 10, 13, 14, 19, 23, 24, 25, 28, 31, 34, 36, 37, 45, 49, 52, 55]",0,14,True
line,15,57,72,1,98.24561403508773,18,100.0,19,1,0.0008545999880880117,"[0, 3, 8, 10, 11, 14, 19, 23, 24, 25, 28, 31, 34, 36, 37, 45, 49, 52, 55]",0,15,False
line,16,57,72,1,98.24561403508773,18,100.0,19,1,0.0011953000212088227,"[0, 3, 8, 10, 11, 14, 19, 23, 24, 25, 28, 31, 34, 36, 37, 45, 49, 52, 55]",0,16,False
line,17,57,72,1,100.0,18,100.0,18,0,0.0006896000122651458,"[0, 3, 8, 10, 14, 19, 23, 24, 25, 28, 31, 34, 36, 37, 45, 49, 52, 55]",2,14,True
line,18,57,72,1,100.0,18,100.0,18,0,0.0007611000328324735,"[0, 3, 8, 10, 14, 19, 23, 24, 25, 28, 31, 34, 36, 37, 45, 49, 52, 55]",4,5,True
line,19,57,72,1,100.0,18,100.0,18,0,0.0006941999890841544,"[0, 3, 8, 10, 14, 19, 23, 24, 25, 28, 31, 34, 36, 37, 45, 49, 52, 55]",6,7,True
line,20,57,72,1,100.0,18,100.0,18,0,0.0009836999815888703,"[0, 3, 8, 10, 14, 19, 23, 24, 25, 28, 31, 34, 36, 37, 45, 49, 52, 55]",9,11,True
line,21,57,72,1,100.0,18,100.0,18,0,0.0007937999907881021,"[0, 3, 8, 10, 14, 19, 23, 24, 25, 28, 31, 34, 36, 37, 45, 49, 52, 55]",10,12,True
line,22,57,72,1,100.0,18,100.0,18,0,0.0009313999908044934,"[0, 3, 8, 10, 14, 19, 23, 24, 25, 28, 31, 34, 36, 37, 45, 49, 52, 55]",11,12,True
line,23,57,72,1,100.0,18,100.0,18,0,0.0007283000159077346,"[0, 3, 8, 10, 14, 19, 23, 24, 25, 28, 31, 34, 36, 37, 45, 49, 52, 55]",11,15,True
line,24,57,72,1,100.0,18,100.0,18,0,0.0007343000033870339,"[0, 3, 8, 10, 14, 19, 23, 24, 25, 28, 31, 34, 36, 37, 45, 49, 52, 55]",11,16,True
line,25,57,72,1,100.0,18,100.0,18,0,0.0006924999761395156,"[0, 3, 8, 10, 14, 19, 23, 24, 25, 28, 31, 34, 36, 37, 45, 49, 52, 55]",13,14,True
line,26,57,72,1,100.0,18,100.0,18,0,0.0006950999959371984,"[0, 3, 8, 10, 14, 19, 23, 24, 25, 28, 31, 34, 36, 37, 45, 49, 52, 55]",17,18,True
line,27,57,72,1,98.24561403508773,18,100.0,19,1,0.0008377000340260565,"[0, 3, 8, 10, 14, 17, 19, 23, 24, 25, 28, 31, 34, 36, 37, 45, 49, 52, 55]",18,19,False
line,28,57,72,1,100.0,18,100.0,18,0,0.0007785999914631248,"[0, 3, 8, 10, 14, 19, 23, 24, 25, 28, 31, 34, 36, 37, 45, 49, 52, 55]",20,21,True
line,29,57,72,2,100.0,18,100.0,18,0,0.0009105000062845647,"[0, 3, 8, 10, 14, 19, 23, 24, 25, 28, 31, 34, 36, 37, 45, 49, 52, 55]",21,22,True
line,30,57,72,2,98.24561403508773,18,100.0,18,0,0.0013187999720685184,"[0, 3, 8, 10, 14, 19, 21, 24, 25, 28, 31, 34, 36, 37, 45, 49, 52, 55]",22,23,False
line,31,57,72,2,98.24561403508773,18,100.0,19,1,0.0008609999786131084,"[0, 3, 8, 10, 14, 19, 23, 24, 25, 26, 28, 31, 34, 36, 37, 45, 49, 52, 55]",25,26,False
line,32,57,72,2,100.0,18,100.0,18,0,0.0008268000092357397,"[0, 3, 8, 10, 14, 19, 23, 24, 25, 28, 31, 34, 36, 37, 45, 49, 52, 55]",26,27,True
line,33,57,72,2,98.24561403508773,18,100.0,18,0,0.0009349999600090086,"[0, 3, 8, 10, 14, 19, 23, 24, 26, 28, 31, 34, 36, 37, 45, 49, 52, 55]",27,28,False
line,34,57,72,2,98.24561403508773,18,100.0,18,0,0.0008545000455342233,"[0, 3, 8, 10, 14, 19, 23, 25, 28, 29, 31, 34, 36, 37, 45, 49, 52, 55]",24,29,False
line,35,57,72,2,100.0,18,100.0,18,0,0.0008556999964639544,"[0, 3, 8, 10, 14, 19, 23, 24, 25, 28, 31, 34, 36, 37, 45, 49, 52, 55]",29,30,True
line,36,57,72,2,98.24561403508773,18,100.0,18,0,0.0008000999805517495,"[0, 3, 8, 10, 14, 19, 23, 25, 28, 29, 31, 34, 36, 37, 45, 49, 52, 55]",30,31,False
line,37,57,72,2,98.24561403508773,18,100.0,19,1,0.0011944000143557787,"[0, 3, 8, 10, 14, 19, 23, 25, 28, 30, 31, 32, 34, 36, 37, 45, 49, 52, 55]",31,32,False
line,38,57,73,1,100.0,18,100.0,18,0,0.0006928000366315246,"[0, 3, 8, 10, 14, 19, 23, 24, 25, 28, 31, 34, 36, 37, 45, 49, 52, 55]",33,34,True
line,39,57,72,2,100.0,18,100.0,18,0,0.0006958000012673438,"[0, 3, 8, 10, 14, 19, 23, 24, 25, 28, 31, 34, 36, 37, 45, 49, 52, 55]",34,35,True
line,40,57,72,1,100.0,18,100.0,18,0,0.0007837999728508294,"[0, 3, 8, 10, 14, 19, 23, 24, 25, 28, 31, 34, 36, 37, 45, 49, 52, 55]",35,36,True
line,41,57,72,1,100.0,18,100.0,18,0,0.0006941999890841544,"[0, 3, 8, 10, 14, 19, 23, 24, 25, 28, 31, 35, 36, 37, 45, 49, 52, 55]",36,37,True
line,42,57,72,1,98.24561403508773,18,100.0,18,0,0.0007134000188671052,"[0, 3, 8, 10, 14, 19, 23, 24, 25, 28, 31, 34, 37, 38, 45, 49, 52, 55]",36,38,False
line,43,57,72,1,100.0,18,100.0,18,0,0.001302999968174845,"[0, 3, 8, 10, 14, 19, 23, 24, 25, 28, 31, 34, 36, 37, 45, 49, 52, 55]",35,39,True
line,44,57,72,1,98.24561403508773,18,100.0,18,0,0.0007584000122733414,"[0, 3, 8, 10, 14, 19, 22, 24, 25, 28, 31, 34, 36, 37, 45, 49, 52, 55]",21,37,False
line,45,57,72,1,100.0,18,100.0,18,0,0.0007138000219129026,"[0, 3, 8, 10, 14, 19, 23, 24, 25, 28, 31, 34, 36, 37, 45, 49, 52, 55]",40,41,True
line,46,57,72,1,100.0,18,100.0,18,0,0.0007396999862976372,"[0, 3, 8, 10, 14, 19, 23, 24, 25, 28, 31, 34, 36, 37, 45, 49, 52, 55]",40,42,True
line,47,57,72,1,98.24561403508773,18,100.0,18,0,0.001012900029309094,"[0, 3, 8, 10, 19, 23, 24, 25, 28, 31, 34, 36, 37, 43, 45, 49, 52, 55]",37,43,False
line,48,57,72,1,98.24561403508773,18,100.0,19,1,0.0009740999666973948,"[0, 3, 8, 10, 13, 14, 19, 23, 24, 25, 28, 31, 34, 36, 37, 46, 49, 52, 55]",45,46,False
line,49,57,72,1,100.0,18,100.0,18,0,0.0008430000161752105,"[0, 3, 8, 10, 14, 19, 23, 24, 25, 28, 31, 34, 36, 37, 45, 49, 52, 55]",46,47,True
line,50,57,72,1,100.0,18,100.0,18,0,0.0009050000226125121,"[0, 3, 8, 10, 14, 19, 23, 24, 25, 28, 31, 34, 36, 37, 45, 49, 52, 55]",47,48,True
line,51,57,72,1,100.0,18,100.0,18,0,0.0007598999654874206,"[0, 3, 8, 10, 14, 19, 23, 24, 25, 28, 31, 34, 36, 37, 45, 49, 52, 55]",48,49,True
line,52,57,72,1,98.24561403508773,18,100.0,19,1,0.0009154999861493707,"[0, 3, 8, 9, 10, 14, 19, 23, 24, 25, 28, 31, 34, 36, 37, 45, 48, 52, 55]",49,50,False
line,53,57,72,1,100.0,18,100.0,18,0,0.0007576000061817467,"[0, 3, 6, 8, 10, 14, 19, 23, 24, 26, 31, 34, 36, 37, 45, 49, 52, 55]",28,51,True
line,54,57,72,1,100.0,18,100.0,18,0,0.0013978000497445464,"[0, 3, 8, 10, 14, 19, 23, 24, 25, 28, 31, 34, 36, 37, 45, 49, 52, 55]",51,52,True
line,55,57,72,1,98.24561403508773,18,100.0,19,1,0.0015717999776825309,"[0, 3, 8, 10, 14, 19, 23, 24, 25, 28, 31, 34, 36, 37, 45, 49, 51, 53, 55]",52,53,False
line,56,57,72,1,100.0,18,100.0,18,0,0.0009126999648287892,"[0, 3, 8, 10, 14, 19, 23, 24, 25, 28, 31, 34, 36, 37, 45, 49, 52, 55]",53,54,True
line,57,57,72,1,100.0,18,100.0,18,0,0.0012048000353388488,"[0, 3, 8, 10, 14, 19, 23, 24, 25, 28, 31, 34, 36, 37, 45, 49, 52, 55]",43,44,True
line,58,57,72,1,100.0,18,100.0,18,0,0.0011547000030986965,"[0, 3, 8, 10, 14, 19, 23, 24, 25, 28, 31, 34, 36, 37, 45, 49, 52, 55]",55,40,True
line,59,57,72,1,98.24561403508773,18,100.0,17,-1,0.0007246999884955585,"[0, 3, 8, 14, 19, 23, 24, 25, 28, 31, 35, 37, 38, 40, 45, 49, 52]",55,41,False
line,60,57,72,1,98.24561403508773,18,100.0,17,-1,0.0010737000266090035,"[0, 3, 8, 14, 19, 23, 24, 25, 28, 31, 35, 37, 38, 40, 45, 49, 52]",56,55,False
line,61,57,72,1,100.0,18,100.0,18,0,0.0009945000056177378,"[0, 3, 8, 10, 14, 19, 23, 24, 25, 28, 31, 34, 36, 37, 45, 49, 52, 55]",37,48,True
line,62,57,72,1,98.24561403508773,18,100.0,19,1,0.0007204000139608979,"[0, 3, 8, 9, 10, 14, 19, 23, 24, 25, 28, 31, 34, 36, 37, 45, 48, 52, 55]",37,47,False
trafo,0,57,72,1,98.24561403508773,18,100.0,19,1,0.0007320999866351485,"[0, 3, 8, 10, 14, 18, 19, 23, 24, 25, 28, 31, 34, 36, 37, 45, 49, 52, 55]",17,3,False
trafo,1,57,73,1,100.0,18,100.0,18,0,0.0009578000172041357,"[0, 3, 8, 10, 14, 19, 23, 24, 25, 28, 31, 34, 36, 37, 45, 49, 52, 55]",17,3,True
trafo,2,57,72,1,98.24561403508773,18,100.0,19,1,0.0011937000090256333,"[0, 3, 8, 10, 14, 18, 20, 23, 24, 25, 28, 31, 34, 36, 37, 45, 49, 52, 55]",19,20,False
trafo,3,57,73,1,100.0,18,100.0,18,0,0.0018276000046171248,"[0, 3, 8, 10, 14, 19, 23, 24, 25, 28, 31, 34, 36, 37, 45, 49, 52, 55]",24,23,True
trafo,4,57,73,1,100.0,18,100.0,18,0,0.0011399000068195164,"[0, 3, 8, 10, 14, 19, 23, 24, 25, 28, 31, 34, 36, 37, 45, 49, 52, 55]",24,23,True
trafo,5,57,73,1,100.0,18,100.0,18,0,0.0015392000204883516,"[0, 3, 8, 10, 14, 19, 23, 24, 25, 28, 31, 34, 36, 37, 45, 49, 52, 55]",25,23,True
trafo,6,57,72,1,98.24561403508773,18,100.0,19,1,0.0009607000392861664,"[0, 3, 5, 8, 10, 14, 19, 23, 24, 26, 31, 34, 36, 37, 45, 49, 51, 52, 55]",28,6,False
trafo,7,57,72,2,98.24561403508773,18,100.0,19,1,0.0016601000097580254,"[0, 3, 8, 10, 14, 19, 23, 25, 28, 30, 31, 33, 34, 36, 37, 45, 49, 52, 55]",31,33,False
trafo,8,57,72,1,100.0,18,100.0,18,0,0.0007160999812185764,"[0, 3, 8, 10, 14, 19, 23, 24, 25, 28, 31, 34, 36, 37, 45, 49, 52, 55]",40,10,True
trafo,9,57,72,1,98.24561403508773,18,100.0,18,0,0.0017013000324368477,"[0, 3, 8, 10, 19, 23, 24, 25, 28, 31, 34, 36, 37, 43, 45, 49, 52, 55]",44,14,False
trafo,10,57,72,1,100.0,18,100.0,18,0,0.0007202000124379992,"[0, 3, 8, 10, 14, 19, 23, 24, 25, 28, 31, 34, 36, 37, 45, 49, 52, 55]",45,13,True
trafo,11,57,72,1,100.0,18,100.0,18,0,0.0008151000365614891,"[0, 3, 8, 10, 14, 19, 23, 24, 25, 28, 31, 34, 36, 37, 45, 49, 52, 55]",50,9,True
trafo,12,57,73,1,100.0,18,100.0,18,0,0.0008729000110179186,"[0, 3, 8, 10, 14, 19, 23, 24, 25, 28, 31, 34, 36, 37, 45, 49, 52, 55]",48,12,True
trafo,13,57,72,1,98.24561403508773,18,100.0,18,0,0.0006976999575272202,"[0, 3, 8, 14, 19, 23, 24, 25, 28, 31, 34, 36, 37, 40, 45, 49, 52, 55]",42,10,False
trafo,14,57,72,1,98.24561403508773,18,100.0,17,-1,0.0006986000225879252,"[0, 3, 8, 14, 19, 23, 24, 25, 28, 31, 35, 37, 38, 40, 45, 49, 52]",55,39,False
trafo,15,57,72,1,100.0,18,100.0,18,0,0.0007611999753862619,"[0, 3, 8, 10, 14, 19, 23, 24, 25, 28, 31, 34, 36, 37, 45, 49, 52, 55]",56,38,True
trafo,16,57,72,1,98.24561403508773,18,100.0,18,0,0.0018899000133387744,"[0, 3, 8, 10, 14, 19, 23, 24, 25, 28, 31, 34, 36, 37, 45, 49, 53, 55]",54,8,False
line,0,57,71,1,92.98245614035088,18,100.0,20,2,0.0011611999943852425,"[0, 1, 3, 8, 11, 12, 18, 21, 23, 24, 25, 28, 31, 35, 38, 40, 43, 46, 49, 52]",0,1,False
line,1,57,71,1,94.73684210526316,18,100.0,19,1,0.0008786999969743192,"[0, 3, 8, 11, 12, 18, 21, 23, 24, 25, 28, 31, 35, 38, 40, 43, 46, 49, 52]",1,2,False
line,2,57,71,1,94.73684210526316,18,100.0,19,1,0.0007450000266544521,"[0, 5, 8, 11, 12, 14, 18, 21, 23, 24, 27, 31, 35, 37, 38, 40, 46, 50, 52]",2,3,False
line,3,57,71,1,92.98245614035088,18,100.0,19,1,0.0007525999681092799,"[0, 5, 8, 11, 12, 14, 18, 21, 23, 24, 27, 31, 35, 37, 38, 40, 46, 50, 52]",3,4,False
line,4,57,71,1,92.98245614035088,18,100.0,19,1,0.0007424000068567693,"[0, 3, 6, 8, 11, 12, 18, 21, 23, 24, 26, 31, 35, 38, 40, 43, 46, 50, 52]",3,5,False
line,5,57,71,1,94.73684210526316,18,100.0,19,1,0.0007416000007651746,"[0, 3, 8, 11, 12, 18, 21, 23, 24, 25, 28, 31, 35, 38, 40, 43, 46, 49, 52]",5,6,False
line,6,57,71,1,94.73684210526316,18,100.0,19,1,0.0012408000184223056,"[0, 3, 8, 11, 12, 18, 21, 23, 24, 25, 28, 31, 35, 38, 40, 43, 46, 49, 52]",5,7,False
line,7,57,71,1,92.98245614035088,18,100.0,19,1,0.0007420999463647604,"[0, 3, 5, 11, 12, 18, 21, 23, 24, 25, 28, 31, 35, 38, 40, 43, 46, 50, 53]",7,8,False
line,8,57,71,1,92.98245614035088,18,100.0,19,1,0.0017222000169567764,"[0, 3, 5, 11, 12, 18, 21, 23, 24, 25, 28, 31, 35, 38, 40, 43, 46, 50, 53]",8,9,False
line,9,57,72,1,94.73684210526316,18,100.0,19,1,0.0009070000378414989,"[0, 3, 8, 11, 12, 18, 21, 23, 24, 25, 28, 31, 35, 38, 40, 43, 46, 49, 52]",8,10,False
line,10,57,71,1,92.98245614035088,18,100.0,19,1,0.001031799998600036,"[0, 3, 8, 11, 12, 18, 21, 23, 24, 25, 28, 31, 35, 38, 40, 43, 46, 49, 52]",8,11,False
line,11,57,71,1,94.73684210526316,18,100.0,18,0,0.0015224000089801848,"[0, 3, 5, 11, 14, 19, 23, 24, 25, 28, 31, 35, 37, 38, 40, 45, 49, 53]",8,12,False
line,12,57,71,1,94.73684210526316,18,100.0,18,0,0.0007177999941632152,"[0, 3, 8, 11, 14, 19, 23, 24, 25, 28, 31, 35, 37, 38, 40, 45, 49, 52]",12,13,False
line,13,57,71,1,94.73684210526316,18,100.0,18,0,0.0008011999889276922,"[0, 3, 8, 11, 14, 19, 23, 24, 25, 28, 31, 35, 37, 38, 40, 45, 49, 52]",12,14,False
line,14,57,71,1,94.73684210526316,18,100.0,19,1,0.0015147999511100352,"[0, 3, 8, 11, 12, 18, 21, 23, 24, 25, 28, 31, 35, 38, 40, 43, 46, 49, 52]",0,14,False
line,15,57,71,1,92.98245614035088,18,100.0,19,1,0.0019892999553121626,"[0, 3, 8, 11, 12, 18, 21, 23, 24, 25, 28, 31, 35, 38, 40, 43, 46, 49, 52]",0,15,False
line,16,57,72,1,94.73684210526316,18,100.0,19,1,0.0010013999999500811,"[0, 3, 8, 11, 12, 18, 21, 23, 24, 25, 28, 31, 35, 38, 40, 43, 46, 49, 52]",0,16,False
line,17,57,71,1,94.73684210526316,18,100.0,19,1,0.0016457999590784311,"[0, 3, 8, 11, 12, 18, 21, 23, 24, 25, 28, 31, 35, 38, 40, 43, 46, 49, 52]",2,14,False
line,18,57,71,1,94.73684210526316,18,100.0,19,1,0.0007542999810539186,"[0, 3, 8, 11, 12, 18, 21, 23, 24, 25, 28, 31, 35, 38, 40, 43, 46, 49, 52]",4,5,False
line,19,57,71,1,94.73684210526316,18,100.0,19,1,0.0007539999787695706,"[0, 3, 8, 11, 12, 18, 21, 23, 24, 25, 28, 31, 35, 38, 40, 43, 46, 49, 52]",6,7,False
line,20,57,71,1,94.73684210526316,18,100.0,19,1,0.0007234999793581665,"[0, 3, 8, 11, 12, 18, 21, 23, 24, 25, 28, 31, 35, 38, 40, 43, 46, 49, 52]",9,11,False
line,21,57,71,1,94.73684210526316,18,100.0,18,0,0.0011650000233203173,"[0, 3, 8, 11, 14, 19, 23, 24, 25, 28, 31, 35, 37, 38, 40, 45, 49, 52]",10,12,False
line,22,57,71,1,94.73684210526316,18,100.0,18,0,0.0006930999807082117,"[0, 3, 8, 11, 14, 19, 23, 24, 25, 28, 31, 35, 37, 38, 40, 45, 49, 52]",11,12,False
line,23,57,71,1,94.73684210526316,18,100.0,19,1,0.0007377000292763114,"[0, 3, 8, 11, 12, 18, 21, 23, 24, 25, 28, 31, 35, 38, 40, 43, 46, 49, 52]",11,15,False
line,24,57,71,2,94.73684210526316,18,100.0,19,1,0.000714800029527396,"[0, 3, 8, 12, 16, 18, 21, 23, 24, 25, 28, 31, 35, 38, 40, 43, 46, 49, 52]",11,16,False
line,25,57,71,1,92.98245614035088,18,100.0,19,1,0.000728400016669184,"[0, 3, 8, 11, 12, 18, 21, 23, 24, 25, 28, 31, 35, 38, 40, 43, 46, 49, 52]",13,14,False
line,26,57,71,1,94.73684210526316,18,100.0,19,1,0.0014478000230155885,"[0, 3, 8, 11, 12, 18, 21, 23, 24, 25, 28, 31, 35, 38, 40, 43, 46, 49, 52]",17,18,False
line,27,57,71,1,92.98245614035088,18,100.0,20,2,0.0007472999859601259,"[0, 3, 8, 11, 12, 17, 19, 21, 23, 24, 25, 28, 31, 35, 38, 40, 43, 46, 49, 52]",18,19,False
line,28,57,71,1,94.73684210526316,18,100.0,19,1,0.0007777999853715301,"[0, 3, 8, 11, 12, 14, 19, 23, 24, 25, 28, 31, 35, 37, 38, 40, 45, 49, 52]",20,21,False
line,29,57,71,1,94.73684210526316,18,100.0,19,1,0.0007617000374011695,"[0, 3, 8, 11, 12, 14, 19, 23, 24, 25, 28, 31, 35, 37, 38, 40, 45, 49, 52]",21,22,False
line,30,57,71,1,92.98245614035088,18,100.0,19,1,0.0007297000265680254,"[0, 3, 8, 11, 12, 18, 21, 23, 24, 25, 28, 31, 35, 38, 40, 43, 46, 49, 52]",22,23,False
line,31,57,71,1,92.98245614035088,18,100.0,19,1,0.001214299991261214,"[0, 3, 8, 11, 12, 18, 21, 23, 24, 26, 28, 31, 35, 38, 40, 43, 46, 49, 52]",25,26,False
line,32,57,71,1,94.73684210526316,18,100.0,19,1,0.00138079997850582,"[0, 3, 8, 11, 12, 18, 21, 23, 24, 25, 28, 31, 35, 38, 40, 43, 46, 49, 52]",26,27,False
line,33,57,71,1,92.98245614035088,18,100.0,19,1,0.0007819999591447413,"[0, 3, 6, 8, 11, 12, 18, 21, 23, 24, 26, 31, 35, 38, 40, 43, 46, 50, 52]",27,28,False
line,34,57,71,1,92.98245614035088,18,100.0,19,1,0.0009675999754108489,"[0, 3, 8, 11, 12, 18, 21, 23, 25, 28, 29, 31, 35, 38, 40, 43, 46, 49, 52]",24,29,False
line,35,57,71,1,94.73684210526316,18,100.0,19,1,0.0007755000260658562,"[0, 3, 8, 11, 12, 18, 21, 23, 24, 25, 28, 31, 35, 38, 40, 43, 46, 49, 52]",29,30,False
line,36,57,71,1,92.98245614035088,18,100.0,19,1,0.0007232999778352678,"[0, 3, 8, 11, 12, 18, 21, 23, 25, 28, 29, 31, 35, 38, 40, 43, 46, 49, 52]",30,31,False
line,37,57,71,2,92.98245614035088,18,100.0,20,2,0.0007554999901913106,"[0, 3, 8, 11, 12, 18, 21, 23, 25, 28, 30, 31, 32, 35, 38, 40, 43, 46, 49, 52]",31,32,False
line,38,57,71,1,94.73684210526316,18,100.0,19,1,0.0008686999790370464,"[0, 3, 8, 11, 12, 18, 21, 23, 24, 25, 28, 31, 35, 38, 40, 43, 46, 49, 52]",33,34,False
line,39,57,71,1,94.73684210526316,18,100.0,20,2,0.0010458999895490706,"[0, 3, 8, 11, 12, 18, 21, 23, 24, 25, 28, 31, 33, 35, 38, 40, 43, 46, 49, 52]",34,35,False
line,40,57,71,1,94.73684210526316,18,100.0,19,1,0.0007183999987319112,"[0, 3, 8, 11, 12, 18, 21, 23, 24, 25, 28, 31, 35, 38, 40, 43, 46, 49, 52]",35,36,False
line,41,57,72,1,94.73684210526316,18,100.0,19,1,0.0007245999877341092,"[0, 3, 8, 11, 12, 18, 21, 23, 24, 25, 28, 31, 35, 38, 40, 43, 46, 49, 52]",36,37,False
line,42,57,71,1,92.98245614035088,18,100.0,19,1,0.0007397999870590866,"[0, 3, 8, 11, 12, 18, 21, 23, 24, 25, 28, 31, 35, 38, 40, 43, 46, 49, 52]",36,38,False
line,43,57,71,2,94.73684210526316,18,100.0,20,2,0.0012387000024318695,"[0, 3, 8, 11, 12, 18, 21, 23, 24, 25, 28, 31, 35, 38, 39, 40, 43, 46, 49, 52]",35,39,False
line,44,57,71,1,92.98245614035088,18,100.0,20,2,0.003374899970367551,"[0, 3, 8, 11, 12, 14, 19, 20, 23, 24, 25, 28, 31, 35, 37, 38, 40, 45, 49, 52]",21,37,False
line,45,57,71,1,94.73684210526316,18,100.0,20,2,0.0021693999879062176,"[0, 3, 8, 11, 12, 18, 21, 23, 24, 25, 28, 31, 35, 36, 40, 43, 46, 49, 52, 55]",40,41,False
line,46,57,71,2,94.73684210526316,18,100.0,20,2,0.0023332000127993524,"[0, 3, 8, 11, 12, 18, 21, 23, 24, 25, 28, 31, 35, 36, 42, 43, 46, 49, 52, 55]",40,42,False
line,47,57,71,1,92.98245614035088,18,100.0,19,1,0.0014180999714881182,"[0, 3, 8, 11, 12, 18, 21, 23, 24, 25, 28, 31, 35, 38, 40, 43, 46, 49, 52]",37,43,False
line,48,57,71,2,92.98245614035088,18,100.0,21,3,0.002314699988346547,"[0, 3, 8, 11, 12, 14, 18, 21, 23, 24, 25, 28, 31, 35, 37, 38, 40, 45, 46, 49, 52]",45,46,False
line,49,57,71,2,94.73684210526316,18,100.0,20,2,0.0016482000355608761,"[0, 3, 8, 11, 12, 14, 18, 21, 23, 24, 25, 28, 31, 35, 37, 38, 40, 45, 49, 52]",46,47,False
line,50,57,71,1,94.73684210526316,18,100.0,19,1,0.00184009998338297,"[0, 3, 8, 11, 12, 18, 21, 23, 24, 25, 28, 31, 35, 38, 40, 43, 46, 49, 52]",47,48,False
line,51,57,71,1,94.73684210526316,18,100.0,19,1,0.0018310000305064023,"[0, 3, 8, 11, 12, 18, 21, 23, 24, 25, 28, 31, 35, 38, 40, 43, 46, 49, 52]",48,49,False
line,52,57,71,1,92.98245614035088,18,100.0,20,2,0.0012103000190109015,"[0, 3, 8, 9, 11, 12, 18, 21, 23, 24, 25, 28, 31, 35, 38, 40, 43, 46, 48, 52]",49,50,False
line,53,57,71,1,94.73684210526316,18,100.0,19,1,0.002064200001768768,"[0, 3, 6, 8, 11, 12, 18, 21, 23, 24, 26, 31, 35, 38, 40, 43, 46, 50, 52]",28,51,False
line,54,57,71,1,94.73684210526316,18,100.0,19,1,0.002312999975401908,"[0, 3, 8, 11, 12, 18, 21, 23, 24, 25, 28, 31, 35, 38, 40, 43, 46, 49, 52]",51,52,False
line,55,57,71,1,92.98245614035088,18,100.0,20,2,0.0014512999914586544,"[0, 3, 8, 11, 12, 18, 21, 23, 24, 25, 28, 31, 35, 38, 40, 43, 46, 49, 51, 53]",52,53,False
line,56,57,71,1,94.73684210526316,18,100.0,19,1,0.0013676999951712787,"[0, 3, 8, 11, 12, 18, 21, 23, 24, 25, 28, 31, 35, 38, 40, 43, 46, 49, 52]",53,54,False
line,57,57,71,1,94.73684210526316,18,100.0,20,2,0.0009911999804899096,"[0, 3, 8, 11, 12, 14, 18, 21, 23, 24, 25, 28, 31, 35, 37, 38, 40, 46, 49, 52]",43,44,False
line,58,57,71,1,94.73684210526316,18,100.0,19,1,0.0010204999707639217,"[0, 3, 8, 11, 12, 18, 21, 23, 24, 25, 28, 31, 35, 40, 43, 46, 49, 52, 56]",55,40,False
line,59,57,71,1,92.98245614035088,18,100.0,19,1,0.0012120999745093286,"[0, 3, 8, 11, 12, 18, 21, 23, 24, 25, 28, 31, 35, 38, 40, 43, 46, 49, 52]",55,41,False
line,60,57,71,1,92.98245614035088,18,100.0,19,1,0.0012505000340752304,"[0, 3, 8, 11, 12, 18, 21, 23, 24, 25, 28, 31, 35, 38, 40, 43, 46, 49, 52]",56,55,False
line,61,57,71,1,94.73684210526316,18,100.0,19,1,0.0015451000072062016,"[0, 3, 8, 11, 12, 18, 21, 23, 24, 25, 28, 31, 35, 38, 40, 43, 46, 49, 52]",37,48,False
line,62,57,71,1,92.98245614035088,18,100.0,19,1,0.0009190000128000975,"[0, 3, 8, 11, 12, 18, 21, 23, 24, 25, 28, 31, 35, 38, 40, 43, 46, 49, 52]",37,47,False
trafo,0,57,72,1,94.73684210526316,18,100.0,19,1,0.0007714999956078827,"[0, 3, 8, 11, 12, 18, 21, 23, 24, 25, 28, 31, 35, 38, 40, 43, 46, 49, 52]",17,3,False
trafo,1,57,72,1,94.73684210526316,18,100.0,19,1,0.000805000017862767,"[0, 3, 8, 11, 12, 18, 21, 23, 24, 25, 28, 31, 35, 38, 40, 43, 46, 49, 52]",17,3,False
trafo,2,57,71,1,92.98245614035088,18,100.0,19,1,0.0010523999808356166,"[0, 3, 8, 11, 12, 18, 21, 23, 24, 25, 28, 31, 35, 38, 40, 43, 46, 49, 52]",19,20,False
trafo,3,57,72,1,94.73684210526316,18,100.0,19,1,0.0007764999754726887,"[0, 3, 8, 11, 12, 18, 21, 23, 24, 25, 28, 31, 35, 38, 40, 43, 46, 49, 52]",24,23,False
trafo,4,57,72,1,94.73684210526316,18,100.0,19,1,0.0014751999988220632,"[0, 3, 8, 11, 12, 18, 21, 23, 24, 25, 28, 31, 35, 38, 40, 43, 46, 49, 52]",24,23,False
trafo,5,57,71,1,94.73684210526316,18,100.0,18,0,0.0015646999818272889,"[0, 3, 8, 11, 12, 18, 21, 24, 25, 28, 31, 35, 38, 40, 43, 46, 49, 52]",25,23,False
trafo,6,57,71,1,92.98245614035088,18,100.0,19,1,0.0007615999784320593,"[0, 3, 5, 8, 11, 12, 18, 21, 23, 24, 27, 31, 35, 38, 40, 43, 46, 49, 52]",28,6,False
trafo,7,57,71,1,94.73684210526316,18,100.0,20,2,0.001193300005979836,"[0, 3, 8, 11, 12, 18, 21, 23, 25, 28, 30, 31, 33, 35, 38, 40, 43, 46, 49, 52]",31,33,False
trafo,8,57,71,1,94.73684210526316,18,100.0,19,1,0.0007488999981433153,"[0, 3, 8, 11, 12, 18, 21, 23, 24, 25, 28, 31, 35, 38, 40, 43, 46, 49, 52]",40,10,False
trafo,9,57,71,1,92.98245614035088,18,100.0,19,1,0.001038899994455278,"[0, 3, 8, 11, 12, 18, 21, 23, 24, 25, 28, 31, 35, 38, 40, 43, 46, 49, 52]",44,14,False
trafo,10,57,72,1,94.73684210526316,18,100.0,19,1,0.0007608000305481255,"[0, 3, 8, 11, 12, 18, 21, 23, 24, 25, 28, 31, 35, 38, 40, 43, 46, 49, 52]",45,13,False
trafo,11,57,71,1,94.73684210526316,18,100.0,19,1,0.001198299985844642,"[0, 3, 8, 11, 12, 18, 21, 23, 24, 25, 28, 31, 35, 38, 40, 43, 46, 49, 52]",50,9,False
trafo,12,57,71,1,94.73684210526316,18,100.0,18,0,0.0007149999728426337,"[0, 3, 8, 11, 14, 19, 23, 24, 25, 28, 31, 35, 37, 38, 40, 45, 49, 52]",48,12,False
trafo,13,57,72,1,94.73684210526316,18,100.0,19,1,0.0007452999707311392,"[0, 3, 8, 11, 12, 18, 21, 23, 24, 25, 28, 31, 35, 38, 40, 43, 46, 49, 52]",42,10,False
trafo,14,57,72,1,94.73684210526316,18,100.0,19,1,0.0007460999768227339,"[0, 3, 8, 11, 12, 18, 21, 23, 24, 25, 28, 31, 35, 38, 40, 43, 46, 49, 52]",55,39,False
trafo,15,57,71,1,94.73684210526316,18,100.0,20,2,0.0009005999891087413,"[0, 3, 8, 11, 12, 18, 21, 23, 24, 25, 28, 31, 35, 36, 40, 43, 46, 49, 52, 55]",56,38,False
trafo,16,57,71,1,92.98245614035088,18,100.0,19,1,0.0008367000264115632,"[0, 3, 5, 11, 12, 18, 21, 23, 24, 25, 28, 31, 35, 38, 40, 43, 46, 50, 53]",54,8,False
line,0,57,71,1,92.98245614035088,18,100.0,20,2,0.000768599973525852,"[0, 1, 3, 5, 8, 10, 12, 19, 23, 24, 27, 31, 34, 36, 37, 43, 45, 49, 52, 55]",0,1,False
line,1,57,71,1,94.73684210526316,18,100.0,19,1,0.0008151999791152775,"[0, 3, 5, 8, 10, 12, 19, 23, 24, 27, 31, 34, 36, 37, 43, 45, 49, 52, 55]",1,2,False
line,2,57,71,1,94.73684210526316,18,100.0,20,2,0.0007745999610051513,"[0, 1, 3, 5, 8, 10, 12, 19, 23, 24, 27, 31, 34, 36, 37, 43, 45, 49, 52, 55]",2,3,False
line,3,57,71,1,92.98245614035088,18,100.0,19,1,0.0011811000294983387,"[0, 3, 5, 8, 10, 12, 19, 23, 24, 27, 31, 34, 36, 37, 43, 45, 49, 52, 55]",3,4,False
line,4,57,71,1,92.98245614035088,18,100.0,19,1,0.0013528999988920987,"[0, 3, 6, 8, 10, 12, 19, 23, 24, 27, 31, 34, 36, 37, 43, 45, 50, 52, 55]",3,5,False
line,5,57,71,1,94.73684210526316,18,100.0,19,1,0.0012452999944798648,"[0, 3, 6, 8, 10, 12, 19, 23, 24, 27, 31, 34, 36, 37, 43, 45, 49, 52, 55]",5,6,False
line,6,57,72,1,94.73684210526316,18,100.0,19,1,0.0008595999679528177,"[0, 3, 5, 8, 10, 12, 19, 23, 24, 27, 31, 34, 36, 37, 43, 45, 49, 52, 55]",5,7,False
line,7,57,71,1,92.98245614035088,18,100.0,19,1,0.0007434000144712627,"[0, 3, 6, 8, 10, 12, 19, 23, 24, 27, 31, 34, 36, 37, 43, 45, 50, 52, 55]",7,8,False
line,8,57,71,1,92.98245614035088,18,100.0,19,1,0.0008147000335156918,"[0, 3, 6, 8, 10, 12, 19, 23, 24, 27, 31, 34, 36, 37, 43, 45, 50, 52, 55]",8,9,False
line,9,57,71,1,94.73684210526316,18,100.0,19,1,0.0007183999987319112,"[0, 3, 5, 8, 10, 12, 19, 23, 24, 27, 31, 34, 36, 37, 43, 45, 49, 52, 55]",8,10,False
line,10,57,72,1,94.73684210526316,18,100.0,19,1,0.0007518999627791345,"[0, 3, 5, 8, 10, 12, 19, 23, 24, 27, 31, 34, 36, 37, 43, 45, 49, 52, 55]",8,11,False
line,11,57,71,1,94.73684210526316,18,100.0,19,1,0.0008126000175252557,"[0, 3, 5, 8, 10, 12, 19, 23, 24, 27, 31, 34, 36, 37, 43, 45, 49, 52, 55]",8,12,False
line,12,57,71,1,94.73684210526316,18,100.0,19,1,0.0015286999987438321,"[0, 3, 5, 8, 9, 10, 19, 23, 24, 27, 31, 34, 36, 37, 43, 45, 49, 52, 55]",12,13,False
line,13,57,71,1,94.73684210526316,18,100.0,19,1,0.0007426999509334564,"[0, 3, 5, 8, 10, 12, 19, 23, 24, 27, 31, 34, 36, 37, 43, 45, 49, 52, 55]",12,14,False
line,14,57,71,1,94.73684210526316,18,100.0,19,1,0.0008366000256501138,"[0, 3, 5, 8, 10, 12, 19, 23, 24, 27, 31, 34, 36, 37, 43, 45, 49, 52, 55]",0,14,False
line,15,57,71,1,92.98245614035088,18,100.0,20,2,0.001731499971356243,"[0, 3, 5, 8, 10, 11, 12, 19, 23, 24, 27, 31, 34, 36, 37, 43, 45, 49, 52, 55]",0,15,False
line,16,57,71,1,92.98245614035088,18,100.0,20,2,0.0014542999560944736,"[0, 3, 5, 8, 10, 11, 12, 19, 23, 24, 27, 31, 34, 36, 37, 43, 45, 49, 52, 55]",0,16,False
line,17,57,71,1,94.73684210526316,18,100.0,19,1,0.0015943000325933099,"[0, 3, 5, 8, 10, 12, 19, 23, 24, 27, 31, 34, 36, 37, 43, 45, 49, 52, 55]",2,14,False
line,18,57,71,1,94.73684210526316,18,100.0,19,1,0.0009193000150844455,"[0, 3, 5, 8, 10, 12, 19, 23, 24, 27, 31, 34, 36, 37, 43, 45, 49, 52, 55]",4,5,False
line,19,57,71,1,94.73684210526316,18,100.0,19,1,0.0007488999981433153,"[0, 3, 5, 8, 10, 12, 19, 23, 24, 27, 31, 34, 36, 37, 43, 45, 49, 52, 55]",6,7,False
line,20,57,71,1,94.73684210526316,18,100.0,19,1,0.0008283999632112682,"[0, 3, 5, 8, 10, 12, 19, 23, 24, 27, 31, 34, 36, 37, 43, 45, 49, 52, 55]",9,11,False
line,21,57,71,1,94.73684210526316,18,100.0,19,1,0.0022669999743811786,"[0, 3, 5, 8, 10, 12, 19, 23, 24, 27, 31, 34, 36, 37, 43, 45, 49, 52, 55]",10,12,False
line,22,57,71,1,94.73684210526316,18,100.0,19,1,0.0007926999824121594,"[0, 3, 5, 8, 9, 10, 19, 23, 24, 27, 31, 34, 36, 37, 43, 45, 49, 52, 55]",11,12,False
line,23,57,71,1,94.73684210526316,18,100.0,19,1,0.0012724000262096524,"[0, 3, 5, 8, 10, 12, 19, 23, 24, 27, 31, 34, 36, 37, 43, 45, 49, 52, 55]",11,15,False
line,24,57,71,1,94.73684210526316,18,100.0,19,1,0.0015959999873302877,"[0, 3, 5, 8, 10, 12, 19, 23, 24, 27, 31, 34, 36, 37, 43, 45, 49, 52, 55]",11,16,False
line,25,57,71,1,94.73684210526316,18,100.0,19,1,0.001782100007403642,"[0, 3, 5, 8, 10, 12, 19, 23, 24, 27, 31, 34, 36, 37, 43, 45, 49, 52, 55]",13,14,False
line,26,57,71,1,94.73684210526316,18,100.0,19,1,0.0011130999773740768,"[0, 3, 5, 8, 10, 12, 19, 23, 24, 27, 31, 34, 36, 37, 43, 45, 49, 52, 55]",17,18,False
line,27,57,71,1,92.98245614035088,18,100.0,20,2,0.0007955000037327409,"[0, 3, 5, 8, 10, 12, 17, 19, 23, 24, 27, 31, 34, 36, 37, 43, 45, 49, 52, 55]",18,19,False
line,28,57,71,1,94.73684210526316,18,100.0,19,1,0.0017781999777071178,"[0, 3, 5, 8, 10, 12, 19, 23, 24, 27, 31, 34, 36, 37, 43, 45, 49, 52, 55]",20,21,False
line,29,57,71,1,94.73684210526316,18,100.0,19,1,0.0013711999636143446,"[0, 3, 5, 8, 10, 12, 19, 23, 24, 27, 31, 34, 36, 37, 43, 45, 49, 52, 55]",21,22,False
line,30,57,71,1,92.98245614035088,18,100.0,20,2,0.0018769000307656825,"[0, 3, 5, 8, 10, 12, 19, 21, 23, 24, 27, 31, 34, 36, 37, 43, 45, 49, 52, 55]",22,23,False
line,31,57,71,1,92.98245614035088,18,100.0,19,1,0.0008657000144012272,"[0, 3, 5, 8, 10, 12, 19, 23, 24, 27, 31, 34, 36, 37, 43, 45, 49, 52, 55]",25,26,False
line,32,57,71,1,94.73684210526316,18,100.0,20,2,0.0015938999713398516,"[0, 3, 5, 8, 10, 12, 19, 23, 24, 25, 28, 31, 34, 36, 37, 43, 45, 49, 52, 55]",26,27,False
line,33,57,71,1,92.98245614035088,18,100.0,20,2,0.0007898000185377896,"[0, 3, 5, 8, 10, 12, 19, 23, 24, 26, 31, 34, 36, 37, 43, 45, 49, 51, 52, 55]",27,28,False
line,34,57,71,1,92.98245614035088,18,100.0,19,1,0.0010643000132404268,"[0, 3, 5, 8, 10, 12, 19, 23, 27, 29, 31, 34, 36, 37, 43, 45, 49, 52, 55]",24,29,False
line,35,57,71,1,94.73684210526316,18,100.0,19,1,0.001178500009700656,"[0, 3, 5, 8, 10, 12, 19, 23, 24, 27, 31, 34, 36, 37, 43, 45, 49, 52, 55]",29,30,False
line,36,57,71,1,92.98245614035088,18,100.0,19,1,0.001251000037882477,"[0, 3, 5, 8, 10, 12, 19, 23, 27, 29, 31, 34, 36, 37, 43, 45, 49, 52, 55]",30,31,False
line,37,57,71,2,92.98245614035088,18,100.0,19,1,0.0007398999878205359,"[0, 3, 5, 8, 10, 12, 19, 23, 27, 30, 32, 34, 36, 37, 43, 45, 49, 52, 55]",31,32,False
line,38,57,71,1,94.73684210526316,18,100.0,19,1,0.0007864999934099615,"[0, 3, 5, 8, 10, 12, 19, 23, 24, 27, 31, 34, 36, 37, 43, 45, 49, 52, 55]",33,34,False
line,39,57,71,1,94.73684210526316,18,100.0,19,1,0.001271700020879507,"[0, 3, 5, 8, 10, 12, 19, 23, 24, 27, 31, 33, 36, 37, 43, 45, 49, 52, 55]",34,35,False
line,40,57,71,1,94.73684210526316,18,100.0,19,1,0.0007766999769955873,"[0, 3, 5, 8, 10, 12, 19, 23, 24, 27, 31, 34, 36, 37, 43, 45, 49, 52, 55]",35,36,False
line,41,57,71,1,94.73684210526316,18,100.0,19,1,0.0007687999750487506,"[0, 3, 5, 8, 10, 12, 18, 21, 23, 24, 27, 31, 35, 36, 43, 46, 49, 52, 55]",36,37,False
line,42,57,71,2,92.98245614035088,18,100.0,19,1,0.0007755000260658562,"[0, 3, 5, 8, 10, 12, 19, 23, 24, 27, 31, 34, 37, 38, 43, 45, 49, 52, 55]",36,38,False
line,43,57,71,1,94.73684210526316,18,100.0,19,1,0.0014321000198833644,"[0, 3, 5, 8, 10, 12, 19, 23, 24, 27, 31, 34, 36, 37, 43, 45, 49, 52, 55]",35,39,False
line,44,57,71,1,92.98245614035088,18,100.0,19,1,0.000860600033774972,"[0, 3, 5, 8, 10, 12, 19, 20, 23, 24, 27, 31, 33, 36, 43, 46, 49, 52, 55]",21,37,False
line,45,57,71,1,94.73684210526316,18,100.0,19,1,0.00119859998812899,"[0, 3, 5, 8, 10, 12, 19, 23, 24, 27, 31, 34, 36, 37, 43, 45, 49, 52, 55]",40,41,False
line,46,57,71,1,94.73684210526316,18,100.0,19,1,0.0015450000064447522,"[0, 3, 5, 8, 10, 12, 19, 23, 24, 27, 31, 34, 36, 37, 43, 45, 49, 52, 55]",40,42,False
line,47,57,71,2,92.98245614035088,18,100.0,19,1,0.0008941999985836446,"[0, 3, 5, 8, 10, 12, 18, 21, 23, 24, 27, 31, 35, 36, 43, 46, 49, 52, 55]",37,43,False
line,48,57,71,1,92.98245614035088,18,100.0,20,2,0.0010381999891251326,"[0, 3, 5, 8, 10, 12, 13, 19, 23, 24, 27, 31, 34, 36, 37, 43, 46, 49, 52, 55]",45,46,False
line,49,57,71,1,94.73684210526316,18,100.0,19,1,0.0010814000270329416,"[0, 3, 5, 8, 10, 12, 19, 23, 24, 27, 31, 34, 36, 37, 43, 45, 49, 52, 55]",46,47,False
line,50,57,71,1,94.73684210526316,18,100.0,19,1,0.0007669000187888741,"[0, 3, 5, 8, 10, 12, 19, 23, 24, 27, 31, 34, 36, 37, 43, 45, 49, 52, 55]",47,48,False
line,51,57,71,1,92.98245614035088,18,100.0,19,1,0.0007779000443406403,"[0, 3, 5, 8, 10, 12, 19, 23, 24, 27, 31, 34, 36, 37, 43, 45, 49, 52, 55]",48,49,False
line,52,57,71,1,92.98245614035088,18,100.0,20,2,0.0007924999808892608,"[0, 3, 5, 8, 9, 10, 12, 19, 23, 24, 27, 31, 34, 36, 37, 43, 45, 48, 52, 55]",49,50,False
line,53,57,71,1,94.73684210526316,18,100.0,19,1,0.0010099000064656138,"[0, 3, 5, 8, 10, 12, 19, 23, 24, 27, 31, 34, 36, 37, 43, 45, 49, 52, 55]",28,51,False
line,54,57,71,1,94.73684210526316,18,100.0,20,2,0.0008988000336103141,"[0, 3, 5, 8, 10, 12, 19, 23, 24, 27, 28, 31, 34, 36, 37, 43, 45, 49, 52, 55]",51,52,False
line,55,57,71,1,92.98245614035088,18,100.0,20,2,0.0014397000195458531,"[0, 3, 5, 8, 10, 12, 19, 23, 24, 27, 31, 34, 36, 37, 43, 45, 49, 51, 53, 55]",52,53,False
line,56,57,71,1,94.73684210526316,18,100.0,19,1,0.0012063999893143773,"[0, 3, 5, 8, 10, 12, 19, 23, 24, 27, 31, 34, 36, 37, 43, 45, 49, 52, 55]",53,54,False
line,57,57,71,2,94.73684210526316,18,100.0,19,1,0.001416000013705343,"[0, 3, 5, 8, 10, 12, 19, 23, 24, 27, 31, 34, 36, 37, 44, 45, 49, 52, 55]",43,44,False
line,58,57,71,1,94.73684210526316,18,100.0,19,1,0.0011565000168047845,"[0, 3, 5, 8, 10, 12, 19, 23, 24, 27, 31, 34, 36, 37, 43, 45, 49, 52, 55]",55,40,False
line,59,57,71,1,92.98245614035088,18,100.0,19,1,0.0008859000517986715,"[0, 3, 5, 8, 12, 19, 23, 24, 27, 31, 35, 36, 37, 40, 43, 45, 49, 52, 55]",55,41,False
line,60,57,71,2,92.98245614035088,18,100.0,19,1,0.001290300046093762,"[0, 3, 5, 8, 12, 19, 23, 24, 27, 31, 35, 36, 37, 40, 43, 45, 49, 52, 56]",56,55,False
line,61,57,72,1,94.73684210526316,18,100.0,19,1,0.0018229999695904553,"[0, 3, 5, 8, 10, 12, 19, 23, 24, 27, 31, 34, 36, 37, 43, 45, 49, 52, 55]",37,48,False
line,62,57,71,1,92.98245614035088,18,100.0,19,1,0.0016436000005342066,"[0, 3, 5, 8, 10, 12, 18, 21, 23, 24, 27, 31, 35, 36, 43, 46, 49, 52, 55]",37,47,False
trafo,0,57,72,1,94.73684210526316,18,100.0,19,1,0.001352999999653548,"[0, 3, 5, 8, 10, 12, 19, 23, 24, 27, 31, 34, 36, 37, 43, 45, 49, 52, 55]",17,3,False
trafo,1,57,72,1,94.73684210526316,18,100.0,19,1,0.0007376999710686505,"[0, 3, 5, 8, 10, 12, 19, 23, 24, 27, 31, 34, 36, 37, 43, 45, 49, 52, 55]",17,3,False
trafo,2,57,71,1,92.98245614035088,18,100.0,20,2,0.0008125000167638063,"[0, 3, 5, 8, 10, 12, 18, 20, 23, 24, 27, 31, 34, 36, 37, 43, 45, 49, 52, 55]",19,20,False
trafo,3,57,72,1,94.73684210526316,18,100.0,19,1,0.0007454000297002494,"[0, 3, 5, 8, 10, 12, 19, 23, 24, 27, 31, 34, 36, 37, 43, 45, 49, 52, 55]",24,23,False
trafo,4,57,72,1,94.73684210526316,18,100.0,19,1,0.0007786999922245741,"[0, 3, 5, 8, 10, 12, 19, 23, 24, 27, 31, 34, 36, 37, 43, 45, 49, 52, 55]",24,23,False
trafo,5,57,71,1,94.73684210526316,18,100.0,20,2,0.0009965000208467245,"[0, 3, 5, 8, 10, 12, 19, 23, 24, 26, 31, 34, 36, 37, 43, 45, 49, 51, 52, 55]",25,23,False
trafo,6,57,72,1,94.73684210526316,18,100.0,19,1,0.0007369000231847167,"[0, 3, 5, 8, 10, 12, 19, 23, 24, 27, 31, 34, 36, 37, 43, 45, 49, 52, 55]",28,6,False
trafo,7,57,71,1,94.73684210526316,18,100.0,19,1,0.001041000010445714,"[0, 3, 5, 8, 10, 12, 19, 23, 27, 30, 31, 34, 36, 37, 43, 45, 49, 52, 55]",31,33,False
trafo,8,57,71,1,94.73684210526316,18,100.0,19,1,0.0008092999923974276,"[0, 3, 5, 8, 10, 12, 19, 23, 24, 27, 31, 34, 36, 37, 43, 45, 49, 52, 55]",40,10,False
trafo,9,57,72,1,94.73684210526316,18,100.0,19,1,0.000728400016669184,"[0, 3, 5, 8, 10, 12, 19, 23, 24, 27, 31, 34, 36, 37, 43, 45, 49, 52, 55]",44,14,False
trafo,10,57,71,1,94.73684210526316,18,100.0,19,1,0.0007457000319845974,"[0, 3, 5, 8, 10, 12, 19, 23, 24, 27, 31, 34, 36, 37, 43, 45, 49, 52, 55]",45,13,False
trafo,11,57,71,1,94.73684210526316,18,100.0,19,1,0.0007662999560125172,"[0, 3, 5, 8, 10, 12, 19, 23, 24, 27, 31, 34, 36, 37, 43, 45, 49, 52, 55]",50,9,False
trafo,12,57,71,1,94.73684210526316,18,100.0,19,1,0.0010325000039301813,"[0, 3, 5, 8, 9, 10, 19, 23, 24, 27, 31, 34, 36, 37, 43, 45, 49, 52, 55]",48,12,False
trafo,13,57,71,1,92.98245614035088,18,100.0,19,1,0.0007180000538937747,"[0, 3, 5, 8, 12, 19, 23, 24, 27, 31, 34, 36, 37, 40, 43, 45, 49, 52, 55]",42,10,False
trafo,14,57,71,1,92.98245614035088,18,100.0,19,1,0.0007177999941632152,"[0, 3, 5, 8, 12, 19, 23, 24, 27, 31, 35, 36, 37, 40, 43, 45, 49, 52, 55]",55,39,False
trafo,15,57,72,1,94.73684210526316,18,100.0,19,1,0.0008167999912984669,"[0, 3, 5, 8, 10, 12, 19, 23, 24, 27, 31, 34, 36, 37, 43, 45, 49, 52, 55]",56,38,False
trafo,16,57,71,1,92.98245614035088,18,100.0,19,1,0.0008302999776788056,"[0, 3, 6, 10, 12, 19, 23, 24, 27, 31, 34, 36, 37, 43, 45, 50, 52, 53, 55]",54,8,False
line,0,57,75,1,96.49122807017544,18,100.0,20,2,0.0007821000181138515,"[0, 1, 3, 8, 9, 10, 14, 19, 23, 24, 25, 28, 31, 34, 36, 37, 45, 48, 52, 55]",0,1,False
line,1,57,75,1,98.24561403508773,18,100.0,19,1,0.0007350000087171793,"[0, 3, 8, 9, 10, 14, 19, 23, 24, 25, 28, 31, 34, 36, 37, 45, 48, 52, 55]",1,2,False
line,2,57,75,1,98.24561403508773,18,100.0,19,1,0.000762699986808002,"[0, 3, 8, 9, 10, 14, 19, 23, 24, 25, 28, 31, 34, 36, 37, 45, 48, 52, 55]",2,3,False
line,3,57,75,1,96.49122807017544,18,100.0,20,2,0.0007562999962829053,"[0, 3, 4, 8, 9, 10, 14, 19, 23, 24, 25, 28, 31, 34, 36, 37, 45, 48, 52, 55]",3,4,False
line,4,57,75,1,96.49122807017544,18,100.0,20,2,0.0007989000296220183,"[0, 3, 4, 8, 9, 10, 14, 19, 23, 24, 25, 28, 31, 34, 36, 37, 45, 48, 52, 55]",3,5,False
line,5,57,75,1,98.24561403508773,18,100.0,19,1,0.0007386999786831439,"[0, 3, 8, 9, 10, 14, 19, 23, 24, 25, 28, 31, 34, 36, 37, 45, 48, 52, 55]",5,6,False
line,6,57,75,1,98.24561403508773,18,100.0,19,1,0.0007294999668374658,"[0, 3, 8, 9, 10, 14, 19, 23, 24, 25, 28, 31, 34, 36, 37, 45, 48, 52, 55]",5,7,False
line,7,57,75,1,96.49122807017544,18,100.0,19,1,0.0007385999779216945,"[0, 3, 5, 10, 12, 14, 19, 23, 24, 25, 28, 31, 34, 36, 37, 45, 50, 53, 55]",7,8,False
line,8,57,75,1,96.49122807017544,18,100.0,19,1,0.0009613999864086509,"[0, 3, 5, 10, 12, 14, 19, 23, 24, 25, 28, 31, 34, 36, 37, 45, 50, 53, 55]",8,9,False
line,9,57,75,1,98.24561403508773,18,100.0,19,1,0.0014767000102438033,"[0, 3, 8, 10, 12, 14, 19, 23, 24, 25, 28, 31, 34, 36, 37, 45, 49, 52, 55]",8,10,False
line,10,57,76,1,98.24561403508773,18,100.0,19,1,0.00078219996066764,"[0, 3, 8, 9, 10, 14, 19, 23, 24, 25, 28, 31, 34, 36, 37, 45, 48, 52, 55]",8,11,False
line,11,57,75,1,98.24561403508773,18,100.0,18,0,0.0006913000252097845,"[0, 5, 8, 9, 14, 18, 19, 23, 24, 27, 31, 35, 37, 38, 40, 45, 48, 52]",8,12,False
line,12,57,75,1,98.24561403508773,18,100.0,19,1,0.0007312999805435538,"[0, 3, 8, 9, 10, 14, 19, 23, 24, 25, 28, 31, 34, 36, 37, 45, 48, 52, 55]",12,13,False
line,13,57,75,1,98.24561403508773,18,100.0,19,1,0.0011306999949738383,"[0, 3, 8, 9, 10, 14, 19, 23, 24, 25, 28, 31, 34, 36, 37, 45, 48, 52, 55]",12,14,False
line,14,57,75,1,98.24561403508773,18,100.0,19,1,0.0008342000073753297,"[0, 3, 8, 10, 12, 14, 19, 23, 24, 25, 28, 31, 34, 36, 37, 45, 49, 52, 55]",0,14,False
line,15,57,75,1,96.49122807017544,18,100.0,20,2,0.000762099982239306,"[0, 3, 8, 9, 10, 11, 14, 19, 23, 24, 25, 28, 31, 34, 36, 37, 45, 48, 52, 55]",0,15,False
line,16,57,75,1,96.49122807017544,18,100.0,20,2,0.0007628999883309007,"[0, 3, 8, 9, 10, 11, 14, 19, 23, 24, 25, 28, 31, 34, 36, 37, 45, 48, 52, 55]",0,16,False
line,17,57,75,1,98.24561403508773,18,100.0,19,1,0.0007269000052474439,"[0, 3, 8, 9, 10, 14, 19, 23, 24, 25, 28, 31, 34, 36, 37, 45, 48, 52, 55]",2,14,False
line,18,57,75,1,98.24561403508773,18,100.0,19,1,0.0008634999976493418,"[0, 3, 8, 9, 10, 14, 19, 23, 24, 25, 28, 31, 34, 36, 37, 45, 48, 52, 55]",4,5,False
line,19,57,75,1,98.24561403508773,18,100.0,19,1,0.0007238999824039638,"[0, 3, 8, 9, 10, 14, 19, 23, 24, 25, 28, 31, 34, 36, 37, 45, 48, 52, 55]",6,7,False
line,20,57,75,1,98.24561403508773,18,100.0,19,1,0.000720999960321933,"[0, 3, 8, 10, 11, 14, 19, 23, 24, 25, 28, 31, 34, 36, 37, 45, 49, 52, 55]",9,11,False
line,21,57,75,1,98.24561403508773,18,100.0,19,1,0.0008643000037409365,"[0, 3, 8, 9, 10, 14, 19, 23, 24, 25, 28, 31, 34, 36, 37, 45, 48, 52, 55]",10,12,False
line,22,57,75,1,98.24561403508773,18,100.0,19,1,0.0007260999991558492,"[0, 3, 8, 9, 10, 14, 19, 23, 24, 25, 28, 31, 34, 36, 37, 45, 48, 52, 55]",11,12,False
line,23,57,75,1,98.24561403508773,18,100.0,19,1,0.001579499978106469,"[0, 3, 8, 9, 10, 14, 19, 23, 24, 25, 28, 31, 34, 36, 37, 45, 48, 52, 55]",11,15,False
line,24,57,75,1,98.24561403508773,18,100.0,19,1,0.0007542999810539186,"[0, 3, 8, 9, 10, 14, 19, 23, 24, 25, 28, 31, 34, 36, 37, 45, 48, 52, 55]",11,16,False
line,25,57,75,1,98.24561403508773,18,100.0,19,1,0.0007256999961100519,"[0, 3, 8, 9, 10, 14, 19, 23, 24, 25, 28, 31, 34, 36, 37, 45, 48, 52, 55]",13,14,False
line,26,57,75,1,98.24561403508773,18,100.0,19,1,0.0012327000149525702,"[0, 3, 8, 9, 10, 14, 19, 23, 24, 25, 28, 31, 34, 36, 37, 45, 48, 52, 55]",17,18,False
line,27,57,75,1,96.49122807017544,18,100.0,20,2,0.0008248999947682023,"[0, 3, 8, 9, 10, 14, 17, 19, 23, 24, 25, 28, 31, 34, 36, 37, 45, 48, 52, 55]",18,19,False
line,28,57,75,1,98.24561403508773,18,100.0,19,1,0.0018297999631613493,"[0, 3, 8, 9, 10, 14, 19, 23, 24, 25, 28, 31, 34, 36, 37, 45, 48, 52, 55]",20,21,False
line,29,57,75,1,98.24561403508773,18,100.0,19,1,0.000748799997381866,"[0, 3, 8, 9, 10, 14, 19, 23, 24, 25, 28, 31, 34, 36, 37, 45, 48, 52, 55]",21,22,False
line,30,57,75,1,96.49122807017544,18,100.0,20,2,0.0017395000322721899,"[0, 3, 8, 9, 10, 14, 19, 21, 23, 24, 25, 28, 31, 34, 36, 37, 45, 48, 52, 55]",22,23,False
line,31,57,75,1,96.49122807017544,18,100.0,19,1,0.0007550999871455133,"[0, 3, 8, 9, 10, 14, 19, 23, 24, 26, 28, 31, 34, 36, 37, 45, 48, 52, 55]",25,26,False
line,32,57,75,1,98.24561403508773,18,100.0,19,1,0.0007481000502593815,"[0, 3, 8, 9, 10, 14, 19, 23, 24, 25, 28, 31, 34, 36, 37, 45, 48, 52, 55]",26,27,False
line,33,57,75,1,96.49122807017544,18,100.0,19,1,0.0007532999734394252,"[0, 3, 8, 9, 10, 14, 19, 23, 24, 26, 28, 31, 34, 36, 37, 45, 48, 52, 55]",27,28,False
line,34,57,75,1,96.49122807017544,18,100.0,19,1,0.0013682999997399747,"[0, 3, 8, 9, 10, 14, 19, 23, 25, 28, 29, 31, 34, 36, 37, 45, 48, 52, 55]",24,29,False
line,35,57,75,1,98.24561403508773,18,100.0,19,1,0.0008565000025555491,"[0, 3, 8, 9, 10, 14, 19, 23, 24, 25, 28, 31, 34, 36, 37, 45, 48, 52, 55]",29,30,False
line,36,57,75,1,96.49122807017544,18,100.0,19,1,0.001367799995932728,"[0, 3, 8, 9, 10, 14, 19, 23, 25, 28, 29, 31, 34, 36, 37, 45, 48, 52, 55]",30,31,False
line,37,57,75,2,96.49122807017544,18,100.0,19,1,0.0007625999860465527,"[0, 3, 8, 9, 10, 14, 19, 23, 25, 28, 30, 32, 34, 36, 37, 45, 48, 52, 55]",31,32,False
line,38,57,75,1,98.24561403508773,18,100.0,19,1,0.0016091999714262784,"[0, 3, 8, 9, 10, 14, 19, 23, 24, 25, 28, 31, 34, 36, 37, 45, 48, 52, 55]",33,34,False
line,39,57,75,1,98.24561403508773,18,100.0,19,1,0.0021130999666638672,"[0, 3, 8, 9, 10, 14, 19, 23, 24, 25, 28, 31, 33, 36, 37, 45, 48, 52, 55]",34,35,False
line,40,57,75,1,98.24561403508773,18,100.0,19,1,0.0007544999825768173,"[0, 3, 8, 9, 10, 14, 19, 23, 24, 25, 28, 31, 34, 36, 37, 45, 48, 52, 55]",35,36,False
line,41,57,75,1,98.24561403508773,18,100.0,19,1,0.0012302999966777861,"[0, 3, 8, 9, 10, 14, 19, 23, 24, 25, 28, 31, 35, 36, 37, 45, 48, 52, 55]",36,37,False
line,42,57,75,1,96.49122807017544,18,100.0,19,1,0.0009973000269383192,"[0, 3, 8, 9, 10, 14, 19, 23, 24, 25, 28, 31, 34, 37, 38, 45, 48, 52, 55]",36,38,False
line,43,57,75,1,98.24561403508773,18,100.0,19,1,0.0007554999901913106,"[0, 3, 8, 9, 10, 14, 19, 23, 24, 25, 28, 31, 34, 36, 37, 45, 48, 52, 55]",35,39,False
line,44,57,75,1,96.49122807017544,18,100.0,20,2,0.0007764000329189003,"[0, 3, 8, 9, 10, 14, 19, 20, 23, 24, 25, 28, 31, 34, 36, 37, 45, 48, 52, 55]",21,37,False
line,45,57,75,1,98.24561403508773,18,100.0,19,1,0.0007459000335074961,"[0, 3, 8, 9, 10, 14, 19, 23, 24, 25, 28, 31, 34, 36, 37, 45, 48, 52, 55]",40,41,False
line,46,57,75,1,98.24561403508773,18,100.0,19,1,0.0020131999626755714,"[0, 3, 8, 9, 10, 14, 19, 23, 24, 25, 28, 31, 34, 36, 37, 45, 48, 52, 55]",40,42,False
line,47,57,75,1,96.49122807017544,18,100.0,19,1,0.0009409000049345195,"[0, 3, 8, 9, 10, 19, 23, 24, 25, 28, 31, 34, 36, 37, 43, 45, 48, 52, 55]",37,43,False
line,48,57,75,1,96.49122807017544,18,100.0,20,2,0.001915500033646822,"[0, 3, 8, 9, 10, 13, 14, 19, 23, 24, 25, 28, 31, 34, 36, 37, 46, 48, 52, 55]",45,46,False
line,49,57,75,1,98.24561403508773,18,100.0,19,1,0.0007938999915495515,"[0, 3, 8, 9, 10, 14, 19, 23, 24, 25, 28, 31, 34, 36, 37, 45, 48, 52, 55]",46,47,False
line,50,57,75,1,98.24561403508773,18,100.0,19,1,0.0015777000226080418,"[0, 3, 8, 9, 10, 14, 19, 23, 24, 25, 28, 31, 34, 36, 37, 45, 48, 52, 55]",47,48,False
line,51,57,75,1,98.24561403508773,18,100.0,19,1,0.001290900050662458,"[0, 3, 8, 9, 10, 14, 19, 23, 24, 25, 28, 31, 34, 36, 37, 45, 49, 52, 55]",48,49,False
line,52,57,75,1,96.49122807017544,18,100.0,19,1,0.0009006999898701906,"[0, 3, 8, 9, 10, 14, 19, 23, 24, 25, 28, 31, 34, 36, 37, 45, 48, 52, 55]",49,50,False
line,53,57,75,1,98.24561403508773,18,100.0,19,1,0.0007743000169284642,"[0, 3, 5, 8, 9, 10, 14, 19, 23, 24, 27, 31, 34, 36, 37, 45, 48, 52, 55]",28,51,False
line,54,57,75,1,98.24561403508773,18,100.0,19,1,0.0007715999963693321,"[0, 3, 8, 9, 10, 14, 19, 23, 24, 25, 28, 31, 34, 36, 37, 45, 48, 52, 55]",51,52,False
line,55,57,75,1,96.49122807017544,18,100.0,20,2,0.0008940999978221953,"[0, 3, 8, 9, 10, 14, 19, 23, 24, 25, 28, 31, 34, 36, 37, 45, 48, 51, 53, 55]",52,53,False
line,56,57,75,1,98.24561403508773,18,100.0,19,1,0.0008475999929942191,"[0, 3, 8, 9, 10, 14, 19, 23, 24, 25, 28, 31, 34, 36, 37, 45, 48, 52, 55]",53,54,False
line,57,57,75,1,98.24561403508773,18,100.0,19,1,0.0008926999871619046,"[0, 3, 8, 9, 10, 14, 19, 23, 24, 25, 28, 31, 34, 36, 37, 45, 48, 52, 55]",43,44,False
line,58,57,75,1,98.24561403508773,18,100.0,19,1,0.0008294000290334225,"[0, 3, 8, 9, 10, 14, 19, 23, 24, 25, 28, 31, 34, 36, 37, 45, 48, 52, 55]",55,40,False
line,59,57,75,1,96.49122807017544,18,100.0,18,0,0.0009430000209249556,"[0, 3, 8, 9, 14, 19, 23, 24, 25, 28, 31, 35, 37, 38, 40, 45, 48, 52]",55,41,False
line,60,57,75,1,96.49122807017544,18,100.0,18,0,0.0009015999967232347,"[0, 3, 8, 9, 14, 19, 23, 24, 25, 28, 31, 35, 37, 38, 40, 45, 48, 52]",56,55,False
line,61,57,75,1,98.24561403508773,18,100.0,19,1,0.0007492000004276633,"[0, 3, 8, 9, 10, 14, 19, 23, 24, 25, 28, 31, 34, 36, 37, 45, 49, 52, 55]",37,48,False
line,62,57,75,1,96.49122807017544,18,100.0,19,1,0.0008796000038273633,"[0, 3, 8, 9, 10, 14, 19, 23, 24, 25, 28, 31, 34, 36, 37, 45, 48, 52, 55]",37,47,False
trafo,0,57,76,1,98.24561403508773,18,100.0,19,1,0.0008630999946035445,"[0, 3, 8, 9, 10, 14, 19, 23, 24, 25, 28, 31, 34, 36, 37, 45, 48, 52, 55]",17,3,False
trafo,1,57,76,1,98.24561403508773,18,100.0,19,1,0.0008282000198960304,"[0, 3, 8, 9, 10, 14, 19, 23, 24, 25, 28, 31, 34, 36, 37, 45, 48, 52, 55]",17,3,False
trafo,2,57,75,1,96.49122807017544,18,100.0,20,2,0.0009789999458007514,"[0, 3, 8, 9, 10, 14, 18, 20, 23, 24, 25, 28, 31, 34, 36, 37, 45, 48, 52, 55]",19,20,False
trafo,3,57,76,1,98.24561403508773,18,100.0,19,1,0.0008274000138044357,"[0, 3, 8, 9, 10, 14, 19, 23, 24, 25, 28, 31, 34, 36, 37, 45, 48, 52, 55]",24,23,False
trafo,4,57,76,1,98.24561403508773,18,100.0,19,1,0.0007463999791070819,"[0, 3, 8, 9, 10, 14, 19, 23, 24, 25, 28, 31, 34, 36, 37, 45, 48, 52, 55]",24,23,False
trafo,5,57,75,1,98.24561403508773,18,100.0,19,1,0.002376299991738051,"[0, 3, 8, 9, 10, 14, 19, 23, 24, 25, 28, 31, 34, 36, 37, 45, 48, 52, 55]",25,23,False
trafo,6,57,75,1,96.49122807017544,18,100.0,19,1,0.001574800000526011,"[0, 3, 5, 8, 9, 10, 14, 19, 23, 24, 27, 31, 34, 36, 37, 45, 48, 52, 55]",28,6,False
trafo,7,57,75,1,98.24561403508773,18,100.0,19,1,0.000806800031568855,"[0, 3, 8, 9, 10, 14, 19, 23, 25, 28, 30, 31, 34, 36, 37, 45, 48, 52, 55]",31,33,False
trafo,8,57,75,1,98.24561403508773,18,100.0,19,1,0.0012365999864414334,"[0, 3, 8, 9, 10, 14, 19, 23, 24, 25, 28, 31, 34, 36, 37, 45, 48, 52, 55]",40,10,False
trafo,9,57,75,1,96.49122807017544,18,100.0,19,1,0.0007829999667592347,"[0, 3, 8, 9, 10, 19, 23, 24, 25, 28, 31, 34, 36, 37, 43, 45, 48, 52, 55]",44,14,False
trafo,10,57,75,1,98.24561403508773,18,100.0,19,1,0.0007739999564364552,"[0, 3, 8, 9, 10, 14, 19, 23, 24, 25, 28, 31, 34, 36, 37, 45, 48, 52, 55]",45,13,False
trafo,11,57,75,1,98.24561403508773,18,100.0,19,1,0.0008430000161752105,"[0, 3, 8, 9, 10, 14, 19, 23, 24, 25, 28, 31, 34, 36, 37, 45, 49, 52, 55]",50,9,False
trafo,12,57,76,1,98.24561403508773,18,100.0,19,1,0.0009063000325113535,"[0, 3, 8, 9, 10, 14, 19, 23, 24, 25, 28, 31, 34, 36, 37, 45, 48, 52, 55]",48,12,False
trafo,13,57,75,1,96.49122807017544,18,100.0,19,1,0.0011684000492095947,"[0, 3, 8, 9, 14, 19, 23, 24, 25, 28, 31, 34, 36, 37, 40, 45, 48, 52, 55]",42,10,False
trafo,14,57,75,1,96.49122807017544,18,100.0,18,0,0.0013427999801933765,"[0, 3, 8, 9, 14, 19, 23, 24, 25, 28, 31, 35, 37, 38, 40, 45, 48, 52]",55,39,False
trafo,15,57,75,1,98.24561403508773,18,100.0,19,1,0.0009545999928377569,"[0, 3, 8, 9, 10, 14, 19, 23, 24, 25, 28, 31, 34, 36, 37, 45, 48, 52, 55]",56,38,False
trafo,16,57,75,1,96.49122807017544,18,100.0,19,1,0.0017661000019870698,"[0, 3, 5, 10, 12, 14, 19, 23, 24, 25, 28, 31, 34, 36, 37, 45, 50, 53, 55]",54,8,False
line,0,57,71,1,94.73684210526316,18,100.0,20,2,0.0018219000194221735,"[0, 1, 3, 6, 8, 10, 12, 14, 19, 23, 26, 30, 31, 34, 36, 37, 45, 50, 52, 55]",0,1,False
line,1,57,71,1,96.49122807017544,18,100.0,19,1,0.000867400027345866,"[0, 3, 6, 8, 10, 12, 14, 19, 23, 26, 30, 31, 34, 36, 37, 45, 50, 52, 55]",1,2,False
line,2,57,71,1,96.49122807017544,18,100.0,19,1,0.0008363000233657658,"[0, 5, 10, 12, 14, 17, 19, 23, 26, 30, 31, 34, 36, 37, 45, 50, 51, 53, 55]",2,3,False
line,3,57,71,1,94.73684210526316,18,100.0,19,1,0.0009984999778680503,"[0, 3, 5, 10, 12, 14, 19, 23, 26, 30, 31, 34, 36, 37, 45, 50, 51, 53, 55]",3,4,False
line,4,57,72,1,96.49122807017544,18,100.0,19,1,0.0011355000315234065,"[0, 3, 6, 8, 10, 12, 14, 19, 23, 26, 30, 31, 34, 36, 37, 45, 50, 52, 55]",3,5,False
line,5,57,71,1,96.49122807017544,18,100.0,20,2,0.0010520000359974802,"[0, 3, 4, 8, 10, 12, 14, 19, 23, 25, 28, 30, 31, 34, 36, 37, 45, 49, 52, 55]",5,6,False
line,6,57,71,1,96.49122807017544,18,100.0,19,1,0.0008764000376686454,"[0, 3, 6, 8, 10, 12, 14, 19, 23, 26, 30, 31, 34, 36, 37, 45, 50, 52, 55]",5,7,False
line,7,57,71,1,94.73684210526316,18,100.0,19,1,0.001437600003555417,"[0, 3, 6, 8, 10, 12, 14, 19, 23, 26, 30, 31, 34, 36, 37, 45, 50, 52, 55]",7,8,False
line,8,57,71,1,94.73684210526316,18,100.0,19,1,0.0007900999626144767,"[0, 3, 6, 8, 10, 12, 14, 19, 23, 26, 30, 31, 34, 36, 37, 45, 50, 52, 55]",8,9,False
line,9,57,71,1,96.49122807017544,18,100.0,19,1,0.0013306000037118793,"[0, 3, 6, 8, 10, 12, 14, 19, 23, 26, 30, 31, 34, 36, 37, 45, 50, 52, 55]",8,10,False
line,10,57,72,1,96.49122807017544,18,100.0,19,1,0.000867099966853857,"[0, 3, 6, 8, 10, 12, 14, 19, 23, 26, 30, 31, 34, 36, 37, 45, 50, 52, 55]",8,11,False
line,11,57,71,1,96.49122807017544,18,100.0,19,1,0.0009255000040866435,"[0, 3, 6, 8, 10, 12, 14, 19, 23, 26, 30, 31, 34, 36, 37, 45, 49, 52, 55]",8,12,False
line,12,57,71,1,96.49122807017544,18,100.0,20,2,0.0008493000059388578,"[0, 3, 4, 8, 9, 10, 14, 19, 23, 25, 28, 30, 31, 34, 36, 37, 45, 48, 52, 55]",12,13,False
line,13,57,71,1,96.49122807017544,18,100.0,20,2,0.0008743000216782093,"[0, 3, 4, 8, 9, 10, 14, 19, 23, 25, 28, 30, 31, 34, 36, 37, 45, 48, 52, 55]",12,14,False
line,14,57,71,1,96.49122807017544,18,100.0,19,1,0.0007660999544896185,"[0, 3, 6, 8, 10, 12, 14, 19, 23, 26, 30, 31, 34, 36, 37, 45, 50, 52, 55]",0,14,False
line,15,57,71,1,94.73684210526316,18,100.0,20,2,0.000798500026576221,"[0, 3, 6, 8, 10, 11, 12, 14, 19, 23, 26, 30, 31, 34, 36, 37, 45, 50, 52, 55]",0,15,False
line,16,57,71,1,94.73684210526316,18,100.0,20,2,0.0008246999932453036,"[0, 3, 6, 8, 10, 11, 12, 14, 19, 23, 26, 30, 31, 34, 36, 37, 45, 50, 52, 55]",0,16,False
line,17,57,71,1,96.49122807017544,18,100.0,19,1,0.0012107999646104872,"[0, 3, 6, 8, 10, 12, 14, 19, 23, 26, 30, 31, 34, 36, 37, 45, 50, 52, 55]",2,14,False
line,18,57,71,1,96.49122807017544,18,100.0,19,1,0.0013921000063419342,"[0, 3, 6, 8, 10, 12, 14, 19, 23, 26, 30, 31, 34, 36, 37, 45, 50, 52, 55]",4,5,False
line,19,57,71,1,96.49122807017544,18,100.0,20,2,0.0008729000110179186,"[0, 3, 4, 8, 10, 12, 14, 19, 23, 25, 28, 30, 31, 34, 36, 37, 45, 49, 52, 55]",6,7,False
line,20,57,71,1,96.49122807017544,18,100.0,19,1,0.0009115999564528465,"[0, 3, 6, 8, 10, 12, 14, 19, 23, 26, 30, 31, 34, 36, 37, 45, 50, 52, 55]",9,11,False
line,21,57,71,1,96.49122807017544,18,100.0,20,2,0.0008438999648205936,"[0, 3, 4, 8, 9, 10, 14, 19, 23, 25, 28, 30, 31, 34, 36, 37, 45, 48, 52, 55]",10,12,False
line,22,57,71,1,96.49122807017544,18,100.0,20,2,0.0008764999802224338,"[0, 3, 4, 8, 9, 10, 14, 19, 23, 25, 28, 30, 31, 34, 36, 37, 45, 48, 52, 55]",11,12,False
line,23,57,71,1,96.49122807017544,18,100.0,19,1,0.0009095999994315207,"[0, 3, 6, 8, 10, 12, 14, 19, 23, 26, 30, 31, 34, 36, 37, 45, 50, 52, 55]",11,15,False
line,24,57,71,1,96.49122807017544,18,100.0,19,1,0.0008524000295437872,"[0, 3, 6, 8, 10, 12, 14, 19, 23, 26, 30, 31, 34, 36, 37, 45, 50, 52, 55]",11,16,False
line,25,57,71,1,96.49122807017544,18,100.0,19,1,0.0008506000158376992,"[0, 3, 6, 8, 10, 12, 14, 19, 23, 26, 30, 31, 34, 36, 37, 45, 50, 52, 55]",13,14,False
line,26,57,71,1,96.49122807017544,18,100.0,19,1,0.001596699992660433,"[0, 3, 6, 8, 10, 12, 14, 19, 23, 26, 30, 31, 34, 36, 37, 45, 50, 52, 55]",17,18,False
line,27,57,71,1,94.73684210526316,18,100.0,20,2,0.0023430000292137265,"[0, 3, 6, 8, 10, 12, 14, 17, 19, 23, 26, 30, 31, 34, 36, 37, 45, 50, 52, 55]",18,19,False
line,28,57,71,1,96.49122807017544,18,100.0,19,1,0.0009834999800659716,"[0, 3, 6, 8, 10, 12, 14, 19, 23, 26, 30, 31, 34, 36, 37, 45, 50, 52, 55]",20,21,False
line,29,57,71,2,96.49122807017544,18,100.0,19,1,0.0008212000248022377,"[0, 3, 6, 8, 10, 12, 14, 19, 23, 26, 30, 31, 34, 36, 37, 45, 50, 52, 55]",21,22,False
line,30,57,71,2,94.73684210526316,18,100.0,19,1,0.0014420999796129763,"[0, 3, 6, 8, 10, 12, 14, 19, 21, 24, 26, 31, 34, 36, 37, 45, 50, 52, 55]",22,23,False
line,31,57,71,2,94.73684210526316,18,100.0,20,2,0.0012783000129275024,"[0, 3, 6, 8, 10, 12, 14, 19, 23, 25, 26, 30, 31, 34, 36, 37, 45, 50, 52, 55]",25,26,False
line,32,57,71,2,96.49122807017544,18,100.0,20,2,0.0008545999880880117,"[0, 3, 6, 8, 10, 12, 14, 19, 23, 25, 27, 30, 31, 34, 36, 37, 45, 50, 52, 55]",26,27,False
line,33,57,71,2,94.73684210526316,18,100.0,19,1,0.0008737000171095133,"[0, 3, 6, 8, 10, 12, 14, 19, 23, 26, 30, 31, 34, 36, 37, 45, 50, 52, 55]",27,28,False
line,34,57,71,2,94.73684210526316,18,100.0,19,1,0.0009293999755755067,"[0, 3, 6, 8, 10, 12, 14, 19, 23, 26, 30, 31, 34, 36, 37, 45, 50, 52, 55]",24,29,False
line,35,57,71,2,96.49122807017544,18,100.0,19,1,0.0008982999715954065,"[0, 3, 6, 8, 10, 12, 14, 19, 23, 24, 26, 31, 34, 36, 37, 45, 50, 52, 55]",29,30,False
line,36,57,71,2,94.73684210526316,18,100.0,19,1,0.0008017999934963882,"[0, 3, 6, 8, 10, 12, 14, 19, 23, 26, 29, 31, 34, 36, 37, 45, 50, 52, 55]",30,31,False
line,37,57,71,2,94.73684210526316,18,100.0,19,1,0.0008582999580539763,"[0, 3, 6, 8, 10, 12, 14, 19, 23, 26, 30, 32, 34, 36, 37, 45, 50, 52, 55]",31,32,False
line,38,57,71,2,94.73684210526316,18,100.0,20,2,0.0008087999885901809,"[0, 3, 6, 8, 10, 12, 14, 19, 23, 26, 30, 31, 33, 34, 36, 37, 45, 50, 52, 55]",33,34,False
line,39,57,71,2,96.49122807017544,18,100.0,19,1,0.0007748999632894993,"[0, 3, 6, 8, 10, 12, 14, 19, 23, 26, 30, 31, 33, 36, 37, 45, 50, 52, 55]",34,35,False
line,40,57,71,2,96.49122807017544,18,100.0,19,1,0.0008296999731101096,"[0, 3, 6, 8, 10, 12, 14, 19, 23, 26, 30, 31, 34, 36, 37, 45, 50, 52, 55]",35,36,False
line,41,57,71,1,96.49122807017544,18,100.0,18,0,0.0007199000101536512,"[0, 3, 6, 8, 10, 12, 18, 21, 24, 26, 31, 34, 36, 43, 46, 50, 52, 55]",36,37,False
line,42,57,71,1,94.73684210526316,18,100.0,19,1,0.001081200025510043,"[0, 3, 6, 8, 10, 12, 14, 19, 23, 26, 30, 31, 34, 37, 38, 45, 50, 52, 55]",36,38,False
line,43,57,72,1,96.49122807017544,18,100.0,19,1,0.0007431000121869147,"[0, 3, 6, 8, 10, 12, 14, 19, 23, 26, 30, 31, 34, 36, 37, 45, 50, 52, 55]",35,39,False
line,44,57,71,1,94.73684210526316,18,100.0,18,0,0.0007263000006787479,"[0, 3, 6, 8, 10, 12, 19, 22, 26, 29, 31, 33, 36, 43, 46, 50, 52, 55]",21,37,False
line,45,57,71,1,96.49122807017544,18,100.0,19,1,0.0007865999941714108,"[0, 3, 6, 8, 10, 12, 14, 19, 23, 26, 30, 31, 34, 36, 37, 45, 50, 52, 55]",40,41,False
line,46,57,71,1,96.49122807017544,18,100.0,19,1,0.0012715000193566084,"[0, 3, 6, 8, 10, 12, 14, 19, 23, 26, 30, 31, 34, 36, 37, 45, 50, 52, 55]",40,42,False
line,47,57,71,1,94.73684210526316,18,100.0,18,0,0.000838699983432889,"[0, 3, 6, 8, 10, 12, 18, 21, 24, 26, 31, 34, 36, 43, 46, 50, 52, 55]",37,43,False
line,48,57,71,1,94.73684210526316,18,100.0,20,2,0.0008060999680310488,"[0, 3, 6, 8, 10, 12, 13, 14, 19, 23, 26, 30, 31, 34, 36, 37, 46, 50, 52, 55]",45,46,False
line,49,57,71,1,96.49122807017544,18,100.0,19,1,0.0010708000045269728,"[0, 3, 6, 8, 10, 12, 14, 19, 23, 26, 30, 31, 34, 36, 37, 45, 50, 52, 55]",46,47,False
line,50,57,71,1,96.49122807017544,18,100.0,19,1,0.0008504999568685889,"[0, 3, 6, 8, 10, 12, 14, 19, 23, 26, 30, 31, 34, 36, 37, 45, 50, 52, 55]",47,48,False
line,51,57,71,1,96.49122807017544,18,100.0,19,1,0.0009199999622069299,"[0, 3, 6, 8, 10, 12, 14, 19, 23, 26, 30, 31, 34, 36, 37, 45, 50, 52, 55]",48,49,False
line,52,57,71,1,94.73684210526316,18,100.0,20,2,0.0009204999660141766,"[0, 3, 6, 8, 9, 10, 12, 14, 19, 23, 26, 30, 31, 34, 36, 37, 45, 48, 52, 55]",49,50,False
line,53,57,71,1,96.49122807017544,18,100.0,19,1,0.0011254000128246844,"[0, 3, 6, 8, 10, 12, 14, 19, 23, 26, 30, 31, 34, 36, 37, 45, 50, 52, 55]",28,51,False
line,54,57,71,1,96.49122807017544,18,100.0,19,1,0.0010824999772012234,"[0, 3, 6, 10, 12, 14, 19, 23, 26, 28, 30, 31, 34, 36, 37, 45, 50, 53, 55]",51,52,False
line,55,57,71,1,94.73684210526316,18,100.0,19,1,0.0008729000110179186,"[0, 3, 6, 10, 12, 14, 19, 23, 26, 30, 31, 34, 36, 37, 45, 50, 51, 53, 55]",52,53,False
line,56,57,71,1,96.49122807017544,18,100.0,19,1,0.0008560999995097518,"[0, 3, 6, 8, 10, 12, 14, 19, 23, 26, 30, 31, 34, 36, 37, 45, 50, 52, 55]",53,54,False
line,57,57,71,1,96.49122807017544,18,100.0,19,1,0.0009315000497736037,"[0, 3, 6, 8, 10, 12, 14, 19, 23, 26, 30, 31, 34, 36, 37, 45, 50, 52, 55]",43,44,False
line,58,57,71,1,94.73684210526316,18,100.0,19,1,0.0012592999846674502,"[0, 3, 6, 8, 12, 14, 19, 23, 26, 30, 31, 34, 36, 37, 40, 45, 50, 52, 55]",55,40,False
line,59,57,71,1,94.73684210526316,18,100.0,19,1,0.000820400018710643,"[0, 3, 6, 8, 12, 14, 19, 23, 26, 30, 31, 34, 37, 38, 39, 40, 45, 50, 52]",55,41,False
line,60,57,71,1,94.73684210526316,18,100.0,19,1,0.0017723999917507172,"[0, 3, 6, 8, 12, 14, 19, 23, 26, 30, 31, 34, 37, 38, 39, 40, 45, 50, 52]",56,55,False
line,61,57,71,1,96.49122807017544,18,100.0,19,1,0.0024372999905608594,"[0, 3, 6, 8, 10, 12, 14, 19, 23, 26, 30, 31, 34, 36, 37, 45, 50, 52, 55]",37,48,False
line,62,57,71,1,94.73684210526316,18,100.0,18,0,0.0015625999658368528,"[0, 3, 6, 8, 10, 12, 18, 21, 24, 26, 31, 34, 36, 43, 46, 50, 52, 55]",37,47,False
trafo,0,57,72,1,96.49122807017544,18,100.0,19,1,0.0019930999842472374,"[0, 3, 6, 8, 10, 12, 14, 19, 23, 26, 30, 31, 34, 36, 37, 45, 50, 52, 55]",17,3,False
trafo,1,57,72,1,96.49122807017544,18,100.0,19,1,0.001957399945240468,"[0, 3, 6, 8, 10, 12, 14, 19, 23, 26, 30, 31, 34, 36, 37, 45, 50, 52, 55]",17,3,False
trafo,2,57,71,1,94.73684210526316,18,100.0,20,2,0.0009344000136479735,"[0, 3, 6, 8, 10, 12, 14, 18, 20, 23, 26, 30, 31, 34, 36, 37, 45, 50, 52, 55]",19,20,False
trafo,3,57,72,1,96.49122807017544,18,100.0,19,1,0.0018930000369437039,"[0, 3, 6, 8, 10, 12, 14, 19, 23, 26, 30, 31, 34, 36, 37, 45, 50, 52, 55]",24,23,False
trafo,4,57,72,1,96.49122807017544,18,100.0,19,1,0.0015391000197269022,"[0, 3, 6, 8, 10, 12, 14, 19, 23, 26, 30, 31, 34, 36, 37, 45, 50, 52, 55]",24,23,False
trafo,5,57,72,1,96.49122807017544,18,100.0,19,1,0.002415299997664988,"[0, 3, 6, 8, 10, 12, 14, 19, 23, 26, 30, 31, 34, 36, 37, 45, 50, 52, 55]",25,23,False
trafo,6,57,71,1,94.73684210526316,18,100.0,19,1,0.0016670999466441572,"[0, 3, 5, 10, 12, 14, 19, 23, 26, 30, 31, 34, 36, 37, 45, 50, 51, 53, 55]",28,6,False
trafo,7,57,72,1,96.49122807017544,18,100.0,19,1,0.0014773000148124993,"[0, 3, 6, 8, 10, 12, 14, 19, 23, 26, 30, 31, 34, 36, 37, 45, 50, 52, 55]",31,33,False
trafo,8,57,72,1,96.49122807017544,18,100.0,19,1,0.0016434999997727573,"[0, 3, 6, 8, 10, 12, 14, 19, 23, 26, 30, 31, 34, 36, 37, 45, 50, 52, 55]",40,10,False
trafo,9,57,71,1,94.73684210526316,18,100.0,19,1,0.0008527999743819237,"[0, 3, 6, 8, 10, 12, 19, 23, 26, 30, 31, 34, 36, 37, 43, 45, 50, 52, 55]",44,14,False
trafo,10,57,71,1,96.49122807017544,18,100.0,19,1,0.0014900999958626926,"[0, 3, 6, 8, 10, 12, 14, 19, 23, 26, 30, 31, 34, 36, 37, 45, 50, 52, 55]",45,13,False
trafo,11,57,71,1,96.49122807017544,18,100.0,19,1,0.0008178999996744096,"[0, 3, 6, 8, 10, 12, 14, 19, 23, 26, 30, 31, 34, 36, 37, 45, 49, 52, 55]",50,9,False
trafo,12,57,71,1,96.49122807017544,18,100.0,20,2,0.001554399961605668,"[0, 3, 4, 8, 9, 10, 14, 19, 23, 25, 28, 30, 31, 34, 36, 37, 45, 48, 52, 55]",48,12,False
trafo,13,57,71,1,94.73684210526316,18,100.0,19,1,0.0018893000087700784,"[0, 3, 6, 8, 12, 14, 19, 23, 26, 30, 31, 34, 36, 37, 40, 45, 50, 52, 55]",42,10,False
trafo,14,57,71,2,94.73684210526316,18,100.0,19,1,0.0017954999930225313,"[0, 3, 6, 8, 12, 14, 19, 23, 26, 30, 31, 34, 37, 38, 39, 40, 45, 50, 52]",55,39,False
trafo,15,57,71,1,96.49122807017544,18,100.0,19,1,0.0007744000176899135,"[0, 3, 6, 8, 10, 12, 14, 19, 23, 26, 30, 31, 34, 36, 37, 45, 50, 52, 55]",56,38,False
trafo,16,57,71,1,94.73684210526316,18,100.0,19,1,0.000832199992146343,"[0, 3, 6, 10, 12, 14, 19, 23, 26, 30, 31, 34, 36, 37, 45, 50, 52, 53, 55]",54,8,False
line,0,57,76,1,96.49122807017544,18,100.0,20,2,0.0010495000169612467,"[0, 1, 3, 8, 10, 14, 19, 20, 23, 24, 25, 28, 31, 34, 36, 37, 45, 49, 52, 55]",0,1,False
line,1,57,76,1,98.24561403508773,18,100.0,19,1,0.0014339000335894525,"[0, 3, 8, 10, 14, 19, 20, 23, 24, 25, 28, 31, 34, 36, 37, 45, 49, 52, 55]",1,2,False
line,2,57,76,1,98.24561403508773,18,100.0,19,1,0.002083800034597516,"[0, 3, 8, 10, 14, 19, 20, 23, 24, 25, 28, 31, 34, 36, 37, 45, 49, 52, 55]",2,3,False
line,3,57,76,1,96.49122807017544,18,100.0,20,2,0.001742200052831322,"[0, 3, 4, 8, 10, 14, 19, 20, 23, 24, 25, 28, 31, 34, 36, 37, 45, 49, 52, 55]",3,4,False
line,4,57,76,1,96.49122807017544,18,100.0,20,2,0.0015542000182904303,"[0, 3, 4, 8, 10, 14, 19, 20, 23, 24, 25, 28, 31, 34, 36, 37, 45, 49, 52, 55]",3,5,False
line,5,57,76,1,98.24561403508773,18,100.0,19,1,0.002074299962259829,"[0, 3, 8, 10, 14, 19, 20, 23, 24, 25, 28, 31, 34, 36, 37, 45, 49, 52, 55]",5,6,False
line,6,57,76,1,98.24561403508773,18,100.0,19,1,0.0021224000374786556,"[0, 3, 8, 10, 14, 19, 20, 23, 24, 25, 28, 31, 34, 36, 37, 45, 49, 52, 55]",5,7,False
line,7,57,76,1,96.49122807017544,18,100.0,19,1,0.0026214999961666763,"[0, 3, 5, 10, 12, 19, 20, 23, 24, 25, 28, 31, 33, 36, 43, 46, 50, 53, 55]",7,8,False
line,8,57,76,1,96.49122807017544,18,100.0,19,1,0.00196910003433004,"[0, 3, 5, 10, 12, 19, 20, 23, 24, 25, 28, 31, 33, 36, 43, 46, 50, 53, 55]",8,9,False
line,9,57,76,1,98.24561403508773,18,100.0,19,1,0.02193210000405088,"[0, 3, 8, 10, 12, 19, 20, 23, 24, 25, 28, 31, 33, 36, 43, 46, 49, 52, 55]",8,10,False
line,10,57,76,1,96.49122807017544,18,100.0,19,1,0.0033255000016652048,"[0, 3, 8, 10, 12, 19, 20, 23, 24, 25, 28, 31, 33, 36, 43, 46, 49, 52, 55]",8,11,False
line,11,57,76,1,98.24561403508773,18,100.0,19,1,0.0009137999732047319,"[0, 3, 8, 10, 14, 19, 20, 23, 24, 25, 28, 31, 34, 36, 37, 45, 49, 52, 55]",8,12,False
line,12,57,76,1,98.24561403508773,18,100.0,19,1,0.001896000001579523,"[0, 3, 8, 10, 14, 19, 20, 23, 24, 25, 28, 31, 34, 36, 37, 45, 49, 52, 55]",12,13,False
line,13,57,76,1,98.24561403508773,18,100.0,19,1,0.0015119999879971147,"[0, 3, 8, 10, 14, 19, 20, 23, 24, 25, 28, 31, 34, 36, 37, 45, 49, 52, 55]",12,14,False
line,14,57,76,1,98.24561403508773,18,100.0,20,2,0.0014244000194594264,"[0, 3, 8, 10, 13, 14, 19, 20, 23, 24, 25, 28, 31, 34, 36, 37, 45, 49, 52, 55]",0,14,False
line,15,57,76,1,96.49122807017544,18,100.0,20,2,0.0023182000149972737,"[0, 3, 8, 10, 11, 14, 19, 20, 23, 24, 25, 28, 31, 34, 36, 37, 45, 49, 52, 55]",0,15,False
line,16,57,76,1,96.49122807017544,18,100.0,20,2,0.002423300000373274,"[0, 3, 8, 10, 11, 14, 19, 20, 23, 24, 25, 28, 31, 34, 36, 37, 45, 49, 52, 55]",0,16,False
line,17,57,76,1,98.24561403508773,18,100.0,19,1,0.002537099993787706,"[0, 3, 8, 10, 14, 19, 20, 23, 24, 25, 28, 31, 34, 36, 37, 45, 49, 52, 55]",2,14,False
line,18,57,76,1,98.24561403508773,18,100.0,19,1,0.001438200008124113,"[0, 3, 8, 10, 14, 19, 20, 23, 24, 25, 28, 31, 34, 36, 37, 45, 49, 52, 55]",4,5,False
line,19,57,76,1,98.24561403508773,18,100.0,19,1,0.0021735000191256404,"[0, 3, 8, 10, 14, 19, 20, 23, 24, 25, 28, 31, 34, 36, 37, 45, 49, 52, 55]",6,7,False
line,20,57,76,1,98.24561403508773,18,100.0,19,1,0.0016505999956279993,"[0, 3, 8, 10, 14, 19, 20, 23, 24, 25, 28, 31, 34, 36, 37, 45, 49, 52, 55]",9,11,False
line,21,57,76,1,98.24561403508773,18,100.0,19,1,0.0014116999809630215,"[0, 3, 8, 10, 14, 19, 20, 23, 24, 25, 28, 31, 34, 36, 37, 45, 49, 52, 55]",10,12,False
line,22,57,76,1,98.24561403508773,18,100.0,19,1,0.0014593999949283898,"[0, 3, 8, 10, 14, 19, 20, 23, 24, 25, 28, 31, 34, 36, 37, 45, 49, 52, 55]",11,12,False
line,23,57,76,1,98.24561403508773,18,100.0,19,1,0.0008232999825850129,"[0, 3, 8, 10, 14, 19, 20, 23, 24, 25, 28, 31, 34, 36, 37, 45, 49, 52, 55]",11,15,False
line,24,57,76,1,98.24561403508773,18,100.0,19,1,0.0017888000002130866,"[0, 3, 8, 10, 14, 19, 20, 23, 24, 25, 28, 31, 34, 36, 37, 45, 49, 52, 55]",11,16,False
line,25,57,76,1,98.24561403508773,18,100.0,19,1,0.0008477000519633293,"[0, 3, 8, 10, 14, 19, 20, 23, 24, 25, 28, 31, 34, 36, 37, 45, 49, 52, 55]",13,14,False
line,26,57,76,1,98.24561403508773,18,100.0,19,1,0.0007971000159159303,"[0, 3, 8, 10, 14, 19, 20, 23, 24, 25, 28, 31, 34, 36, 37, 45, 49, 52, 55]",17,18,False
line,27,57,76,1,96.49122807017544,18,100.0,19,1,0.0008273000130429864,"[0, 3, 8, 10, 14, 17, 20, 23, 24, 25, 28, 31, 34, 36, 37, 45, 49, 52, 55]",18,19,False
line,28,57,76,1,98.24561403508773,18,100.0,19,1,0.0008339000050909817,"[0, 3, 8, 10, 14, 19, 21, 23, 24, 25, 28, 31, 34, 36, 37, 45, 49, 52, 55]",20,21,False
line,29,57,76,1,98.24561403508773,18,100.0,19,1,0.0018343999981880188,"[0, 3, 8, 10, 14, 19, 20, 23, 24, 25, 28, 31, 34, 36, 37, 45, 49, 52, 55]",21,22,False
line,30,57,76,1,96.49122807017544,18,100.0,19,1,0.0008099000551737845,"[0, 3, 8, 10, 14, 19, 21, 23, 24, 25, 28, 31, 34, 36, 37, 45, 49, 52, 55]",22,23,False
line,31,57,76,1,96.49122807017544,18,100.0,19,1,0.0007969000143930316,"[0, 3, 8, 10, 14, 19, 20, 23, 24, 26, 28, 31, 34, 36, 37, 45, 49, 52, 55]",25,26,False
line,32,57,76,1,98.24561403508773,18,100.0,19,1,0.0008293999708257616,"[0, 3, 8, 10, 14, 19, 20, 23, 24, 25, 28, 31, 34, 36, 37, 45, 49, 52, 55]",26,27,False
line,33,57,76,1,96.49122807017544,18,100.0,19,1,0.0012453999952413142,"[0, 3, 8, 10, 14, 19, 20, 23, 24, 26, 28, 31, 34, 36, 37, 45, 49, 52, 55]",27,28,False
line,34,57,76,1,96.49122807017544,18,100.0,19,1,0.0007840999751351774,"[0, 3, 8, 10, 14, 19, 20, 23, 25, 28, 29, 31, 34, 36, 37, 45, 49, 52, 55]",24,29,False
line,35,57,76,1,98.24561403508773,18,100.0,19,1,0.0007897000177763402,"[0, 3, 8, 10, 14, 19, 20, 23, 24, 25, 28, 31, 34, 36, 37, 45, 49, 52, 55]",29,30,False
line,36,57,76,1,96.49122807017544,18,100.0,19,1,0.000811800011433661,"[0, 3, 8, 10, 14, 19, 20, 23, 25, 28, 29, 31, 34, 36, 37, 45, 49, 52, 55]",30,31,False
line,37,57,76,2,96.49122807017544,18,100.0,19,1,0.0007886000094003975,"[0, 3, 8, 10, 14, 19, 20, 23, 25, 28, 30, 32, 34, 36, 37, 45, 49, 52, 55]",31,32,False
line,38,57,76,1,98.24561403508773,18,100.0,19,1,0.0008055999642238021,"[0, 3, 8, 10, 14, 19, 20, 23, 24, 25, 28, 31, 34, 36, 37, 45, 49, 52, 55]",33,34,False
line,39,57,76,1,98.24561403508773,18,100.0,19,1,0.0019150999723933637,"[0, 3, 8, 10, 14, 19, 20, 23, 24, 25, 28, 31, 33, 36, 37, 45, 49, 52, 55]",34,35,False
line,40,57,76,1,98.24561403508773,18,100.0,19,1,0.001659700006712228,"[0, 3, 8, 10, 14, 19, 20, 23, 24, 25, 28, 31, 34, 36, 37, 45, 49, 52, 55]",35,36,False
line,41,57,76,1,98.24561403508773,18,100.0,19,1,0.0013032000279054046,"[0, 3, 8, 10, 14, 19, 20, 23, 24, 25, 28, 31, 35, 36, 37, 45, 49, 52, 55]",36,37,False
line,42,57,76,1,96.49122807017544,18,100.0,19,1,0.0013560000224970281,"[0, 3, 8, 10, 14, 19, 20, 23, 24, 25, 28, 31, 34, 37, 38, 45, 49, 52, 55]",36,38,False
line,43,57,76,1,98.24561403508773,18,100.0,19,1,0.0007921000360511243,"[0, 3, 8, 10, 14, 19, 20, 23, 24, 25, 28, 31, 34, 36, 37, 45, 49, 52, 55]",35,39,False
line,44,57,77,1,98.24561403508773,18,100.0,19,1,0.0007922999793663621,"[0, 3, 8, 10, 14, 19, 20, 23, 24, 25, 28, 31, 34, 36, 37, 45, 49, 52, 55]",21,37,False
line,45,57,76,1,98.24561403508773,18,100.0,19,1,0.0007758000283502042,"[0, 3, 8, 10, 14, 19, 20, 23, 24, 25, 28, 31, 34, 36, 37, 45, 49, 52, 55]",40,41,False
line,46,57,76,1,98.24561403508773,18,100.0,19,1,0.000991600041743368,"[0, 3, 8, 10, 14, 19, 20, 23, 24, 25, 28, 31, 34, 36, 37, 45, 49, 52, 55]",40,42,False
line,47,57,76,1,96.49122807017544,18,100.0,19,1,0.0007758000283502042,"[0, 3, 8, 9, 10, 19, 20, 23, 24, 25, 28, 31, 33, 36, 43, 45, 48, 52, 55]",37,43,False
line,48,57,76,1,96.49122807017544,18,100.0,20,2,0.0008133999654091895,"[0, 3, 8, 10, 13, 14, 19, 20, 23, 24, 25, 28, 31, 34, 36, 37, 46, 49, 52, 55]",45,46,False
line,49,57,76,1,98.24561403508773,18,100.0,19,1,0.0007662000134587288,"[0, 3, 8, 10, 14, 19, 20, 23, 24, 25, 28, 31, 34, 36, 37, 45, 49, 52, 55]",46,47,False
line,50,57,76,1,98.24561403508773,18,100.0,19,1,0.0007699999841861427,"[0, 3, 8, 10, 14, 19, 20, 23, 24, 25, 28, 31, 34, 36, 37, 45, 49, 52, 55]",47,48,False
line,51,57,76,1,98.24561403508773,18,100.0,19,1,0.0008417000062763691,"[0, 3, 8, 10, 14, 19, 20, 23, 24, 25, 28, 31, 34, 36, 37, 45, 49, 52, 55]",48,49,False
line,52,57,76,1,96.49122807017544,18,100.0,20,2,0.0011255999561399221,"[0, 3, 8, 9, 10, 14, 19, 20, 23, 24, 25, 28, 31, 34, 36, 37, 45, 48, 52, 55]",49,50,False
line,53,57,76,1,98.24561403508773,18,100.0,19,1,0.0015866999747231603,"[0, 3, 5, 8, 10, 14, 19, 20, 23, 24, 27, 31, 34, 36, 37, 45, 49, 52, 55]",28,51,False
line,54,57,76,1,98.24561403508773,18,100.0,19,1,0.0007501000072807074,"[0, 3, 8, 10, 14, 19, 20, 23, 24, 25, 28, 31, 34, 36, 37, 45, 49, 52, 55]",51,52,False
line,55,57,76,1,96.49122807017544,18,100.0,20,2,0.0017163999727927148,"[0, 3, 8, 10, 14, 19, 20, 23, 24, 25, 28, 31, 34, 36, 37, 45, 49, 51, 53, 55]",52,53,False
line,56,57,76,1,98.24561403508773,18,100.0,19,1,0.0008930999902077019,"[0, 3, 8, 10, 14, 19, 20, 23, 24, 25, 28, 31, 34, 36, 37, 45, 49, 52, 55]",53,54,False
line,57,57,76,1,98.24561403508773,18,100.0,19,1,0.0012226999970152974,"[0, 3, 8, 10, 14, 19, 20, 23, 24, 25, 28, 31, 34, 36, 37, 45, 49, 52, 55]",43,44,False
line,58,57,76,1,98.24561403508773,18,100.0,19,1,0.000730200030375272,"[0, 3, 8, 10, 14, 19, 20, 23, 24, 25, 28, 31, 34, 36, 37, 45, 49, 52, 55]",55,40,False
line,59,57,76,1,96.49122807017544,18,100.0,18,0,0.00122819998068735,"[0, 3, 8, 14, 19, 20, 23, 24, 25, 28, 31, 35, 37, 38, 40, 45, 49, 52]",55,41,False
line,60,57,76,1,96.49122807017544,18,100.0,18,0,0.0007027999963611364,"[0, 3, 8, 14, 19, 20, 23, 24, 25, 28, 31, 35, 37, 38, 40, 45, 49, 52]",56,55,False
line,61,57,76,1,98.24561403508773,18,100.0,19,1,0.0007544999825768173,"[0, 3, 8, 9, 10, 19, 20, 23, 24, 25, 28, 31, 33, 36, 43, 45, 48, 52, 55]",37,48,False
line,62,57,76,1,96.49122807017544,18,100.0,19,1,0.0009011999936774373,"[0, 3, 8, 9, 10, 19, 20, 23, 24, 25, 28, 31, 33, 36, 43, 45, 48, 52, 55]",37,47,False
trafo,0,57,77,1,98.24561403508773,18,100.0,19,1,0.0008051000186242163,"[0, 3, 8, 10, 14, 19, 20, 23, 24, 25, 28, 31, 34, 36, 37, 45, 49, 52, 55]",17,3,False
trafo,1,57,77,1,98.24561403508773,18,100.0,19,1,0.0008964999578893185,"[0, 3, 8, 10, 14, 19, 20, 23, 24, 25, 28, 31, 34, 36, 37, 45, 49, 52, 55]",17,3,False
trafo,2,57,76,1,96.49122807017544,18,100.0,19,1,0.0012570000253617764,"[0, 3, 8, 10, 14, 18, 20, 23, 24, 25, 28, 31, 34, 36, 37, 45, 49, 52, 55]",19,20,False
trafo,3,57,76,1,98.24561403508773,18,100.0,18,0,0.0007308999774977565,"[0, 3, 8, 10, 14, 19, 22, 24, 25, 28, 31, 34, 36, 37, 45, 49, 52, 55]",24,23,False
trafo,4,57,77,1,98.24561403508773,18,100.0,19,1,0.0007611999753862619,"[0, 3, 8, 10, 14, 19, 20, 23, 24, 25, 28, 31, 34, 36, 37, 45, 49, 52, 55]",24,23,False
trafo,5,57,76,1,98.24561403508773,18,100.0,18,0,0.001299199997447431,"[0, 3, 8, 10, 14, 19, 22, 24, 25, 28, 31, 34, 36, 37, 45, 49, 52, 55]",25,23,False
trafo,6,57,76,1,96.49122807017544,18,100.0,19,1,0.0009034999529831111,"[0, 3, 5, 8, 10, 14, 19, 20, 23, 24, 27, 31, 34, 36, 37, 45, 49, 52, 55]",28,6,False
trafo,7,57,76,1,98.24561403508773,18,100.0,19,1,0.0011763999937102199,"[0, 3, 8, 10, 14, 19, 20, 23, 25, 28, 30, 31, 34, 36, 37, 45, 49, 52, 55]",31,33,False
trafo,8,57,76,1,98.24561403508773,18,100.0,19,1,0.0009802000131458044,"[0, 3, 8, 10, 14, 19, 20, 23, 24, 25, 28, 31, 34, 36, 37, 45, 49, 52, 55]",40,10,False
trafo,9,57,76,1,96.49122807017544,18,100.0,19,1,0.0008975000237114727,"[0, 3, 8, 10, 19, 20, 23, 24, 25, 28, 31, 34, 36, 37, 43, 45, 49, 52, 55]",44,14,False
trafo,10,57,76,1,98.24561403508773,18,100.0,19,1,0.0011431999737396836,"[0, 3, 8, 10, 14, 19, 20, 23, 24, 25, 28, 31, 34, 36, 37, 45, 49, 52, 55]",45,13,False
trafo,11,57,76,1,98.24561403508773,18,100.0,19,1,0.000777199980802834,"[0, 3, 8, 10, 14, 19, 20, 23, 24, 25, 28, 31, 34, 36, 37, 45, 49, 52, 55]",50,9,False
trafo,12,57,76,1,98.24561403508773,18,100.0,19,1,0.0007725000032223761,"[0, 3, 8, 10, 14, 19, 20, 23, 24, 25, 28, 31, 34, 36, 37, 45, 49, 52, 55]",48,12,False
trafo,13,57,76,1,96.49122807017544,18,100.0,19,1,0.000755299988668412,"[0, 3, 8, 14, 19, 20, 23, 24, 25, 28, 31, 34, 36, 37, 40, 45, 49, 52, 55]",42,10,False
trafo,14,57,76,1,96.49122807017544,18,100.0,18,0,0.0007533999742008746,"[0, 3, 8, 14, 19, 20, 23, 24, 25, 28, 31, 35, 37, 38, 40, 45, 49, 52]",55,39,False
trafo,15,57,76,1,98.24561403508773,18,100.0,19,1,0.0007534000324085355,"[0, 3, 8, 10, 14, 19, 20, 23, 24, 25, 28, 31, 34, 36, 37, 45, 49, 52, 55]",56,38,False
trafo,16,57,76,1,96.49122807017544,18,100.0,19,1,0.0008495000074617565,"[0, 3, 5, 10, 12, 19, 20, 23, 24, 25, 28, 31, 33, 36, 43, 46, 50, 53, 55]",54,8,False
line,0,57,74,2,96.49122807017544,18,100.0,20,2,0.0008003999828360975,"[0, 1, 3, 8, 10, 14, 19, 23, 24, 25, 28, 31, 34, 36, 37, 45, 49, 51, 53, 55]",0,1,False
line,1,57,74,2,98.24561403508773,18,100.0,19,1,0.0007901000208221376,"[0, 3, 8, 10, 14, 19, 23, 24, 25, 28, 31, 34, 36, 37, 45, 49, 51, 53, 55]",1,2,False
line,2,57,74,2,98.24561403508773,18,100.0,19,1,0.0009344000136479735,"[0, 3, 8, 10, 14, 19, 23, 24, 25, 28, 31, 34, 36, 37, 45, 49, 51, 53, 55]",2,3,False
line,3,57,74,2,96.49122807017544,18,100.0,20,2,0.000990699976682663,"[0, 3, 4, 8, 10, 14, 19, 23, 24, 25, 28, 31, 34, 36, 37, 45, 49, 51, 53, 55]",3,4,False
line,4,57,74,2,96.49122807017544,18,100.0,20,2,0.0007774000405333936,"[0, 3, 4, 8, 10, 14, 19, 23, 24, 25, 28, 31, 34, 36, 37, 45, 49, 51, 53, 55]",3,5,False
line,5,57,74,2,98.24561403508773,18,100.0,19,1,0.0007383000338450074,"[0, 3, 8, 10, 14, 19, 23, 24, 25, 28, 31, 34, 36, 37, 45, 49, 51, 53, 55]",5,6,False
line,6,57,74,2,98.24561403508773,18,100.0,19,1,0.0012832999927923083,"[0, 3, 8, 10, 14, 19, 23, 24, 25, 28, 31, 34, 36, 37, 45, 49, 51, 53, 55]",5,7,False
line,7,57,74,2,96.49122807017544,18,100.0,21,3,0.0011322000063955784,"[0, 3, 5, 8, 10, 12, 14, 19, 23, 24, 25, 28, 31, 34, 36, 37, 45, 50, 51, 53, 55]",7,8,False
line,8,57,74,2,96.49122807017544,18,100.0,20,2,0.0007977999630384147,"[0, 3, 8, 10, 12, 14, 19, 23, 24, 25, 28, 31, 34, 36, 37, 45, 50, 51, 53, 55]",8,9,False
line,9,57,74,2,98.24561403508773,18,100.0,20,2,0.0007570000016130507,"[0, 3, 8, 10, 12, 14, 19, 23, 24, 25, 28, 31, 34, 36, 37, 45, 49, 51, 53, 55]",8,10,False
line,10,57,74,2,96.49122807017544,18,100.0,20,2,0.0007557999924756587,"[0, 3, 8, 10, 12, 14, 19, 23, 24, 25, 28, 31, 34, 36, 37, 45, 49, 51, 53, 55]",8,11,False
line,11,57,74,2,98.24561403508773,18,100.0,19,1,0.0009025000035762787,"[0, 3, 8, 10, 14, 19, 23, 24, 25, 28, 31, 34, 36, 37, 45, 49, 51, 53, 55]",8,12,False
line,12,57,74,2,98.24561403508773,18,100.0,19,1,0.0010009999969042838,"[0, 3, 8, 10, 14, 19, 23, 24, 25, 28, 31, 34, 36, 37, 45, 49, 51, 53, 55]",12,13,False
line,13,57,74,2,98.24561403508773,18,100.0,19,1,0.0007658000104129314,"[0, 3, 8, 10, 14, 19, 23, 24, 25, 28, 31, 34, 36, 37, 45, 49, 51, 53, 55]",12,14,False
line,14,57,74,2,98.24561403508773,18,100.0,20,2,0.001101000001654029,"[0, 3, 8, 10, 13, 14, 19, 23, 24, 25, 28, 31, 34, 36, 37, 45, 49, 51, 53, 55]",0,14,False
line,15,57,74,2,96.49122807017544,18,100.0,20,2,0.0009052000241354108,"[0, 3, 8, 10, 11, 14, 19, 23, 24, 25, 28, 31, 34, 36, 37, 45, 49, 51, 53, 55]",0,15,False
line,16,57,74,2,96.49122807017544,18,100.0,20,2,0.000776899978518486,"[0, 3, 8, 10, 11, 14, 19, 23, 24, 25, 28, 31, 34, 36, 37, 45, 49, 51, 53, 55]",0,16,False
line,17,57,74,2,98.24561403508773,18,100.0,19,1,0.0008475999929942191,"[0, 3, 8, 10, 14, 19, 23, 24, 25, 28, 31, 34, 36, 37, 45, 49, 51, 53, 55]",2,14,False
line,18,57,74,2,98.24561403508773,18,100.0,19,1,0.0009366999729536474,"[0, 3, 8, 10, 14, 19, 23, 24, 25, 28, 31, 34, 36, 37, 45, 49, 51, 53, 55]",4,5,False
line,19,57,74,2,98.24561403508773,18,100.0,19,1,0.0013004000065848231,"[0, 3, 8, 10, 14, 19, 23, 24, 25, 28, 31, 34, 36, 37, 45, 49, 51, 53, 55]",6,7,False
line,20,57,74,2,98.24561403508773,18,100.0,19,1,0.0007459999760612845,"[0, 3, 8, 10, 14, 19, 23, 24, 25, 28, 31, 34, 36, 37, 45, 49, 51, 53, 55]",9,11,False
line,21,57,74,2,98.24561403508773,18,100.0,19,1,0.0007573000038973987,"[0, 3, 8, 10, 14, 19, 23, 24, 25, 28, 31, 34, 36, 37, 45, 49, 51, 53, 55]",10,12,False
line,22,57,74,2,98.24561403508773,18,100.0,19,1,0.0007465999806299806,"[0, 3, 8, 10, 14, 19, 23, 24, 25, 28, 31, 34, 36, 37, 45, 49, 51, 53, 55]",11,12,False
line,23,57,74,2,98.24561403508773,18,100.0,19,1,0.00073490000795573,"[0, 3, 8, 10, 14, 19, 23, 24, 25, 28, 31, 34, 36, 37, 45, 49, 51, 53, 55]",11,15,False
line,24,57,74,2,98.24561403508773,18,100.0,19,1,0.0007327000494115055,"[0, 3, 8, 10, 14, 19, 23, 24, 25, 28, 31, 34, 36, 37, 45, 49, 51, 53, 55]",11,16,False
line,25,57,74,2,98.24561403508773,18,100.0,19,1,0.0007583000115118921,"[0, 3, 8, 10, 14, 19, 23, 24, 25, 28, 31, 34, 36, 37, 45, 49, 51, 53, 55]",13,14,False
line,26,57,74,2,98.24561403508773,18,100.0,19,1,0.001277000003028661,"[0, 3, 8, 10, 14, 19, 23, 24, 25, 28, 31, 34, 36, 37, 45, 49, 51, 53, 55]",17,18,False
line,27,57,74,2,96.49122807017544,18,100.0,20,2,0.001117900013923645,"[0, 3, 8, 10, 14, 17, 19, 23, 24, 25, 28, 31, 34, 36, 37, 45, 49, 51, 53, 55]",18,19,False
line,28,57,74,2,98.24561403508773,18,100.0,19,1,0.0008753000292927027,"[0, 3, 8, 10, 14, 19, 23, 24, 25, 28, 31, 34, 36, 37, 45, 49, 51, 53, 55]",20,21,False
line,29,57,74,2,98.24561403508773,18,100.0,19,1,0.0017770000267773867,"[0, 3, 8, 10, 14, 19, 23, 24, 25, 28, 31, 34, 36, 37, 45, 49, 51, 53, 55]",21,22,False
line,30,57,74,2,96.49122807017544,18,100.0,20,2,0.0008042999543249607,"[0, 3, 8, 10, 14, 19, 21, 23, 24, 25, 28, 31, 34, 36, 37, 45, 49, 51, 53, 55]",22,23,False
line,31,57,74,2,96.49122807017544,18,100.0,19,1,0.0007664000149816275,"[0, 3, 8, 10, 14, 19, 23, 24, 26, 28, 31, 34, 36, 37, 45, 49, 51, 53, 55]",25,26,False
line,32,57,74,2,98.24561403508773,18,100.0,19,1,0.0007277000113390386,"[0, 3, 8, 10, 14, 19, 23, 24, 25, 28, 31, 34, 36, 37, 45, 49, 51, 53, 55]",26,27,False
line,33,57,74,2,96.49122807017544,18,100.0,19,1,0.0007330000516958535,"[0, 3, 8, 10, 14, 19, 23, 24, 26, 28, 31, 34, 36, 37, 45, 49, 51, 53, 55]",27,28,False
line,34,57,74,2,96.49122807017544,18,100.0,19,1,0.0011222000466659665,"[0, 3, 8, 10, 14, 19, 23, 25, 28, 29, 31, 34, 36, 37, 45, 49, 51, 53, 55]",24,29,False
line,35,57,74,2,98.24561403508773,18,100.0,19,1,0.0008815000182949007,"[0, 3, 8, 10, 14, 19, 23, 24, 25, 28, 31, 34, 36, 37, 45, 49, 51, 53, 55]",29,30,False
line,36,57,74,2,96.49122807017544,18,100.0,19,1,0.0007257999968715012,"[0, 3, 8, 10, 14, 19, 23, 25, 28, 29, 31, 34, 36, 37, 45, 49, 51, 53, 55]",30,31,False
line,37,57,74,3,96.49122807017544,18,100.0,19,1,0.0007336999988183379,"[0, 3, 8, 10, 14, 19, 23, 25, 28, 30, 32, 34, 36, 37, 45, 49, 51, 53, 55]",31,32,False
line,38,57,74,2,98.24561403508773,18,100.0,19,1,0.0007637999951839447,"[0, 3, 8, 10, 14, 19, 23, 24, 25, 28, 31, 34, 36, 37, 45, 49, 51, 53, 55]",33,34,False
line,39,57,74,2,98.24561403508773,18,100.0,19,1,0.0009851999930106103,"[0, 3, 8, 10, 14, 19, 23, 24, 25, 28, 31, 33, 36, 37, 45, 49, 51, 53, 55]",34,35,False
line,40,57,74,2,98.24561403508773,18,100.0,19,1,0.0007609999738633633,"[0, 3, 8, 10, 14, 19, 23, 24, 25, 28, 31, 34, 36, 37, 45, 49, 51, 53, 55]",35,36,False
line,41,57,74,2,98.24561403508773,18,100.0,19,1,0.0007975000189617276,"[0, 3, 8, 10, 14, 19, 23, 24, 25, 28, 31, 35, 36, 37, 45, 49, 51, 53, 55]",36,37,False
line,42,57,74,2,96.49122807017544,18,100.0,19,1,0.0007223000284284353,"[0, 3, 8, 10, 14, 19, 23, 24, 25, 28, 31, 34, 37, 38, 45, 49, 51, 53, 55]",36,38,False
line,43,57,74,2,98.24561403508773,18,100.0,19,1,0.0008438000222668052,"[0, 3, 8, 10, 14, 19, 23, 24, 25, 28, 31, 34, 36, 37, 45, 49, 51, 53, 55]",35,39,False
line,44,57,74,2,96.49122807017544,18,100.0,20,2,0.0007889000116847456,"[0, 3, 8, 10, 14, 19, 20, 23, 24, 25, 28, 31, 34, 36, 37, 45, 49, 51, 53, 55]",21,37,False
line,45,57,74,2,98.24561403508773,18,100.0,19,1,0.0007394999847747386,"[0, 3, 8, 10, 14, 19, 23, 24, 25, 28, 31, 34, 36, 37, 45, 49, 51, 53, 55]",40,41,False
line,46,57,74,2,98.24561403508773,18,100.0,19,1,0.0007317000417970121,"[0, 3, 8, 10, 14, 19, 23, 24, 25, 28, 31, 34, 36, 37, 45, 49, 51, 53, 55]",40,42,False
line,47,57,74,2,96.49122807017544,18,100.0,19,1,0.0008452000329270959,"[0, 3, 8, 10, 19, 23, 24, 25, 28, 31, 34, 36, 37, 43, 45, 49, 51, 53, 55]",37,43,False
line,48,57,74,2,96.49122807017544,18,100.0,20,2,0.0007936999900266528,"[0, 3, 8, 10, 13, 14, 19, 23, 24, 25, 28, 31, 34, 36, 37, 46, 49, 51, 53, 55]",45,46,False
line,49,57,74,2,98.24561403508773,18,100.0,19,1,0.0007317000417970121,"[0, 3, 8, 10, 14, 19, 23, 24, 25, 28, 31, 34, 36, 37, 45, 49, 51, 53, 55]",46,47,False
line,50,57,74,2,98.24561403508773,18,100.0,19,1,0.00073050003265962,"[0, 3, 8, 10, 14, 19, 23, 24, 25, 28, 31, 34, 36, 37, 45, 49, 51, 53, 55]",47,48,False
line,51,57,74,2,98.24561403508773,18,100.0,19,1,0.0009925999911502004,"[0, 3, 8, 10, 14, 19, 23, 24, 25, 28, 31, 34, 36, 37, 45, 49, 51, 53, 55]",48,49,False
line,52,57,74,2,96.49122807017544,18,100.0,20,2,0.0007583000115118921,"[0, 3, 8, 9, 10, 14, 19, 23, 24, 25, 28, 31, 34, 36, 37, 45, 48, 51, 53, 55]",49,50,False
line,53,57,74,3,98.24561403508773,18,100.0,19,1,0.000806500029284507,"[0, 3, 5, 8, 10, 14, 19, 23, 24, 27, 31, 34, 36, 37, 45, 49, 51, 53, 55]",28,51,False
line,54,57,74,3,98.24561403508773,18,100.0,19,1,0.0011240000021643937,"[0, 3, 8, 10, 14, 19, 23, 24, 25, 28, 31, 34, 36, 37, 45, 49, 52, 53, 55]",51,52,False
line,55,57,75,2,98.24561403508773,18,100.0,19,1,0.001341200026217848,"[0, 3, 8, 10, 14, 19, 23, 24, 25, 28, 31, 34, 36, 37, 45, 49, 51, 53, 55]",52,53,False
line,56,57,75,2,98.24561403508773,18,100.0,19,1,0.00074230000609532,"[0, 3, 8, 10, 14, 19, 23, 24, 25, 28, 31, 34, 36, 37, 45, 49, 51, 53, 55]",53,54,False
line,57,57,74,2,98.24561403508773,18,100.0,19,1,0.0006914000259712338,"[0, 3, 8, 10, 14, 19, 23, 24, 25, 28, 31, 34, 36, 37, 45, 49, 51, 53, 55]",43,44,False
line,58,57,74,2,96.49122807017544,18,100.0,19,1,0.000915299984626472,"[0, 3, 8, 14, 19, 23, 24, 25, 28, 31, 34, 36, 37, 40, 45, 49, 51, 53, 55]",55,40,False
line,59,57,74,2,96.49122807017544,18,100.0,18,0,0.0007215000223368406,"[0, 3, 8, 14, 19, 23, 24, 25, 28, 31, 35, 37, 38, 40, 45, 49, 51, 53]",55,41,False
line,60,57,74,2,96.49122807017544,18,100.0,18,0,0.000693799986038357,"[0, 3, 8, 14, 19, 23, 24, 25, 28, 31, 35, 37, 38, 40, 45, 49, 51, 53]",56,55,False
line,61,57,74,2,98.24561403508773,18,100.0,19,1,0.0008194000110961497,"[0, 3, 8, 10, 14, 19, 23, 24, 25, 28, 31, 34, 36, 37, 45, 49, 51, 53, 55]",37,48,False
line,62,57,74,2,96.49122807017544,18,100.0,20,2,0.0012120999745093286,"[0, 3, 8, 9, 10, 14, 19, 23, 24, 25, 28, 31, 34, 36, 37, 45, 48, 51, 53, 55]",37,47,False
trafo,0,57,75,2,98.24561403508773,18,100.0,19,1,0.000923900050111115,"[0, 3, 8, 10, 14, 19, 23, 24, 25, 28, 31, 34, 36, 37, 45, 49, 51, 53, 55]",17,3,False
trafo,1,57,74,2,96.49122807017544,18,100.0,20,2,0.0008927999879233539,"[0, 3, 8, 10, 14, 18, 19, 23, 24, 25, 28, 31, 34, 36, 37, 45, 49, 51, 53, 55]",17,3,False
trafo,2,57,74,2,96.49122807017544,18,100.0,20,2,0.0007573999464511871,"[0, 3, 8, 10, 14, 18, 20, 23, 24, 25, 28, 31, 34, 36, 37, 45, 49, 51, 53, 55]",19,20,False
trafo,3,57,75,2,98.24561403508773,18,100.0,19,1,0.0007253999938257039,"[0, 3, 8, 10, 14, 19, 23, 24, 25, 28, 31, 34, 36, 37, 45, 49, 51, 53, 55]",24,23,False
trafo,4,57,75,2,98.24561403508773,18,100.0,19,1,0.0008137999684549868,"[0, 3, 8, 10, 14, 19, 23, 24, 25, 28, 31, 34, 36, 37, 45, 49, 51, 53, 55]",24,23,False
trafo,5,57,74,2,98.24561403508773,18,100.0,19,1,0.0017594000091776252,"[0, 3, 8, 10, 14, 19, 23, 24, 25, 28, 31, 34, 36, 37, 45, 49, 51, 53, 55]",25,23,False
trafo,6,57,74,2,96.49122807017544,18,100.0,19,1,0.0007265000022016466,"[0, 3, 5, 8, 10, 14, 19, 23, 24, 27, 31, 34, 36, 37, 45, 49, 51, 53, 55]",28,6,False
trafo,7,57,74,2,98.24561403508773,18,100.0,19,1,0.0007255999953486025,"[0, 3, 8, 10, 14, 19, 23, 25, 28, 30, 31, 34, 36, 37, 45, 49, 51, 53, 55]",31,33,False
trafo,8,57,75,2,98.24561403508773,18,100.0,19,1,0.0007369999657385051,"[0, 3, 8, 10, 14, 19, 23, 24, 25, 28, 31, 34, 36, 37, 45, 49, 51, 53, 55]",40,10,False
trafo,9,57,74,2,96.49122807017544,18,100.0,19,1,0.0011560000129975379,"[0, 3, 8, 10, 19, 23, 24, 25, 28, 31, 34, 36, 37, 43, 45, 49, 51, 53, 55]",44,14,False
trafo,10,57,74,2,98.24561403508773,18,100.0,19,1,0.0007295000250451267,"[0, 3, 8, 10, 14, 19, 23, 24, 25, 28, 31, 34, 36, 37, 45, 49, 51, 53, 55]",45,13,False
trafo,11,57,74,2,98.24561403508773,18,100.0,19,1,0.0009086999925784767,"[0, 3, 8, 10, 14, 19, 23, 24, 25, 28, 31, 34, 36, 37, 45, 49, 51, 53, 55]",50,9,False
trafo,12,57,74,2,98.24561403508773,18,100.0,19,1,0.0025538000045344234,"[0, 3, 8, 10, 14, 19, 23, 24, 25, 28, 31, 34, 36, 37, 45, 49, 51, 53, 55]",48,12,False
trafo,13,57,74,2,96.49122807017544,18,100.0,19,1,0.001204199972562492,"[0, 3, 8, 14, 19, 23, 24, 25, 28, 31, 34, 36, 37, 40, 45, 49, 51, 53, 55]",42,10,False
trafo,14,57,74,2,96.49122807017544,18,100.0,18,0,0.0007532999734394252,"[0, 3, 8, 14, 19, 23, 24, 25, 28, 31, 35, 37, 38, 40, 45, 49, 51, 53]",55,39,False
trafo,15,57,74,2,98.24561403508773,18,100.0,19,1,0.0013013999559916556,"[0, 3, 8, 10, 14, 19, 23, 24, 25, 28, 31, 34, 36, 37, 45, 49, 51, 53, 55]",56,38,False
trafo,16,57,74,3,96.49122807017544,18,100.0,21,3,0.0008291000267490745,"[0, 3, 5, 10, 12, 14, 19, 23, 24, 25, 28, 31, 34, 36, 37, 45, 50, 51, 53, 54, 55]",54,8,False
line,0,57,71,1,94.73684210526316,18,100.0,20,2,0.000811800011433661,"[0, 1, 3, 8, 14, 18, 20, 23, 24, 25, 28, 31, 34, 36, 37, 40, 45, 49, 52, 55]",0,1,False
line,1,57,71,1,96.49122807017544,18,100.0,19,1,0.001260399993043393,"[0, 3, 8, 14, 18, 20, 23, 24, 25, 28, 31, 34, 36, 37, 40, 45, 49, 52, 55]",1,2,False
line,2,57,71,1,96.49122807017544,18,100.0,19,1,0.0007880000048317015,"[0, 3, 8, 14, 18, 20, 23, 24, 25, 28, 31, 34, 36, 37, 40, 45, 49, 52, 55]",2,3,False
line,3,57,71,1,94.73684210526316,18,100.0,20,2,0.0014436999917961657,"[0, 3, 4, 8, 14, 18, 20, 23, 24, 25, 28, 31, 34, 36, 37, 40, 45, 49, 52, 55]",3,4,False
line,4,57,71,1,94.73684210526316,18,100.0,20,2,0.0007845999789424241,"[0, 3, 4, 8, 14, 18, 20, 23, 24, 25, 28, 31, 34, 36, 37, 40, 45, 49, 52, 55]",3,5,False
line,5,57,71,1,96.49122807017544,18,100.0,19,1,0.0008854000479914248,"[0, 3, 8, 14, 18, 20, 23, 24, 25, 28, 31, 34, 36, 37, 40, 45, 49, 52, 55]",5,6,False
line,6,57,71,1,96.49122807017544,18,100.0,19,1,0.001301199954468757,"[0, 3, 8, 14, 18, 20, 23, 24, 25, 28, 31, 34, 36, 37, 40, 45, 49, 52, 55]",5,7,False
line,7,57,71,1,94.73684210526316,18,100.0,20,2,0.000818000000435859,"[0, 3, 5, 8, 14, 18, 20, 23, 24, 25, 28, 31, 34, 36, 37, 40, 45, 49, 52, 55]",7,8,False
line,8,57,71,1,94.73684210526316,18,100.0,19,1,0.0007174000493250787,"[0, 3, 8, 14, 18, 20, 23, 24, 25, 28, 31, 34, 36, 37, 40, 45, 50, 52, 55]",8,9,False
line,9,57,71,1,96.49122807017544,18,100.0,18,0,0.0009552999981679022,"[0, 3, 8, 14, 18, 20, 23, 24, 25, 28, 31, 35, 37, 38, 40, 45, 49, 52]",8,10,False
line,10,57,71,1,94.73684210526316,18,100.0,20,2,0.0010081999935209751,"[0, 3, 8, 9, 14, 18, 20, 23, 24, 25, 28, 31, 34, 36, 37, 40, 45, 48, 52, 55]",8,11,False
line,11,57,71,1,96.49122807017544,18,100.0,19,1,0.0007387999794445932,"[0, 3, 8, 14, 18, 20, 23, 24, 25, 28, 31, 34, 36, 37, 40, 45, 49, 52, 55]",8,12,False
line,12,57,71,1,96.49122807017544,18,100.0,19,1,0.0014350000419653952,"[0, 3, 8, 14, 18, 20, 23, 24, 25, 28, 31, 34, 36, 37, 40, 45, 49, 52, 55]",12,13,False
line,13,57,71,1,96.49122807017544,18,100.0,19,1,0.0007812999538145959,"[0, 3, 8, 14, 18, 20, 23, 24, 25, 28, 31, 34, 36, 37, 40, 45, 49, 52, 55]",12,14,False
line,14,57,71,1,96.49122807017544,18,100.0,19,1,0.000797299959231168,"[0, 3, 8, 14, 18, 20, 23, 24, 25, 28, 31, 34, 36, 37, 40, 45, 49, 52, 55]",0,14,False
line,15,57,71,1,94.73684210526316,18,100.0,20,2,0.0009233999880962074,"[0, 3, 8, 11, 14, 18, 20, 23, 24, 25, 28, 31, 34, 36, 37, 40, 45, 49, 52, 55]",0,15,False
line,16,57,71,1,94.73684210526316,18,100.0,20,2,0.0007483999943360686,"[0, 3, 8, 11, 14, 18, 20, 23, 24, 25, 28, 31, 34, 36, 37, 40, 45, 49, 52, 55]",0,16,False
line,17,57,71,1,96.49122807017544,18,100.0,19,1,0.001292700006160885,"[0, 3, 8, 14, 18, 20, 23, 24, 25, 28, 31, 34, 36, 37, 40, 45, 49, 52, 55]",2,14,False
line,18,57,71,1,96.49122807017544,18,100.0,19,1,0.0010107000125572085,"[0, 3, 8, 14, 18, 20, 23, 24, 25, 28, 31, 34, 36, 37, 40, 45, 49, 52, 55]",4,5,False
line,19,57,71,1,96.49122807017544,18,100.0,19,1,0.0007233000360429287,"[0, 3, 8, 14, 18, 20, 23, 24, 25, 28, 31, 34, 36, 37, 40, 45, 49, 52, 55]",6,7,False
line,20,57,71,1,96.49122807017544,18,100.0,19,1,0.0007558000506833196,"[0, 3, 8, 14, 18, 20, 23, 24, 25, 28, 31, 34, 36, 37, 40, 45, 49, 52, 55]",9,11,False
line,21,57,72,1,96.49122807017544,18,100.0,19,1,0.0007303000311367214,"[0, 3, 8, 14, 18, 20, 23, 24, 25, 28, 31, 34, 36, 37, 40, 45, 49, 52, 55]",10,12,False
line,22,57,72,1,96.49122807017544,18,100.0,19,1,0.0007216999656520784,"[0, 3, 8, 14, 18, 20, 23, 24, 25, 28, 31, 34, 36, 37, 40, 45, 49, 52, 55]",11,12,False
line,23,57,71,1,96.49122807017544,18,100.0,19,1,0.0007978000212460756,"[0, 3, 8, 14, 18, 20, 23, 24, 25, 28, 31, 34, 36, 37, 40, 45, 49, 52, 55]",11,15,False
line,24,57,71,1,96.49122807017544,18,100.0,19,1,0.0007214000215753913,"[0, 3, 8, 14, 18, 20, 23, 24, 25, 28, 31, 34, 36, 37, 40, 45, 49, 52, 55]",11,16,False
line,25,57,71,1,94.73684210526316,18,100.0,20,2,0.000749099999666214,"[0, 3, 8, 12, 14, 18, 20, 23, 24, 25, 28, 31, 34, 36, 37, 40, 45, 49, 52, 55]",13,14,False
line,26,57,71,2,96.49122807017544,18,100.0,19,1,0.0007666000165045261,"[0, 3, 8, 14, 18, 20, 23, 24, 25, 28, 31, 34, 36, 37, 40, 45, 49, 52, 55]",17,18,False
line,27,57,71,2,94.73684210526316,18,100.0,20,2,0.0008932999917306006,"[0, 3, 8, 14, 17, 19, 20, 23, 24, 25, 28, 31, 34, 36, 37, 40, 45, 49, 52, 55]",18,19,False
line,28,57,71,2,96.49122807017544,18,100.0,19,1,0.0007492000004276633,"[0, 3, 8, 14, 18, 20, 23, 24, 25, 28, 31, 34, 36, 37, 40, 45, 49, 52, 55]",20,21,False
line,29,57,71,1,96.49122807017544,18,100.0,19,1,0.0007451999699696898,"[0, 3, 8, 14, 18, 20, 23, 24, 25, 28, 31, 34, 36, 37, 40, 45, 49, 52, 55]",21,22,False
line,30,57,71,1,94.73684210526316,18,100.0,19,1,0.0011075999937020242,"[0, 3, 8, 14, 18, 21, 23, 24, 25, 28, 31, 34, 36, 37, 40, 45, 49, 52, 55]",22,23,False
line,31,57,71,1,94.73684210526316,18,100.0,19,1,0.0007972000166773796,"[0, 3, 8, 14, 18, 20, 23, 24, 26, 28, 31, 34, 36, 37, 40, 45, 49, 52, 55]",25,26,False
line,32,57,71,1,96.49122807017544,18,100.0,19,1,0.0007248999900184572,"[0, 3, 8, 14, 18, 20, 23, 24, 25, 28, 31, 34, 36, 37, 40, 45, 49, 52, 55]",26,27,False
line,33,57,71,1,94.73684210526316,18,100.0,19,1,0.0008891999605111778,"[0, 3, 8, 14, 18, 20, 23, 24, 26, 28, 31, 34, 36, 37, 40, 45, 49, 52, 55]",27,28,False
line,34,57,71,1,94.73684210526316,18,100.0,19,1,0.0007224999717436731,"[0, 3, 8, 14, 18, 20, 23, 25, 28, 29, 31, 34, 36, 37, 40, 45, 49, 52, 55]",24,29,False
line,35,57,71,1,96.49122807017544,18,100.0,19,1,0.0011260000173933804,"[0, 3, 8, 14, 18, 20, 23, 24, 25, 28, 31, 34, 36, 37, 40, 45, 49, 52, 55]",29,30,False
line,36,57,71,1,94.73684210526316,18,100.0,19,1,0.001332900021225214,"[0, 3, 8, 14, 18, 20, 23, 25, 28, 29, 31, 34, 36, 37, 40, 45, 49, 52, 55]",30,31,False
line,37,57,71,2,94.73684210526316,18,100.0,19,1,0.0011832000454887748,"[0, 3, 8, 14, 18, 20, 23, 25, 28, 30, 32, 34, 36, 37, 40, 45, 49, 52, 55]",31,32,False
line,38,57,71,1,96.49122807017544,18,100.0,19,1,0.000985699996817857,"[0, 3, 8, 14, 18, 20, 23, 24, 25, 28, 31, 34, 36, 37, 40, 45, 49, 52, 55]",33,34,False
line,39,57,71,1,96.49122807017544,18,100.0,19,1,0.0013334000250324607,"[0, 3, 8, 14, 18, 20, 23, 24, 25, 28, 31, 33, 36, 37, 40, 45, 49, 52, 55]",34,35,False
line,40,57,71,1,96.49122807017544,18,100.0,19,1,0.0009947000071406364,"[0, 3, 8, 14, 18, 20, 23, 24, 25, 28, 31, 34, 36, 37, 40, 45, 49, 52, 55]",35,36,False
line,41,57,71,1,96.49122807017544,18,100.0,19,1,0.0008650000090710819,"[0, 3, 8, 14, 18, 20, 23, 24, 25, 28, 31, 35, 36, 37, 40, 45, 49, 52, 55]",36,37,False
line,42,57,71,1,94.73684210526316,18,100.0,19,1,0.0008028000011108816,"[0, 3, 8, 14, 18, 20, 23, 24, 25, 28, 31, 34, 37, 38, 40, 45, 49, 52, 55]",36,38,False
line,43,57,71,1,96.49122807017544,18,100.0,19,1,0.0007748000207357109,"[0, 3, 8, 14, 18, 20, 23, 24, 25, 28, 31, 34, 36, 37, 40, 45, 49, 52, 55]",35,39,False
line,44,57,71,1,94.73684210526316,18,100.0,19,1,0.0012190000270493329,"[0, 3, 8, 14, 18, 20, 23, 24, 25, 28, 31, 34, 36, 37, 40, 45, 49, 52, 55]",21,37,False
line,45,57,71,1,96.49122807017544,18,100.0,19,1,0.0009504000190645456,"[0, 3, 8, 14, 18, 20, 23, 24, 25, 28, 31, 34, 36, 37, 40, 45, 49, 52, 55]",40,41,False
line,46,57,71,2,96.49122807017544,18,100.0,19,1,0.0008869000012055039,"[0, 3, 8, 14, 18, 20, 23, 24, 25, 28, 31, 34, 36, 37, 42, 45, 49, 52, 55]",40,42,False
line,47,57,71,1,94.73684210526316,18,100.0,20,2,0.0007823999621905386,"[0, 3, 8, 14, 18, 20, 23, 24, 25, 28, 31, 34, 36, 37, 40, 43, 45, 49, 52, 55]",37,43,False
line,48,57,71,2,94.73684210526316,18,100.0,20,2,0.0016109999851323664,"[0, 3, 8, 14, 18, 20, 23, 24, 25, 28, 31, 34, 36, 37, 40, 45, 46, 49, 52, 55]",45,46,False
line,49,57,71,2,96.49122807017544,18,100.0,19,1,0.0007669000187888741,"[0, 3, 8, 14, 18, 20, 23, 24, 25, 28, 31, 34, 36, 37, 40, 45, 49, 52, 55]",46,47,False
line,50,57,71,1,96.49122807017544,18,100.0,19,1,0.0008826000266708434,"[0, 3, 8, 14, 18, 20, 23, 24, 25, 28, 31, 34, 36, 37, 40, 45, 49, 52, 55]",47,48,False
line,51,57,71,1,96.49122807017544,18,100.0,19,1,0.0007292000227607787,"[0, 3, 8, 14, 18, 20, 23, 24, 25, 28, 31, 34, 36, 37, 40, 45, 49, 52, 55]",48,49,False
line,52,57,71,1,94.73684210526316,18,100.0,20,2,0.001143599976785481,"[0, 3, 8, 9, 14, 18, 20, 23, 24, 25, 28, 31, 34, 36, 37, 40, 45, 48, 52, 55]",49,50,False
line,53,57,71,2,94.73684210526316,18,100.0,20,2,0.0009296999778598547,"[0, 3, 5, 8, 14, 18, 20, 23, 24, 27, 31, 34, 36, 37, 40, 45, 49, 51, 52, 55]",28,51,False
line,54,57,72,1,96.49122807017544,18,100.0,19,1,0.0010885000228881836,"[0, 3, 8, 14, 18, 20, 23, 24, 25, 28, 31, 34, 36, 37, 40, 45, 49, 52, 55]",51,52,False
line,55,57,71,2,94.73684210526316,18,100.0,20,2,0.0016057000029832125,"[0, 3, 8, 14, 18, 20, 23, 24, 25, 28, 31, 34, 36, 37, 40, 45, 49, 52, 53, 55]",52,53,False
line,56,57,71,2,96.49122807017544,18,100.0,19,1,0.001969899982213974,"[0, 3, 8, 14, 18, 20, 23, 24, 25, 28, 31, 34, 36, 37, 40, 45, 49, 52, 55]",53,54,False
line,57,57,71,1,96.49122807017544,18,100.0,19,1,0.0007857999880798161,"[0, 3, 8, 14, 18, 20, 23, 24, 25, 28, 31, 34, 36, 37, 40, 45, 49, 52, 55]",43,44,False
line,58,57,71,1,96.49122807017544,18,100.0,19,1,0.0013028999674133956,"[0, 3, 8, 14, 18, 20, 23, 24, 25, 28, 31, 34, 36, 37, 40, 45, 49, 52, 55]",55,40,False
line,59,57,71,1,94.73684210526316,18,100.0,18,0,0.0015381999546661973,"[0, 3, 8, 14, 18, 20, 23, 24, 25, 28, 31, 35, 37, 38, 40, 45, 49, 52]",55,41,False
line,60,57,71,1,94.73684210526316,18,100.0,18,0,0.0014104999718256295,"[0, 3, 8, 14, 18, 20, 23, 24, 25, 28, 31, 35, 37, 38, 40, 45, 49, 52]",56,55,False
line,61,57,71,1,96.49122807017544,18,100.0,19,1,0.001994399994146079,"[0, 3, 8, 14, 18, 20, 23, 24, 25, 28, 31, 34, 36, 37, 40, 45, 49, 52, 55]",37,48,False
line,62,57,71,1,94.73684210526316,18,100.0,19,1,0.0007988999714143574,"[0, 3, 8, 14, 18, 20, 23, 24, 25, 28, 31, 34, 36, 37, 40, 46, 49, 52, 55]",37,47,False
trafo,0,57,72,1,96.49122807017544,18,100.0,19,1,0.0008234999841079116,"[0, 3, 8, 14, 18, 20, 23, 24, 25, 28, 31, 34, 36, 37, 40, 45, 49, 52, 55]",17,3,False
trafo,1,57,72,1,96.49122807017544,18,100.0,19,1,0.001020600029733032,"[0, 3, 8, 14, 18, 20, 23, 24, 25, 28, 31, 34, 36, 37, 40, 45, 49, 52, 55]",17,3,False
trafo,2,57,72,1,96.49122807017544,18,100.0,19,1,0.0014786000247113407,"[0, 3, 8, 14, 18, 20, 23, 24, 25, 28, 31, 34, 36, 37, 40, 45, 49, 52, 55]",19,20,False
trafo,3,57,72,1,96.49122807017544,18,100.0,19,1,0.000824199989438057,"[0, 3, 8, 14, 18, 20, 23, 24, 25, 28, 31, 34, 36, 37, 40, 45, 49, 52, 55]",24,23,False
trafo,4,57,72,1,96.49122807017544,18,100.0,19,1,0.0013828999944962561,"[0, 3, 8, 14, 18, 20, 23, 24, 25, 28, 31, 34, 36, 37, 40, 45, 49, 52, 55]",24,23,False
trafo,5,57,71,1,96.49122807017544,18,100.0,19,1,0.0012108999653719366,"[0, 3, 8, 14, 18, 20, 23, 24, 25, 28, 31, 34, 36, 37, 40, 45, 49, 52, 55]",25,23,False
trafo,6,57,71,1,94.73684210526316,18,100.0,20,2,0.0014010999584570527,"[0, 3, 5, 8, 14, 18, 20, 23, 24, 27, 28, 31, 34, 36, 37, 40, 45, 49, 52, 55]",28,6,False
trafo,7,57,71,1,96.49122807017544,18,100.0,19,1,0.002491599996574223,"[0, 3, 8, 14, 18, 20, 23, 25, 28, 30, 31, 34, 36, 37, 40, 45, 49, 52, 55]",31,33,False
trafo,8,57,71,1,96.49122807017544,18,100.0,19,1,0.0007593000191263855,"[0, 3, 8, 14, 18, 20, 23, 24, 25, 28, 31, 34, 36, 37, 40, 45, 49, 52, 55]",40,10,False
trafo,9,57,71,1,94.73684210526316,18,100.0,20,2,0.0008017999934963882,"[0, 3, 8, 12, 18, 20, 23, 24, 25, 28, 31, 34, 36, 37, 40, 43, 45, 49, 52, 55]",44,14,False
trafo,10,57,72,1,96.49122807017544,18,100.0,19,1,0.0011937000090256333,"[0, 3, 8, 14, 18, 20, 23, 24, 25, 28, 31, 34, 36, 37, 40, 45, 49, 52, 55]",45,13,False
trafo,11,57,71,1,96.49122807017544,18,100.0,19,1,0.0013749999925494194,"[0, 3, 8, 14, 18, 20, 23, 24, 25, 28, 31, 34, 36, 37, 40, 45, 49, 52, 55]",50,9,False
trafo,12,57,71,1,96.49122807017544,18,100.0,19,1,0.0007839000318199396,"[0, 3, 8, 14, 18, 20, 23, 24, 25, 28, 31, 34, 36, 37, 40, 45, 49, 52, 55]",48,12,False
trafo,13,57,72,1,96.49122807017544,18,100.0,19,1,0.0007830000249668956,"[0, 3, 8, 14, 18, 20, 23, 24, 25, 28, 31, 34, 36, 37, 40, 45, 49, 52, 55]",42,10,False
trafo,14,57,71,1,94.73684210526316,18,100.0,18,0,0.0011560999555513263,"[0, 3, 8, 14, 18, 20, 23, 24, 25, 28, 31, 35, 37, 38, 40, 45, 49, 52]",55,39,False
trafo,15,57,71,1,96.49122807017544,18,100.0,19,1,0.001269300002604723,"[0, 3, 8, 14, 18, 20, 23, 24, 25, 28, 31, 34, 36, 37, 40, 45, 49, 52, 55]",56,38,False
trafo,16,57,71,2,94.73684210526316,18,100.0,19,1,0.0007919000345282257,"[0, 3, 8, 14, 18, 20, 23, 24, 25, 28, 31, 34, 36, 37, 40, 45, 49, 53, 55]",54,8,False
line,0,57,74,1,96.49122807017544,18,100.0,19,1,0.0012398000108078122,"[0, 1, 3, 6, 8, 10, 14, 19, 23, 24, 27, 31, 34, 36, 37, 45, 49, 52, 55]",0,1,False
line,1,57,74,1,98.24561403508773,18,100.0,18,0,0.0007322999881580472,"[0, 3, 6, 8, 10, 14, 19, 23, 24, 27, 31, 34, 36, 37, 45, 49, 52, 55]",1,2,False
line,2,57,74,1,98.24561403508773,18,100.0,18,0,0.0014526000013574958,"[0, 3, 6, 8, 10, 14, 19, 23, 24, 27, 31, 34, 36, 37, 45, 49, 52, 55]",2,3,False
line,3,57,74,1,96.49122807017544,18,100.0,19,1,0.0007820000173524022,"[0, 3, 4, 6, 8, 10, 14, 19, 23, 24, 27, 31, 34, 36, 37, 45, 49, 52, 55]",3,4,False
line,4,57,74,1,96.49122807017544,18,100.0,18,0,0.0009157999884337187,"[0, 3, 7, 8, 10, 14, 19, 23, 24, 27, 31, 34, 36, 37, 45, 49, 52, 55]",3,5,False
line,5,57,75,1,98.24561403508773,18,100.0,18,0,0.0026198000414296985,"[0, 3, 6, 8, 10, 14, 19, 23, 24, 27, 31, 34, 36, 37, 45, 49, 52, 55]",5,6,False
line,6,57,74,1,98.24561403508773,18,100.0,18,0,0.000770699989516288,"[0, 3, 6, 8, 10, 14, 19, 23, 24, 27, 31, 34, 36, 37, 45, 49, 52, 55]",5,7,False
line,7,57,74,1,96.49122807017544,18,100.0,19,1,0.000832199992146343,"[0, 3, 6, 8, 10, 12, 14, 19, 23, 24, 27, 31, 34, 36, 37, 45, 50, 52, 55]",7,8,False
line,8,57,74,1,96.49122807017544,18,100.0,19,1,0.0014872999745421112,"[0, 3, 6, 8, 10, 12, 14, 19, 23, 24, 27, 31, 34, 36, 37, 45, 50, 52, 55]",8,9,False
line,9,57,74,1,98.24561403508773,18,100.0,19,1,0.0008289000252261758,"[0, 3, 6, 8, 10, 12, 14, 19, 23, 24, 27, 31, 34, 36, 37, 45, 49, 52, 55]",8,10,False
line,10,57,74,1,96.49122807017544,18,100.0,19,1,0.0008771000429987907,"[0, 3, 6, 8, 10, 12, 14, 19, 23, 24, 27, 31, 34, 36, 37, 45, 49, 52, 55]",8,11,False
line,11,57,74,1,98.24561403508773,18,100.0,18,0,0.0008281000191345811,"[0, 3, 6, 8, 10, 14, 19, 23, 24, 27, 31, 34, 36, 37, 45, 49, 52, 55]",8,12,False
line,12,57,74,1,98.24561403508773,18,100.0,18,0,0.0011116000241599977,"[0, 3, 6, 8, 10, 14, 19, 23, 24, 27, 31, 34, 36, 37, 45, 49, 52, 55]",12,13,False
line,13,57,74,1,98.24561403508773,18,100.0,18,0,0.0008527000318281353,"[0, 3, 6, 8, 10, 14, 19, 23, 24, 27, 31, 34, 36, 37, 45, 49, 52, 55]",12,14,False
line,14,57,74,1,98.24561403508773,18,100.0,19,1,0.001450599986128509,"[0, 3, 6, 8, 10, 13, 14, 19, 23, 24, 27, 31, 34, 36, 37, 45, 49, 52, 55]",0,14,False
line,15,57,74,1,96.49122807017544,18,100.0,19,1,0.001179999962914735,"[0, 3, 6, 8, 10, 11, 14, 19, 23, 24, 27, 31, 34, 36, 37, 45, 49, 52, 55]",0,15,False
line,16,57,74,1,96.49122807017544,18,100.0,19,1,0.0008191000088118017,"[0, 3, 6, 8, 10, 11, 14, 19, 23, 24, 27, 31, 34, 36, 37, 45, 49, 52, 55]",0,16,False
line,17,57,74,1,98.24561403508773,18,100.0,18,0,0.0007746999617666006,"[0, 3, 6, 8, 10, 14, 19, 23, 24, 27, 31, 34, 36, 37, 45, 49, 52, 55]",2,14,False
line,18,57,74,1,98.24561403508773,18,100.0,18,0,0.0008023000555112958,"[0, 3, 6, 8, 10, 14, 19, 23, 24, 27, 31, 34, 36, 37, 45, 49, 52, 55]",4,5,False
line,19,57,74,2,98.24561403508773,18,100.0,18,0,0.0014951999764889479,"[0, 3, 6, 8, 10, 14, 19, 23, 24, 27, 31, 34, 36, 37, 45, 49, 52, 55]",6,7,False
line,20,57,74,1,98.24561403508773,18,100.0,18,0,0.0013743999879807234,"[0, 3, 6, 8, 10, 14, 19, 23, 24, 27, 31, 34, 36, 37, 45, 49, 52, 55]",9,11,False
line,21,57,74,1,98.24561403508773,18,100.0,18,0,0.00180159998126328,"[0, 3, 6, 8, 10, 14, 19, 23, 24, 27, 31, 34, 36, 37, 45, 49, 52, 55]",10,12,False
line,22,57,74,1,98.24561403508773,18,100.0,18,0,0.0029344999929890037,"[0, 3, 6, 8, 10, 14, 19, 23, 24, 27, 31, 34, 36, 37, 45, 49, 52, 55]",11,12,False
line,23,57,74,1,98.24561403508773,18,100.0,18,0,0.0008446999709121883,"[0, 3, 6, 8, 10, 14, 19, 23, 24, 27, 31, 34, 36, 37, 45, 49, 52, 55]",11,15,False
line,24,57,74,1,98.24561403508773,18,100.0,18,0,0.0007545999833382666,"[0, 3, 6, 8, 10, 14, 19, 23, 24, 27, 31, 34, 36, 37, 45, 49, 52, 55]",11,16,False
line,25,57,74,1,98.24561403508773,18,100.0,18,0,0.0007587999571114779,"[0, 3, 6, 8, 10, 14, 19, 23, 24, 27, 31, 34, 36, 37, 45, 49, 52, 55]",13,14,False
line,26,57,74,1,98.24561403508773,18,100.0,18,0,0.0016543999663554132,"[0, 3, 6, 8, 10, 14, 19, 23, 24, 27, 31, 34, 36, 37, 45, 49, 52, 55]",17,18,False
line,27,57,74,1,96.49122807017544,18,100.0,19,1,0.0013942000223323703,"[0, 3, 6, 8, 10, 14, 17, 19, 23, 24, 27, 31, 34, 36, 37, 45, 49, 52, 55]",18,19,False
line,28,57,74,1,98.24561403508773,18,100.0,18,0,0.0014598999987356365,"[0, 3, 6, 8, 10, 14, 19, 23, 24, 27, 31, 34, 36, 37, 45, 49, 52, 55]",20,21,False
line,29,57,74,1,98.24561403508773,18,100.0,18,0,0.0008704999927431345,"[0, 3, 6, 8, 10, 14, 19, 23, 24, 27, 31, 34, 36, 37, 45, 49, 52, 55]",21,22,False
line,30,57,74,1,96.49122807017544,18,100.0,19,1,0.001977599982637912,"[0, 3, 6, 8, 10, 14, 19, 21, 23, 24, 27, 31, 34, 36, 37, 45, 49, 52, 55]",22,23,False
line,31,57,74,1,96.49122807017544,18,100.0,18,0,0.0011505000293254852,"[0, 3, 6, 8, 10, 14, 19, 23, 24, 27, 31, 34, 36, 37, 45, 49, 52, 55]",25,26,False
line,32,57,74,1,98.24561403508773,18,100.0,19,1,0.0008157999836839736,"[0, 3, 6, 8, 10, 14, 19, 23, 24, 25, 28, 31, 34, 36, 37, 45, 49, 52, 55]",26,27,False
line,33,57,74,1,96.49122807017544,18,100.0,19,1,0.000916199991479516,"[0, 3, 6, 8, 10, 14, 19, 23, 24, 26, 31, 34, 36, 37, 45, 49, 51, 52, 55]",27,28,False
line,34,57,74,1,96.49122807017544,18,100.0,18,0,0.0008696999866515398,"[0, 3, 6, 8, 10, 14, 19, 23, 27, 29, 31, 34, 36, 37, 45, 49, 52, 55]",24,29,False
line,35,57,74,1,98.24561403508773,18,100.0,18,0,0.0008927999879233539,"[0, 3, 6, 8, 10, 14, 19, 23, 24, 27, 31, 34, 36, 37, 45, 49, 52, 55]",29,30,False
line,36,57,74,1,96.49122807017544,18,100.0,18,0,0.0015295000048354268,"[0, 3, 6, 8, 10, 14, 19, 23, 27, 29, 31, 34, 36, 37, 45, 49, 52, 55]",30,31,False
line,37,57,74,2,96.49122807017544,18,100.0,18,0,0.0007477000472135842,"[0, 3, 6, 8, 10, 14, 19, 23, 27, 30, 32, 34, 36, 37, 45, 49, 52, 55]",31,32,False
line,38,57,74,1,98.24561403508773,18,100.0,18,0,0.0008110000053420663,"[0, 3, 6, 8, 10, 14, 19, 23, 24, 27, 31, 34, 36, 37, 45, 49, 52, 55]",33,34,False
line,39,57,74,1,96.49122807017544,18,100.0,19,1,0.0007255999953486025,"[0, 3, 6, 8, 10, 14, 19, 23, 24, 27, 31, 33, 35, 36, 37, 45, 49, 52, 55]",34,35,False
line,40,57,75,1,98.24561403508773,18,100.0,18,0,0.0006971000111661851,"[0, 3, 6, 8, 10, 14, 19, 23, 24, 27, 31, 34, 36, 37, 45, 49, 52, 55]",35,36,False
line,41,57,74,1,98.24561403508773,18,100.0,18,0,0.0008680999744683504,"[0, 3, 6, 8, 10, 14, 19, 23, 24, 27, 31, 34, 36, 37, 45, 49, 52, 55]",36,37,False
line,42,57,74,1,96.49122807017544,18,100.0,18,0,0.0008125999593175948,"[0, 3, 6, 8, 10, 14, 19, 23, 24, 27, 31, 34, 37, 38, 45, 49, 52, 55]",36,38,False
line,43,57,74,1,98.24561403508773,18,100.0,18,0,0.0006971999537199736,"[0, 3, 6, 8, 10, 14, 19, 23, 24, 27, 31, 34, 36, 37, 45, 49, 52, 55]",35,39,False
line,44,57,74,1,96.49122807017544,18,100.0,19,1,0.0007995000341907144,"[0, 3, 6, 8, 10, 14, 19, 20, 23, 24, 27, 31, 34, 36, 37, 45, 49, 52, 55]",21,37,False
line,45,57,74,1,98.24561403508773,18,100.0,18,0,0.0006942999898456037,"[0, 3, 6, 8, 10, 14, 19, 23, 24, 27, 31, 34, 36, 37, 45, 49, 52, 55]",40,41,False
line,46,57,74,1,98.24561403508773,18,100.0,18,0,0.0017243000329472125,"[0, 3, 6, 8, 10, 14, 19, 23, 24, 27, 31, 34, 36, 37, 45, 49, 52, 55]",40,42,False
line,47,57,74,1,96.49122807017544,18,100.0,18,0,0.0007851000409573317,"[0, 3, 6, 8, 10, 19, 23, 24, 27, 31, 34, 36, 37, 43, 45, 49, 52, 55]",37,43,False
line,48,57,74,1,96.49122807017544,18,100.0,19,1,0.0008526000310666859,"[0, 3, 6, 8, 10, 13, 14, 19, 23, 24, 27, 31, 34, 36, 37, 46, 49, 52, 55]",45,46,False
line,49,57,74,1,98.24561403508773,18,100.0,18,0,0.0009328000014647841,"[0, 3, 6, 8, 10, 14, 19, 23, 24, 27, 31, 34, 36, 37, 45, 49, 52, 55]",46,47,False
line,50,57,74,1,98.24561403508773,18,100.0,18,0,0.0007312999805435538,"[0, 3, 6, 8, 10, 14, 19, 23, 24, 27, 31, 34, 36, 37, 45, 49, 52, 55]",47,48,False
line,51,57,74,1,98.24561403508773,18,100.0,18,0,0.0008376000332646072,"[0, 3, 6, 8, 10, 14, 19, 23, 24, 27, 31, 34, 36, 37, 45, 49, 52, 55]",48,49,False
line,52,57,74,1,96.49122807017544,18,100.0,19,1,0.0007443000213243067,"[0, 3, 6, 8, 9, 10, 14, 19, 23, 24, 27, 31, 34, 36, 37, 45, 48, 52, 55]",49,50,False
line,53,57,74,1,98.24561403508773,18,100.0,18,0,0.0008143000304698944,"[0, 3, 6, 8, 10, 14, 19, 23, 24, 27, 31, 34, 36, 37, 45, 49, 52, 55]",28,51,False
line,54,57,74,1,98.24561403508773,18,100.0,19,1,0.0007325999904423952,"[0, 3, 6, 8, 10, 14, 19, 23, 24, 27, 28, 31, 34, 36, 37, 45, 49, 52, 55]",51,52,False
line,55,57,74,1,96.49122807017544,18,100.0,19,1,0.0009201000211760402,"[0, 3, 6, 8, 10, 14, 19, 23, 24, 27, 31, 34, 36, 37, 45, 49, 51, 53, 55]",52,53,False
line,56,57,74,1,98.24561403508773,18,100.0,18,0,0.0007127000135369599,"[0, 3, 6, 8, 10, 14, 19, 23, 24, 27, 31, 34, 36, 37, 45, 49, 52, 55]",53,54,False
line,57,57,74,1,98.24561403508773,18,100.0,18,0,0.0006991999689489603,"[0, 3, 6, 8, 10, 14, 19, 23, 24, 27, 31, 34, 36, 37, 45, 49, 52, 55]",43,44,False
line,58,57,74,1,98.24561403508773,18,100.0,18,0,0.0012595000443980098,"[0, 3, 6, 8, 10, 14, 19, 23, 24, 27, 31, 34, 36, 37, 45, 49, 52, 55]",55,40,False
line,59,57,74,1,96.49122807017544,18,100.0,17,-1,0.0006746000144630671,"[0, 3, 6, 8, 14, 19, 23, 24, 27, 31, 35, 37, 38, 40, 45, 49, 52]",55,41,False
line,60,57,74,1,96.49122807017544,18,100.0,17,-1,0.0013104999670758843,"[0, 3, 6, 8, 14, 19, 23, 24, 27, 31, 35, 37, 38, 40, 45, 49, 52]",56,55,False
line,61,57,74,1,98.24561403508773,18,100.0,18,0,0.0007493000011891127,"[0, 3, 6, 8, 10, 14, 19, 23, 24, 27, 31, 34, 36, 37, 45, 49, 52, 55]",37,48,False
line,62,57,74,1,96.49122807017544,18,100.0,19,1,0.0008424000116065145,"[0, 3, 6, 8, 9, 10, 14, 19, 23, 24, 27, 31, 34, 36, 37, 45, 48, 52, 55]",37,47,False
trafo,0,57,75,1,98.24561403508773,18,100.0,18,0,0.0014607000048272312,"[0, 3, 6, 8, 10, 14, 19, 23, 24, 27, 31, 34, 36, 37, 45, 49, 52, 55]",17,3,False
trafo,1,57,75,1,98.24561403508773,18,100.0,18,0,0.0008204999612644315,"[0, 3, 6, 8, 10, 14, 19, 23, 24, 27, 31, 34, 36, 37, 45, 49, 52, 55]",17,3,False
trafo,2,57,74,1,96.49122807017544,18,100.0,19,1,0.0007522000232711434,"[0, 3, 6, 8, 10, 14, 18, 20, 23, 24, 27, 31, 34, 36, 37, 45, 49, 52, 55]",19,20,False
trafo,3,57,74,1,98.24561403508773,18,100.0,18,0,0.0007016999879851937,"[0, 3, 6, 8, 10, 14, 19, 23, 24, 27, 31, 34, 36, 37, 45, 49, 52, 55]",24,23,False
trafo,4,57,75,1,98.24561403508773,18,100.0,18,0,0.0012135999859310687,"[0, 3, 6, 8, 10, 14, 19, 23, 24, 27, 31, 34, 36, 37, 45, 49, 52, 55]",24,23,False
trafo,5,57,74,1,98.24561403508773,18,100.0,19,1,0.0007607999723404646,"[0, 3, 6, 8, 10, 14, 19, 23, 24, 26, 31, 34, 36, 37, 45, 49, 51, 52, 55]",25,23,False
trafo,6,57,75,1,98.24561403508773,18,100.0,18,0,0.001186499954201281,"[0, 3, 6, 8, 10, 14, 19, 23, 24, 27, 31, 34, 36, 37, 45, 49, 52, 55]",28,6,False
trafo,7,57,74,1,98.24561403508773,18,100.0,18,0,0.0007193000055849552,"[0, 3, 6, 8, 10, 14, 19, 23, 27, 30, 31, 34, 36, 37, 45, 49, 52, 55]",31,33,False
trafo,8,57,74,1,98.24561403508773,18,100.0,18,0,0.001569800020661205,"[0, 3, 6, 8, 10, 14, 19, 23, 24, 27, 31, 34, 36, 37, 45, 49, 52, 55]",40,10,False
trafo,9,57,74,1,96.49122807017544,18,100.0,18,0,0.0015649999841116369,"[0, 3, 6, 8, 10, 19, 23, 24, 27, 31, 34, 36, 37, 43, 45, 49, 52, 55]",44,14,False
trafo,10,57,74,1,98.24561403508773,18,100.0,18,0,0.0008405999979004264,"[0, 3, 6, 8, 10, 14, 19, 23, 24, 27, 31, 34, 36, 37, 45, 49, 52, 55]",45,13,False
trafo,11,57,74,1,98.24561403508773,18,100.0,18,0,0.000888700014911592,"[0, 3, 6, 8, 10, 14, 19, 23, 24, 27, 31, 34, 36, 37, 45, 49, 52, 55]",50,9,False
trafo,12,57,74,1,98.24561403508773,18,100.0,18,0,0.000719499948900193,"[0, 3, 6, 8, 10, 14, 19, 23, 24, 27, 31, 34, 36, 37, 45, 49, 52, 55]",48,12,False
trafo,13,57,74,1,96.49122807017544,18,100.0,18,0,0.0008415999473072588,"[0, 3, 6, 8, 14, 19, 23, 24, 27, 31, 34, 36, 37, 40, 45, 49, 52, 55]",42,10,False
trafo,14,57,74,1,96.49122807017544,18,100.0,17,-1,0.000777500041294843,"[0, 3, 6, 8, 14, 19, 23, 24, 27, 31, 35, 37, 38, 40, 45, 49, 52]",55,39,False
trafo,15,57,74,1,98.24561403508773,18,100.0,18,0,0.0008032000041566789,"[0, 3, 6, 8, 10, 14, 19, 23, 24, 27, 31, 34, 36, 37, 45, 49, 52, 55]",56,38,False
trafo,16,57,74,1,96.49122807017544,18,100.0,19,1,0.0007532999734394252,"[0, 3, 6, 10, 12, 14, 19, 23, 24, 27, 31, 34, 36, 37, 45, 50, 52, 53, 55]",54,8,False
line,0,57,75,1,96.49122807017544,18,100.0,21,3,0.0009696999914012849,"[0, 1, 3, 8, 10, 12, 14, 18, 20, 23, 24, 25, 28, 31, 34, 36, 37, 45, 49, 52, 55]",0,1,False
line,1,57,75,1,98.24561403508773,18,100.0,20,2,0.0013003000058233738,"[0, 3, 8, 10, 12, 14, 18, 20, 23, 24, 25, 28, 31, 34, 36, 37, 45, 49, 52, 55]",1,2,False
line,2,57,75,1,98.24561403508773,18,100.0,19,1,0.0007621000404469669,"[0, 5, 8, 10, 12, 14, 18, 20, 23, 24, 27, 31, 34, 36, 37, 45, 50, 52, 55]",2,3,False
line,3,57,75,1,96.49122807017544,18,100.0,19,1,0.000761799979954958,"[0, 5, 8, 10, 12, 14, 18, 20, 23, 24, 27, 31, 34, 36, 37, 45, 50, 52, 55]",3,4,False
line,4,57,75,1,96.49122807017544,18,100.0,20,2,0.0007886000094003975,"[0, 3, 6, 8, 10, 12, 14, 18, 20, 23, 24, 26, 31, 34, 36, 37, 45, 50, 52, 55]",3,5,False
line,5,57,75,1,98.24561403508773,18,100.0,20,2,0.0009039999567903578,"[0, 3, 8, 10, 12, 14, 18, 20, 23, 24, 25, 28, 31, 34, 36, 37, 45, 49, 52, 55]",5,6,False
line,6,57,75,1,98.24561403508773,18,100.0,20,2,0.0011801000218838453,"[0, 3, 8, 10, 12, 14, 18, 20, 23, 24, 25, 28, 31, 34, 36, 37, 45, 49, 52, 55]",5,7,False
line,7,57,75,1,96.49122807017544,18,100.0,20,2,0.002131099987309426,"[0, 3, 5, 10, 12, 14, 18, 20, 23, 24, 25, 28, 31, 34, 36, 37, 45, 50, 53, 55]",7,8,False
line,8,57,75,1,96.49122807017544,18,100.0,20,2,0.0019564999965950847,"[0, 3, 5, 10, 12, 14, 18, 20, 23, 24, 25, 28, 31, 34, 36, 37, 45, 50, 53, 55]",8,9,False
line,9,57,76,1,98.24561403508773,18,100.0,20,2,0.0019857999868690968,"[0, 3, 8, 10, 12, 14, 18, 20, 23, 24, 25, 28, 31, 34, 36, 37, 45, 49, 52, 55]",8,10,False
line,10,57,75,1,96.49122807017544,18,100.0,20,2,0.0016189999878406525,"[0, 3, 8, 10, 12, 14, 18, 20, 23, 24, 25, 28, 31, 34, 36, 37, 45, 49, 52, 55]",8,11,False
line,11,57,75,1,98.24561403508773,18,100.0,19,1,0.002009500050917268,"[0, 3, 5, 11, 14, 18, 20, 23, 24, 25, 28, 31, 35, 37, 38, 40, 45, 49, 53]",8,12,False
line,12,57,75,1,98.24561403508773,18,100.0,18,0,0.001261600002180785,"[0, 3, 8, 14, 18, 20, 23, 24, 25, 28, 31, 35, 37, 38, 40, 45, 49, 52]",12,13,False
line,13,57,75,1,98.24561403508773,18,100.0,18,0,0.0007837999728508294,"[0, 3, 8, 14, 18, 20, 23, 24, 25, 28, 31, 35, 37, 38, 40, 45, 49, 52]",12,14,False
line,14,57,75,1,98.24561403508773,18,100.0,20,2,0.0014796999748796225,"[0, 3, 8, 10, 12, 14, 18, 20, 23, 24, 25, 28, 31, 34, 36, 37, 45, 49, 52, 55]",0,14,False
line,15,57,75,1,96.49122807017544,18,100.0,21,3,0.0009824000298976898,"[0, 3, 8, 10, 11, 12, 14, 18, 20, 23, 24, 25, 28, 31, 34, 36, 37, 45, 49, 52, 55]",0,15,False
line,16,57,75,1,96.49122807017544,18,100.0,21,3,0.002020699961576611,"[0, 3, 8, 10, 11, 12, 14, 18, 20, 23, 24, 25, 28, 31, 34, 36, 37, 45, 49, 52, 55]",0,16,False
line,17,57,75,1,98.24561403508773,18,100.0,20,2,0.0020344999502412975,"[0, 3, 8, 10, 12, 14, 18, 20, 23, 24, 25, 28, 31, 34, 36, 37, 45, 49, 52, 55]",2,14,False
line,18,57,75,1,98.24561403508773,18,100.0,20,2,0.0008219999726861715,"[0, 3, 8, 10, 12, 14, 18, 20, 23, 24, 25, 28, 31, 34, 36, 37, 45, 49, 52, 55]",4,5,False
line,19,57,75,1,98.24561403508773,18,100.0,20,2,0.0008105000015348196,"[0, 3, 8, 10, 12, 14, 18, 20, 23, 24, 25, 28, 31, 34, 36, 37, 45, 49, 52, 55]",6,7,False
line,20,57,75,1,98.24561403508773,18,100.0,20,2,0.0008100999984890223,"[0, 3, 8, 10, 12, 14, 18, 20, 23, 24, 25, 28, 31, 34, 36, 37, 45, 49, 52, 55]",9,11,False
line,21,57,75,1,98.24561403508773,18,100.0,18,0,0.0007099000504240394,"[0, 3, 8, 14, 18, 20, 23, 24, 25, 28, 31, 35, 37, 38, 40, 45, 49, 52]",10,12,False
line,22,57,75,1,98.24561403508773,18,100.0,18,0,0.0009935999987646937,"[0, 3, 8, 14, 18, 20, 23, 24, 25, 28, 31, 35, 37, 38, 40, 45, 49, 52]",11,12,False
line,23,57,75,1,98.24561403508773,18,100.0,20,2,0.0008322999929077923,"[0, 3, 8, 10, 12, 14, 18, 20, 23, 24, 25, 28, 31, 34, 36, 37, 45, 49, 52, 55]",11,15,False
line,24,57,75,1,98.24561403508773,18,100.0,20,2,0.0007603999692946672,"[0, 3, 8, 10, 12, 14, 18, 20, 23, 24, 25, 28, 31, 34, 36, 37, 45, 49, 52, 55]",11,16,False
line,25,57,75,1,98.24561403508773,18,100.0,20,2,0.0007971000159159303,"[0, 3, 8, 10, 12, 14, 18, 20, 23, 24, 25, 28, 31, 34, 36, 37, 45, 49, 52, 55]",13,14,False
line,26,57,75,2,98.24561403508773,18,100.0,20,2,0.0007588000153191388,"[0, 3, 8, 10, 12, 14, 18, 20, 23, 24, 25, 28, 31, 34, 36, 37, 45, 49, 52, 55]",17,18,False
line,27,57,75,2,96.49122807017544,18,100.0,21,3,0.0007903000223450363,"[0, 3, 8, 10, 12, 14, 17, 19, 20, 23, 24, 25, 28, 31, 34, 36, 37, 45, 49, 52, 55]",18,19,False
line,28,57,75,2,98.24561403508773,18,100.0,20,2,0.001160500047262758,"[0, 3, 8, 10, 12, 14, 18, 20, 23, 24, 25, 28, 31, 34, 36, 37, 45, 49, 52, 55]",20,21,False
line,29,57,75,1,98.24561403508773,18,100.0,20,2,0.0010933000012300909,"[0, 3, 8, 10, 12, 14, 18, 20, 23, 24, 25, 28, 31, 34, 36, 37, 45, 49, 52, 55]",21,22,False
line,30,57,75,1,96.49122807017544,18,100.0,20,2,0.0007958000060170889,"[0, 3, 8, 10, 12, 14, 18, 21, 23, 24, 25, 28, 31, 34, 36, 37, 45, 49, 52, 55]",22,23,False
line,31,57,75,1,96.49122807017544,18,100.0,20,2,0.0007787999929860234,"[0, 3, 8, 10, 12, 14, 18, 20, 23, 24, 26, 28, 31, 34, 36, 37, 45, 49, 52, 55]",25,26,False
line,32,57,75,1,98.24561403508773,18,100.0,20,2,0.000832199992146343,"[0, 3, 8, 10, 12, 14, 18, 20, 23, 24, 25, 28, 31, 34, 36, 37, 45, 49, 52, 55]",26,27,False
line,33,57,75,1,96.49122807017544,18,100.0,20,2,0.0008649000083096325,"[0, 3, 6, 8, 10, 12, 14, 18, 20, 23, 24, 26, 31, 34, 36, 37, 45, 50, 52, 55]",27,28,False
line,34,57,75,1,96.49122807017544,18,100.0,20,2,0.0007576000061817467,"[0, 3, 8, 10, 12, 14, 18, 20, 23, 25, 28, 29, 31, 34, 36, 37, 45, 49, 52, 55]",24,29,False
line,35,57,75,1,98.24561403508773,18,100.0,20,2,0.0009174000006169081,"[0, 3, 8, 10, 12, 14, 18, 20, 23, 24, 25, 28, 31, 34, 36, 37, 45, 49, 52, 55]",29,30,False
line,36,57,75,1,96.49122807017544,18,100.0,20,2,0.0010801000171341002,"[0, 3, 8, 10, 12, 14, 18, 20, 23, 25, 28, 29, 31, 34, 36, 37, 45, 49, 52, 55]",30,31,False
line,37,57,75,2,96.49122807017544,18,100.0,20,2,0.0009626000537537038,"[0, 3, 8, 10, 12, 14, 18, 20, 23, 25, 28, 30, 32, 34, 36, 37, 45, 49, 52, 55]",31,32,False
line,38,57,75,1,98.24561403508773,18,100.0,20,2,0.0019438000163063407,"[0, 3, 8, 10, 12, 14, 18, 20, 23, 24, 25, 28, 31, 34, 36, 37, 45, 49, 52, 55]",33,34,False
line,39,57,75,1,98.24561403508773,18,100.0,20,2,0.0007803000044077635,"[0, 3, 8, 10, 12, 14, 18, 20, 23, 24, 25, 28, 31, 33, 36, 37, 45, 49, 52, 55]",34,35,False
line,40,57,75,1,98.24561403508773,18,100.0,20,2,0.0009951999527402222,"[0, 3, 8, 10, 12, 14, 18, 20, 23, 24, 25, 28, 31, 34, 36, 37, 45, 49, 52, 55]",35,36,False
line,41,57,75,1,98.24561403508773,18,100.0,19,1,0.0007342000026255846,"[0, 3, 8, 10, 12, 18, 21, 23, 24, 25, 28, 31, 35, 36, 43, 46, 49, 52, 55]",36,37,False
line,42,57,75,1,96.49122807017544,18,100.0,20,2,0.001266100036446005,"[0, 3, 8, 10, 12, 14, 18, 20, 23, 24, 25, 28, 31, 34, 37, 38, 45, 49, 52, 55]",36,38,False
line,43,57,75,1,98.24561403508773,18,100.0,20,2,0.0008000999805517495,"[0, 3, 8, 10, 12, 14, 18, 20, 23, 24, 25, 28, 31, 34, 36, 37, 45, 49, 52, 55]",35,39,False
line,44,57,75,1,96.49122807017544,18,100.0,19,1,0.0009916999842971563,"[0, 3, 8, 10, 12, 18, 20, 23, 24, 25, 28, 31, 33, 36, 43, 46, 49, 52, 55]",21,37,False
line,45,57,75,1,98.24561403508773,18,100.0,20,2,0.0009110000100918114,"[0, 3, 8, 10, 12, 14, 18, 20, 23, 24, 25, 28, 31, 34, 36, 37, 45, 49, 52, 55]",40,41,False
line,46,57,75,1,98.24561403508773,18,100.0,20,2,0.0012861000141128898,"[0, 3, 8, 10, 12, 14, 18, 20, 23, 24, 25, 28, 31, 34, 36, 37, 45, 49, 52, 55]",40,42,False
line,47,57,75,1,96.49122807017544,18,100.0,19,1,0.001666199997998774,"[0, 3, 8, 10, 12, 18, 21, 23, 24, 25, 28, 31, 35, 36, 43, 46, 49, 52, 55]",37,43,False
line,48,57,75,1,96.49122807017544,18,100.0,21,3,0.0007936999900266528,"[0, 3, 8, 10, 12, 13, 14, 18, 20, 23, 24, 25, 28, 31, 34, 36, 37, 46, 49, 52, 55]",45,46,False
line,49,57,75,1,98.24561403508773,18,100.0,20,2,0.0007598000229336321,"[0, 3, 8, 10, 12, 14, 18, 20, 23, 24, 25, 28, 31, 34, 36, 37, 45, 49, 52, 55]",46,47,False
line,50,57,75,1,98.24561403508773,18,100.0,20,2,0.0008676999714225531,"[0, 3, 8, 10, 12, 14, 18, 20, 23, 24, 25, 28, 31, 34, 36, 37, 45, 49, 52, 55]",47,48,False
line,51,57,75,1,98.24561403508773,18,100.0,20,2,0.0007894000154919922,"[0, 3, 8, 10, 12, 14, 18, 20, 23, 24, 25, 28, 31, 34, 36, 37, 45, 49, 52, 55]",48,49,False
line,52,57,75,1,96.49122807017544,18,100.0,21,3,0.0009420999558642507,"[0, 3, 8, 9, 10, 12, 14, 18, 20, 23, 24, 25, 28, 31, 34, 36, 37, 45, 48, 52, 55]",49,50,False
line,53,57,75,1,98.24561403508773,18,100.0,20,2,0.000833400001283735,"[0, 3, 6, 8, 10, 12, 14, 18, 20, 23, 24, 26, 31, 34, 36, 37, 45, 50, 52, 55]",28,51,False
line,54,57,75,1,98.24561403508773,18,100.0,20,2,0.0007657000096514821,"[0, 3, 8, 10, 12, 14, 18, 20, 23, 24, 25, 28, 31, 34, 36, 37, 45, 49, 52, 55]",51,52,False
line,55,57,75,1,96.49122807017544,18,100.0,21,3,0.0013776000123471022,"[0, 3, 8, 10, 12, 14, 18, 20, 23, 24, 25, 28, 31, 34, 36, 37, 45, 49, 51, 53, 55]",52,53,False
line,56,57,75,1,98.24561403508773,18,100.0,20,2,0.0007611000328324735,"[0, 3, 8, 10, 12, 14, 18, 20, 23, 24, 25, 28, 31, 34, 36, 37, 45, 49, 52, 55]",53,54,False
line,57,57,75,1,98.24561403508773,18,100.0,20,2,0.0007822999614290893,"[0, 3, 8, 10, 12, 14, 18, 20, 23, 24, 25, 28, 31, 34, 36, 37, 45, 49, 52, 55]",43,44,False
line,58,57,75,1,98.24561403508773,18,100.0,20,2,0.0007610000320710242,"[0, 3, 8, 10, 12, 14, 18, 20, 23, 24, 25, 28, 31, 34, 36, 37, 45, 49, 52, 55]",55,40,False
line,59,57,75,1,96.49122807017544,18,100.0,19,1,0.002165100013371557,"[0, 3, 8, 12, 14, 18, 20, 23, 24, 25, 28, 31, 35, 37, 38, 40, 45, 49, 52]",55,41,False
line,60,57,75,1,96.49122807017544,18,100.0,19,1,0.0007565000560134649,"[0, 3, 8, 12, 14, 18, 20, 23, 24, 25, 28, 31, 35, 37, 38, 40, 45, 49, 52]",56,55,False
line,61,57,75,1,98.24561403508773,18,100.0,20,2,0.0010280999704264104,"[0, 3, 8, 10, 12, 14, 18, 20, 23, 24, 25, 28, 31, 34, 36, 37, 45, 49, 52, 55]",37,48,False
line,62,57,75,1,96.49122807017544,18,100.0,19,1,0.001139200001489371,"[0, 3, 8, 10, 12, 18, 21, 23, 24, 25, 28, 31, 35, 36, 43, 46, 49, 52, 55]",37,47,False
trafo,0,57,76,1,98.24561403508773,18,100.0,20,2,0.0009369999752379954,"[0, 3, 8, 10, 12, 14, 18, 20, 23, 24, 25, 28, 31, 34, 36, 37, 45, 49, 52, 55]",17,3,False
trafo,1,57,76,1,98.24561403508773,18,100.0,20,2,0.00080439995508641,"[0, 3, 8, 10, 12, 14, 18, 20, 23, 24, 25, 28, 31, 34, 36, 37, 45, 49, 52, 55]",17,3,False
trafo,2,57,76,1,98.24561403508773,18,100.0,20,2,0.0010544999968260527,"[0, 3, 8, 10, 12, 14, 18, 20, 23, 24, 25, 28, 31, 34, 36, 37, 45, 49, 52, 55]",19,20,False
trafo,3,57,76,1,98.24561403508773,18,100.0,20,2,0.0010051000281237066,"[0, 3, 8, 10, 12, 14, 18, 20, 23, 24, 25, 28, 31, 34, 36, 37, 45, 49, 52, 55]",24,23,False
trafo,4,57,76,1,98.24561403508773,18,100.0,20,2,0.0007592000183649361,"[0, 3, 8, 10, 12, 14, 18, 20, 23, 24, 25, 28, 31, 34, 36, 37, 45, 49, 52, 55]",24,23,False
trafo,5,57,75,1,98.24561403508773,18,100.0,20,2,0.000838099978864193,"[0, 3, 8, 10, 12, 14, 18, 20, 23, 24, 25, 28, 31, 34, 36, 37, 45, 49, 52, 55]",25,23,False
trafo,6,57,75,1,96.49122807017544,18,100.0,20,2,0.000846699986141175,"[0, 3, 5, 8, 10, 12, 14, 18, 20, 23, 24, 27, 31, 34, 36, 37, 45, 49, 52, 55]",28,6,False
trafo,7,57,75,1,98.24561403508773,18,100.0,20,2,0.0010157999931834638,"[0, 3, 8, 10, 12, 14, 18, 20, 23, 25, 28, 30, 31, 34, 36, 37, 45, 49, 52, 55]",31,33,False
trafo,8,57,75,1,98.24561403508773,18,100.0,20,2,0.000796399952378124,"[0, 3, 8, 10, 12, 14, 18, 20, 23, 24, 25, 28, 31, 34, 36, 37, 45, 49, 52, 55]",40,10,False
trafo,9,57,75,1,96.49122807017544,18,100.0,20,2,0.0008619999862276018,"[0, 3, 8, 10, 12, 18, 20, 23, 24, 25, 28, 31, 34, 36, 37, 43, 45, 49, 52, 55]",44,14,False
trafo,10,57,75,1,98.24561403508773,18,100.0,20,2,0.0008984999731183052,"[0, 3, 8, 10, 12, 14, 18, 20, 23, 24, 25, 28, 31, 34, 36, 37, 45, 49, 52, 55]",45,13,False
trafo,11,57,75,1,98.24561403508773,18,100.0,20,2,0.0011480000102892518,"[0, 3, 8, 10, 12, 14, 18, 20, 23, 24, 25, 28, 31, 34, 36, 37, 45, 49, 52, 55]",50,9,False
trafo,12,57,75,1,98.24561403508773,18,100.0,18,0,0.0007471000426448882,"[0, 3, 8, 14, 18, 20, 23, 24, 25, 28, 31, 35, 37, 38, 40, 45, 49, 52]",48,12,False
trafo,13,57,75,1,96.49122807017544,18,100.0,20,2,0.0007611999753862619,"[0, 3, 8, 12, 14, 18, 20, 23, 24, 25, 28, 31, 34, 36, 37, 40, 45, 49, 52, 55]",42,10,False
trafo,14,57,75,1,96.49122807017544,18,100.0,19,1,0.0007887000101618469,"[0, 3, 8, 12, 14, 18, 20, 23, 24, 25, 28, 31, 35, 37, 38, 40, 45, 49, 52]",55,39,False
trafo,15,57,75,1,98.24561403508773,18,100.0,20,2,0.0015025000320747495,"[0, 3, 8, 10, 12, 14, 18, 20, 23, 24, 25, 28, 31, 34, 36, 37, 45, 49, 52, 55]",56,38,False
trafo,16,57,75,1,96.49122807017544,18,100.0,20,2,0.000763899995945394,"[0, 3, 5, 10, 12, 14, 18, 20, 23, 24, 25, 28, 31, 34, 36, 37, 45, 50, 53, 55]",54,8,False
line,0,57,75,1,96.49122807017544,18,100.0,20,2,0.0007598000229336321,"[0, 1, 3, 5, 10, 12, 14, 19, 23, 24, 25, 28, 31, 34, 36, 37, 45, 50, 53, 55]",0,1,False
line,1,57,75,1,98.24561403508773,18,100.0,19,1,0.0011159999994561076,"[0, 3, 5, 10, 12, 14, 19, 23, 24, 25, 28, 31, 34, 36, 37, 45, 50, 53, 55]",1,2,False
line,2,57,75,1,98.24561403508773,18,100.0,19,1,0.0009301999816671014,"[0, 5, 10, 12, 14, 18, 19, 23, 24, 27, 31, 34, 36, 37, 45, 50, 52, 53, 55]",2,3,False
line,3,57,75,1,96.49122807017544,18,100.0,19,1,0.0016539999633096159,"[0, 5, 10, 12, 14, 18, 19, 23, 24, 27, 31, 34, 36, 37, 45, 50, 52, 53, 55]",3,4,False
line,4,57,75,1,96.49122807017544,18,100.0,19,1,0.0015301000094041228,"[0, 3, 6, 10, 12, 14, 19, 23, 24, 26, 31, 34, 36, 37, 45, 50, 52, 53, 55]",3,5,False
line,5,57,75,1,98.24561403508773,18,100.0,19,1,0.0009829000337049365,"[0, 3, 5, 10, 12, 14, 19, 23, 24, 25, 28, 31, 34, 36, 37, 45, 50, 53, 55]",5,6,False
line,6,57,75,1,98.24561403508773,18,100.0,19,1,0.0007495000027120113,"[0, 3, 6, 10, 12, 14, 19, 23, 24, 25, 28, 31, 34, 36, 37, 45, 50, 53, 55]",5,7,False
line,7,57,75,1,96.49122807017544,18,100.0,19,1,0.0007246999884955585,"[0, 3, 5, 10, 12, 14, 19, 23, 24, 25, 28, 31, 34, 36, 37, 45, 50, 53, 55]",7,8,False
line,8,57,75,1,96.49122807017544,18,100.0,19,1,0.0007332999957725406,"[0, 3, 5, 10, 12, 14, 19, 23, 24, 25, 28, 31, 34, 36, 37, 45, 50, 53, 55]",8,9,False
line,9,57,75,1,98.24561403508773,18,100.0,19,1,0.001249200024176389,"[0, 3, 5, 10, 12, 14, 19, 23, 24, 25, 28, 31, 34, 36, 37, 45, 50, 53, 55]",8,10,False
line,10,57,75,1,96.49122807017544,18,100.0,19,1,0.0008211999665945768,"[0, 3, 5, 10, 12, 14, 19, 23, 24, 25, 28, 31, 34, 36, 37, 45, 50, 53, 55]",8,11,False
line,11,57,75,1,98.24561403508773,18,100.0,18,0,0.001014399982523173,"[0, 3, 5, 11, 14, 19, 23, 24, 25, 28, 31, 35, 37, 38, 40, 45, 49, 53]",8,12,False
line,12,57,75,1,98.24561403508773,18,100.0,18,0,0.0007144000264815986,"[0, 3, 8, 10, 14, 19, 23, 24, 25, 28, 31, 34, 36, 37, 45, 49, 53, 55]",12,13,False
line,13,57,75,1,98.24561403508773,18,100.0,18,0,0.0012873000232502818,"[0, 3, 8, 10, 14, 19, 23, 24, 25, 28, 31, 34, 36, 37, 45, 49, 53, 55]",12,14,False
line,14,57,75,1,98.24561403508773,18,100.0,19,1,0.0008743999642319977,"[0, 3, 5, 10, 12, 14, 19, 23, 24, 25, 28, 31, 34, 36, 37, 45, 50, 53, 55]",0,14,False
line,15,57,75,1,96.49122807017544,18,100.0,20,2,0.0007614000351168215,"[0, 3, 5, 10, 11, 12, 14, 19, 23, 24, 25, 28, 31, 34, 36, 37, 45, 50, 53, 55]",0,15,False
line,16,57,75,1,96.49122807017544,18,100.0,20,2,0.0007609000313095748,"[0, 3, 5, 10, 11, 12, 14, 19, 23, 24, 25, 28, 31, 34, 36, 37, 45, 50, 53, 55]",0,16,False
line,17,57,75,1,98.24561403508773,18,100.0,19,1,0.0007311999797821045,"[0, 3, 5, 10, 12, 14, 19, 23, 24, 25, 28, 31, 34, 36, 37, 45, 50, 53, 55]",2,14,False
line,18,57,75,1,98.24561403508773,18,100.0,19,1,0.000761799979954958,"[0, 3, 5, 10, 12, 14, 19, 23, 24, 25, 28, 31, 34, 36, 37, 45, 50, 53, 55]",4,5,False
line,19,57,75,1,98.24561403508773,18,100.0,19,1,0.001171999960206449,"[0, 3, 5, 10, 12, 14, 19, 23, 24, 25, 28, 31, 34, 36, 37, 45, 50, 53, 55]",6,7,False
line,20,57,75,1,98.24561403508773,18,100.0,19,1,0.0007610999746248126,"[0, 3, 5, 10, 12, 14, 19, 23, 24, 25, 28, 31, 34, 36, 37, 45, 50, 53, 55]",9,11,False
line,21,57,75,1,98.24561403508773,18,100.0,18,0,0.0007052000146359205,"[0, 3, 8, 10, 14, 19, 23, 24, 25, 28, 31, 34, 36, 37, 45, 49, 53, 55]",10,12,False
line,22,57,75,1,98.24561403508773,18,100.0,18,0,0.001144199981354177,"[0, 3, 8, 10, 14, 19, 23, 24, 25, 28, 31, 34, 36, 37, 45, 49, 53, 55]",11,12,False
line,23,57,75,1,98.24561403508773,18,100.0,19,1,0.0007332999957725406,"[0, 3, 5, 10, 12, 14, 19, 23, 24, 25, 28, 31, 34, 36, 37, 45, 50, 53, 55]",11,15,False
line,24,57,75,1,98.24561403508773,18,100.0,19,1,0.0007866999949328601,"[0, 3, 5, 10, 12, 14, 19, 23, 24, 25, 28, 31, 34, 36, 37, 45, 50, 53, 55]",11,16,False
line,25,57,76,1,98.24561403508773,18,100.0,19,1,0.0007452000281773508,"[0, 3, 5, 10, 12, 14, 19, 23, 24, 25, 28, 31, 34, 36, 37, 45, 50, 53, 55]",13,14,False
line,26,57,75,1,98.24561403508773,18,100.0,19,1,0.0007350999512709677,"[0, 3, 5, 10, 12, 14, 19, 23, 24, 25, 28, 31, 34, 36, 37, 45, 50, 53, 55]",17,18,False
line,27,57,75,1,96.49122807017544,18,100.0,20,2,0.0008956000092439353,"[0, 3, 5, 10, 12, 14, 17, 19, 23, 24, 25, 28, 31, 34, 36, 37, 45, 50, 53, 55]",18,19,False
line,28,57,75,1,98.24561403508773,18,100.0,19,1,0.0007675999659113586,"[0, 3, 5, 10, 12, 14, 19, 23, 24, 25, 28, 31, 34, 36, 37, 45, 50, 53, 55]",20,21,False
line,29,57,75,1,98.24561403508773,18,100.0,19,1,0.0007531000301241875,"[0, 3, 5, 10, 12, 14, 19, 23, 24, 25, 28, 31, 34, 36, 37, 45, 50, 53, 55]",21,22,False
line,30,57,75,1,96.49122807017544,18,100.0,20,2,0.0011030000168830156,"[0, 3, 5, 10, 12, 14, 19, 21, 23, 24, 25, 28, 31, 34, 36, 37, 45, 50, 53, 55]",22,23,False
line,31,57,75,1,96.49122807017544,18,100.0,19,1,0.0019836000283248723,"[0, 3, 5, 10, 12, 14, 19, 23, 24, 26, 28, 31, 34, 36, 37, 45, 50, 53, 55]",25,26,False
line,32,57,75,1,98.24561403508773,18,100.0,19,1,0.0007363000186160207,"[0, 3, 5, 10, 12, 14, 19, 23, 24, 25, 28, 31, 34, 36, 37, 45, 50, 53, 55]",26,27,False
line,33,57,75,1,96.49122807017544,18,100.0,19,1,0.0009538999875076115,"[0, 3, 6, 10, 12, 14, 19, 23, 24, 26, 31, 34, 36, 37, 45, 50, 52, 53, 55]",27,28,False
line,34,57,75,1,96.49122807017544,18,100.0,19,1,0.0008232000400312245,"[0, 3, 5, 10, 12, 14, 19, 23, 25, 28, 29, 31, 34, 36, 37, 45, 50, 53, 55]",24,29,False
line,35,57,75,1,98.24561403508773,18,100.0,19,1,0.0008621999877505004,"[0, 3, 5, 10, 12, 14, 19, 23, 24, 25, 28, 31, 34, 36, 37, 45, 50, 53, 55]",29,30,False
line,36,57,75,1,96.49122807017544,18,100.0,19,1,0.0007744000176899135,"[0, 3, 5, 10, 12, 14, 19, 23, 25, 28, 29, 31, 34, 36, 37, 45, 50, 53, 55]",30,31,False
line,37,57,75,2,96.49122807017544,18,100.0,19,1,0.0012517000432126224,"[0, 3, 5, 10, 12, 14, 19, 23, 25, 28, 30, 32, 34, 36, 37, 45, 50, 53, 55]",31,32,False
line,38,57,75,1,98.24561403508773,18,100.0,19,1,0.0008182000019587576,"[0, 3, 5, 10, 12, 14, 19, 23, 24, 25, 28, 31, 34, 36, 37, 45, 50, 53, 55]",33,34,False
line,39,57,75,1,98.24561403508773,18,100.0,19,1,0.0008663000189699233,"[0, 3, 5, 10, 12, 14, 19, 23, 24, 25, 28, 31, 33, 36, 37, 45, 50, 53, 55]",34,35,False
line,40,57,75,1,98.24561403508773,18,100.0,19,1,0.0007582000107504427,"[0, 3, 5, 10, 12, 14, 19, 23, 24, 25, 28, 31, 34, 36, 37, 45, 50, 53, 55]",35,36,False
line,41,57,75,1,98.24561403508773,18,100.0,19,1,0.000833099998999387,"[0, 3, 5, 10, 12, 18, 21, 23, 24, 25, 28, 31, 35, 36, 43, 46, 50, 53, 55]",36,37,False
line,42,57,75,1,96.49122807017544,18,100.0,19,1,0.0007611999753862619,"[0, 3, 5, 10, 12, 14, 19, 23, 24, 25, 28, 31, 34, 37, 38, 45, 50, 53, 55]",36,38,False
line,43,57,75,1,98.24561403508773,18,100.0,19,1,0.0015588999958708882,"[0, 3, 5, 10, 12, 14, 19, 23, 24, 25, 28, 31, 34, 36, 37, 45, 50, 53, 55]",35,39,False
line,44,57,75,1,96.49122807017544,18,100.0,19,1,0.0007309999782592058,"[0, 3, 5, 10, 12, 19, 20, 23, 24, 25, 28, 31, 33, 36, 43, 46, 50, 53, 55]",21,37,False
line,45,57,75,1,98.24561403508773,18,100.0,19,1,0.0008009000448510051,"[0, 3, 5, 10, 12, 14, 19, 23, 24, 25, 28, 31, 34, 36, 37, 45, 50, 53, 55]",40,41,False
line,46,57,75,1,98.24561403508773,18,100.0,19,1,0.0009102000040002167,"[0, 3, 5, 10, 12, 14, 19, 23, 24, 25, 28, 31, 34, 36, 37, 45, 50, 53, 55]",40,42,False
line,47,57,75,1,96.49122807017544,18,100.0,19,1,0.0007681999704800546,"[0, 3, 5, 10, 12, 18, 21, 23, 24, 25, 28, 31, 35, 36, 43, 46, 50, 53, 55]",37,43,False
line,48,57,75,1,96.49122807017544,18,100.0,20,2,0.0008350999560207129,"[0, 3, 5, 10, 12, 13, 14, 19, 23, 24, 25, 28, 31, 34, 36, 37, 46, 50, 53, 55]",45,46,False
line,49,57,75,1,98.24561403508773,18,100.0,19,1,0.0009617999894544482,"[0, 3, 5, 10, 12, 14, 19, 23, 24, 25, 28, 31, 34, 36, 37, 45, 50, 53, 55]",46,47,False
line,50,57,75,1,98.24561403508773,18,100.0,19,1,0.0010059999767690897,"[0, 3, 5, 10, 12, 14, 19, 23, 24, 25, 28, 31, 34, 36, 37, 45, 50, 53, 55]",47,48,False
line,51,57,75,1,98.24561403508773,18,100.0,19,1,0.0008458000374957919,"[0, 3, 5, 10, 12, 14, 19, 23, 24, 25, 28, 31, 34, 36, 37, 45, 50, 53, 55]",48,49,False
line,52,57,75,1,96.49122807017544,18,100.0,20,2,0.0007992999744601548,"[0, 3, 8, 9, 10, 12, 14, 19, 23, 24, 25, 28, 31, 34, 36, 37, 45, 48, 53, 55]",49,50,False
line,53,57,75,2,98.24561403508773,18,100.0,19,1,0.0015011999639682472,"[0, 3, 6, 10, 12, 14, 19, 23, 24, 26, 31, 34, 36, 37, 45, 50, 52, 53, 55]",28,51,False
line,54,57,75,2,98.24561403508773,18,100.0,19,1,0.0012571000261232257,"[0, 3, 5, 10, 12, 14, 19, 23, 24, 25, 28, 31, 34, 36, 37, 45, 50, 53, 55]",51,52,False
line,55,57,75,2,96.49122807017544,18,100.0,20,2,0.0014611000078730285,"[0, 3, 5, 10, 12, 14, 19, 23, 24, 25, 28, 31, 34, 36, 37, 45, 50, 51, 53, 55]",52,53,False
line,56,57,75,2,98.24561403508773,18,100.0,20,2,0.0007949999999254942,"[0, 3, 5, 10, 12, 14, 19, 23, 24, 25, 28, 31, 34, 36, 37, 45, 50, 52, 54, 55]",53,54,False
line,57,57,75,1,98.24561403508773,18,100.0,19,1,0.0008256000000983477,"[0, 3, 5, 10, 12, 14, 19, 23, 24, 25, 28, 31, 34, 36, 37, 45, 50, 53, 55]",43,44,False
line,58,57,75,1,98.24561403508773,18,100.0,19,1,0.0009965000208467245,"[0, 3, 5, 10, 12, 14, 19, 23, 24, 25, 28, 31, 34, 36, 37, 45, 50, 53, 55]",55,40,False
line,59,57,75,1,96.49122807017544,18,100.0,18,0,0.0006942999898456037,"[0, 3, 5, 12, 14, 19, 23, 24, 25, 28, 31, 35, 37, 38, 40, 45, 50, 53]",55,41,False
line,60,57,75,1,96.49122807017544,18,100.0,18,0,0.0007237999816425145,"[0, 3, 5, 12, 14, 19, 23, 24, 25, 28, 31, 35, 37, 38, 40, 45, 50, 53]",56,55,False
line,61,57,75,1,98.24561403508773,18,100.0,19,1,0.001133000012487173,"[0, 3, 5, 10, 12, 14, 19, 23, 24, 25, 28, 31, 34, 36, 37, 45, 50, 53, 55]",37,48,False
line,62,57,75,1,96.49122807017544,18,100.0,19,1,0.0007551000453531742,"[0, 3, 5, 10, 12, 18, 21, 23, 24, 25, 28, 31, 35, 36, 43, 46, 50, 53, 55]",37,47,False
trafo,0,57,76,1,98.24561403508773,18,100.0,19,1,0.0007311999797821045,"[0, 3, 5, 10, 12, 14, 19, 23, 24, 25, 28, 31, 34, 36, 37, 45, 50, 53, 55]",17,3,False
trafo,1,57,76,1,98.24561403508773,18,100.0,19,1,0.0008592000231146812,"[0, 3, 5, 10, 12, 14, 19, 23, 24, 25, 28, 31, 34, 36, 37, 45, 50, 53, 55]",17,3,False
trafo,2,57,75,1,96.49122807017544,18,100.0,20,2,0.0007956000044941902,"[0, 3, 5, 10, 12, 14, 18, 20, 23, 24, 25, 28, 31, 34, 36, 37, 45, 50, 53, 55]",19,20,False
trafo,3,57,76,1,98.24561403508773,18,100.0,19,1,0.0007496000034734607,"[0, 3, 5, 10, 12, 14, 19, 23, 24, 25, 28, 31, 34, 36, 37, 45, 50, 53, 55]",24,23,False
trafo,4,57,76,1,98.24561403508773,18,100.0,19,1,0.0007633999921381474,"[0, 3, 5, 10, 12, 14, 19, 23, 24, 25, 28, 31, 34, 36, 37, 45, 50, 53, 55]",24,23,False
trafo,5,57,75,1,98.24561403508773,18,100.0,19,1,0.0007368000224232674,"[0, 3, 5, 10, 12, 14, 19, 23, 24, 25, 28, 31, 34, 36, 37, 45, 50, 53, 55]",25,23,False
trafo,6,57,75,1,96.49122807017544,18,100.0,19,1,0.0007689999765716493,"[0, 3, 5, 10, 12, 14, 19, 23, 24, 27, 31, 34, 36, 37, 45, 50, 52, 53, 55]",28,6,False
trafo,7,57,75,1,98.24561403508773,18,100.0,19,1,0.0016334999818354845,"[0, 3, 5, 10, 12, 14, 19, 23, 25, 28, 30, 31, 34, 36, 37, 45, 50, 53, 55]",31,33,False
trafo,8,57,75,1,98.24561403508773,18,100.0,19,1,0.0008945000008679926,"[0, 3, 5, 10, 12, 14, 19, 23, 24, 25, 28, 31, 34, 36, 37, 45, 50, 53, 55]",40,10,False
trafo,9,57,75,1,96.49122807017544,18,100.0,19,1,0.0007253999938257039,"[0, 3, 5, 10, 12, 19, 23, 24, 25, 28, 31, 34, 36, 37, 43, 45, 50, 53, 55]",44,14,False
trafo,10,57,75,1,96.49122807017544,18,100.0,19,1,0.0012637999607250094,"[0, 3, 5, 10, 12, 14, 19, 23, 24, 25, 28, 31, 34, 36, 37, 45, 50, 53, 55]",45,13,False
trafo,11,57,75,1,98.24561403508773,18,100.0,19,1,0.0008037000079639256,"[0, 3, 8, 10, 12, 14, 19, 23, 24, 25, 28, 31, 34, 36, 37, 45, 49, 53, 55]",50,9,False
trafo,12,57,75,1,98.24561403508773,18,100.0,18,0,0.0007183999987319112,"[0, 3, 8, 10, 14, 19, 23, 24, 25, 28, 31, 34, 36, 37, 45, 49, 53, 55]",48,12,False
trafo,13,57,75,1,96.49122807017544,18,100.0,19,1,0.0007341000018641353,"[0, 3, 5, 12, 14, 19, 23, 24, 25, 28, 31, 34, 36, 37, 40, 45, 50, 53, 55]",42,10,False
trafo,14,57,75,1,96.49122807017544,18,100.0,18,0,0.0011983999866060913,"[0, 3, 5, 12, 14, 19, 23, 24, 25, 28, 31, 35, 37, 38, 40, 45, 50, 53]",55,39,False
trafo,15,57,75,1,98.24561403508773,18,100.0,19,1,0.0017590000061318278,"[0, 3, 5, 10, 12, 14, 19, 23, 24, 25, 28, 31, 34, 36, 37, 45, 50, 53, 55]",56,38,False
trafo,16,57,76,1,98.24561403508773,18,100.0,19,1,0.0007560999947600067,"[0, 3, 5, 10, 12, 14, 19, 23, 24, 25, 28, 31, 34, 36, 37, 45, 50, 53, 55]",54,8,False
line,0,57,73,1,94.73684210526316,18,100.0,19,1,0.0007552000461146235,"[0, 1, 3, 5, 8, 14, 19, 23, 24, 27, 31, 34, 36, 37, 40, 45, 49, 52, 55]",0,1,False
line,1,57,73,1,96.49122807017544,18,100.0,18,0,0.0012017000117339194,"[0, 3, 5, 8, 14, 19, 23, 24, 27, 31, 34, 36, 37, 40, 45, 49, 52, 55]",1,2,False
line,2,57,73,1,96.49122807017544,18,100.0,18,0,0.0006626999820582569,"[0, 3, 5, 8, 14, 19, 23, 24, 27, 31, 34, 36, 37, 40, 45, 49, 52, 55]",2,3,False
line,3,57,73,1,94.73684210526316,18,100.0,18,0,0.0009293000330217183,"[0, 3, 5, 8, 14, 19, 23, 24, 27, 31, 34, 36, 37, 40, 45, 49, 52, 55]",3,4,False
line,4,57,73,1,94.73684210526316,18,100.0,18,0,0.0007165999850258231,"[0, 3, 5, 8, 14, 19, 23, 24, 27, 31, 34, 36, 37, 40, 45, 49, 52, 55]",3,5,False
line,5,57,73,1,96.49122807017544,18,100.0,18,0,0.0019648000015877187,"[0, 3, 6, 8, 14, 19, 23, 24, 27, 31, 34, 36, 37, 40, 45, 49, 52, 55]",5,6,False
line,6,57,73,1,96.49122807017544,18,100.0,18,0,0.0010018000029958785,"[0, 3, 5, 8, 14, 19, 23, 24, 27, 31, 34, 36, 37, 40, 45, 49, 52, 55]",5,7,False
line,7,57,73,1,94.73684210526316,18,100.0,18,0,0.0007255999953486025,"[0, 3, 5, 8, 14, 19, 23, 24, 27, 31, 34, 36, 37, 40, 45, 49, 52, 55]",7,8,False
line,8,57,73,1,94.73684210526316,18,100.0,19,1,0.0007938999915495515,"[0, 3, 5, 8, 9, 14, 19, 23, 24, 27, 31, 34, 36, 37, 40, 45, 49, 52, 55]",8,9,False
line,9,57,73,1,96.49122807017544,18,100.0,17,-1,0.0007385999779216945,"[0, 3, 5, 8, 14, 19, 23, 24, 27, 31, 35, 37, 38, 40, 45, 49, 52]",8,10,False
line,10,57,73,1,94.73684210526316,18,100.0,19,1,0.0007171000470407307,"[0, 3, 5, 8, 12, 14, 19, 23, 24, 27, 31, 34, 36, 37, 40, 45, 49, 52, 55]",8,11,False
line,11,57,73,1,96.49122807017544,18,100.0,19,1,0.0010397000005468726,"[0, 3, 5, 8, 12, 14, 19, 23, 24, 27, 31, 34, 36, 37, 40, 45, 49, 52, 55]",8,12,False
line,12,57,73,1,96.49122807017544,18,100.0,18,0,0.0016290000057779253,"[0, 3, 5, 8, 14, 19, 23, 24, 27, 31, 34, 36, 37, 40, 45, 49, 52, 55]",12,13,False
line,13,57,74,1,96.49122807017544,18,100.0,18,0,0.0021567000076174736,"[0, 3, 5, 8, 14, 19, 23, 24, 27, 31, 34, 36, 37, 40, 45, 49, 52, 55]",12,14,False
line,14,57,73,1,96.49122807017544,18,100.0,19,1,0.0011027000145986676,"[0, 3, 5, 8, 13, 14, 19, 23, 24, 27, 31, 34, 36, 37, 40, 45, 49, 52, 55]",0,14,False
line,15,57,73,1,94.73684210526316,18,100.0,19,1,0.0018994000274688005,"[0, 3, 5, 8, 11, 14, 19, 23, 24, 27, 31, 34, 36, 37, 40, 45, 49, 52, 55]",0,15,False
line,16,57,73,1,94.73684210526316,18,100.0,19,1,0.0020277000148780644,"[0, 3, 5, 8, 11, 14, 19, 23, 24, 27, 31, 34, 36, 37, 40, 45, 49, 52, 55]",0,16,False
line,17,57,73,1,96.49122807017544,18,100.0,18,0,0.0017217000131495297,"[0, 3, 5, 8, 14, 19, 23, 24, 27, 31, 34, 36, 37, 40, 45, 49, 52, 55]",2,14,False
line,18,57,73,1,96.49122807017544,18,100.0,18,0,0.000756499997805804,"[0, 3, 5, 8, 14, 19, 23, 24, 27, 31, 34, 36, 37, 40, 45, 49, 52, 55]",4,5,False
line,19,57,73,1,96.49122807017544,18,100.0,18,0,0.0007831999682821333,"[0, 3, 5, 8, 14, 19, 23, 24, 27, 31, 34, 36, 37, 40, 45, 49, 52, 55]",6,7,False
line,20,57,73,1,96.49122807017544,18,100.0,18,0,0.0007244000444188714,"[0, 3, 5, 8, 14, 19, 23, 24, 27, 31, 34, 36, 37, 40, 45, 49, 52, 55]",9,11,False
line,21,57,73,1,96.49122807017544,18,100.0,18,0,0.0007178999949246645,"[0, 3, 5, 8, 14, 19, 23, 24, 27, 31, 34, 36, 37, 40, 45, 49, 52, 55]",10,12,False
line,22,57,73,1,96.49122807017544,18,100.0,18,0,0.0007956000044941902,"[0, 3, 5, 8, 14, 19, 23, 24, 27, 31, 34, 36, 37, 40, 45, 49, 52, 55]",11,12,False
line,23,57,73,1,96.49122807017544,18,100.0,18,0,0.0012027000193484128,"[0, 3, 5, 8, 14, 19, 23, 24, 27, 31, 34, 36, 37, 40, 45, 49, 52, 55]",11,15,False
line,24,57,73,1,96.49122807017544,18,100.0,18,0,0.0015510999946855009,"[0, 3, 5, 8, 14, 19, 23, 24, 27, 31, 34, 36, 37, 40, 45, 49, 52, 55]",11,16,False
line,25,57,73,1,96.49122807017544,18,100.0,18,0,0.0025704000145196915,"[0, 3, 5, 8, 14, 19, 23, 24, 27, 31, 34, 36, 37, 40, 45, 49, 52, 55]",13,14,False
line,26,57,73,1,96.49122807017544,18,100.0,18,0,0.0008101999992504716,"[0, 3, 5, 8, 14, 19, 23, 24, 27, 31, 34, 36, 37, 40, 45, 49, 52, 55]",17,18,False
line,27,57,73,1,94.73684210526316,18,100.0,19,1,0.0007505999528802931,"[0, 3, 5, 8, 14, 17, 19, 23, 24, 27, 31, 34, 36, 37, 40, 45, 49, 52, 55]",18,19,False
line,28,57,73,1,96.49122807017544,18,100.0,18,0,0.0008645000052638352,"[0, 3, 5, 8, 14, 19, 23, 24, 27, 31, 34, 36, 37, 40, 45, 49, 52, 55]",20,21,False
line,29,57,73,1,96.49122807017544,18,100.0,18,0,0.0008812000160105526,"[0, 3, 5, 8, 14, 19, 23, 24, 27, 31, 34, 36, 37, 40, 45, 49, 52, 55]",21,22,False
line,30,57,73,1,94.73684210526316,18,100.0,19,1,0.000839599990285933,"[0, 3, 5, 8, 14, 19, 21, 23, 24, 27, 31, 34, 36, 37, 40, 45, 49, 52, 55]",22,23,False
line,31,57,73,1,94.73684210526316,18,100.0,18,0,0.0016398000298067927,"[0, 3, 5, 8, 14, 19, 23, 24, 27, 31, 34, 36, 37, 40, 45, 49, 52, 55]",25,26,False
line,32,57,73,1,96.49122807017544,18,100.0,19,1,0.0007710999925620854,"[0, 3, 5, 8, 14, 19, 23, 24, 25, 28, 31, 34, 36, 37, 40, 45, 49, 52, 55]",26,27,False
line,33,57,73,1,94.73684210526316,18,100.0,19,1,0.0009325999999418855,"[0, 3, 5, 8, 14, 19, 23, 24, 26, 31, 34, 36, 37, 40, 45, 49, 51, 52, 55]",27,28,False
line,34,57,73,1,94.73684210526316,18,100.0,18,0,0.0007521000225096941,"[0, 3, 5, 8, 14, 19, 23, 27, 29, 31, 34, 36, 37, 40, 45, 49, 52, 55]",24,29,False
line,35,57,73,1,96.49122807017544,18,100.0,18,0,0.0007121999515220523,"[0, 3, 5, 8, 14, 19, 23, 24, 27, 31, 34, 36, 37, 40, 45, 49, 52, 55]",29,30,False
line,36,57,73,1,94.73684210526316,18,100.0,18,0,0.0008302000351250172,"[0, 3, 5, 8, 14, 19, 23, 27, 29, 31, 34, 36, 37, 40, 45, 49, 52, 55]",30,31,False
line,37,57,73,2,94.73684210526316,18,100.0,18,0,0.0006951999966986477,"[0, 3, 5, 8, 14, 19, 23, 27, 30, 32, 34, 36, 37, 40, 45, 49, 52, 55]",31,32,False
line,38,57,73,1,96.49122807017544,18,100.0,18,0,0.0008362999651581049,"[0, 3, 5, 8, 14, 19, 23, 24, 27, 31, 34, 36, 37, 40, 45, 49, 52, 55]",33,34,False
line,39,57,73,1,96.49122807017544,18,100.0,18,0,0.0011855000047944486,"[0, 3, 5, 8, 14, 19, 23, 24, 27, 31, 33, 36, 37, 40, 45, 49, 52, 55]",34,35,False
line,40,57,73,1,96.49122807017544,18,100.0,18,0,0.0007339000003412366,"[0, 3, 5, 8, 14, 19, 23, 24, 27, 31, 34, 36, 37, 40, 45, 49, 52, 55]",35,36,False
line,41,57,73,1,96.49122807017544,18,100.0,19,1,0.0007674999651499093,"[0, 3, 5, 8, 9, 18, 21, 23, 24, 27, 31, 35, 36, 40, 43, 45, 48, 52, 55]",36,37,False
line,42,57,73,1,94.73684210526316,18,100.0,18,0,0.0008182000019587576,"[0, 3, 5, 8, 14, 19, 23, 24, 27, 31, 34, 37, 38, 40, 45, 49, 52, 55]",36,38,False
line,43,57,73,1,96.49122807017544,18,100.0,18,0,0.0010750999790616333,"[0, 3, 5, 8, 14, 19, 23, 24, 27, 31, 34, 36, 37, 40, 45, 49, 52, 55]",35,39,False
line,44,57,73,1,94.73684210526316,18,100.0,19,1,0.0008543000440113246,"[0, 3, 5, 8, 9, 19, 20, 23, 24, 27, 31, 33, 36, 40, 43, 45, 48, 52, 55]",21,37,False
line,45,57,73,1,96.49122807017544,18,100.0,18,0,0.0008470999891869724,"[0, 3, 5, 8, 14, 19, 23, 24, 27, 31, 34, 36, 37, 40, 45, 49, 52, 55]",40,41,False
line,46,57,73,2,96.49122807017544,18,100.0,18,0,0.001206899993121624,"[0, 3, 5, 8, 14, 19, 23, 24, 27, 31, 34, 36, 37, 42, 45, 49, 52, 55]",40,42,False
line,47,57,73,1,94.73684210526316,18,100.0,19,1,0.000845199974719435,"[0, 3, 5, 8, 9, 18, 21, 23, 24, 27, 31, 35, 36, 40, 43, 45, 48, 52, 55]",37,43,False
line,48,57,73,1,94.73684210526316,18,100.0,19,1,0.0008142999722622335,"[0, 3, 5, 8, 13, 14, 19, 23, 24, 27, 31, 34, 36, 37, 40, 46, 49, 52, 55]",45,46,False
line,49,57,73,1,96.49122807017544,18,100.0,18,0,0.0008364000241272151,"[0, 3, 5, 8, 14, 19, 23, 24, 27, 31, 34, 36, 37, 40, 45, 49, 52, 55]",46,47,False
line,50,57,73,1,96.49122807017544,18,100.0,18,0,0.0007121999515220523,"[0, 3, 5, 8, 14, 19, 23, 24, 27, 31, 34, 36, 37, 40, 45, 49, 52, 55]",47,48,False
line,51,57,73,1,94.73684210526316,18,100.0,19,1,0.0008392000454477966,"[0, 3, 5, 8, 12, 14, 19, 23, 24, 27, 31, 34, 36, 37, 40, 45, 49, 52, 55]",48,49,False
line,52,57,73,1,94.73684210526316,18,100.0,19,1,0.0007585000130347908,"[0, 3, 5, 8, 9, 14, 19, 23, 24, 27, 31, 34, 36, 37, 40, 45, 48, 52, 55]",49,50,False
line,53,57,73,1,96.49122807017544,18,100.0,18,0,0.00080439995508641,"[0, 3, 5, 8, 14, 19, 23, 24, 27, 31, 34, 36, 37, 40, 45, 49, 52, 55]",28,51,False
line,54,57,73,1,96.49122807017544,18,100.0,19,1,0.0011819000355899334,"[0, 3, 5, 8, 14, 19, 23, 24, 27, 28, 31, 34, 36, 37, 40, 45, 49, 52, 55]",51,52,False
line,55,57,73,1,94.73684210526316,18,100.0,19,1,0.0007745999610051513,"[0, 3, 5, 8, 14, 19, 23, 24, 27, 31, 34, 36, 37, 40, 45, 49, 51, 53, 55]",52,53,False
line,56,57,73,1,96.49122807017544,18,100.0,18,0,0.0013000000035390258,"[0, 3, 5, 8, 14, 19, 23, 24, 27, 31, 34, 36, 37, 40, 45, 49, 52, 55]",53,54,False
line,57,57,73,1,96.49122807017544,18,100.0,18,0,0.0014383000088855624,"[0, 3, 5, 8, 14, 19, 23, 24, 27, 31, 34, 36, 37, 40, 45, 49, 52, 55]",43,44,False
line,58,57,73,1,96.49122807017544,18,100.0,18,0,0.0007474999874830246,"[0, 3, 5, 8, 14, 19, 23, 24, 27, 31, 34, 36, 37, 40, 45, 49, 52, 55]",55,40,False
line,59,57,73,1,94.73684210526316,18,100.0,17,-1,0.0008105000015348196,"[0, 3, 5, 8, 14, 19, 23, 24, 27, 31, 35, 37, 38, 40, 45, 49, 52]",55,41,False
line,60,57,73,1,94.73684210526316,18,100.0,17,-1,0.0007282000151462853,"[0, 3, 5, 8, 14, 19, 23, 24, 27, 31, 35, 37, 38, 40, 45, 49, 52]",56,55,False
line,61,57,74,1,96.49122807017544,18,100.0,18,0,0.0007188000017777085,"[0, 3, 5, 8, 14, 19, 23, 24, 27, 31, 34, 36, 37, 40, 45, 49, 52, 55]",37,48,False
line,62,57,73,1,94.73684210526316,18,100.0,19,1,0.0007496999460272491,"[0, 3, 5, 8, 9, 18, 21, 23, 24, 27, 31, 35, 36, 40, 43, 45, 48, 52, 55]",37,47,False
trafo,0,57,74,1,96.49122807017544,18,100.0,18,0,0.0007124000112526119,"[0, 3, 5, 8, 14, 19, 23, 24, 27, 31, 34, 36, 37, 40, 45, 49, 52, 55]",17,3,False
trafo,1,57,74,1,96.49122807017544,18,100.0,18,0,0.0012571000261232257,"[0, 3, 5, 8, 14, 19, 23, 24, 27, 31, 34, 36, 37, 40, 45, 49, 52, 55]",17,3,False
trafo,2,57,73,1,94.73684210526316,18,100.0,19,1,0.0008347000111825764,"[0, 3, 5, 8, 14, 18, 20, 23, 24, 27, 31, 34, 36, 37, 40, 45, 49, 52, 55]",19,20,False
trafo,3,57,74,1,96.49122807017544,18,100.0,18,0,0.0009618999902158976,"[0, 3, 5, 8, 14, 19, 23, 24, 27, 31, 34, 36, 37, 40, 45, 49, 52, 55]",24,23,False
trafo,4,57,74,1,96.49122807017544,18,100.0,18,0,0.0007898000185377896,"[0, 3, 5, 8, 14, 19, 23, 24, 27, 31, 34, 36, 37, 40, 45, 49, 52, 55]",24,23,False
trafo,5,57,73,1,96.49122807017544,18,100.0,19,1,0.0007522000232711434,"[0, 3, 5, 8, 14, 19, 23, 24, 26, 31, 34, 36, 37, 40, 45, 49, 51, 52, 55]",25,23,False
trafo,6,57,74,1,96.49122807017544,18,100.0,18,0,0.001296799979172647,"[0, 3, 5, 8, 14, 19, 23, 24, 27, 31, 34, 36, 37, 40, 45, 49, 52, 55]",28,6,False
trafo,7,57,73,1,96.49122807017544,18,100.0,18,0,0.0007586000137962401,"[0, 3, 5, 8, 14, 19, 23, 27, 30, 31, 34, 36, 37, 40, 45, 49, 52, 55]",31,33,False
trafo,8,57,73,1,96.49122807017544,18,100.0,18,0,0.0007113000028766692,"[0, 3, 5, 8, 14, 19, 23, 24, 27, 31, 34, 36, 37, 40, 45, 49, 52, 55]",40,10,False
trafo,9,57,73,1,94.73684210526316,18,100.0,18,0,0.0007057000184431672,"[0, 3, 5, 8, 19, 23, 24, 27, 31, 34, 36, 37, 40, 43, 45, 49, 52, 55]",44,14,False
trafo,10,57,73,1,96.49122807017544,18,100.0,18,0,0.0009336000075563788,"[0, 3, 5, 8, 14, 19, 23, 24, 27, 31, 34, 36, 37, 40, 45, 49, 52, 55]",45,13,False
trafo,11,57,73,1,96.49122807017544,18,100.0,18,0,0.0007402999908663332,"[0, 3, 5, 8, 14, 19, 23, 24, 27, 31, 34, 36, 37, 40, 45, 49, 52, 55]",50,9,False
trafo,12,57,73,1,96.49122807017544,18,100.0,18,0,0.0009251000010408461,"[0, 3, 5, 8, 14, 19, 23, 24, 27, 31, 34, 36, 37, 40, 45, 49, 52, 55]",48,12,False
trafo,13,57,74,1,96.49122807017544,18,100.0,18,0,0.0007281999569386244,"[0, 3, 5, 8, 14, 19, 23, 24, 27, 31, 34, 36, 37, 40, 45, 49, 52, 55]",42,10,False
trafo,14,57,73,1,94.73684210526316,18,100.0,17,-1,0.0008191000088118017,"[0, 3, 5, 8, 14, 19, 23, 24, 27, 31, 35, 37, 38, 40, 45, 49, 52]",55,39,False
trafo,15,57,73,1,96.49122807017544,18,100.0,18,0,0.001177899946924299,"[0, 3, 5, 8, 14, 19, 23, 24, 27, 31, 34, 36, 37, 40, 45, 49, 52, 55]",56,38,False
trafo,16,57,73,1,94.73684210526316,18,100.0,19,1,0.0007862999918870628,"[0, 3, 5, 8, 14, 19, 23, 24, 27, 31, 34, 36, 37, 40, 45, 49, 52, 53, 55]",54,8,False
line,0,57,73,1,98.24561403508773,18,100.0,19,1,0.0007583000115118921,"[0, 1, 3, 8, 10, 14, 19, 23, 25, 28, 30, 31, 34, 36, 37, 45, 49, 52, 55]",0,1,False
line,1,57,73,1,100.0,18,100.0,18,0,0.0006977999582886696,"[0, 3, 8, 10, 14, 19, 23, 25, 28, 30, 31, 34, 36, 37, 45, 49, 52, 55]",1,2,True
line,2,57,73,1,100.0,18,100.0,18,0,0.001206599990837276,"[0, 3, 8, 10, 14, 19, 23, 25, 28, 30, 31, 34, 36, 37, 45, 49, 52, 55]",2,3,True
line,3,57,73,1,98.24561403508773,18,100.0,19,1,0.0007294000242836773,"[0, 3, 4, 8, 10, 14, 19, 23, 25, 28, 30, 31, 34, 36, 37, 45, 49, 52, 55]",3,4,False
line,4,57,73,1,98.24561403508773,18,100.0,19,1,0.0011249000090174377,"[0, 3, 4, 8, 10, 14, 19, 23, 25, 28, 30, 31, 34, 36, 37, 45, 49, 52, 55]",3,5,False
line,5,57,73,1,100.0,18,100.0,18,0,0.0008431999594904482,"[0, 3, 8, 10, 14, 19, 23, 25, 28, 30, 31, 34, 36, 37, 45, 49, 52, 55]",5,6,True
line,6,57,73,1,100.0,18,100.0,18,0,0.0006935999845154583,"[0, 3, 8, 10, 14, 19, 23, 25, 28, 30, 31, 34, 36, 37, 45, 49, 52, 55]",5,7,True
line,7,57,73,1,98.24561403508773,18,100.0,19,1,0.000729900028090924,"[0, 3, 5, 8, 10, 14, 19, 23, 25, 28, 30, 31, 34, 36, 37, 45, 49, 52, 55]",7,8,False
line,8,57,73,1,98.24561403508773,18,100.0,19,1,0.0007589999586343765,"[0, 3, 8, 9, 10, 14, 19, 23, 25, 28, 30, 31, 34, 36, 37, 45, 49, 52, 55]",8,9,False
line,9,57,73,1,100.0,18,100.0,18,0,0.0007404999923892319,"[0, 3, 8, 14, 19, 23, 25, 28, 30, 31, 34, 35, 37, 38, 40, 45, 49, 52]",8,10,True
line,10,57,73,1,98.24561403508773,18,100.0,19,1,0.0008139999699778855,"[0, 3, 8, 9, 10, 14, 19, 23, 25, 28, 30, 31, 34, 36, 37, 45, 49, 52, 55]",8,11,False
line,11,57,73,1,100.0,18,100.0,19,1,0.0007272999500855803,"[0, 3, 8, 10, 13, 14, 19, 23, 25, 28, 30, 31, 34, 36, 37, 45, 49, 52, 55]",8,12,True
line,12,57,73,1,100.0,18,100.0,18,0,0.0012092999531887472,"[0, 3, 8, 10, 14, 19, 23, 25, 28, 30, 31, 34, 36, 37, 45, 49, 52, 55]",12,13,True
line,13,57,74,1,100.0,18,100.0,18,0,0.0006968000088818371,"[0, 3, 8, 10, 14, 19, 23, 25, 28, 30, 31, 34, 36, 37, 45, 49, 52, 55]",12,14,True
line,14,57,73,1,100.0,18,100.0,19,1,0.0007982999668456614,"[0, 3, 8, 10, 13, 14, 19, 23, 25, 28, 30, 31, 34, 36, 37, 45, 49, 52, 55]",0,14,True
line,15,57,73,1,98.24561403508773,18,100.0,19,1,0.0007576000061817467,"[0, 3, 8, 10, 11, 14, 19, 23, 25, 28, 30, 31, 34, 36, 37, 45, 49, 52, 55]",0,15,False
line,16,57,73,1,98.24561403508773,18,100.0,19,1,0.0007952000014483929,"[0, 3, 8, 10, 11, 14, 19, 23, 25, 28, 30, 31, 34, 36, 37, 45, 49, 52, 55]",0,16,False
line,17,57,73,1,100.0,18,100.0,18,0,0.000699999975040555,"[0, 3, 8, 10, 14, 19, 23, 25, 28, 30, 31, 34, 36, 37, 45, 49, 52, 55]",2,14,True
line,18,57,73,1,100.0,18,100.0,18,0,0.0007274000090546906,"[0, 3, 8, 10, 14, 19, 23, 25, 28, 30, 31, 34, 36, 37, 45, 49, 52, 55]",4,5,True
line,19,57,73,1,100.0,18,100.0,18,0,0.0008043000125326216,"[0, 3, 8, 10, 14, 19, 23, 25, 28, 30, 31, 34, 36, 37, 45, 49, 52, 55]",6,7,True
line,20,57,73,1,100.0,18,100.0,18,0,0.0007386999786831439,"[0, 3, 8, 10, 14, 19, 23, 25, 28, 30, 31, 34, 36, 37, 45, 49, 52, 55]",9,11,True
line,21,57,73,1,100.0,18,100.0,18,0,0.0007613999769091606,"[0, 3, 8, 10, 14, 19, 23, 25, 28, 30, 31, 34, 36, 37, 45, 49, 52, 55]",10,12,True
line,22,57,73,1,100.0,18,100.0,18,0,0.0018330999882891774,"[0, 3, 8, 10, 14, 19, 23, 25, 28, 30, 31, 34, 36, 37, 45, 49, 52, 55]",11,12,True
line,23,57,73,1,100.0,18,100.0,18,0,0.0007521000225096941,"[0, 3, 8, 10, 14, 19, 23, 25, 28, 30, 31, 34, 36, 37, 45, 49, 52, 55]",11,15,True
line,24,57,73,1,100.0,18,100.0,18,0,0.0007821000181138515,"[0, 3, 8, 10, 14, 19, 23, 25, 28, 30, 31, 34, 36, 37, 45, 49, 52, 55]",11,16,True
line,25,57,73,1,100.0,18,100.0,18,0,0.0007476999890059233,"[0, 3, 8, 10, 14, 19, 23, 25, 28, 30, 31, 34, 36, 37, 45, 49, 52, 55]",13,14,True
line,26,57,73,1,100.0,18,100.0,18,0,0.0008372000302188098,"[0, 3, 8, 10, 14, 19, 23, 25, 28, 30, 31, 34, 36, 37, 45, 49, 52, 55]",17,18,True
line,27,57,73,1,98.24561403508773,18,100.0,19,1,0.0008821999654173851,"[0, 3, 8, 10, 14, 17, 19, 23, 25, 28, 30, 31, 34, 36, 37, 45, 49, 52, 55]",18,19,False
line,28,57,73,1,100.0,18,100.0,18,0,0.0007221000269055367,"[0, 3, 8, 10, 14, 19, 23, 25, 28, 30, 31, 34, 36, 37, 45, 49, 52, 55]",20,21,True
line,29,57,73,1,100.0,18,100.0,18,0,0.0014070000033825636,"[0, 3, 8, 10, 14, 19, 23, 25, 28, 30, 31, 34, 36, 37, 45, 49, 52, 55]",21,22,True
line,30,57,73,1,98.24561403508773,18,100.0,19,1,0.0010204000282101333,"[0, 3, 8, 10, 14, 19, 21, 23, 25, 28, 30, 31, 34, 36, 37, 45, 49, 52, 55]",22,23,False
line,31,57,73,1,98.24561403508773,18,100.0,18,0,0.000846699986141175,"[0, 3, 8, 10, 14, 19, 23, 26, 28, 30, 31, 34, 36, 37, 45, 49, 52, 55]",25,26,False
line,32,57,73,1,100.0,18,100.0,18,0,0.0007010999834164977,"[0, 3, 8, 10, 14, 19, 23, 25, 28, 30, 31, 34, 36, 37, 45, 49, 52, 55]",26,27,True
line,33,57,73,1,98.24561403508773,18,100.0,18,0,0.0007010999834164977,"[0, 3, 8, 10, 14, 19, 23, 26, 28, 30, 31, 34, 36, 37, 45, 49, 52, 55]",27,28,False
line,34,57,73,2,98.24561403508773,18,100.0,18,0,0.0006983999628573656,"[0, 3, 8, 10, 14, 19, 23, 25, 28, 30, 31, 34, 36, 37, 45, 49, 52, 55]",24,29,False
line,35,57,73,2,100.0,18,100.0,18,0,0.0006975000142119825,"[0, 3, 8, 10, 14, 19, 23, 24, 25, 28, 31, 34, 36, 37, 45, 49, 52, 55]",29,30,True
line,36,57,73,2,98.24561403508773,18,100.0,18,0,0.0007699000416323543,"[0, 3, 8, 10, 14, 19, 23, 25, 28, 29, 31, 34, 36, 37, 45, 49, 52, 55]",30,31,False
line,37,57,73,2,98.24561403508773,18,100.0,18,0,0.0018256999901495874,"[0, 3, 8, 10, 14, 19, 23, 25, 28, 30, 32, 34, 36, 37, 45, 49, 52, 55]",31,32,False
line,38,57,73,2,98.24561403508773,18,100.0,19,1,0.0007512000156566501,"[0, 3, 8, 10, 14, 19, 23, 25, 28, 30, 31, 33, 34, 36, 37, 45, 49, 52, 55]",33,34,False
line,39,57,73,2,98.24561403508773,18,100.0,19,1,0.001353600004222244,"[0, 3, 8, 10, 14, 19, 23, 25, 28, 30, 31, 33, 35, 36, 37, 45, 49, 52, 55]",34,35,False
line,40,57,74,1,100.0,18,100.0,18,0,0.0007307000341825187,"[0, 3, 8, 10, 14, 19, 23, 25, 28, 30, 31, 34, 36, 37, 45, 49, 52, 55]",35,36,True
line,41,57,73,1,100.0,18,100.0,18,0,0.0007168000447563827,"[0, 3, 8, 10, 14, 19, 23, 25, 28, 30, 31, 34, 36, 37, 45, 49, 52, 55]",36,37,True
line,42,57,73,1,98.24561403508773,18,100.0,18,0,0.0007575000054202974,"[0, 3, 8, 10, 14, 19, 23, 25, 28, 30, 31, 34, 37, 38, 45, 49, 52, 55]",36,38,False
line,43,57,73,2,100.0,18,100.0,18,0,0.0007151999743655324,"[0, 3, 8, 10, 14, 19, 23, 25, 28, 30, 31, 34, 36, 37, 45, 49, 52, 55]",35,39,True
line,44,57,73,1,98.24561403508773,18,100.0,19,1,0.0009112000116147101,"[0, 3, 8, 10, 14, 19, 20, 23, 25, 28, 30, 31, 34, 36, 37, 45, 49, 52, 55]",21,37,False
line,45,57,73,1,100.0,18,100.0,18,0,0.00131720001809299,"[0, 3, 8, 10, 14, 19, 23, 25, 28, 30, 31, 34, 36, 37, 45, 49, 52, 55]",40,41,True
line,46,57,73,1,100.0,18,100.0,18,0,0.0006906000198796391,"[0, 3, 8, 10, 14, 19, 23, 25, 28, 30, 31, 34, 36, 37, 45, 49, 52, 55]",40,42,True
line,47,57,73,1,98.24561403508773,18,100.0,18,0,0.0007291000219993293,"[0, 3, 8, 10, 19, 23, 25, 28, 30, 31, 34, 36, 37, 43, 45, 49, 52, 55]",37,43,False
line,48,57,73,1,98.24561403508773,18,100.0,19,1,0.0007650000043213367,"[0, 3, 8, 10, 13, 14, 19, 23, 25, 28, 30, 31, 34, 36, 37, 46, 49, 52, 55]",45,46,False
line,49,57,73,1,100.0,18,100.0,18,0,0.0007034000009298325,"[0, 3, 8, 10, 14, 19, 23, 25, 28, 30, 31, 34, 36, 37, 45, 49, 52, 55]",46,47,True
line,50,57,73,1,100.0,18,100.0,18,0,0.0007362000178545713,"[0, 3, 8, 10, 14, 19, 23, 25, 28, 30, 31, 34, 36, 37, 45, 49, 52, 55]",47,48,True
line,51,57,73,2,100.0,18,100.0,18,0,0.0008159000426530838,"[0, 3, 8, 10, 14, 19, 23, 25, 28, 30, 31, 34, 36, 37, 45, 49, 52, 55]",48,49,True
line,52,57,73,2,98.24561403508773,18,100.0,19,1,0.0007330999942496419,"[0, 3, 8, 10, 14, 19, 23, 25, 28, 30, 31, 34, 36, 37, 45, 48, 50, 52, 55]",49,50,False
line,53,57,73,1,100.0,18,100.0,18,0,0.0010365999769419432,"[0, 3, 5, 8, 10, 14, 19, 23, 27, 30, 31, 34, 36, 37, 45, 49, 52, 55]",28,51,True
line,54,57,73,1,100.0,18,100.0,18,0,0.00072900002123788,"[0, 3, 8, 10, 14, 19, 23, 25, 28, 30, 31, 34, 36, 37, 45, 49, 52, 55]",51,52,True
line,55,57,73,1,98.24561403508773,18,100.0,19,1,0.0010540999937802553,"[0, 3, 8, 10, 14, 19, 23, 25, 28, 30, 31, 34, 36, 37, 45, 49, 51, 53, 55]",52,53,False
line,56,57,73,1,100.0,18,100.0,18,0,0.0006917000282555819,"[0, 3, 8, 10, 14, 19, 23, 25, 28, 30, 31, 34, 36, 37, 45, 49, 52, 55]",53,54,True
line,57,57,73,1,100.0,18,100.0,18,0,0.0007277000113390386,"[0, 3, 8, 10, 14, 19, 23, 25, 28, 30, 31, 34, 36, 37, 45, 49, 52, 55]",43,44,True
line,58,57,73,1,100.0,18,100.0,18,0,0.0007483999943360686,"[0, 3, 8, 10, 14, 19, 23, 25, 28, 30, 31, 34, 36, 37, 45, 49, 52, 55]",55,40,True
line,59,57,73,1,98.24561403508773,18,100.0,18,0,0.0006928000366315246,"[0, 3, 8, 14, 19, 23, 25, 28, 30, 31, 34, 35, 37, 38, 40, 45, 49, 52]",55,41,False
line,60,57,73,1,98.24561403508773,18,100.0,18,0,0.000699399970471859,"[0, 3, 8, 14, 19, 23, 25, 28, 30, 31, 34, 35, 37, 38, 40, 45, 49, 52]",56,55,False
line,61,57,73,1,100.0,18,100.0,18,0,0.0006961000035516918,"[0, 3, 8, 10, 14, 19, 23, 25, 28, 30, 31, 34, 36, 37, 45, 49, 52, 55]",37,48,True
line,62,57,73,1,98.24561403508773,18,100.0,19,1,0.0009176000021398067,"[0, 3, 8, 10, 14, 19, 23, 25, 28, 30, 31, 34, 36, 37, 45, 48, 49, 52, 55]",37,47,False
trafo,0,57,74,1,100.0,18,100.0,18,0,0.0007032000576145947,"[0, 3, 8, 10, 14, 19, 23, 25, 28, 30, 31, 34, 36, 37, 45, 49, 52, 55]",17,3,True
trafo,1,57,74,1,100.0,18,100.0,18,0,0.00122969999210909,"[0, 3, 8, 10, 14, 19, 23, 25, 28, 30, 31, 34, 36, 37, 45, 49, 52, 55]",17,3,True
trafo,2,57,73,1,98.24561403508773,18,100.0,19,1,0.0007246999884955585,"[0, 3, 8, 10, 14, 18, 20, 23, 25, 28, 30, 31, 34, 36, 37, 45, 49, 52, 55]",19,20,False
trafo,3,57,74,1,100.0,18,100.0,18,0,0.0007043000077828765,"[0, 3, 8, 10, 14, 19, 23, 25, 28, 30, 31, 34, 36, 37, 45, 49, 52, 55]",24,23,True
trafo,4,57,74,1,100.0,18,100.0,18,0,0.0015085999621078372,"[0, 3, 8, 10, 14, 19, 23, 25, 28, 30, 31, 34, 36, 37, 45, 49, 52, 55]",24,23,True
trafo,5,57,73,1,100.0,18,100.0,18,0,0.0006899000145494938,"[0, 3, 8, 10, 14, 19, 23, 25, 28, 30, 31, 34, 36, 37, 45, 49, 52, 55]",25,23,True
trafo,6,57,73,1,98.24561403508773,18,100.0,18,0,0.0007948999991640449,"[0, 3, 5, 8, 10, 14, 19, 23, 27, 30, 31, 34, 36, 37, 45, 49, 52, 55]",28,6,False
trafo,7,57,74,1,100.0,18,100.0,18,0,0.0008503000135533512,"[0, 3, 8, 10, 14, 19, 23, 25, 28, 30, 31, 34, 36, 37, 45, 49, 52, 55]",31,33,True
trafo,8,57,73,1,100.0,18,100.0,18,0,0.0012280999799259007,"[0, 3, 8, 10, 14, 19, 23, 25, 28, 30, 31, 34, 36, 37, 45, 49, 52, 55]",40,10,True
trafo,9,57,73,1,98.24561403508773,18,100.0,18,0,0.0007163999835029244,"[0, 3, 8, 10, 19, 23, 25, 28, 30, 31, 34, 36, 37, 43, 45, 49, 52, 55]",44,14,False
trafo,10,57,73,1,100.0,18,100.0,18,0,0.0009623000514693558,"[0, 3, 8, 10, 14, 19, 23, 25, 28, 30, 31, 34, 36, 37, 45, 49, 52, 55]",45,13,True
trafo,11,57,74,1,100.0,18,100.0,18,0,0.0007176999934017658,"[0, 3, 8, 10, 14, 19, 23, 25, 28, 30, 31, 34, 36, 37, 45, 49, 52, 55]",50,9,True
trafo,12,57,73,1,100.0,18,100.0,18,0,0.0007705999887548387,"[0, 3, 8, 10, 14, 19, 23, 25, 28, 30, 31, 34, 36, 37, 45, 49, 52, 55]",48,12,True
trafo,13,57,73,1,98.24561403508773,18,100.0,18,0,0.0006912000244483352,"[0, 3, 8, 14, 19, 23, 25, 28, 30, 31, 34, 36, 37, 40, 45, 49, 52, 55]",42,10,False
trafo,14,57,73,2,98.24561403508773,18,100.0,18,0,0.000693199981469661,"[0, 3, 8, 14, 19, 23, 25, 28, 30, 31, 34, 35, 37, 38, 40, 45, 49, 52]",55,39,False
trafo,15,57,73,1,100.0,18,100.0,18,0,0.0007982999668456614,"[0, 3, 8, 10, 14, 19, 23, 25, 28, 30, 31, 34, 36, 37, 45, 49, 52, 55]",56,38,True
trafo,16,57,73,1,98.24561403508773,18,100.0,18,0,0.0007295999675989151,"[0, 3, 8, 10, 14, 19, 23, 25, 28, 30, 31, 34, 36, 37, 45, 49, 53, 55]",54,8,False
line,0,57,71,2,94.73684210526316,18,100.0,19,1,0.0008225999772548676,"[0, 1, 3, 8, 19, 23, 24, 25, 28, 31, 34, 36, 37, 42, 43, 45, 49, 52, 55]",0,1,False
line,1,57,71,2,96.49122807017544,18,100.0,18,0,0.000686099985614419,"[0, 3, 8, 19, 23, 24, 25, 28, 31, 34, 36, 37, 42, 43, 45, 49, 52, 55]",1,2,False
line,2,57,71,2,96.49122807017544,18,100.0,19,1,0.0011456000502221286,"[0, 1, 3, 8, 19, 23, 24, 25, 28, 31, 34, 36, 37, 42, 43, 45, 49, 52, 55]",2,3,False
line,3,57,71,2,94.73684210526316,18,100.0,19,1,0.0007904000231064856,"[0, 3, 4, 8, 19, 23, 24, 25, 28, 31, 34, 36, 37, 42, 43, 45, 49, 52, 55]",3,4,False
line,4,57,71,2,94.73684210526316,18,100.0,19,1,0.0011177000124007463,"[0, 3, 4, 8, 19, 23, 24, 25, 28, 31, 34, 36, 37, 42, 43, 45, 49, 52, 55]",3,5,False
line,5,57,71,2,96.49122807017544,18,100.0,18,0,0.000805000017862767,"[0, 3, 8, 19, 23, 24, 25, 28, 31, 34, 36, 37, 42, 43, 45, 49, 52, 55]",5,6,False
line,6,57,71,2,96.49122807017544,18,100.0,18,0,0.0009054000256583095,"[0, 3, 8, 19, 23, 24, 25, 28, 31, 34, 36, 37, 42, 43, 45, 49, 52, 55]",5,7,False
line,7,57,71,2,94.73684210526316,18,100.0,19,1,0.0010135999764315784,"[0, 3, 5, 8, 19, 23, 24, 25, 28, 31, 34, 36, 37, 42, 43, 45, 49, 52, 55]",7,8,False
line,8,57,71,2,94.73684210526316,18,100.0,19,1,0.0013647000305354595,"[0, 3, 8, 9, 19, 23, 24, 25, 28, 31, 34, 36, 37, 42, 43, 45, 49, 52, 55]",8,9,False
line,9,57,71,2,96.49122807017544,18,100.0,19,1,0.0007220000261440873,"[0, 3, 8, 10, 19, 23, 24, 25, 28, 31, 34, 36, 37, 42, 43, 45, 49, 52, 55]",8,10,False
line,10,57,71,2,94.73684210526316,18,100.0,19,1,0.001048100006300956,"[0, 3, 8, 9, 19, 23, 24, 25, 28, 31, 34, 36, 37, 42, 43, 45, 49, 52, 55]",8,11,False
line,11,57,71,2,96.49122807017544,18,100.0,19,1,0.0007890000124461949,"[0, 3, 8, 13, 19, 23, 24, 25, 28, 31, 34, 36, 37, 42, 43, 45, 49, 52, 55]",8,12,False
line,12,57,71,2,96.49122807017544,18,100.0,18,0,0.0006938999867998064,"[0, 3, 8, 19, 23, 24, 25, 28, 31, 34, 36, 37, 42, 43, 45, 49, 52, 55]",12,13,False
line,13,57,71,2,96.49122807017544,18,100.0,18,0,0.0006794999935664237,"[0, 3, 8, 19, 23, 24, 25, 28, 31, 34, 36, 37, 42, 43, 45, 49, 52, 55]",12,14,False
line,14,57,71,2,96.49122807017544,18,100.0,19,1,0.0008038000087253749,"[0, 3, 8, 13, 19, 23, 24, 25, 28, 31, 34, 36, 37, 42, 43, 45, 49, 52, 55]",0,14,False
line,15,57,71,2,94.73684210526316,18,100.0,19,1,0.0009283000254072249,"[0, 3, 8, 11, 19, 23, 24, 25, 28, 31, 34, 36, 37, 42, 43, 45, 49, 52, 55]",0,15,False
line,16,57,71,2,94.73684210526316,18,100.0,19,1,0.0015304000116884708,"[0, 3, 8, 11, 19, 23, 24, 25, 28, 31, 34, 36, 37, 42, 43, 45, 49, 52, 55]",0,16,False
line,17,57,71,2,96.49122807017544,18,100.0,18,0,0.0008372999727725983,"[0, 3, 8, 19, 23, 24, 25, 28, 31, 34, 36, 37, 42, 43, 45, 49, 52, 55]",2,14,False
line,18,57,71,2,96.49122807017544,18,100.0,18,0,0.0006890000076964498,"[0, 3, 8, 19, 23, 24, 25, 28, 31, 34, 36, 37, 42, 43, 45, 49, 52, 55]",4,5,False
line,19,57,72,2,96.49122807017544,18,100.0,18,0,0.0012384000001475215,"[0, 3, 8, 19, 23, 24, 25, 28, 31, 34, 36, 37, 42, 43, 45, 49, 52, 55]",6,7,False
line,20,57,71,2,96.49122807017544,18,100.0,18,0,0.0006909999647177756,"[0, 3, 8, 19, 23, 24, 25, 28, 31, 34, 36, 37, 42, 43, 45, 49, 52, 55]",9,11,False
line,21,57,71,2,96.49122807017544,18,100.0,18,0,0.0007841000333428383,"[0, 3, 8, 19, 23, 24, 25, 28, 31, 34, 36, 37, 42, 43, 45, 49, 52, 55]",10,12,False
line,22,57,71,2,96.49122807017544,18,100.0,18,0,0.001862000033725053,"[0, 3, 8, 19, 23, 24, 25, 28, 31, 34, 36, 37, 42, 43, 45, 49, 52, 55]",11,12,False
line,23,57,71,2,96.49122807017544,18,100.0,18,0,0.0007509000133723021,"[0, 3, 8, 19, 23, 24, 25, 28, 31, 34, 36, 37, 42, 43, 45, 49, 52, 55]",11,15,False
line,24,57,71,2,96.49122807017544,18,100.0,18,0,0.0009895999683067203,"[0, 3, 8, 19, 23, 24, 25, 28, 31, 34, 36, 37, 42, 43, 45, 49, 52, 55]",11,16,False
line,25,57,71,2,96.49122807017544,18,100.0,18,0,0.0007485999958589673,"[0, 3, 8, 19, 23, 24, 25, 28, 31, 34, 36, 37, 42, 43, 45, 49, 52, 55]",13,14,False
line,26,57,71,2,96.49122807017544,18,100.0,18,0,0.0007982999668456614,"[0, 3, 8, 19, 23, 24, 25, 28, 31, 34, 36, 37, 42, 43, 45, 49, 52, 55]",17,18,False
line,27,57,71,2,94.73684210526316,18,100.0,19,1,0.0007437000167556107,"[0, 3, 8, 17, 19, 23, 24, 25, 28, 31, 34, 36, 37, 42, 43, 45, 49, 52, 55]",18,19,False
line,28,57,71,2,96.49122807017544,18,100.0,18,0,0.0007256999961100519,"[0, 3, 8, 19, 23, 24, 25, 28, 31, 34, 36, 37, 42, 43, 45, 49, 52, 55]",20,21,False
line,29,57,71,2,96.49122807017544,18,100.0,18,0,0.000693199981469661,"[0, 3, 8, 19, 23, 24, 25, 28, 31, 34, 36, 37, 42, 43, 45, 49, 52, 55]",21,22,False
line,30,57,71,2,94.73684210526316,18,100.0,19,1,0.0008483999990858138,"[0, 3, 8, 19, 21, 23, 24, 25, 28, 31, 34, 36, 37, 42, 43, 45, 49, 52, 55]",22,23,False
line,31,57,71,2,94.73684210526316,18,100.0,18,0,0.0007194000063464046,"[0, 3, 8, 19, 23, 24, 26, 28, 31, 34, 36, 37, 42, 43, 45, 49, 52, 55]",25,26,False
line,32,57,71,2,96.49122807017544,18,100.0,18,0,0.00165049999486655,"[0, 3, 8, 19, 23, 24, 25, 28, 31, 34, 36, 37, 42, 43, 45, 49, 52, 55]",26,27,False
line,33,57,71,2,94.73684210526316,18,100.0,18,0,0.00091409997548908,"[0, 3, 8, 19, 23, 24, 26, 28, 31, 34, 36, 37, 42, 43, 45, 49, 52, 55]",27,28,False
line,34,57,71,2,94.73684210526316,18,100.0,18,0,0.0008749000262469053,"[0, 3, 8, 19, 23, 25, 28, 29, 31, 34, 36, 37, 42, 43, 45, 49, 52, 55]",24,29,False
line,35,57,71,2,96.49122807017544,18,100.0,18,0,0.0011384999961592257,"[0, 3, 8, 19, 23, 24, 25, 28, 31, 34, 36, 37, 42, 43, 45, 49, 52, 55]",29,30,False
line,36,57,71,2,94.73684210526316,18,100.0,18,0,0.0007461999775841832,"[0, 3, 8, 19, 23, 25, 28, 29, 31, 34, 36, 37, 42, 43, 45, 49, 52, 55]",30,31,False
line,37,57,71,3,94.73684210526316,18,100.0,18,0,0.0007106999983079731,"[0, 3, 8, 19, 23, 25, 28, 30, 32, 34, 36, 37, 42, 43, 45, 49, 52, 55]",31,32,False
line,38,57,71,2,96.49122807017544,18,100.0,18,0,0.0007867999956943095,"[0, 3, 8, 19, 23, 24, 25, 28, 31, 34, 36, 37, 42, 43, 45, 49, 52, 55]",33,34,False
line,39,57,71,2,96.49122807017544,18,100.0,18,0,0.0007799000013619661,"[0, 3, 8, 19, 23, 24, 25, 28, 31, 33, 36, 37, 42, 43, 45, 49, 52, 55]",34,35,False
line,40,57,71,2,96.49122807017544,18,100.0,18,0,0.0011832999880425632,"[0, 3, 8, 19, 23, 24, 25, 28, 31, 34, 36, 37, 42, 43, 45, 49, 52, 55]",35,36,False
line,41,57,71,2,96.49122807017544,18,100.0,19,1,0.0007502000080421567,"[0, 3, 8, 9, 18, 21, 23, 24, 25, 28, 31, 35, 36, 42, 43, 45, 48, 52, 55]",36,37,False
line,42,57,71,2,94.73684210526316,18,100.0,18,0,0.0006816999521106482,"[0, 3, 8, 19, 23, 24, 25, 28, 31, 34, 37, 38, 42, 43, 45, 49, 52, 55]",36,38,False
line,43,57,71,2,96.49122807017544,18,100.0,18,0,0.0006980000180192292,"[0, 3, 8, 19, 23, 24, 25, 28, 31, 34, 36, 37, 42, 43, 45, 49, 52, 55]",35,39,False
line,44,57,71,2,94.73684210526316,18,100.0,19,1,0.0017074000206775963,"[0, 3, 8, 9, 19, 20, 23, 24, 25, 28, 31, 33, 36, 42, 43, 45, 48, 52, 55]",21,37,False
line,45,57,71,2,96.49122807017544,18,100.0,18,0,0.001667400007136166,"[0, 3, 8, 19, 23, 24, 25, 28, 31, 34, 36, 37, 42, 43, 45, 49, 52, 55]",40,41,False
line,46,57,72,2,96.49122807017544,18,100.0,18,0,0.002064000000245869,"[0, 3, 8, 19, 23, 24, 25, 28, 31, 34, 36, 37, 42, 43, 45, 49, 52, 55]",40,42,False
line,47,57,71,3,94.73684210526316,18,100.0,19,1,0.0009318999946117401,"[0, 3, 8, 9, 18, 21, 23, 24, 25, 28, 31, 35, 36, 42, 43, 45, 48, 52, 55]",37,43,False
line,48,57,71,2,94.73684210526316,18,100.0,19,1,0.001422200002707541,"[0, 3, 8, 13, 19, 23, 24, 25, 28, 31, 34, 36, 37, 42, 43, 46, 49, 52, 55]",45,46,False
line,49,57,71,2,96.49122807017544,18,100.0,18,0,0.0012577000306919217,"[0, 3, 8, 19, 23, 24, 25, 28, 31, 34, 36, 37, 42, 43, 45, 49, 52, 55]",46,47,False
line,50,57,71,2,96.49122807017544,18,100.0,18,0,0.0018093999824486673,"[0, 3, 8, 19, 23, 24, 25, 28, 31, 34, 36, 37, 42, 43, 45, 49, 52, 55]",47,48,False
line,51,57,71,2,94.73684210526316,18,100.0,19,1,0.0019379999721422791,"[0, 3, 8, 19, 23, 24, 25, 28, 31, 34, 36, 37, 42, 43, 45, 47, 49, 52, 55]",48,49,False
line,52,57,71,2,94.73684210526316,18,100.0,19,1,0.0007600000244565308,"[0, 3, 8, 9, 19, 23, 24, 25, 28, 31, 34, 36, 37, 42, 43, 45, 48, 52, 55]",49,50,False
line,53,57,71,2,96.49122807017544,18,100.0,18,0,0.0008224000339396298,"[0, 3, 5, 8, 19, 23, 24, 27, 31, 34, 36, 37, 42, 43, 45, 49, 52, 55]",28,51,False
line,54,57,71,2,96.49122807017544,18,100.0,18,0,0.0023283999762497842,"[0, 3, 8, 19, 23, 24, 25, 28, 31, 34, 36, 37, 42, 43, 45, 49, 52, 55]",51,52,False
line,55,57,71,2,94.73684210526316,18,100.0,19,1,0.0018863999866880476,"[0, 3, 8, 19, 23, 24, 25, 28, 31, 34, 36, 37, 42, 43, 45, 49, 51, 53, 55]",52,53,False
line,56,57,71,2,96.49122807017544,18,100.0,18,0,0.002432100009173155,"[0, 3, 8, 19, 23, 24, 25, 28, 31, 34, 36, 37, 42, 43, 45, 49, 52, 55]",53,54,False
line,57,57,71,3,96.49122807017544,18,100.0,18,0,0.001193900010548532,"[0, 3, 8, 19, 23, 24, 25, 28, 31, 34, 36, 37, 42, 44, 45, 49, 52, 55]",43,44,False
line,58,57,71,2,96.49122807017544,18,100.0,19,1,0.0007739000138826668,"[0, 3, 8, 10, 19, 23, 24, 25, 28, 31, 34, 36, 37, 42, 43, 45, 49, 52, 55]",55,40,False
line,59,57,71,2,94.73684210526316,18,100.0,19,1,0.0007548999856226146,"[0, 3, 8, 19, 23, 24, 25, 28, 31, 34, 36, 37, 40, 42, 43, 45, 49, 52, 55]",55,41,False
line,60,57,71,2,94.73684210526316,18,100.0,18,0,0.0017198999994434416,"[0, 3, 8, 19, 23, 24, 25, 28, 31, 34, 37, 38, 42, 43, 45, 49, 52, 55]",56,55,False
line,61,57,72,2,96.49122807017544,18,100.0,18,0,0.0007584000122733414,"[0, 3, 8, 19, 23, 24, 25, 28, 31, 34, 36, 37, 42, 43, 45, 49, 52, 55]",37,48,False
line,62,57,71,2,94.73684210526316,18,100.0,19,1,0.0011683999910019338,"[0, 3, 8, 9, 18, 21, 23, 24, 25, 28, 31, 35, 36, 42, 43, 45, 48, 52, 55]",37,47,False
trafo,0,57,72,2,96.49122807017544,18,100.0,18,0,0.0007097999914549291,"[0, 3, 8, 19, 23, 24, 25, 28, 31, 34, 36, 37, 42, 43, 45, 49, 52, 55]",17,3,False
trafo,1,57,72,2,96.49122807017544,18,100.0,18,0,0.0008384999819099903,"[0, 3, 8, 19, 23, 24, 25, 28, 31, 34, 36, 37, 42, 43, 45, 49, 52, 55]",17,3,False
trafo,2,57,71,2,94.73684210526316,18,100.0,19,1,0.0007356999558396637,"[0, 3, 8, 18, 20, 23, 24, 25, 28, 31, 34, 36, 37, 42, 43, 45, 49, 52, 55]",19,20,False
trafo,3,57,72,2,96.49122807017544,18,100.0,18,0,0.0010458999895490706,"[0, 3, 8, 19, 23, 24, 25, 28, 31, 34, 36, 37, 42, 43, 45, 49, 52, 55]",24,23,False
trafo,4,57,72,2,96.49122807017544,18,100.0,18,0,0.0007135000196285546,"[0, 3, 8, 19, 23, 24, 25, 28, 31, 34, 36, 37, 42, 43, 45, 49, 52, 55]",24,23,False
trafo,5,57,71,2,96.49122807017544,18,100.0,18,0,0.001833299989812076,"[0, 3, 8, 19, 23, 24, 25, 28, 31, 34, 36, 37, 42, 43, 45, 49, 52, 55]",25,23,False
trafo,6,57,71,2,94.73684210526316,18,100.0,18,0,0.0013361999881453812,"[0, 3, 5, 8, 19, 23, 24, 27, 31, 34, 36, 37, 42, 43, 45, 49, 52, 55]",28,6,False
trafo,7,57,71,2,96.49122807017544,18,100.0,18,0,0.000763899995945394,"[0, 3, 8, 19, 23, 25, 28, 30, 31, 34, 36, 37, 42, 43, 45, 49, 52, 55]",31,33,False
trafo,8,57,71,2,96.49122807017544,18,100.0,18,0,0.0012730999733321369,"[0, 3, 8, 19, 23, 24, 25, 28, 31, 34, 36, 37, 42, 43, 45, 49, 52, 55]",40,10,False
trafo,9,57,72,2,96.49122807017544,18,100.0,18,0,0.0007930000429041684,"[0, 3, 8, 19, 23, 24, 25, 28, 31, 34, 36, 37, 42, 43, 45, 49, 52, 55]",44,14,False
trafo,10,57,71,2,96.49122807017544,18,100.0,19,1,0.0007745000184513628,"[0, 3, 8, 12, 19, 23, 24, 25, 28, 31, 34, 36, 37, 42, 43, 45, 49, 52, 55]",45,13,False
trafo,11,57,71,2,96.49122807017544,18,100.0,18,0,0.0007337999995797873,"[0, 3, 8, 19, 23, 24, 25, 28, 31, 34, 36, 37, 42, 43, 45, 49, 52, 55]",50,9,False
trafo,12,57,72,2,96.49122807017544,18,100.0,18,0,0.0007127000135369599,"[0, 3, 8, 19, 23, 24, 25, 28, 31, 34, 36, 37, 42, 43, 45, 49, 52, 55]",48,12,False
trafo,13,57,72,2,96.49122807017544,18,100.0,18,0,0.00103420001687482,"[0, 3, 8, 19, 23, 24, 25, 28, 31, 34, 36, 37, 42, 43, 45, 49, 52, 55]",42,10,False
trafo,14,57,71,2,94.73684210526316,18,100.0,18,0,0.0008668000227771699,"[0, 3, 8, 19, 23, 24, 25, 28, 31, 35, 36, 37, 42, 43, 45, 49, 52, 55]",55,39,False
trafo,15,57,71,2,96.49122807017544,18,100.0,18,0,0.0007140999659895897,"[0, 3, 8, 19, 23, 24, 25, 28, 31, 34, 36, 37, 42, 43, 45, 49, 52, 55]",56,38,False
trafo,16,57,71,2,94.73684210526316,18,100.0,18,0,0.0008900999673642218,"[0, 3, 8, 19, 23, 24, 25, 28, 31, 34, 36, 37, 42, 43, 45, 49, 53, 55]",54,8,False
line,0,57,74,2,96.49122807017544,18,100.0,20,2,0.0013215999933890998,"[0, 1, 3, 5, 10, 12, 14, 19, 23, 24, 25, 28, 31, 34, 36, 37, 45, 50, 53, 55]",0,1,False
line,1,57,74,2,98.24561403508773,18,100.0,19,1,0.0008266999502666295,"[0, 3, 5, 10, 12, 14, 19, 23, 24, 25, 28, 31, 34, 36, 37, 45, 50, 53, 55]",1,2,False
line,2,57,74,2,98.24561403508773,18,100.0,19,1,0.0007572000031359494,"[0, 5, 8, 10, 12, 14, 18, 19, 23, 24, 27, 31, 34, 36, 37, 45, 50, 52, 55]",2,3,False
line,3,57,74,2,96.49122807017544,18,100.0,19,1,0.0011227999930270016,"[0, 5, 8, 10, 12, 14, 18, 19, 23, 24, 27, 31, 34, 36, 37, 45, 50, 52, 55]",3,4,False
line,4,57,74,2,96.49122807017544,18,100.0,19,1,0.0008018999942578375,"[0, 3, 6, 8, 10, 12, 14, 19, 23, 24, 26, 31, 34, 36, 37, 45, 50, 52, 55]",3,5,False
line,5,57,74,2,98.24561403508773,18,100.0,19,1,0.0019718999974429607,"[0, 3, 5, 10, 12, 14, 19, 23, 24, 25, 28, 31, 34, 36, 37, 45, 50, 53, 55]",5,6,False
line,6,57,74,2,98.24561403508773,18,100.0,19,1,0.0008481999975629151,"[0, 3, 6, 10, 12, 14, 19, 23, 24, 25, 28, 31, 34, 36, 37, 45, 50, 53, 55]",5,7,False
line,7,57,75,2,98.24561403508773,18,100.0,19,1,0.002438099996652454,"[0, 3, 5, 10, 12, 14, 19, 23, 24, 25, 28, 31, 34, 36, 37, 45, 50, 53, 55]",7,8,False
line,8,57,74,2,96.49122807017544,18,100.0,19,1,0.0008320999913848937,"[0, 3, 5, 10, 12, 14, 19, 23, 24, 25, 28, 31, 34, 36, 37, 45, 50, 53, 55]",8,9,False
line,9,57,74,2,98.24561403508773,18,100.0,19,1,0.0012277999776415527,"[0, 3, 5, 10, 12, 14, 19, 23, 24, 25, 28, 31, 34, 36, 37, 45, 50, 53, 55]",8,10,False
line,10,57,74,2,96.49122807017544,18,100.0,19,1,0.0007267000037245452,"[0, 3, 5, 10, 12, 14, 19, 23, 24, 25, 28, 31, 34, 36, 37, 45, 50, 53, 55]",8,11,False
line,11,57,74,2,98.24561403508773,18,100.0,19,1,0.0016971000004559755,"[0, 3, 5, 11, 14, 19, 23, 24, 25, 28, 31, 34, 35, 37, 38, 40, 45, 49, 53]",8,12,False
line,12,57,74,2,98.24561403508773,18,100.0,19,1,0.0008157000411301851,"[0, 3, 5, 8, 10, 14, 19, 23, 24, 25, 28, 31, 34, 36, 37, 45, 49, 52, 55]",12,13,False
line,13,57,74,2,98.24561403508773,18,100.0,19,1,0.0018483999883756042,"[0, 3, 5, 8, 10, 14, 19, 23, 24, 25, 28, 31, 34, 36, 37, 45, 49, 52, 55]",12,14,False
line,14,57,74,2,98.24561403508773,18,100.0,19,1,0.0007610000320710242,"[0, 3, 5, 10, 12, 14, 19, 23, 24, 25, 28, 31, 34, 36, 37, 45, 50, 53, 55]",0,14,False
line,15,57,74,2,96.49122807017544,18,100.0,20,2,0.0008247000514529645,"[0, 3, 5, 10, 11, 12, 14, 19, 23, 24, 25, 28, 31, 34, 36, 37, 45, 50, 53, 55]",0,15,False
line,16,57,74,2,96.49122807017544,18,100.0,20,2,0.0015933000249788165,"[0, 3, 5, 10, 11, 12, 14, 19, 23, 24, 25, 28, 31, 34, 36, 37, 45, 50, 53, 55]",0,16,False
line,17,57,74,2,98.24561403508773,18,100.0,19,1,0.0007509000133723021,"[0, 3, 5, 10, 12, 14, 19, 23, 24, 25, 28, 31, 34, 36, 37, 45, 50, 53, 55]",2,14,False
line,18,57,74,2,98.24561403508773,18,100.0,19,1,0.0008297000313177705,"[0, 3, 5, 10, 12, 14, 19, 23, 24, 25, 28, 31, 34, 36, 37, 45, 50, 53, 55]",4,5,False
line,19,57,74,2,98.24561403508773,18,100.0,19,1,0.000825399998575449,"[0, 3, 5, 10, 12, 14, 19, 23, 24, 25, 28, 31, 34, 36, 37, 45, 50, 53, 55]",6,7,False
line,20,57,74,2,98.24561403508773,18,100.0,19,1,0.0009851999930106103,"[0, 3, 5, 10, 12, 14, 19, 23, 24, 25, 28, 31, 34, 36, 37, 45, 50, 53, 55]",9,11,False
line,21,57,74,2,98.24561403508773,18,100.0,19,1,0.0007390000391751528,"[0, 3, 5, 8, 10, 14, 19, 23, 24, 25, 28, 31, 34, 36, 37, 45, 49, 52, 55]",10,12,False
line,22,57,74,2,98.24561403508773,18,100.0,19,1,0.0007343000033870339,"[0, 3, 5, 8, 10, 14, 19, 23, 24, 25, 28, 31, 34, 36, 37, 45, 49, 52, 55]",11,12,False
line,23,57,74,2,98.24561403508773,18,100.0,19,1,0.0010047999676316977,"[0, 3, 5, 10, 12, 14, 19, 23, 24, 25, 28, 31, 34, 36, 37, 45, 50, 53, 55]",11,15,False
line,24,57,74,2,98.24561403508773,18,100.0,19,1,0.0007307000341825187,"[0, 3, 5, 10, 12, 14, 19, 23, 24, 25, 28, 31, 34, 36, 37, 45, 50, 53, 55]",11,16,False
line,25,57,74,2,98.24561403508773,18,100.0,19,1,0.0007341000018641353,"[0, 3, 5, 10, 12, 14, 19, 23, 24, 25, 28, 31, 34, 36, 37, 45, 50, 53, 55]",13,14,False
line,26,57,74,2,98.24561403508773,18,100.0,19,1,0.000763599993661046,"[0, 3, 5, 10, 12, 14, 19, 23, 24, 25, 28, 31, 34, 36, 37, 45, 50, 53, 55]",17,18,False
line,27,57,74,2,96.49122807017544,18,100.0,20,2,0.0009224999812431633,"[0, 3, 5, 10, 12, 14, 17, 19, 23, 24, 25, 28, 31, 34, 36, 37, 45, 50, 53, 55]",18,19,False
line,28,57,74,2,98.24561403508773,18,100.0,19,1,0.0011553000076673925,"[0, 3, 5, 10, 12, 14, 19, 23, 24, 25, 28, 31, 34, 36, 37, 45, 50, 53, 55]",20,21,False
line,29,57,74,2,98.24561403508773,18,100.0,19,1,0.0007613000343553722,"[0, 3, 5, 10, 12, 14, 19, 23, 24, 25, 28, 31, 34, 36, 37, 45, 50, 53, 55]",21,22,False
line,30,57,74,2,96.49122807017544,18,100.0,20,2,0.0009358000243082643,"[0, 3, 5, 10, 12, 14, 19, 21, 23, 24, 25, 28, 31, 34, 36, 37, 45, 50, 53, 55]",22,23,False
line,31,57,74,2,96.49122807017544,18,100.0,19,1,0.0007402999908663332,"[0, 3, 5, 10, 12, 14, 19, 23, 24, 26, 28, 31, 34, 36, 37, 45, 50, 53, 55]",25,26,False
line,32,57,74,2,98.24561403508773,18,100.0,19,1,0.0014574999804608524,"[0, 3, 5, 10, 12, 14, 19, 23, 24, 25, 28, 31, 34, 36, 37, 45, 50, 53, 55]",26,27,False
line,33,57,74,2,96.49122807017544,18,100.0,19,1,0.002269499993417412,"[0, 3, 6, 8, 10, 12, 14, 19, 23, 24, 26, 31, 34, 36, 37, 45, 50, 52, 55]",27,28,False
line,34,57,74,3,96.49122807017544,18,100.0,19,1,0.0016007000231184065,"[0, 3, 5, 10, 12, 14, 19, 23, 25, 28, 29, 31, 34, 36, 37, 45, 50, 53, 55]",24,29,False
line,35,57,75,2,98.24561403508773,18,100.0,19,1,0.0014739999896846712,"[0, 3, 5, 10, 12, 14, 19, 23, 24, 25, 28, 31, 34, 36, 37, 45, 50, 53, 55]",29,30,False
line,36,57,74,3,96.49122807017544,18,100.0,20,2,0.0008473999914713204,"[0, 3, 5, 10, 12, 14, 19, 23, 24, 25, 28, 30, 31, 34, 36, 37, 45, 50, 53, 55]",30,31,False
line,37,57,74,3,96.49122807017544,18,100.0,20,2,0.0009111000108532608,"[0, 3, 5, 10, 12, 14, 19, 23, 24, 25, 28, 30, 32, 34, 36, 37, 45, 50, 53, 55]",31,32,False
line,38,57,74,3,96.49122807017544,18,100.0,20,2,0.002356500015594065,"[0, 3, 5, 10, 12, 14, 19, 23, 24, 25, 28, 31, 33, 34, 36, 37, 45, 50, 53, 55]",33,34,False
line,39,57,74,3,98.24561403508773,18,100.0,19,1,0.0007847000379115343,"[0, 3, 5, 10, 12, 14, 19, 23, 24, 25, 28, 31, 33, 36, 37, 45, 50, 53, 55]",34,35,False
line,40,57,74,2,98.24561403508773,18,100.0,19,1,0.0008302999776788056,"[0, 3, 5, 10, 12, 14, 19, 23, 24, 25, 28, 31, 34, 36, 37, 45, 50, 53, 55]",35,36,False
line,41,57,74,2,98.24561403508773,18,100.0,19,1,0.000775399967096746,"[0, 3, 5, 10, 12, 18, 21, 23, 24, 25, 28, 31, 34, 36, 43, 46, 50, 53, 55]",36,37,False
line,42,57,74,2,96.49122807017544,18,100.0,19,1,0.0008391999872401357,"[0, 3, 5, 10, 12, 14, 19, 23, 24, 25, 28, 31, 34, 37, 38, 45, 50, 53, 55]",36,38,False
line,43,57,74,2,98.24561403508773,18,100.0,19,1,0.0008006000425666571,"[0, 3, 5, 10, 12, 14, 19, 23, 24, 25, 28, 31, 34, 36, 37, 45, 50, 53, 55]",35,39,False
line,44,57,74,2,96.49122807017544,18,100.0,19,1,0.0008018999942578375,"[0, 3, 5, 10, 12, 19, 20, 23, 24, 25, 28, 31, 33, 36, 43, 46, 50, 53, 55]",21,37,False
line,45,57,74,2,98.24561403508773,18,100.0,19,1,0.000853199977427721,"[0, 3, 5, 10, 12, 14, 19, 23, 24, 25, 28, 31, 34, 36, 37, 45, 50, 53, 55]",40,41,False
line,46,57,74,2,98.24561403508773,18,100.0,19,1,0.0007512000156566501,"[0, 3, 5, 10, 12, 14, 19, 23, 24, 25, 28, 31, 34, 36, 37, 45, 50, 53, 55]",40,42,False
line,47,57,74,2,96.49122807017544,18,100.0,19,1,0.0007434000144712627,"[0, 3, 5, 10, 12, 18, 21, 23, 24, 25, 28, 31, 34, 36, 43, 46, 50, 53, 55]",37,43,False
line,48,57,74,2,96.49122807017544,18,100.0,20,2,0.0007686999742873013,"[0, 3, 5, 10, 12, 13, 14, 19, 23, 24, 25, 28, 31, 34, 36, 37, 46, 50, 53, 55]",45,46,False
line,49,57,74,2,98.24561403508773,18,100.0,19,1,0.0008376000332646072,"[0, 3, 5, 10, 12, 14, 19, 23, 24, 25, 28, 31, 34, 36, 37, 45, 50, 53, 55]",46,47,False
line,50,57,74,2,98.24561403508773,18,100.0,19,1,0.0013777000131085515,"[0, 3, 5, 10, 12, 14, 19, 23, 24, 25, 28, 31, 34, 36, 37, 45, 50, 53, 55]",47,48,False
line,51,57,74,2,98.24561403508773,18,100.0,19,1,0.0008143999730236828,"[0, 3, 5, 10, 12, 14, 19, 23, 24, 25, 28, 31, 34, 36, 37, 45, 50, 53, 55]",48,49,False
line,52,57,74,2,96.49122807017544,18,100.0,20,2,0.0008015999919734895,"[0, 3, 5, 9, 10, 12, 14, 19, 23, 24, 25, 28, 31, 34, 36, 37, 45, 48, 53, 55]",49,50,False
line,53,57,74,2,98.24561403508773,18,100.0,19,1,0.0013006000081077218,"[0, 3, 6, 8, 10, 12, 14, 19, 23, 24, 26, 31, 34, 36, 37, 45, 50, 52, 55]",28,51,False
line,54,57,74,2,98.24561403508773,18,100.0,19,1,0.0008264000061899424,"[0, 3, 5, 10, 12, 14, 19, 23, 24, 25, 28, 31, 34, 36, 37, 45, 50, 53, 55]",51,52,False
line,55,57,74,2,96.49122807017544,18,100.0,20,2,0.0011822999804280698,"[0, 3, 5, 10, 12, 14, 19, 23, 24, 25, 28, 31, 34, 36, 37, 45, 50, 51, 53, 55]",52,53,False
line,56,57,74,2,98.24561403508773,18,100.0,20,2,0.0008140000281855464,"[0, 3, 5, 8, 10, 12, 14, 19, 23, 24, 25, 28, 31, 34, 36, 37, 45, 50, 52, 55]",53,54,False
line,57,57,74,2,98.24561403508773,18,100.0,19,1,0.0008145000319927931,"[0, 3, 5, 10, 12, 14, 19, 23, 24, 25, 28, 31, 34, 36, 37, 45, 50, 53, 55]",43,44,False
line,58,57,74,2,98.24561403508773,18,100.0,19,1,0.0007935999892652035,"[0, 3, 5, 10, 12, 14, 19, 23, 24, 25, 28, 31, 34, 36, 37, 45, 50, 53, 55]",55,40,False
line,59,57,74,2,96.49122807017544,18,100.0,19,1,0.0007594999624416232,"[0, 3, 5, 12, 14, 19, 23, 24, 25, 28, 31, 34, 35, 37, 38, 40, 45, 50, 53]",55,41,False
line,60,57,74,2,96.49122807017544,18,100.0,19,1,0.002181899966672063,"[0, 3, 5, 12, 14, 19, 23, 24, 25, 28, 31, 34, 35, 37, 38, 40, 45, 50, 53]",56,55,False
line,61,57,74,2,98.24561403508773,18,100.0,19,1,0.001212199975270778,"[0, 3, 5, 10, 12, 14, 19, 23, 24, 25, 28, 31, 34, 36, 37, 45, 50, 53, 55]",37,48,False
line,62,57,74,2,96.49122807017544,18,100.0,19,1,0.0008202000171877444,"[0, 3, 5, 10, 12, 18, 21, 23, 24, 25, 28, 31, 34, 36, 43, 46, 50, 53, 55]",37,47,False
trafo,0,57,75,2,98.24561403508773,18,100.0,19,1,0.0008049000171013176,"[0, 3, 5, 10, 12, 14, 19, 23, 24, 25, 28, 31, 34, 36, 37, 45, 50, 53, 55]",17,3,False
trafo,1,57,74,2,96.49122807017544,18,100.0,19,1,0.001783899962902069,"[0, 5, 8, 10, 12, 14, 18, 19, 23, 24, 27, 31, 34, 36, 37, 45, 50, 52, 55]",17,3,False
trafo,2,57,74,2,96.49122807017544,18,100.0,20,2,0.0025127999833784997,"[0, 3, 5, 10, 12, 14, 18, 20, 23, 24, 25, 28, 31, 34, 36, 37, 45, 50, 53, 55]",19,20,False
trafo,3,57,75,2,98.24561403508773,18,100.0,19,1,0.0008770999847911298,"[0, 3, 5, 10, 12, 14, 19, 23, 24, 25, 28, 31, 34, 36, 37, 45, 50, 53, 55]",24,23,False
trafo,4,57,75,2,98.24561403508773,18,100.0,19,1,0.0007793999975547194,"[0, 3, 5, 10, 12, 14, 19, 23, 24, 25, 28, 31, 34, 36, 37, 45, 50, 53, 55]",24,23,False
trafo,5,57,74,2,98.24561403508773,18,100.0,19,1,0.0008317999891005456,"[0, 3, 5, 10, 12, 14, 19, 23, 24, 25, 28, 31, 34, 36, 37, 45, 50, 53, 55]",25,23,False
trafo,6,57,74,2,96.49122807017544,18,100.0,19,1,0.001450299983844161,"[0, 3, 5, 8, 10, 12, 14, 19, 23, 24, 27, 31, 34, 36, 37, 45, 50, 52, 55]",28,6,False
trafo,7,57,75,2,98.24561403508773,18,100.0,19,1,0.0007701000431552529,"[0, 3, 5, 10, 12, 14, 19, 23, 24, 25, 28, 31, 34, 36, 37, 45, 50, 53, 55]",31,33,False
trafo,8,57,74,2,98.24561403508773,18,100.0,19,1,0.0007809999515302479,"[0, 3, 5, 10, 12, 14, 19, 23, 24, 25, 28, 31, 34, 36, 37, 45, 50, 53, 55]",40,10,False
trafo,9,57,74,2,96.49122807017544,18,100.0,19,1,0.0007313999813050032,"[0, 3, 5, 10, 12, 19, 23, 24, 25, 28, 31, 34, 36, 37, 43, 45, 50, 53, 55]",44,14,False
trafo,10,57,74,2,98.24561403508773,18,100.0,19,1,0.001658499997574836,"[0, 3, 5, 10, 12, 14, 19, 23, 24, 25, 28, 31, 34, 36, 37, 45, 50, 53, 55]",45,13,False
trafo,11,57,74,2,98.24561403508773,18,100.0,20,2,0.00104310002643615,"[0, 3, 5, 8, 10, 12, 14, 19, 23, 24, 25, 28, 31, 34, 36, 37, 45, 49, 53, 55]",50,9,False
trafo,12,57,74,2,98.24561403508773,18,100.0,19,1,0.0008099999977275729,"[0, 3, 5, 8, 10, 14, 19, 23, 24, 25, 28, 31, 34, 36, 37, 45, 49, 52, 55]",48,12,False
trafo,13,57,74,2,96.49122807017544,18,100.0,19,1,0.0009795999503694475,"[0, 3, 5, 12, 14, 19, 23, 24, 25, 28, 31, 34, 36, 37, 40, 45, 50, 53, 55]",42,10,False
trafo,14,57,74,2,96.49122807017544,18,100.0,19,1,0.0007931000436656177,"[0, 3, 5, 12, 14, 19, 23, 24, 25, 28, 31, 34, 35, 37, 38, 40, 45, 50, 53]",55,39,False
trafo,15,57,74,2,98.24561403508773,18,100.0,19,1,0.0007890000124461949,"[0, 3, 5, 10, 12, 14, 19, 23, 24, 25, 28, 31, 34, 36, 37, 45, 50, 53, 55]",56,38,False
trafo,16,57,74,2,96.49122807017544,18,100.0,19,1,0.002406699990388006,"[0, 3, 5, 10, 12, 14, 19, 23, 24, 25, 28, 31, 34, 36, 37, 45, 50, 53, 55]",54,8,False
line,0,57,74,1,96.49122807017544,18,100.0,20,2,0.0007833000272512436,"[0, 1, 3, 8, 10, 14, 18, 20, 23, 24, 25, 28, 31, 34, 36, 37, 45, 49, 52, 55]",0,1,False
line,1,57,74,1,98.24561403508773,18,100.0,19,1,0.0008970999624580145,"[0, 3, 8, 10, 14, 18, 20, 23, 24, 25, 28, 31, 34, 36, 37, 45, 49, 52, 55]",1,2,False
line,2,57,74,1,98.24561403508773,18,100.0,19,1,0.0007309999782592058,"[0, 3, 8, 10, 14, 18, 20, 23, 24, 25, 28, 31, 34, 36, 37, 45, 49, 52, 55]",2,3,False
line,3,57,74,2,96.49122807017544,18,100.0,20,2,0.0007613000343553722,"[0, 3, 4, 8, 10, 14, 18, 20, 23, 24, 25, 28, 31, 34, 36, 37, 45, 49, 52, 55]",3,4,False
line,4,57,74,1,96.49122807017544,18,100.0,20,2,0.0007820000173524022,"[0, 3, 5, 8, 10, 14, 18, 20, 23, 24, 25, 28, 31, 34, 36, 37, 45, 49, 52, 55]",3,5,False
line,5,57,74,1,98.24561403508773,18,100.0,19,1,0.001218699966557324,"[0, 3, 8, 10, 14, 18, 20, 23, 24, 25, 28, 31, 34, 36, 37, 45, 49, 52, 55]",5,6,False
line,6,57,74,1,98.24561403508773,18,100.0,19,1,0.0007544000400230289,"[0, 3, 8, 10, 14, 18, 20, 23, 24, 25, 28, 31, 34, 36, 37, 45, 49, 52, 55]",5,7,False
line,7,57,74,1,96.49122807017544,18,100.0,20,2,0.000860299973282963,"[0, 3, 5, 8, 10, 14, 18, 20, 23, 24, 25, 28, 31, 34, 36, 37, 45, 49, 52, 55]",7,8,False
line,8,57,74,1,96.49122807017544,18,100.0,19,1,0.0008461999823339283,"[0, 3, 8, 10, 14, 18, 20, 23, 24, 25, 28, 31, 34, 36, 37, 45, 50, 52, 55]",8,9,False
line,9,57,74,1,98.24561403508773,18,100.0,18,0,0.0007681000279262662,"[0, 3, 8, 14, 18, 20, 23, 24, 25, 28, 31, 35, 37, 38, 40, 45, 49, 52]",8,10,False
line,10,57,74,1,96.49122807017544,18,100.0,20,2,0.0007622000412084162,"[0, 3, 8, 9, 10, 14, 18, 20, 23, 24, 25, 28, 31, 34, 36, 37, 45, 48, 52, 55]",8,11,False
line,11,57,74,1,98.24561403508773,18,100.0,19,1,0.0007406999939121306,"[0, 3, 8, 10, 14, 18, 20, 23, 24, 25, 28, 31, 34, 36, 37, 45, 49, 52, 55]",8,12,False
line,12,57,74,1,98.24561403508773,18,100.0,19,1,0.0020744000212289393,"[0, 3, 8, 10, 14, 18, 20, 23, 24, 25, 28, 31, 34, 36, 37, 45, 49, 52, 55]",12,13,False
line,13,57,74,1,98.24561403508773,18,100.0,19,1,0.0007292000227607787,"[0, 3, 8, 10, 14, 18, 20, 23, 24, 25, 28, 31, 34, 36, 37, 45, 49, 52, 55]",12,14,False
line,14,57,74,1,98.24561403508773,18,100.0,20,2,0.0008437000215053558,"[0, 3, 8, 10, 13, 14, 18, 20, 23, 24, 25, 28, 31, 34, 36, 37, 45, 49, 52, 55]",0,14,False
line,15,57,74,1,96.49122807017544,18,100.0,20,2,0.0009139000321738422,"[0, 3, 8, 10, 11, 14, 18, 20, 23, 24, 25, 28, 31, 34, 36, 37, 45, 49, 52, 55]",0,15,False
line,16,57,74,1,96.49122807017544,18,100.0,20,2,0.0008365999674424529,"[0, 3, 8, 10, 11, 14, 18, 20, 23, 24, 25, 28, 31, 34, 36, 37, 45, 49, 52, 55]",0,16,False
line,17,57,74,1,98.24561403508773,18,100.0,19,1,0.0007943999953567982,"[0, 3, 8, 10, 14, 18, 20, 23, 24, 25, 28, 31, 34, 36, 37, 45, 49, 52, 55]",2,14,False
line,18,57,75,1,98.24561403508773,18,100.0,19,1,0.0018782000406645238,"[0, 3, 8, 10, 14, 18, 20, 23, 24, 25, 28, 31, 34, 36, 37, 45, 49, 52, 55]",4,5,False
line,19,57,74,1,98.24561403508773,18,100.0,19,1,0.0010600999812595546,"[0, 3, 8, 10, 14, 18, 20, 23, 24, 25, 28, 31, 34, 36, 37, 45, 49, 52, 55]",6,7,False
line,20,57,74,1,98.24561403508773,18,100.0,19,1,0.0007881000055931509,"[0, 3, 8, 10, 14, 18, 20, 23, 24, 25, 28, 31, 34, 36, 37, 45, 49, 52, 55]",9,11,False
line,21,57,74,1,98.24561403508773,18,100.0,19,1,0.0010718000121414661,"[0, 3, 8, 10, 14, 18, 20, 23, 24, 25, 28, 31, 34, 36, 37, 45, 49, 52, 55]",10,12,False
line,22,57,75,1,98.24561403508773,18,100.0,19,1,0.0007660000119358301,"[0, 3, 8, 10, 14, 18, 20, 23, 24, 25, 28, 31, 34, 36, 37, 45, 49, 52, 55]",11,12,False
line,23,57,74,1,98.24561403508773,18,100.0,19,1,0.0010076999897137284,"[0, 3, 8, 10, 14, 18, 20, 23, 24, 25, 28, 31, 34, 36, 37, 45, 49, 52, 55]",11,15,False
line,24,57,74,1,98.24561403508773,18,100.0,19,1,0.0013753999955952168,"[0, 3, 8, 10, 14, 18, 20, 23, 24, 25, 28, 31, 34, 36, 37, 45, 49, 52, 55]",11,16,False
line,25,57,74,1,98.24561403508773,18,100.0,19,1,0.001422800007276237,"[0, 3, 8, 10, 14, 18, 20, 23, 24, 25, 28, 31, 34, 36, 37, 45, 49, 52, 55]",13,14,False
line,26,57,74,2,98.24561403508773,18,100.0,19,1,0.000755299988668412,"[0, 3, 8, 10, 14, 18, 20, 23, 24, 25, 28, 31, 34, 36, 37, 45, 49, 52, 55]",17,18,False
line,27,57,74,2,96.49122807017544,18,100.0,20,2,0.001109600008931011,"[0, 3, 8, 10, 14, 17, 19, 20, 23, 24, 25, 28, 31, 34, 36, 37, 45, 49, 52, 55]",18,19,False
line,28,57,74,2,98.24561403508773,18,100.0,19,1,0.0013227000017650425,"[0, 3, 8, 10, 14, 18, 20, 23, 24, 25, 28, 31, 34, 36, 37, 45, 49, 52, 55]",20,21,False
line,29,57,74,1,98.24561403508773,18,100.0,19,1,0.0007812000112608075,"[0, 3, 8, 10, 14, 18, 20, 23, 24, 25, 28, 31, 34, 36, 37, 45, 49, 52, 55]",21,22,False
line,30,57,74,1,96.49122807017544,18,100.0,19,1,0.0007597999647259712,"[0, 3, 8, 10, 14, 18, 21, 23, 24, 25, 28, 31, 34, 36, 37, 45, 49, 52, 55]",22,23,False
line,31,57,74,1,96.49122807017544,18,100.0,19,1,0.001345900003798306,"[0, 3, 8, 10, 14, 18, 20, 23, 24, 26, 28, 31, 34, 36, 37, 45, 49, 52, 55]",25,26,False
line,32,57,74,1,98.24561403508773,18,100.0,19,1,0.00077039998723194,"[0, 3, 8, 10, 14, 18, 20, 23, 24, 25, 28, 31, 34, 36, 37, 45, 49, 52, 55]",26,27,False
line,33,57,74,1,96.49122807017544,18,100.0,19,1,0.0007384999771602452,"[0, 3, 8, 10, 14, 18, 20, 23, 24, 26, 28, 31, 34, 36, 37, 45, 49, 52, 55]",27,28,False
line,34,57,74,1,96.49122807017544,18,100.0,19,1,0.0009411000064574182,"[0, 3, 8, 10, 14, 18, 20, 23, 25, 28, 29, 31, 34, 36, 37, 45, 49, 52, 55]",24,29,False
line,35,57,74,1,98.24561403508773,18,100.0,19,1,0.0007998999790288508,"[0, 3, 8, 10, 14, 18, 20, 23, 24, 25, 28, 31, 34, 36, 37, 45, 49, 52, 55]",29,30,False
line,36,57,74,1,96.49122807017544,18,100.0,19,1,0.0014438999933190644,"[0, 3, 8, 10, 14, 18, 20, 23, 25, 28, 29, 31, 34, 36, 37, 45, 49, 52, 55]",30,31,False
line,37,57,74,2,96.49122807017544,18,100.0,19,1,0.0007305999752134085,"[0, 3, 8, 10, 14, 18, 20, 23, 25, 28, 30, 32, 34, 36, 37, 45, 49, 52, 55]",31,32,False
line,38,57,74,1,98.24561403508773,18,100.0,19,1,0.00077039998723194,"[0, 3, 8, 10, 14, 18, 20, 23, 24, 25, 28, 31, 34, 36, 37, 45, 49, 52, 55]",33,34,False
line,39,57,74,1,98.24561403508773,18,100.0,19,1,0.0007280000136233866,"[0, 3, 8, 10, 14, 18, 20, 23, 24, 25, 28, 31, 33, 36, 37, 45, 49, 52, 55]",34,35,False
line,40,57,74,1,98.24561403508773,18,100.0,19,1,0.0007836000295355916,"[0, 3, 8, 10, 14, 18, 20, 23, 24, 25, 28, 31, 34, 36, 37, 45, 49, 52, 55]",35,36,False
line,41,57,74,1,98.24561403508773,18,100.0,19,1,0.0009790000040084124,"[0, 3, 8, 10, 14, 18, 20, 23, 24, 25, 28, 31, 35, 36, 37, 45, 49, 52, 55]",36,37,False
line,42,57,74,1,96.49122807017544,18,100.0,19,1,0.0007333999965339899,"[0, 3, 8, 10, 14, 18, 20, 23, 24, 25, 28, 31, 34, 37, 38, 45, 49, 52, 55]",36,38,False
line,43,57,74,1,98.24561403508773,18,100.0,19,1,0.0007642999989911914,"[0, 3, 8, 10, 14, 18, 20, 23, 24, 25, 28, 31, 34, 36, 37, 45, 49, 52, 55]",35,39,False
line,44,57,74,1,96.49122807017544,18,100.0,19,1,0.0011962999706156552,"[0, 3, 8, 10, 14, 18, 20, 23, 24, 25, 28, 31, 34, 36, 37, 45, 49, 52, 55]",21,37,False
line,45,57,74,1,98.24561403508773,18,100.0,19,1,0.000824799994006753,"[0, 3, 8, 10, 14, 18, 20, 23, 24, 25, 28, 31, 34, 36, 37, 45, 49, 52, 55]",40,41,False
line,46,57,74,1,98.24561403508773,18,100.0,19,1,0.0009817000245675445,"[0, 3, 8, 10, 14, 18, 20, 23, 24, 25, 28, 31, 34, 36, 37, 45, 49, 52, 55]",40,42,False
line,47,57,74,1,96.49122807017544,18,100.0,19,1,0.0007643999997526407,"[0, 3, 8, 10, 18, 20, 23, 24, 25, 28, 31, 34, 36, 37, 43, 45, 49, 52, 55]",37,43,False
line,48,57,74,1,96.49122807017544,18,100.0,20,2,0.0007885000086389482,"[0, 3, 8, 10, 13, 14, 18, 20, 23, 24, 25, 28, 31, 34, 36, 37, 46, 49, 52, 55]",45,46,False
line,49,57,74,1,98.24561403508773,18,100.0,19,1,0.0007676000241190195,"[0, 3, 8, 10, 14, 18, 20, 23, 24, 25, 28, 31, 34, 36, 37, 45, 49, 52, 55]",46,47,False
line,50,57,74,1,98.24561403508773,18,100.0,19,1,0.0008002999820746481,"[0, 3, 8, 10, 14, 18, 20, 23, 24, 25, 28, 31, 34, 36, 37, 45, 49, 52, 55]",47,48,False
line,51,57,74,1,98.24561403508773,18,100.0,19,1,0.000764199998229742,"[0, 3, 8, 10, 14, 18, 20, 23, 24, 25, 28, 31, 34, 36, 37, 45, 49, 52, 55]",48,49,False
line,52,57,74,1,96.49122807017544,18,100.0,20,2,0.0007661000126972795,"[0, 3, 8, 9, 10, 14, 18, 20, 23, 24, 25, 28, 31, 34, 36, 37, 45, 48, 52, 55]",49,50,False
line,53,57,74,1,98.24561403508773,18,100.0,19,1,0.0007690999773330986,"[0, 3, 5, 8, 10, 14, 18, 20, 23, 24, 27, 31, 34, 36, 37, 45, 49, 52, 55]",28,51,False
line,54,57,74,1,98.24561403508773,18,100.0,19,1,0.0013282999861985445,"[0, 3, 8, 10, 14, 18, 20, 23, 24, 25, 28, 31, 34, 36, 37, 45, 49, 52, 55]",51,52,False
line,55,57,74,1,96.49122807017544,18,100.0,20,2,0.0007578000077046454,"[0, 3, 8, 10, 14, 18, 20, 23, 24, 25, 28, 31, 34, 36, 37, 45, 49, 51, 53, 55]",52,53,False
line,56,57,74,1,98.24561403508773,18,100.0,19,1,0.0007984999683685601,"[0, 3, 8, 10, 14, 18, 20, 23, 24, 25, 28, 31, 34, 36, 37, 45, 49, 52, 55]",53,54,False
line,57,57,74,1,98.24561403508773,18,100.0,19,1,0.0007317999843508005,"[0, 3, 8, 10, 14, 18, 20, 23, 24, 25, 28, 31, 34, 36, 37, 45, 49, 52, 55]",43,44,False
line,58,57,74,1,98.24561403508773,18,100.0,19,1,0.0007947999984025955,"[0, 3, 8, 10, 14, 18, 20, 23, 24, 25, 28, 31, 34, 36, 37, 45, 49, 52, 55]",55,40,False
line,59,57,74,1,96.49122807017544,18,100.0,18,0,0.0010673999786376953,"[0, 3, 8, 14, 18, 20, 23, 24, 25, 28, 31, 35, 37, 38, 40, 45, 49, 52]",55,41,False
line,60,57,74,1,96.49122807017544,18,100.0,18,0,0.0006995999719947577,"[0, 3, 8, 14, 18, 20, 23, 24, 25, 28, 31, 35, 37, 38, 40, 45, 49, 52]",56,55,False
line,61,57,74,1,98.24561403508773,18,100.0,19,1,0.0008306999807246029,"[0, 3, 8, 10, 14, 18, 20, 23, 24, 25, 28, 31, 34, 36, 37, 45, 49, 52, 55]",37,48,False
line,62,57,74,1,96.49122807017544,18,100.0,20,2,0.001795099989976734,"[0, 3, 8, 9, 10, 14, 18, 20, 23, 24, 25, 28, 31, 34, 36, 37, 45, 48, 52, 55]",37,47,False
trafo,0,57,75,1,98.24561403508773,18,100.0,19,1,0.0007511000148952007,"[0, 3, 8, 10, 14, 18, 20, 23, 24, 25, 28, 31, 34, 36, 37, 45, 49, 52, 55]",17,3,False
trafo,1,57,75,1,98.24561403508773,18,100.0,19,1,0.0010022000060416758,"[0, 3, 8, 10, 14, 18, 20, 23, 24, 25, 28, 31, 34, 36, 37, 45, 49, 52, 55]",17,3,False
trafo,2,57,75,1,98.24561403508773,18,100.0,19,1,0.000820100016426295,"[0, 3, 8, 10, 14, 18, 20, 23, 24, 25, 28, 31, 34, 36, 37, 45, 49, 52, 55]",19,20,False
trafo,3,57,74,1,98.24561403508773,18,100.0,19,1,0.000830999983008951,"[0, 3, 8, 10, 14, 18, 20, 23, 24, 25, 28, 31, 34, 36, 37, 45, 49, 52, 55]",24,23,False
trafo,4,57,75,1,98.24561403508773,18,100.0,19,1,0.0007552000461146235,"[0, 3, 8, 10, 14, 18, 20, 23, 24, 25, 28, 31, 34, 36, 37, 45, 49, 52, 55]",24,23,False
trafo,5,57,74,1,98.24561403508773,18,100.0,19,1,0.0009258000063709915,"[0, 3, 8, 10, 14, 18, 20, 23, 24, 25, 28, 31, 34, 36, 37, 45, 49, 52, 55]",25,23,False
trafo,6,57,74,1,96.49122807017544,18,100.0,19,1,0.0012789999600499868,"[0, 3, 5, 8, 10, 14, 18, 20, 23, 24, 27, 31, 34, 36, 37, 45, 49, 52, 55]",28,6,False
trafo,7,57,74,1,98.24561403508773,18,100.0,19,1,0.0009445000323466957,"[0, 3, 8, 10, 14, 18, 20, 23, 25, 28, 30, 31, 34, 36, 37, 45, 49, 52, 55]",31,33,False
trafo,8,57,74,1,98.24561403508773,18,100.0,19,1,0.0009573999559506774,"[0, 3, 8, 10, 14, 18, 20, 23, 24, 25, 28, 31, 34, 36, 37, 45, 49, 52, 55]",40,10,False
trafo,9,57,74,1,96.49122807017544,18,100.0,19,1,0.0016951999859884381,"[0, 3, 8, 10, 18, 20, 23, 24, 25, 28, 31, 34, 36, 37, 43, 45, 49, 52, 55]",44,14,False
trafo,10,57,74,1,98.24561403508773,18,100.0,19,1,0.0008927999879233539,"[0, 3, 8, 10, 14, 18, 20, 23, 24, 25, 28, 31, 34, 36, 37, 45, 49, 52, 55]",45,13,False
trafo,11,57,74,1,98.24561403508773,18,100.0,19,1,0.0007592999609187245,"[0, 3, 8, 10, 14, 18, 20, 23, 24, 25, 28, 31, 34, 36, 37, 45, 49, 52, 55]",50,9,False
trafo,12,57,74,1,98.24561403508773,18,100.0,19,1,0.0009498000144958496,"[0, 3, 8, 10, 14, 18, 20, 23, 24, 25, 28, 31, 34, 36, 37, 45, 49, 52, 55]",48,12,False
trafo,13,57,74,1,96.49122807017544,18,100.0,19,1,0.0007456999737769365,"[0, 3, 8, 14, 18, 20, 23, 24, 25, 28, 31, 34, 36, 37, 40, 45, 49, 52, 55]",42,10,False
trafo,14,57,74,1,96.49122807017544,18,100.0,18,0,0.0007316999835893512,"[0, 3, 8, 14, 18, 20, 23, 24, 25, 28, 31, 35, 37, 38, 40, 45, 49, 52]",55,39,False
trafo,15,57,74,1,98.24561403508773,18,100.0,19,1,0.0012799000251106918,"[0, 3, 8, 10, 14, 18, 20, 23, 24, 25, 28, 31, 34, 36, 37, 45, 49, 52, 55]",56,38,False
trafo,16,57,74,1,96.49122807017544,18,100.0,19,1,0.0008070000330917537,"[0, 3, 8, 10, 14, 18, 20, 23, 24, 25, 28, 31, 34, 36, 37, 45, 49, 53, 55]",54,8,False
line,0,57,71,2,96.49122807017544,18,100.0,20,2,0.0007807000074535608,"[0, 1, 3, 5, 8, 10, 14, 19, 23, 24, 27, 31, 34, 36, 37, 45, 49, 52, 53, 55]",0,1,False
line,1,57,71,2,98.24561403508773,18,100.0,19,1,0.0007906999671831727,"[0, 3, 5, 8, 10, 14, 19, 23, 24, 27, 31, 34, 36, 37, 45, 49, 52, 53, 55]",1,2,False
line,2,57,71,2,98.24561403508773,18,100.0,19,1,0.0012572999694384634,"[0, 3, 5, 8, 10, 14, 19, 23, 24, 27, 31, 34, 36, 37, 45, 49, 52, 53, 55]",2,3,False
line,3,57,71,3,96.49122807017544,18,100.0,20,2,0.001658799999859184,"[0, 3, 4, 5, 8, 10, 14, 19, 23, 24, 27, 31, 34, 36, 37, 45, 49, 52, 53, 55]",3,4,False
line,4,57,71,2,96.49122807017544,18,100.0,19,1,0.0016279999981634319,"[0, 3, 6, 8, 10, 14, 19, 23, 24, 26, 31, 34, 36, 37, 45, 49, 52, 53, 55]",3,5,False
line,5,57,71,2,98.24561403508773,18,100.0,19,1,0.0017711999826133251,"[0, 3, 6, 8, 10, 14, 19, 23, 24, 27, 31, 34, 36, 37, 45, 49, 52, 53, 55]",5,6,False
line,6,57,72,2,98.24561403508773,18,100.0,19,1,0.0012371999910101295,"[0, 3, 5, 8, 10, 14, 19, 23, 24, 27, 31, 34, 36, 37, 45, 49, 52, 53, 55]",5,7,False
line,7,57,71,2,96.49122807017544,18,100.0,19,1,0.0013847999507561326,"[0, 3, 6, 11, 14, 19, 23, 24, 26, 31, 35, 36, 37, 40, 45, 49, 52, 53, 55]",7,8,False
line,8,57,71,2,96.49122807017544,18,100.0,19,1,0.0008434000192210078,"[0, 3, 6, 11, 14, 19, 23, 24, 26, 31, 35, 36, 37, 40, 45, 49, 52, 53, 55]",8,9,False
line,9,57,71,2,98.24561403508773,18,100.0,19,1,0.0009564000065438449,"[0, 3, 6, 11, 14, 19, 23, 24, 26, 31, 35, 36, 37, 40, 45, 49, 52, 53, 55]",8,10,False
line,10,57,71,2,96.49122807017544,18,100.0,19,1,0.0008940000552684069,"[0, 3, 6, 10, 12, 14, 19, 23, 24, 26, 31, 34, 36, 37, 45, 50, 52, 53, 55]",8,11,False
line,11,57,71,2,98.24561403508773,18,100.0,19,1,0.001374300045426935,"[0, 3, 6, 11, 14, 19, 23, 24, 26, 31, 35, 36, 37, 40, 45, 49, 52, 53, 55]",8,12,False
line,12,57,71,2,98.24561403508773,18,100.0,19,1,0.0007419000030495226,"[0, 3, 5, 8, 10, 14, 19, 23, 24, 27, 31, 34, 36, 37, 45, 49, 52, 53, 55]",12,13,False
line,13,57,71,2,98.24561403508773,18,100.0,19,1,0.0011323000071570277,"[0, 3, 5, 8, 10, 14, 19, 23, 24, 27, 31, 34, 36, 37, 45, 49, 52, 53, 55]",12,14,False
line,14,57,71,2,98.24561403508773,18,100.0,20,2,0.0011049999739043415,"[0, 3, 5, 8, 10, 13, 14, 19, 23, 24, 27, 31, 34, 36, 37, 45, 49, 52, 53, 55]",0,14,False
line,15,57,71,2,96.49122807017544,18,100.0,20,2,0.0016066000098362565,"[0, 3, 5, 8, 10, 11, 14, 19, 23, 24, 27, 31, 34, 36, 37, 45, 49, 52, 53, 55]",0,15,False
line,16,57,71,2,96.49122807017544,18,100.0,20,2,0.0012882000301033258,"[0, 3, 5, 8, 10, 11, 14, 19, 23, 24, 27, 31, 34, 36, 37, 45, 49, 52, 53, 55]",0,16,False
line,17,57,71,2,98.24561403508773,18,100.0,19,1,0.0013787999632768333,"[0, 3, 5, 8, 10, 14, 19, 23, 24, 27, 31, 34, 36, 37, 45, 49, 52, 53, 55]",2,14,False
line,18,57,72,2,98.24561403508773,18,100.0,19,1,0.0007251999923028052,"[0, 3, 5, 8, 10, 14, 19, 23, 24, 27, 31, 34, 36, 37, 45, 49, 52, 53, 55]",4,5,False
line,19,57,71,2,98.24561403508773,18,100.0,19,1,0.0008283000206574798,"[0, 3, 5, 8, 10, 14, 19, 23, 24, 27, 31, 34, 36, 37, 45, 49, 52, 53, 55]",6,7,False
line,20,57,71,2,98.24561403508773,18,100.0,19,1,0.0007878000033088028,"[0, 3, 5, 8, 10, 14, 19, 23, 24, 27, 31, 34, 36, 37, 45, 49, 52, 53, 55]",9,11,False
line,21,57,71,2,98.24561403508773,18,100.0,19,1,0.0007282000151462853,"[0, 3, 5, 8, 10, 14, 19, 23, 24, 27, 31, 34, 36, 37, 45, 49, 52, 53, 55]",10,12,False
line,22,57,71,2,98.24561403508773,18,100.0,19,1,0.0008455999777652323,"[0, 3, 5, 8, 10, 14, 19, 23, 24, 27, 31, 34, 36, 37, 45, 49, 52, 53, 55]",11,12,False
line,23,57,71,2,98.24561403508773,18,100.0,19,1,0.0012620000052265823,"[0, 3, 5, 8, 10, 14, 19, 23, 24, 27, 31, 34, 36, 37, 45, 49, 52, 53, 55]",11,15,False
line,24,57,71,2,98.24561403508773,18,100.0,19,1,0.0007193000055849552,"[0, 3, 5, 8, 10, 14, 19, 23, 24, 27, 31, 34, 36, 37, 45, 49, 52, 53, 55]",11,16,False
line,25,57,71,2,98.24561403508773,18,100.0,19,1,0.0008369999704882503,"[0, 3, 5, 8, 10, 14, 19, 23, 24, 27, 31, 34, 36, 37, 45, 49, 52, 53, 55]",13,14,False
line,26,57,71,2,98.24561403508773,18,100.0,19,1,0.0007668000180274248,"[0, 3, 5, 8, 10, 14, 19, 23, 24, 27, 31, 34, 36, 37, 45, 49, 52, 53, 55]",17,18,False
line,27,57,71,2,96.49122807017544,18,100.0,20,2,0.0007599999662488699,"[0, 3, 5, 8, 10, 14, 17, 19, 23, 24, 27, 31, 34, 36, 37, 45, 49, 52, 53, 55]",18,19,False
line,28,57,71,2,98.24561403508773,18,100.0,19,1,0.0008312000427395105,"[0, 3, 5, 8, 10, 14, 19, 23, 24, 27, 31, 34, 36, 37, 45, 49, 52, 53, 55]",20,21,False
line,29,57,71,2,98.24561403508773,18,100.0,19,1,0.0007220999686978757,"[0, 3, 5, 8, 10, 14, 19, 23, 24, 27, 31, 34, 36, 37, 45, 49, 52, 53, 55]",21,22,False
line,30,57,71,2,96.49122807017544,18,100.0,20,2,0.0013729000347666442,"[0, 3, 5, 8, 10, 14, 19, 21, 23, 24, 27, 31, 34, 36, 37, 45, 49, 52, 53, 55]",22,23,False
line,31,57,71,2,96.49122807017544,18,100.0,19,1,0.0007541999802924693,"[0, 3, 5, 8, 10, 14, 19, 23, 24, 27, 31, 34, 36, 37, 45, 49, 52, 53, 55]",25,26,False
line,32,57,71,2,98.24561403508773,18,100.0,19,1,0.000727800012100488,"[0, 3, 8, 10, 14, 19, 23, 24, 25, 28, 31, 34, 36, 37, 45, 49, 52, 53, 55]",26,27,False
line,33,57,71,2,96.49122807017544,18,100.0,19,1,0.0007581000099889934,"[0, 3, 6, 8, 10, 14, 19, 23, 24, 26, 31, 34, 36, 37, 45, 49, 52, 53, 55]",27,28,False
line,34,57,71,2,96.49122807017544,18,100.0,19,1,0.0011878000223077834,"[0, 3, 5, 8, 10, 14, 19, 23, 27, 29, 31, 34, 36, 37, 45, 49, 52, 53, 55]",24,29,False
line,35,57,71,2,98.24561403508773,18,100.0,19,1,0.001656999986153096,"[0, 3, 5, 8, 10, 14, 19, 23, 24, 27, 31, 34, 36, 37, 45, 49, 52, 53, 55]",29,30,False
line,36,57,71,2,96.49122807017544,18,100.0,19,1,0.0018328000442124903,"[0, 3, 5, 8, 10, 14, 19, 23, 27, 29, 31, 34, 36, 37, 45, 49, 52, 53, 55]",30,31,False
line,37,57,71,3,96.49122807017544,18,100.0,19,1,0.0007195000071078539,"[0, 3, 5, 8, 10, 14, 19, 23, 27, 30, 32, 34, 36, 37, 45, 49, 52, 53, 55]",31,32,False
line,38,57,71,2,98.24561403508773,18,100.0,19,1,0.0008304999792017043,"[0, 3, 5, 8, 10, 14, 19, 23, 24, 27, 31, 34, 36, 37, 45, 49, 52, 53, 55]",33,34,False
line,39,57,71,2,98.24561403508773,18,100.0,19,1,0.0007303999736905098,"[0, 3, 5, 8, 10, 14, 19, 23, 24, 27, 31, 33, 36, 37, 45, 49, 52, 53, 55]",34,35,False
line,40,57,71,2,98.24561403508773,18,100.0,19,1,0.0011758999899029732,"[0, 3, 5, 8, 10, 14, 19, 23, 24, 27, 31, 34, 36, 37, 45, 49, 52, 53, 55]",35,36,False
line,41,57,71,2,98.24561403508773,18,100.0,19,1,0.0007661000126972795,"[0, 3, 5, 8, 10, 14, 19, 23, 24, 27, 31, 35, 36, 37, 45, 49, 52, 53, 55]",36,37,False
line,42,57,71,3,96.49122807017544,18,100.0,19,1,0.0008710999973118305,"[0, 3, 5, 8, 10, 14, 19, 23, 24, 27, 31, 34, 37, 38, 45, 49, 52, 53, 55]",36,38,False
line,43,57,71,2,98.24561403508773,18,100.0,19,1,0.001067599980160594,"[0, 3, 5, 8, 10, 14, 19, 23, 24, 27, 31, 34, 36, 37, 45, 49, 52, 53, 55]",35,39,False
line,44,57,71,2,96.49122807017544,18,100.0,20,2,0.0007714999956078827,"[0, 3, 5, 8, 10, 14, 19, 20, 23, 24, 27, 31, 34, 36, 37, 45, 49, 52, 53, 55]",21,37,False
line,45,57,71,2,98.24561403508773,18,100.0,19,1,0.0008622999885119498,"[0, 3, 5, 8, 10, 14, 19, 23, 24, 27, 31, 34, 36, 37, 45, 49, 52, 53, 55]",40,41,False
line,46,57,71,2,98.24561403508773,18,100.0,19,1,0.00119859998812899,"[0, 3, 5, 8, 10, 14, 19, 23, 24, 27, 31, 34, 36, 37, 45, 49, 52, 53, 55]",40,42,False
line,47,57,71,2,96.49122807017544,18,100.0,19,1,0.0007233999785967171,"[0, 3, 5, 8, 10, 19, 23, 24, 27, 31, 34, 36, 37, 43, 45, 49, 52, 53, 55]",37,43,False
line,48,57,71,2,96.49122807017544,18,100.0,20,2,0.0007598000229336321,"[0, 3, 5, 8, 10, 13, 14, 19, 23, 24, 27, 31, 34, 36, 37, 46, 49, 52, 53, 55]",45,46,False
line,49,57,71,2,98.24561403508773,18,100.0,19,1,0.0007869999972172081,"[0, 3, 5, 8, 10, 14, 19, 23, 24, 27, 31, 34, 36, 37, 45, 49, 52, 53, 55]",46,47,False
line,50,57,71,2,98.24561403508773,18,100.0,19,1,0.0007395999855361879,"[0, 3, 5, 8, 10, 14, 19, 23, 24, 27, 31, 34, 36, 37, 45, 49, 52, 53, 55]",47,48,False
line,51,57,71,2,98.24561403508773,18,100.0,19,1,0.0007502000080421567,"[0, 3, 5, 8, 10, 14, 19, 23, 24, 27, 31, 34, 36, 37, 45, 49, 52, 53, 55]",48,49,False
line,52,57,71,2,96.49122807017544,18,100.0,20,2,0.0010670000337995589,"[0, 3, 5, 8, 9, 10, 14, 19, 23, 24, 27, 31, 34, 36, 37, 45, 48, 52, 53, 55]",49,50,False
line,53,57,72,2,98.24561403508773,18,100.0,19,1,0.0007405999931506813,"[0, 3, 5, 8, 10, 14, 19, 23, 24, 27, 31, 34, 36, 37, 45, 49, 52, 53, 55]",28,51,False
line,54,57,71,3,96.49122807017544,18,100.0,19,1,0.0008588000200688839,"[0, 3, 5, 8, 10, 14, 19, 23, 24, 27, 31, 34, 36, 37, 45, 49, 51, 53, 55]",51,52,False
line,55,57,71,3,96.49122807017544,18,100.0,19,1,0.0009740000241436064,"[0, 3, 5, 8, 10, 14, 19, 23, 24, 27, 31, 34, 36, 37, 45, 49, 51, 53, 55]",52,53,False
line,56,57,71,3,98.24561403508773,18,100.0,19,1,0.0007252999930642545,"[0, 3, 5, 8, 10, 14, 19, 23, 24, 27, 31, 34, 36, 37, 45, 49, 52, 54, 55]",53,54,False
line,57,57,71,2,98.24561403508773,18,100.0,19,1,0.0023461999953724444,"[0, 3, 5, 8, 10, 14, 19, 23, 24, 27, 31, 34, 36, 37, 45, 49, 52, 53, 55]",43,44,False
line,58,57,71,2,98.24561403508773,18,100.0,19,1,0.0007587000145576894,"[0, 3, 5, 8, 10, 14, 19, 23, 24, 27, 31, 34, 36, 37, 45, 49, 52, 53, 55]",55,40,False
line,59,57,71,2,96.49122807017544,18,100.0,19,1,0.0007274000090546906,"[0, 3, 5, 8, 14, 19, 23, 24, 27, 31, 35, 36, 37, 40, 45, 49, 52, 53, 55]",55,41,False
line,60,57,71,3,96.49122807017544,18,100.0,19,1,0.0009302999824285507,"[0, 3, 5, 8, 14, 19, 23, 24, 27, 31, 35, 36, 37, 40, 45, 49, 52, 53, 56]",56,55,False
line,61,57,71,2,98.24561403508773,18,100.0,19,1,0.0007573000038973987,"[0, 3, 5, 8, 10, 14, 19, 23, 24, 27, 31, 34, 36, 37, 45, 49, 52, 53, 55]",37,48,False
line,62,57,71,2,96.49122807017544,18,100.0,20,2,0.0007808000082150102,"[0, 3, 5, 8, 9, 10, 14, 19, 23, 24, 27, 31, 34, 36, 37, 45, 48, 52, 53, 55]",37,47,False
trafo,0,57,72,2,98.24561403508773,18,100.0,19,1,0.0009444999741390347,"[0, 3, 5, 8, 10, 14, 19, 23, 24, 27, 31, 34, 36, 37, 45, 49, 52, 53, 55]",17,3,False
trafo,1,57,72,2,98.24561403508773,18,100.0,19,1,0.0006922000320628285,"[0, 3, 5, 8, 10, 14, 19, 23, 24, 27, 31, 34, 36, 37, 45, 49, 52, 53, 55]",17,3,False
trafo,2,57,71,2,96.49122807017544,18,100.0,20,2,0.0010313999955542386,"[0, 3, 5, 8, 10, 14, 18, 20, 23, 24, 27, 31, 34, 36, 37, 45, 49, 52, 53, 55]",19,20,False
trafo,3,57,72,2,98.24561403508773,18,100.0,19,1,0.0009701999952085316,"[0, 3, 5, 8, 10, 14, 19, 23, 24, 27, 31, 34, 36, 37, 45, 49, 52, 53, 55]",24,23,False
trafo,4,57,72,2,98.24561403508773,18,100.0,19,1,0.0007245999877341092,"[0, 3, 5, 8, 10, 14, 19, 23, 24, 27, 31, 34, 36, 37, 45, 49, 52, 53, 55]",24,23,False
trafo,5,57,71,2,98.24561403508773,18,100.0,19,1,0.0010275999666191638,"[0, 3, 6, 8, 10, 14, 19, 23, 24, 26, 31, 34, 36, 37, 45, 49, 52, 53, 55]",25,23,False
trafo,6,57,71,2,96.49122807017544,18,100.0,19,1,0.0007334999972954392,"[0, 3, 5, 8, 10, 14, 19, 23, 24, 27, 31, 34, 36, 37, 45, 49, 52, 53, 55]",28,6,False
trafo,7,57,71,2,98.24561403508773,18,100.0,19,1,0.0008197000133804977,"[0, 3, 5, 8, 10, 14, 19, 23, 27, 30, 31, 34, 36, 37, 45, 49, 52, 53, 55]",31,33,False
trafo,8,57,71,2,98.24561403508773,18,100.0,19,1,0.0008450000314041972,"[0, 3, 5, 8, 10, 14, 19, 23, 24, 27, 31, 34, 36, 37, 45, 49, 52, 53, 55]",40,10,False
trafo,9,57,71,2,96.49122807017544,18,100.0,19,1,0.0007611000328324735,"[0, 3, 5, 8, 10, 19, 23, 24, 27, 31, 34, 36, 37, 43, 45, 49, 52, 53, 55]",44,14,False
trafo,10,57,71,2,98.24561403508773,18,100.0,19,1,0.0011582999723032117,"[0, 3, 5, 8, 10, 14, 19, 23, 24, 27, 31, 34, 36, 37, 45, 49, 52, 53, 55]",45,13,False
trafo,11,57,71,2,98.24561403508773,18,100.0,19,1,0.0008350000134669244,"[0, 3, 5, 8, 10, 14, 19, 23, 24, 27, 31, 34, 36, 37, 45, 49, 52, 53, 55]",50,9,False
trafo,12,57,72,2,98.24561403508773,18,100.0,19,1,0.001259300042875111,"[0, 3, 5, 8, 10, 14, 19, 23, 24, 27, 31, 34, 36, 37, 45, 49, 52, 53, 55]",48,12,False
trafo,13,57,71,2,96.49122807017544,18,100.0,19,1,0.0007333999965339899,"[0, 3, 5, 8, 14, 19, 23, 24, 27, 31, 34, 36, 37, 40, 45, 49, 52, 53, 55]",42,10,False
trafo,14,57,71,2,96.49122807017544,18,100.0,19,1,0.0007657000096514821,"[0, 3, 5, 8, 14, 19, 23, 24, 27, 31, 35, 36, 37, 40, 45, 49, 52, 53, 55]",55,39,False
trafo,15,57,72,2,98.24561403508773,18,100.0,19,1,0.0007619000389240682,"[0, 3, 5, 8, 10, 14, 19, 23, 24, 27, 31, 34, 36, 37, 45, 49, 52, 53, 55]",56,38,False
trafo,16,57,72,2,98.24561403508773,18,100.0,19,1,0.0007294999668374658,"[0, 3, 5, 8, 10, 14, 19, 23, 24, 27, 31, 34, 36, 37, 45, 49, 52, 53, 55]",54,8,False
line,0,57,77,1,98.24561403508773,18,100.0,19,1,0.0007354000117629766,"[0, 1, 3, 8, 10, 14, 19, 23, 24, 25, 28, 31, 34, 36, 37, 45, 49, 52, 55]",0,1,False
line,1,57,76,2,98.24561403508773,18,100.0,19,1,0.0007702999864704907,"[0, 1, 3, 8, 10, 14, 19, 23, 24, 25, 28, 31, 34, 36, 37, 45, 49, 52, 55]",1,2,False
line,2,57,76,1,98.24561403508773,18,100.0,19,1,0.0008391999872401357,"[0, 1, 3, 8, 10, 14, 19, 23, 24, 25, 28, 31, 34, 36, 37, 45, 49, 52, 55]",2,3,False
line,3,57,76,1,96.49122807017544,18,100.0,19,1,0.0007345000049099326,"[0, 1, 5, 8, 10, 14, 18, 19, 23, 24, 27, 31, 34, 36, 37, 45, 49, 52, 55]",3,4,False
line,4,57,76,1,96.49122807017544,18,100.0,20,2,0.0007532000308856368,"[0, 1, 3, 4, 8, 10, 14, 19, 23, 24, 25, 28, 31, 34, 36, 37, 45, 49, 52, 55]",3,5,False
line,5,57,76,1,98.24561403508773,18,100.0,19,1,0.0008421000093221664,"[0, 1, 3, 8, 10, 14, 19, 23, 24, 25, 28, 31, 34, 36, 37, 45, 49, 52, 55]",5,6,False
line,6,57,76,1,98.24561403508773,18,100.0,19,1,0.000763299991376698,"[0, 1, 3, 8, 10, 14, 19, 23, 24, 25, 28, 31, 34, 36, 37, 45, 49, 52, 55]",5,7,False
line,7,57,76,1,96.49122807017544,18,100.0,20,2,0.0007678999681957066,"[0, 1, 3, 5, 10, 12, 14, 19, 23, 24, 25, 28, 31, 34, 36, 37, 45, 50, 53, 55]",7,8,False
line,8,57,76,1,96.49122807017544,18,100.0,20,2,0.0007719999994151294,"[0, 1, 3, 5, 10, 12, 14, 19, 23, 24, 25, 28, 31, 34, 36, 37, 45, 50, 53, 55]",8,9,False
line,9,57,76,1,98.24561403508773,18,100.0,20,2,0.0008154999813996255,"[0, 1, 3, 8, 10, 12, 14, 19, 23, 24, 25, 28, 31, 34, 36, 37, 45, 49, 52, 55]",8,10,False
line,10,57,76,1,96.49122807017544,18,100.0,20,2,0.0014494999777525663,"[0, 1, 3, 8, 10, 12, 14, 19, 23, 24, 25, 28, 31, 34, 36, 37, 45, 49, 52, 55]",8,11,False
line,11,57,76,1,98.24561403508773,18,100.0,19,1,0.0007756000268273056,"[0, 1, 3, 8, 10, 14, 19, 23, 24, 25, 28, 31, 34, 36, 37, 45, 49, 52, 55]",8,12,False
line,12,57,76,1,98.24561403508773,18,100.0,19,1,0.0008394999895244837,"[0, 1, 3, 8, 10, 14, 19, 23, 24, 25, 28, 31, 34, 36, 37, 45, 49, 52, 55]",12,13,False
line,13,57,76,1,98.24561403508773,18,100.0,19,1,0.0007288000197149813,"[0, 1, 3, 8, 10, 14, 19, 23, 24, 25, 28, 31, 34, 36, 37, 45, 49, 52, 55]",12,14,False
line,14,57,76,1,98.24561403508773,18,100.0,20,2,0.0007996000349521637,"[0, 1, 3, 8, 10, 13, 14, 19, 23, 24, 25, 28, 31, 34, 36, 37, 45, 49, 52, 55]",0,14,False
line,15,57,76,1,96.49122807017544,18,100.0,19,1,0.0007928999839350581,"[1, 3, 8, 10, 11, 14, 19, 23, 24, 25, 28, 31, 34, 36, 37, 45, 49, 52, 55]",0,15,False
line,16,57,76,1,96.49122807017544,18,100.0,19,1,0.0006938999867998064,"[1, 3, 8, 10, 11, 14, 19, 23, 24, 25, 28, 31, 34, 36, 37, 45, 49, 52, 55]",0,16,False
line,17,57,76,1,98.24561403508773,18,100.0,19,1,0.0009699999936856329,"[0, 1, 3, 8, 10, 14, 19, 23, 24, 25, 28, 31, 34, 36, 37, 45, 49, 52, 55]",2,14,False
line,18,57,76,1,98.24561403508773,18,100.0,19,1,0.001121399982366711,"[0, 1, 3, 8, 10, 14, 19, 23, 24, 25, 28, 31, 34, 36, 37, 45, 49, 52, 55]",4,5,False
line,19,57,76,1,98.24561403508773,18,100.0,19,1,0.0007360000163316727,"[0, 1, 3, 8, 10, 14, 19, 23, 24, 25, 28, 31, 34, 36, 37, 45, 49, 52, 55]",6,7,False
line,20,57,76,1,98.24561403508773,18,100.0,19,1,0.0007364999619312584,"[0, 1, 3, 8, 10, 14, 19, 23, 24, 25, 28, 31, 34, 36, 37, 45, 49, 52, 55]",9,11,False
line,21,57,76,1,98.24561403508773,18,100.0,19,1,0.0007684000302106142,"[0, 1, 3, 8, 10, 14, 19, 23, 24, 25, 28, 31, 34, 36, 37, 45, 49, 52, 55]",10,12,False
line,22,57,76,1,98.24561403508773,18,100.0,19,1,0.0008017999934963882,"[0, 1, 3, 8, 10, 14, 19, 23, 24, 25, 28, 31, 34, 36, 37, 45, 49, 52, 55]",11,12,False
line,23,57,76,1,98.24561403508773,18,100.0,19,1,0.0007955000037327409,"[0, 1, 3, 8, 10, 14, 19, 23, 24, 25, 28, 31, 34, 36, 37, 45, 49, 52, 55]",11,15,False
line,24,57,76,1,98.24561403508773,18,100.0,19,1,0.0009517999715171754,"[0, 1, 3, 8, 10, 14, 19, 23, 24, 25, 28, 31, 34, 36, 37, 45, 49, 52, 55]",11,16,False
line,25,57,76,1,98.24561403508773,18,100.0,19,1,0.0011230999953113496,"[0, 1, 3, 8, 10, 14, 19, 23, 24, 25, 28, 31, 34, 36, 37, 45, 49, 52, 55]",13,14,False
line,26,57,76,1,98.24561403508773,18,100.0,19,1,0.00073490000795573,"[0, 1, 3, 8, 10, 14, 19, 23, 24, 25, 28, 31, 34, 36, 37, 45, 49, 52, 55]",17,18,False
line,27,57,76,1,96.49122807017544,18,100.0,20,2,0.0008304000366479158,"[0, 1, 3, 8, 10, 14, 17, 19, 23, 24, 25, 28, 31, 34, 36, 37, 45, 49, 52, 55]",18,19,False
line,28,57,76,1,98.24561403508773,18,100.0,19,1,0.000736100017093122,"[0, 1, 3, 8, 10, 14, 19, 23, 24, 25, 28, 31, 34, 36, 37, 45, 49, 52, 55]",20,21,False
line,29,57,76,1,98.24561403508773,18,100.0,19,1,0.0018813000060617924,"[0, 1, 3, 8, 10, 14, 19, 23, 24, 25, 28, 31, 34, 36, 37, 45, 49, 52, 55]",21,22,False
line,30,57,76,1,96.49122807017544,18,100.0,20,2,0.0016721999854780734,"[0, 1, 3, 8, 10, 14, 19, 21, 23, 24, 25, 28, 31, 34, 36, 37, 45, 49, 52, 55]",22,23,False
line,31,57,76,1,96.49122807017544,18,100.0,19,1,0.0008449000306427479,"[0, 1, 3, 8, 10, 14, 19, 23, 24, 26, 28, 31, 34, 36, 37, 45, 49, 52, 55]",25,26,False
line,32,57,76,1,98.24561403508773,18,100.0,19,1,0.0012015000102110207,"[0, 1, 3, 8, 10, 14, 19, 23, 24, 25, 28, 31, 34, 36, 37, 45, 49, 52, 55]",26,27,False
line,33,57,76,1,96.49122807017544,18,100.0,19,1,0.0008054999634623528,"[0, 1, 3, 8, 10, 14, 19, 23, 24, 26, 28, 31, 34, 36, 37, 45, 49, 52, 55]",27,28,False
line,34,57,76,1,96.49122807017544,18,100.0,19,1,0.0009128999663516879,"[0, 1, 3, 8, 10, 14, 19, 23, 25, 28, 29, 31, 34, 36, 37, 45, 49, 52, 55]",24,29,False
line,35,57,76,1,98.24561403508773,18,100.0,19,1,0.0007603000267408788,"[0, 1, 3, 8, 10, 14, 19, 23, 24, 25, 28, 31, 34, 36, 37, 45, 49, 52, 55]",29,30,False
line,36,57,76,1,96.49122807017544,18,100.0,19,1,0.0007371000247076154,"[0, 1, 3, 8, 10, 14, 19, 23, 25, 28, 29, 31, 34, 36, 37, 45, 49, 52, 55]",30,31,False
line,37,57,76,2,96.49122807017544,18,100.0,19,1,0.0007695999811403453,"[0, 1, 3, 8, 10, 14, 19, 23, 25, 28, 30, 32, 34, 36, 37, 45, 49, 52, 55]",31,32,False
line,38,57,76,1,98.24561403508773,18,100.0,19,1,0.0007465999806299806,"[0, 1, 3, 8, 10, 14, 19, 23, 24, 25, 28, 31, 34, 36, 37, 45, 49, 52, 55]",33,34,False
line,39,57,76,1,98.24561403508773,18,100.0,19,1,0.0008905000286176801,"[0, 1, 3, 8, 10, 14, 19, 23, 24, 25, 28, 31, 33, 36, 37, 45, 49, 52, 55]",34,35,False
line,40,57,76,1,98.24561403508773,18,100.0,19,1,0.0007670000195503235,"[0, 1, 3, 8, 10, 14, 19, 23, 24, 25, 28, 31, 34, 36, 37, 45, 49, 52, 55]",35,36,False
line,41,57,76,1,98.24561403508773,18,100.0,19,1,0.0010246000019833446,"[0, 1, 3, 8, 10, 14, 19, 23, 24, 25, 28, 31, 35, 36, 37, 45, 49, 52, 55]",36,37,False
line,42,57,76,1,96.49122807017544,18,100.0,19,1,0.0007333999965339899,"[0, 1, 3, 8, 10, 14, 19, 23, 24, 25, 28, 31, 34, 37, 38, 45, 49, 52, 55]",36,38,False
line,43,57,76,1,98.24561403508773,18,100.0,19,1,0.0007769999792799354,"[0, 1, 3, 8, 10, 14, 19, 23, 24, 25, 28, 31, 34, 36, 37, 45, 49, 52, 55]",35,39,False
line,44,57,76,1,96.49122807017544,18,100.0,20,2,0.0007672000210732222,"[0, 1, 3, 8, 10, 14, 19, 20, 23, 24, 25, 28, 31, 34, 36, 37, 45, 49, 52, 55]",21,37,False
line,45,57,76,1,98.24561403508773,18,100.0,19,1,0.0011337999603711069,"[0, 1, 3, 8, 10, 14, 19, 23, 24, 25, 28, 31, 34, 36, 37, 45, 49, 52, 55]",40,41,False
line,46,57,76,1,98.24561403508773,18,100.0,19,1,0.0015180000336840749,"[0, 1, 3, 8, 10, 14, 19, 23, 24, 25, 28, 31, 34, 36, 37, 45, 49, 52, 55]",40,42,False
line,47,57,76,1,96.49122807017544,18,100.0,19,1,0.0009048000210896134,"[0, 1, 3, 8, 10, 19, 23, 24, 25, 28, 31, 34, 36, 37, 43, 45, 49, 52, 55]",37,43,False
line,48,57,76,1,96.49122807017544,18,100.0,20,2,0.0009397999965585768,"[0, 1, 3, 8, 10, 13, 14, 19, 23, 24, 25, 28, 31, 34, 36, 37, 46, 49, 52, 55]",45,46,False
line,49,57,76,1,98.24561403508773,18,100.0,19,1,0.0007477000472135842,"[0, 1, 3, 8, 10, 14, 19, 23, 24, 25, 28, 31, 34, 36, 37, 45, 49, 52, 55]",46,47,False
line,50,57,76,1,98.24561403508773,18,100.0,19,1,0.0007286000181920826,"[0, 1, 3, 8, 10, 14, 19, 23, 24, 25, 28, 31, 34, 36, 37, 45, 49, 52, 55]",47,48,False
line,51,57,76,1,98.24561403508773,18,100.0,19,1,0.0007405999931506813,"[0, 1, 3, 8, 10, 14, 19, 23, 24, 25, 28, 31, 34, 36, 37, 45, 49, 52, 55]",48,49,False
line,52,57,76,1,96.49122807017544,18,100.0,20,2,0.0007624999852851033,"[0, 1, 3, 8, 9, 10, 14, 19, 23, 24, 25, 28, 31, 34, 36, 37, 45, 48, 52, 55]",49,50,False
line,53,57,76,1,98.24561403508773,18,100.0,19,1,0.000737300026230514,"[0, 1, 3, 5, 8, 10, 14, 19, 23, 24, 27, 31, 34, 36, 37, 45, 49, 52, 55]",28,51,False
line,54,57,76,1,98.24561403508773,18,100.0,19,1,0.0007317000417970121,"[0, 1, 3, 8, 10, 14, 19, 23, 24, 25, 28, 31, 34, 36, 37, 45, 49, 52, 55]",51,52,False
line,55,57,76,1,96.49122807017544,18,100.0,20,2,0.000797299959231168,"[0, 1, 3, 8, 10, 14, 19, 23, 24, 25, 28, 31, 34, 36, 37, 45, 49, 51, 53, 55]",52,53,False
line,56,57,76,1,98.24561403508773,18,100.0,19,1,0.0011139999842271209,"[0, 1, 3, 8, 10, 14, 19, 23, 24, 25, 28, 31, 34, 36, 37, 45, 49, 52, 55]",53,54,False
line,57,57,76,1,98.24561403508773,18,100.0,19,1,0.0007616000366397202,"[0, 1, 3, 8, 10, 14, 19, 23, 24, 25, 28, 31, 34, 36, 37, 45, 49, 52, 55]",43,44,False
line,58,57,76,1,98.24561403508773,18,100.0,19,1,0.0011133000371046364,"[0, 1, 3, 8, 10, 14, 19, 23, 24, 25, 28, 31, 34, 36, 37, 45, 49, 52, 55]",55,40,False
line,59,57,76,1,96.49122807017544,18,100.0,18,0,0.0008294999715872109,"[0, 1, 3, 8, 14, 19, 23, 24, 25, 28, 31, 35, 37, 38, 40, 45, 49, 52]",55,41,False
line,60,57,76,1,96.49122807017544,18,100.0,18,0,0.0008848999859765172,"[0, 1, 3, 8, 14, 19, 23, 24, 25, 28, 31, 35, 37, 38, 40, 45, 49, 52]",56,55,False
line,61,57,76,1,98.24561403508773,18,100.0,19,1,0.0019656000076793134,"[0, 1, 3, 8, 10, 14, 19, 23, 24, 25, 28, 31, 34, 36, 37, 45, 49, 52, 55]",37,48,False
line,62,57,76,1,96.49122807017544,18,100.0,20,2,0.0013842000043950975,"[0, 1, 3, 8, 9, 10, 14, 19, 23, 24, 25, 28, 31, 34, 36, 37, 45, 48, 52, 55]",37,47,False
trafo,0,57,77,1,98.24561403508773,18,100.0,19,1,0.000735200010240078,"[0, 1, 3, 8, 10, 14, 19, 23, 24, 25, 28, 31, 34, 36, 37, 45, 49, 52, 55]",17,3,False
trafo,1,57,77,1,98.24561403508773,18,100.0,19,1,0.0007392999832518399,"[0, 1, 3, 8, 10, 14, 19, 23, 24, 25, 28, 31, 34, 36, 37, 45, 49, 52, 55]",17,3,False
trafo,2,57,76,1,96.49122807017544,18,100.0,20,2,0.0008360999636352062,"[0, 1, 3, 8, 10, 14, 18, 20, 23, 24, 25, 28, 31, 34, 36, 37, 45, 49, 52, 55]",19,20,False
trafo,3,57,76,1,98.24561403508773,18,100.0,19,1,0.0017307000234723091,"[0, 1, 3, 8, 10, 14, 19, 23, 24, 25, 28, 31, 34, 36, 37, 45, 49, 52, 55]",24,23,False
trafo,4,57,77,1,98.24561403508773,18,100.0,19,1,0.0007576000061817467,"[0, 1, 3, 8, 10, 14, 19, 23, 24, 25, 28, 31, 34, 36, 37, 45, 49, 52, 55]",24,23,False
trafo,5,57,76,1,98.24561403508773,18,100.0,19,1,0.0007665000157430768,"[0, 1, 3, 8, 10, 14, 19, 23, 24, 25, 28, 31, 34, 36, 37, 45, 49, 52, 55]",25,23,False
trafo,6,57,76,1,96.49122807017544,18,100.0,19,1,0.0007314000395126641,"[0, 1, 3, 5, 8, 10, 14, 19, 23, 24, 27, 31, 34, 36, 37, 45, 49, 52, 55]",28,6,False
trafo,7,57,76,1,98.24561403508773,18,100.0,19,1,0.0008289999677799642,"[0, 1, 3, 8, 10, 14, 19, 23, 25, 28, 30, 31, 34, 36, 37, 45, 49, 52, 55]",31,33,False
trafo,8,57,76,1,98.24561403508773,18,100.0,19,1,0.0008795000030659139,"[0, 1, 3, 8, 10, 14, 19, 23, 24, 25, 28, 31, 34, 36, 37, 45, 49, 52, 55]",40,10,False
trafo,9,57,76,1,96.49122807017544,18,100.0,19,1,0.0007252999930642545,"[0, 1, 3, 8, 10, 19, 23, 24, 25, 28, 31, 34, 36, 37, 43, 45, 49, 52, 55]",44,14,False
trafo,10,57,76,1,98.24561403508773,18,100.0,19,1,0.000728700018953532,"[0, 1, 3, 8, 10, 14, 19, 23, 24, 25, 28, 31, 34, 36, 37, 45, 49, 52, 55]",45,13,False
trafo,11,57,76,1,98.24561403508773,18,100.0,19,1,0.0012360000400803983,"[0, 1, 3, 8, 10, 14, 19, 23, 24, 25, 28, 31, 34, 36, 37, 45, 49, 52, 55]",50,9,False
trafo,12,57,76,1,98.24561403508773,18,100.0,19,1,0.0014089999604038894,"[0, 1, 3, 8, 10, 14, 19, 23, 24, 25, 28, 31, 34, 36, 37, 45, 49, 52, 55]",48,12,False
trafo,13,57,76,1,96.49122807017544,18,100.0,19,1,0.0014408000279217958,"[0, 1, 3, 8, 14, 19, 23, 24, 25, 28, 31, 34, 36, 37, 40, 45, 49, 52, 55]",42,10,False
trafo,14,57,76,1,96.49122807017544,18,100.0,18,0,0.0007472999859601259,"[0, 1, 3, 8, 14, 19, 23, 24, 25, 28, 31, 35, 37, 38, 40, 45, 49, 52]",55,39,False
trafo,15,57,76,1,98.24561403508773,18,100.0,19,1,0.0007292999653145671,"[0, 1, 3, 8, 10, 14, 19, 23, 24, 25, 28, 31, 34, 36, 37, 45, 49, 52, 55]",56,38,False
trafo,16,57,76,1,96.49122807017544,18,100.0,20,2,0.000762099982239306,"[0, 1, 3, 5, 10, 12, 14, 19, 23, 24, 25, 28, 31, 34, 36, 37, 45, 50, 53, 55]",54,8,False
line,0,57,71,2,94.73684210526316,18,100.0,19,1,0.0011073999921791255,"[0, 1, 3, 8, 14, 19, 23, 24, 25, 28, 31, 35, 37, 38, 40, 43, 45, 49, 52]",0,1,False
line,1,57,72,1,96.49122807017544,18,100.0,18,0,0.0006959000020287931,"[0, 3, 8, 14, 19, 23, 24, 25, 28, 31, 35, 37, 38, 40, 43, 45, 49, 52]",1,2,False
line,2,57,71,1,96.49122807017544,18,100.0,18,0,0.0006929000373929739,"[0, 3, 8, 14, 19, 23, 24, 25, 28, 31, 35, 37, 38, 40, 43, 45, 49, 52]",2,3,False
line,3,57,71,1,94.73684210526316,18,100.0,19,1,0.0007211999618448317,"[0, 3, 4, 8, 14, 19, 23, 24, 25, 28, 31, 35, 37, 38, 40, 43, 45, 49, 52]",3,4,False
line,4,57,71,1,94.73684210526316,18,100.0,19,1,0.0008423000108450651,"[0, 3, 4, 8, 14, 19, 23, 24, 25, 28, 31, 35, 37, 38, 40, 43, 45, 49, 52]",3,5,False
line,5,57,71,1,96.49122807017544,18,100.0,18,0,0.0008983000298030674,"[0, 3, 8, 14, 19, 23, 24, 25, 28, 31, 35, 37, 38, 40, 43, 45, 49, 52]",5,6,False
line,6,57,71,1,96.49122807017544,18,100.0,18,0,0.0014951000339351594,"[0, 3, 8, 14, 19, 23, 24, 25, 28, 31, 35, 37, 38, 40, 43, 45, 49, 52]",5,7,False
line,7,57,71,1,94.73684210526316,18,100.0,19,1,0.0009208000265061855,"[0, 3, 5, 8, 14, 19, 23, 24, 25, 28, 31, 35, 37, 38, 40, 43, 45, 49, 52]",7,8,False
line,8,57,71,1,94.73684210526316,18,100.0,19,1,0.0015712000313214958,"[0, 3, 8, 9, 14, 19, 23, 24, 25, 28, 31, 35, 37, 38, 40, 43, 45, 49, 52]",8,9,False
line,9,57,71,1,96.49122807017544,18,100.0,18,0,0.0009319999953731894,"[0, 3, 8, 14, 19, 23, 24, 25, 28, 31, 35, 37, 38, 40, 43, 45, 49, 52]",8,10,False
line,10,57,71,1,94.73684210526316,18,100.0,19,1,0.0007421000045724213,"[0, 3, 8, 9, 14, 19, 23, 24, 25, 28, 31, 35, 37, 38, 40, 43, 45, 49, 52]",8,11,False
line,11,57,71,1,96.49122807017544,18,100.0,18,0,0.0007202000124379992,"[0, 3, 8, 14, 19, 23, 24, 25, 28, 31, 35, 37, 38, 40, 43, 45, 49, 52]",8,12,False
line,12,57,71,1,96.49122807017544,18,100.0,18,0,0.0006923999753780663,"[0, 3, 8, 14, 19, 23, 24, 25, 28, 31, 35, 37, 38, 40, 43, 45, 49, 52]",12,13,False
line,13,57,71,1,96.49122807017544,18,100.0,18,0,0.0009533999837003648,"[0, 3, 8, 14, 19, 23, 24, 25, 28, 31, 35, 37, 38, 40, 43, 45, 49, 52]",12,14,False
line,14,57,71,1,96.49122807017544,18,100.0,18,0,0.0007710999925620854,"[0, 3, 8, 14, 19, 23, 24, 25, 28, 31, 35, 37, 38, 40, 43, 45, 49, 52]",0,14,False
line,15,57,71,1,94.73684210526316,18,100.0,19,1,0.0007375999703072011,"[0, 3, 8, 11, 14, 19, 23, 24, 25, 28, 31, 35, 37, 38, 40, 43, 45, 49, 52]",0,15,False
line,16,57,71,1,94.73684210526316,18,100.0,19,1,0.0007705999887548387,"[0, 3, 8, 11, 14, 19, 23, 24, 25, 28, 31, 35, 37, 38, 40, 43, 45, 49, 52]",0,16,False
line,17,57,71,1,96.49122807017544,18,100.0,18,0,0.0012648000265471637,"[0, 3, 8, 14, 19, 23, 24, 25, 28, 31, 35, 37, 38, 40, 43, 45, 49, 52]",2,14,False
line,18,57,71,1,96.49122807017544,18,100.0,18,0,0.0008065999718382955,"[0, 3, 8, 14, 19, 23, 24, 25, 28, 31, 35, 37, 38, 40, 43, 45, 49, 52]",4,5,False
line,19,57,71,1,96.49122807017544,18,100.0,18,0,0.001000499993097037,"[0, 3, 8, 14, 19, 23, 24, 25, 28, 31, 35, 37, 38, 40, 43, 45, 49, 52]",6,7,False
line,20,57,71,1,96.49122807017544,18,100.0,18,0,0.0006993000279180706,"[0, 3, 8, 14, 19, 23, 24, 25, 28, 31, 35, 37, 38, 40, 43, 45, 49, 52]",9,11,False
line,21,57,71,1,96.49122807017544,18,100.0,18,0,0.000686699990183115,"[0, 3, 8, 14, 19, 23, 24, 25, 28, 31, 35, 37, 38, 40, 43, 45, 49, 52]",10,12,False
line,22,57,72,1,96.49122807017544,18,100.0,18,0,0.000723400036804378,"[0, 3, 8, 14, 19, 23, 24, 25, 28, 31, 35, 37, 38, 40, 43, 45, 49, 52]",11,12,False
line,23,57,71,1,96.49122807017544,18,100.0,18,0,0.0007681000279262662,"[0, 3, 8, 14, 19, 23, 24, 25, 28, 31, 35, 37, 38, 40, 43, 45, 49, 52]",11,15,False
line,24,57,71,1,96.49122807017544,18,100.0,18,0,0.0007108999998308718,"[0, 3, 8, 14, 19, 23, 24, 25, 28, 31, 35, 37, 38, 40, 43, 45, 49, 52]",11,16,False
line,25,57,71,1,94.73684210526316,18,100.0,18,0,0.0009757000370882452,"[0, 3, 8, 12, 19, 23, 24, 25, 28, 31, 35, 37, 38, 40, 43, 45, 49, 52]",13,14,False
line,26,57,71,1,96.49122807017544,18,100.0,18,0,0.0007992999744601548,"[0, 3, 8, 14, 19, 23, 24, 25, 28, 31, 35, 37, 38, 40, 43, 45, 49, 52]",17,18,False
line,27,57,71,1,94.73684210526316,18,100.0,19,1,0.0007219999679364264,"[0, 3, 8, 14, 17, 19, 23, 24, 25, 28, 31, 35, 37, 38, 40, 43, 45, 49, 52]",18,19,False
line,28,57,71,1,96.49122807017544,18,100.0,18,0,0.0006982999620959163,"[0, 3, 8, 14, 19, 23, 24, 25, 28, 31, 35, 37, 38, 40, 43, 45, 49, 52]",20,21,False
line,29,57,71,1,96.49122807017544,18,100.0,18,0,0.001138599996920675,"[0, 3, 8, 14, 19, 23, 24, 25, 28, 31, 35, 37, 38, 40, 43, 45, 49, 52]",21,22,False
line,30,57,71,1,94.73684210526316,18,100.0,19,1,0.0007317999843508005,"[0, 3, 8, 14, 19, 21, 23, 24, 25, 28, 31, 35, 37, 38, 40, 43, 45, 49, 52]",22,23,False
line,31,57,71,1,94.73684210526316,18,100.0,18,0,0.0006615999736823142,"[0, 3, 8, 14, 19, 23, 24, 26, 28, 31, 35, 37, 38, 40, 43, 45, 49, 52]",25,26,False
line,32,57,71,1,96.49122807017544,18,100.0,18,0,0.000764199998229742,"[0, 3, 8, 14, 19, 23, 24, 25, 28, 31, 35, 37, 38, 40, 43, 45, 49, 52]",26,27,False
line,33,57,71,1,94.73684210526316,18,100.0,18,0,0.0016877000452950597,"[0, 3, 8, 14, 19, 23, 24, 26, 28, 31, 35, 37, 38, 40, 43, 45, 49, 52]",27,28,False
line,34,57,71,1,94.73684210526316,18,100.0,18,0,0.0006959000020287931,"[0, 3, 8, 14, 19, 23, 25, 28, 29, 31, 35, 37, 38, 40, 43, 45, 49, 52]",24,29,False
line,35,57,71,1,96.49122807017544,18,100.0,18,0,0.000874500023201108,"[0, 3, 8, 14, 19, 23, 24, 25, 28, 31, 35, 37, 38, 40, 43, 45, 49, 52]",29,30,False
line,36,57,71,1,94.73684210526316,18,100.0,18,0,0.0006960000027902424,"[0, 3, 8, 14, 19, 23, 25, 28, 29, 31, 35, 37, 38, 40, 43, 45, 49, 52]",30,31,False
line,37,57,71,2,94.73684210526316,18,100.0,19,1,0.0007542999810539186,"[0, 3, 8, 14, 19, 23, 25, 28, 30, 32, 34, 35, 37, 38, 40, 43, 45, 49, 52]",31,32,False
line,38,57,71,1,96.49122807017544,18,100.0,18,0,0.0006904000183567405,"[0, 3, 8, 14, 19, 23, 24, 25, 28, 31, 35, 37, 38, 40, 43, 45, 49, 52]",33,34,False
line,39,57,71,1,96.49122807017544,18,100.0,19,1,0.0010506999678909779,"[0, 3, 8, 14, 19, 23, 24, 25, 28, 31, 33, 35, 37, 38, 40, 43, 45, 49, 52]",34,35,False
line,40,57,71,1,96.49122807017544,18,100.0,18,0,0.0017927000299096107,"[0, 3, 8, 14, 19, 23, 24, 25, 28, 31, 35, 37, 38, 40, 43, 45, 49, 52]",35,36,False
line,41,57,71,1,96.49122807017544,18,100.0,18,0,0.0007885000086389482,"[0, 3, 8, 14, 18, 21, 23, 24, 25, 28, 31, 35, 38, 40, 43, 46, 49, 52]",36,37,False
line,42,57,71,1,94.73684210526316,18,100.0,18,0,0.0010712000075727701,"[0, 3, 8, 14, 19, 23, 24, 25, 28, 31, 35, 37, 38, 40, 43, 45, 49, 52]",36,38,False
line,43,57,71,2,96.49122807017544,18,100.0,19,1,0.0008706999942660332,"[0, 3, 8, 14, 19, 23, 24, 25, 28, 31, 34, 37, 38, 39, 40, 43, 45, 49, 52]",35,39,False
line,44,57,71,1,94.73684210526316,18,100.0,19,1,0.000714500027243048,"[0, 3, 8, 14, 19, 20, 23, 24, 25, 28, 31, 35, 38, 40, 43, 45, 47, 49, 52]",21,37,False
line,45,57,71,1,96.49122807017544,18,100.0,19,1,0.0007528000278398395,"[0, 3, 8, 10, 14, 19, 23, 24, 25, 28, 31, 35, 36, 37, 43, 45, 49, 52, 55]",40,41,False
line,46,57,71,1,96.49122807017544,18,100.0,19,1,0.0017875000485219061,"[0, 3, 8, 10, 14, 19, 23, 24, 25, 28, 31, 35, 36, 37, 43, 45, 49, 52, 55]",40,42,False
line,47,57,72,1,96.49122807017544,18,100.0,18,0,0.0007953000022098422,"[0, 3, 8, 14, 19, 23, 24, 25, 28, 31, 35, 37, 38, 40, 43, 45, 49, 52]",37,43,False
line,48,57,71,2,94.73684210526316,18,100.0,19,1,0.0010012999991886318,"[0, 3, 8, 14, 19, 23, 24, 25, 28, 31, 35, 37, 38, 40, 43, 45, 46, 49, 52]",45,46,False
line,49,57,71,2,96.49122807017544,18,100.0,18,0,0.000805600022431463,"[0, 3, 8, 14, 19, 23, 24, 25, 28, 31, 35, 37, 38, 40, 43, 45, 49, 52]",46,47,False
line,50,57,71,1,96.49122807017544,18,100.0,18,0,0.0007861999911256135,"[0, 3, 8, 14, 19, 23, 24, 25, 28, 31, 35, 37, 38, 40, 43, 45, 49, 52]",47,48,False
line,51,57,71,2,96.49122807017544,18,100.0,18,0,0.0018864000448957086,"[0, 3, 8, 14, 19, 23, 24, 25, 28, 31, 35, 37, 38, 40, 43, 45, 49, 52]",48,49,False
line,52,57,71,2,94.73684210526316,18,100.0,19,1,0.0009181000059470534,"[0, 3, 8, 14, 19, 23, 24, 25, 28, 31, 35, 37, 38, 40, 43, 45, 48, 50, 52]",49,50,False
line,53,57,71,1,96.49122807017544,18,100.0,18,0,0.0007153999758884311,"[0, 3, 5, 8, 14, 19, 23, 24, 27, 31, 35, 37, 38, 40, 43, 45, 49, 52]",28,51,False
line,54,57,71,1,96.49122807017544,18,100.0,18,0,0.0007508999551646411,"[0, 3, 8, 14, 19, 23, 24, 25, 28, 31, 35, 37, 38, 40, 43, 45, 49, 52]",51,52,False
line,55,57,71,1,94.73684210526316,18,100.0,19,1,0.0009334000060334802,"[0, 3, 8, 14, 19, 23, 24, 25, 28, 31, 35, 37, 38, 40, 43, 45, 49, 51, 53]",52,53,False
line,56,57,71,1,96.49122807017544,18,100.0,18,0,0.0009760999819263816,"[0, 3, 8, 14, 19, 23, 24, 25, 28, 31, 35, 37, 38, 40, 43, 45, 49, 52]",53,54,False
line,57,57,71,2,96.49122807017544,18,100.0,18,0,0.0007186000002548099,"[0, 3, 8, 14, 19, 23, 24, 25, 28, 31, 35, 37, 38, 40, 43, 45, 49, 52]",43,44,False
line,58,57,71,1,96.49122807017544,18,100.0,18,0,0.0007070000283420086,"[0, 3, 8, 14, 19, 23, 24, 25, 28, 31, 35, 37, 40, 43, 45, 49, 52, 56]",55,40,False
line,59,57,71,1,94.73684210526316,18,100.0,18,0,0.000764199998229742,"[0, 3, 8, 14, 19, 23, 24, 25, 28, 31, 35, 37, 38, 40, 43, 45, 49, 52]",55,41,False
line,60,57,71,1,94.73684210526316,18,100.0,18,0,0.0018286000122316182,"[0, 3, 8, 14, 19, 23, 24, 25, 28, 31, 35, 37, 38, 40, 43, 45, 49, 52]",56,55,False
line,61,57,71,1,96.49122807017544,18,100.0,18,0,0.0007693999796174467,"[0, 3, 8, 14, 18, 21, 23, 24, 25, 28, 31, 35, 38, 40, 43, 46, 49, 52]",37,48,False
line,62,57,71,1,94.73684210526316,18,100.0,18,0,0.0006884000031277537,"[0, 3, 8, 14, 18, 21, 23, 24, 25, 28, 31, 35, 38, 40, 43, 46, 49, 52]",37,47,False
trafo,0,57,72,1,96.49122807017544,18,100.0,18,0,0.0012101000174880028,"[0, 3, 8, 14, 19, 23, 24, 25, 28, 31, 35, 37, 38, 40, 43, 45, 49, 52]",17,3,False
trafo,1,57,72,1,96.49122807017544,18,100.0,18,0,0.0007061000214889646,"[0, 3, 8, 14, 19, 23, 24, 25, 28, 31, 35, 37, 38, 40, 43, 45, 49, 52]",17,3,False
trafo,2,57,71,1,94.73684210526316,18,100.0,19,1,0.000687899999320507,"[0, 3, 8, 14, 18, 20, 23, 24, 25, 28, 31, 35, 37, 38, 40, 43, 45, 49, 52]",19,20,False
trafo,3,57,72,1,96.49122807017544,18,100.0,18,0,0.0008518000249750912,"[0, 3, 8, 14, 19, 23, 24, 25, 28, 31, 35, 37, 38, 40, 43, 45, 49, 52]",24,23,False
trafo,4,57,72,1,96.49122807017544,18,100.0,18,0,0.0008558999979868531,"[0, 3, 8, 14, 19, 23, 24, 25, 28, 31, 35, 37, 38, 40, 43, 45, 49, 52]",24,23,False
trafo,5,57,71,1,96.49122807017544,18,100.0,18,0,0.0006882000016048551,"[0, 3, 8, 14, 19, 23, 24, 25, 28, 31, 35, 37, 38, 40, 43, 45, 49, 52]",25,23,False
trafo,6,57,71,1,94.73684210526316,18,100.0,18,0,0.0010944000096060336,"[0, 3, 5, 8, 14, 19, 23, 24, 27, 31, 35, 37, 38, 40, 43, 45, 49, 52]",28,6,False
trafo,7,57,71,1,96.49122807017544,18,100.0,19,1,0.0007482999935746193,"[0, 3, 8, 14, 19, 23, 25, 28, 30, 31, 34, 35, 37, 38, 40, 43, 45, 49, 52]",31,33,False
trafo,8,57,71,1,96.49122807017544,18,100.0,18,0,0.0007195000071078539,"[0, 3, 8, 14, 19, 23, 24, 25, 28, 31, 35, 37, 38, 40, 43, 45, 49, 52]",40,10,False
trafo,9,57,71,2,94.73684210526316,18,100.0,18,0,0.0012355000362731516,"[0, 3, 8, 12, 19, 23, 24, 25, 28, 31, 35, 37, 38, 40, 43, 45, 49, 52]",44,14,False
trafo,10,57,72,1,96.49122807017544,18,100.0,18,0,0.0007215000223368406,"[0, 3, 8, 14, 19, 23, 24, 25, 28, 31, 35, 37, 38, 40, 43, 45, 49, 52]",45,13,False
trafo,11,57,72,1,96.49122807017544,18,100.0,18,0,0.0007660000119358301,"[0, 3, 8, 14, 19, 23, 24, 25, 28, 31, 35, 37, 38, 40, 43, 45, 49, 52]",50,9,False
trafo,12,57,71,1,96.49122807017544,18,100.0,18,0,0.0011330999550409615,"[0, 3, 8, 14, 19, 23, 24, 25, 28, 31, 35, 37, 38, 40, 43, 45, 49, 52]",48,12,False
trafo,13,57,71,1,94.73684210526316,18,100.0,18,0,0.0007526000263169408,"[0, 3, 8, 14, 19, 23, 24, 25, 28, 31, 35, 37, 38, 40, 43, 45, 49, 52]",42,10,False
trafo,14,57,72,1,96.49122807017544,18,100.0,18,0,0.0010261000134050846,"[0, 3, 8, 14, 19, 23, 24, 25, 28, 31, 35, 37, 38, 40, 43, 45, 49, 52]",55,39,False
trafo,15,57,71,1,96.49122807017544,18,100.0,19,1,0.001372199971228838,"[0, 3, 8, 14, 19, 23, 24, 25, 28, 31, 35, 36, 37, 40, 43, 45, 49, 52, 55]",56,38,False
trafo,16,57,71,1,94.73684210526316,18,100.0,18,0,0.002008299983572215,"[0, 3, 8, 14, 19, 23, 24, 25, 28, 31, 35, 37, 38, 40, 43, 45, 49, 53]",54,8,False
line,0,57,75,1,96.49122807017544,18,100.0,19,1,0.0007342000026255846,"[0, 1, 3, 8, 14, 19, 23, 24, 25, 28, 31, 34, 36, 37, 40, 45, 49, 52, 55]",0,1,False
line,1,57,75,1,98.24561403508773,18,100.0,18,0,0.0007065000245347619,"[0, 3, 8, 14, 19, 23, 24, 25, 28, 31, 34, 36, 37, 40, 45, 49, 52, 55]",1,2,False
line,2,57,75,1,98.24561403508773,18,100.0,18,0,0.0008720000041648746,"[0, 3, 8, 14, 19, 23, 24, 25, 28, 31, 34, 36, 37, 40, 45, 49, 52, 55]",2,3,False
line,3,57,75,1,96.49122807017544,18,100.0,19,1,0.0009788999450393021,"[0, 3, 4, 8, 14, 19, 23, 24, 25, 28, 31, 34, 36, 37, 40, 45, 49, 52, 55]",3,4,False
line,4,57,75,1,96.49122807017544,18,100.0,19,1,0.001421900000423193,"[0, 3, 4, 8, 14, 19, 23, 24, 25, 28, 31, 34, 36, 37, 40, 45, 49, 52, 55]",3,5,False
line,5,57,75,1,98.24561403508773,18,100.0,18,0,0.0009240999934263527,"[0, 3, 8, 14, 19, 23, 24, 25, 28, 31, 34, 36, 37, 40, 45, 49, 52, 55]",5,6,False
line,6,57,75,1,98.24561403508773,18,100.0,18,0,0.0007715999963693321,"[0, 3, 8, 14, 19, 23, 24, 25, 28, 31, 34, 36, 37, 40, 45, 49, 52, 55]",5,7,False
line,7,57,75,1,96.49122807017544,18,100.0,19,1,0.0007757000275887549,"[0, 3, 5, 12, 14, 19, 23, 24, 25, 28, 31, 34, 36, 37, 40, 45, 50, 53, 55]",7,8,False
line,8,57,75,1,96.49122807017544,18,100.0,19,1,0.0012827999889850616,"[0, 3, 5, 12, 14, 19, 23, 24, 25, 28, 31, 34, 36, 37, 40, 45, 50, 53, 55]",8,9,False
line,9,57,75,1,98.24561403508773,18,100.0,19,1,0.0009247999987564981,"[0, 3, 8, 12, 14, 19, 23, 24, 25, 28, 31, 34, 36, 37, 40, 45, 49, 52, 55]",8,10,False
line,10,57,75,1,96.49122807017544,18,100.0,19,1,0.0011008000001311302,"[0, 3, 8, 12, 14, 19, 23, 24, 25, 28, 31, 34, 36, 37, 40, 45, 49, 52, 55]",8,11,False
line,11,57,75,1,98.24561403508773,18,100.0,18,0,0.001146900001913309,"[0, 3, 8, 14, 19, 23, 24, 25, 28, 31, 34, 36, 37, 40, 45, 49, 52, 55]",8,12,False
line,12,57,75,1,98.24561403508773,18,100.0,18,0,0.0007036000024527311,"[0, 3, 8, 14, 19, 23, 24, 25, 28, 31, 34, 36, 37, 40, 45, 49, 52, 55]",12,13,False
line,13,57,75,1,98.24561403508773,18,100.0,18,0,0.0007011000416241586,"[0, 3, 8, 14, 19, 23, 24, 25, 28, 31, 34, 36, 37, 40, 45, 49, 52, 55]",12,14,False
line,14,57,75,1,98.24561403508773,18,100.0,19,1,0.000813300022855401,"[0, 3, 8, 13, 14, 19, 23, 24, 25, 28, 31, 34, 36, 37, 40, 45, 49, 52, 55]",0,14,False
line,15,57,75,1,96.49122807017544,18,100.0,19,1,0.0007312000379897654,"[0, 3, 8, 11, 14, 19, 23, 24, 25, 28, 31, 34, 36, 37, 40, 45, 49, 52, 55]",0,15,False
line,16,57,75,1,96.49122807017544,18,100.0,19,1,0.0013334000250324607,"[0, 3, 8, 11, 14, 19, 23, 24, 25, 28, 31, 34, 36, 37, 40, 45, 49, 52, 55]",0,16,False
line,17,57,75,1,98.24561403508773,18,100.0,18,0,0.0012910999939776957,"[0, 3, 8, 14, 19, 23, 24, 25, 28, 31, 34, 36, 37, 40, 45, 49, 52, 55]",2,14,False
line,18,57,75,1,98.24561403508773,18,100.0,18,0,0.0007332999957725406,"[0, 3, 8, 14, 19, 23, 24, 25, 28, 31, 34, 36, 37, 40, 45, 49, 52, 55]",4,5,False
line,19,57,75,1,98.24561403508773,18,100.0,18,0,0.0007050999556668103,"[0, 3, 8, 14, 19, 23, 24, 25, 28, 31, 34, 36, 37, 40, 45, 49, 52, 55]",6,7,False
line,20,57,75,1,98.24561403508773,18,100.0,18,0,0.0006971000111661851,"[0, 3, 8, 14, 19, 23, 24, 25, 28, 31, 34, 36, 37, 40, 45, 49, 52, 55]",9,11,False
line,21,57,75,1,98.24561403508773,18,100.0,18,0,0.000700599979609251,"[0, 3, 8, 14, 19, 23, 24, 25, 28, 31, 34, 36, 37, 40, 45, 49, 52, 55]",10,12,False
line,22,57,75,1,98.24561403508773,18,100.0,18,0,0.0007455000304616988,"[0, 3, 8, 14, 19, 23, 24, 25, 28, 31, 34, 36, 37, 40, 45, 49, 52, 55]",11,12,False
line,23,57,75,1,98.24561403508773,18,100.0,18,0,0.0008809999562799931,"[0, 3, 8, 14, 19, 23, 24, 25, 28, 31, 34, 36, 37, 40, 45, 49, 52, 55]",11,15,False
line,24,57,75,1,98.24561403508773,18,100.0,18,0,0.0007460999768227339,"[0, 3, 8, 14, 19, 23, 24, 25, 28, 31, 34, 36, 37, 40, 45, 49, 52, 55]",11,16,False
line,25,57,75,1,98.24561403508773,18,100.0,18,0,0.000709200045093894,"[0, 3, 8, 14, 19, 23, 24, 25, 28, 31, 34, 36, 37, 40, 45, 49, 52, 55]",13,14,False
line,26,57,75,1,98.24561403508773,18,100.0,18,0,0.0006986000225879252,"[0, 3, 8, 14, 19, 23, 24, 25, 28, 31, 34, 36, 37, 40, 45, 49, 52, 55]",17,18,False
line,27,57,75,1,96.49122807017544,18,100.0,19,1,0.000768599973525852,"[0, 3, 8, 14, 17, 19, 23, 24, 25, 28, 31, 34, 36, 37, 40, 45, 49, 52, 55]",18,19,False
line,28,57,75,1,98.24561403508773,18,100.0,18,0,0.0010051000281237066,"[0, 3, 8, 14, 19, 23, 24, 25, 28, 31, 34, 36, 37, 40, 45, 49, 52, 55]",20,21,False
line,29,57,75,1,98.24561403508773,18,100.0,18,0,0.0007112000021152198,"[0, 3, 8, 14, 19, 23, 24, 25, 28, 31, 34, 36, 37, 40, 45, 49, 52, 55]",21,22,False
line,30,57,75,1,96.49122807017544,18,100.0,19,1,0.0007541999802924693,"[0, 3, 8, 14, 19, 21, 23, 24, 25, 28, 31, 34, 36, 37, 40, 45, 49, 52, 55]",22,23,False
line,31,57,75,1,96.49122807017544,18,100.0,18,0,0.000722800032235682,"[0, 3, 8, 14, 19, 23, 24, 26, 28, 31, 34, 36, 37, 40, 45, 49, 52, 55]",25,26,False
line,32,57,75,1,98.24561403508773,18,100.0,18,0,0.0008456000359728932,"[0, 3, 8, 14, 19, 23, 24, 25, 28, 31, 34, 36, 37, 40, 45, 49, 52, 55]",26,27,False
line,33,57,75,1,96.49122807017544,18,100.0,18,0,0.0007025999948382378,"[0, 3, 8, 14, 19, 23, 24, 26, 28, 31, 34, 36, 37, 40, 45, 49, 52, 55]",27,28,False
line,34,57,75,2,96.49122807017544,18,100.0,18,0,0.0013273999793455005,"[0, 3, 8, 14, 19, 23, 25, 28, 29, 31, 34, 36, 37, 40, 45, 49, 52, 55]",24,29,False
line,35,57,75,2,98.24561403508773,18,100.0,18,0,0.0008070000330917537,"[0, 3, 8, 14, 19, 23, 24, 25, 28, 31, 34, 36, 37, 40, 45, 49, 52, 55]",29,30,False
line,36,57,75,2,96.49122807017544,18,100.0,18,0,0.0007721000001765788,"[0, 3, 8, 14, 19, 23, 25, 28, 29, 31, 34, 36, 37, 40, 45, 49, 52, 55]",30,31,False
line,37,57,75,2,96.49122807017544,18,100.0,19,1,0.0013120999792590737,"[0, 3, 8, 14, 19, 23, 25, 28, 30, 31, 32, 34, 36, 37, 40, 45, 49, 52, 55]",31,32,False
line,38,57,76,1,98.24561403508773,18,100.0,18,0,0.0006986000225879252,"[0, 3, 8, 14, 19, 23, 24, 25, 28, 31, 34, 36, 37, 40, 45, 49, 52, 55]",33,34,False
line,39,57,75,2,98.24561403508773,18,100.0,18,0,0.0008199000149033964,"[0, 3, 8, 14, 19, 23, 24, 25, 28, 31, 34, 36, 37, 40, 45, 49, 52, 55]",34,35,False
line,40,57,75,1,98.24561403508773,18,100.0,18,0,0.0007815000135451555,"[0, 3, 8, 14, 19, 23, 24, 25, 28, 31, 34, 36, 37, 40, 45, 49, 52, 55]",35,36,False
line,41,57,75,1,98.24561403508773,18,100.0,18,0,0.0008265000069513917,"[0, 3, 8, 14, 19, 23, 24, 25, 28, 31, 35, 36, 37, 40, 45, 49, 52, 55]",36,37,False
line,42,57,75,1,96.49122807017544,18,100.0,18,0,0.0008045000140555203,"[0, 3, 8, 14, 19, 23, 24, 25, 28, 31, 34, 37, 38, 40, 45, 49, 52, 55]",36,38,False
line,43,57,75,1,98.24561403508773,18,100.0,18,0,0.0009194000158458948,"[0, 3, 8, 14, 19, 23, 24, 25, 28, 31, 34, 36, 37, 40, 45, 49, 52, 55]",35,39,False
line,44,57,75,1,96.49122807017544,18,100.0,19,1,0.0012798000243492424,"[0, 3, 8, 14, 19, 20, 23, 24, 25, 28, 31, 34, 36, 37, 40, 45, 49, 52, 55]",21,37,False
line,45,57,75,1,98.24561403508773,18,100.0,18,0,0.0007687000324949622,"[0, 3, 8, 14, 19, 23, 24, 25, 28, 31, 34, 36, 37, 40, 45, 49, 52, 55]",40,41,False
line,46,57,75,2,98.24561403508773,18,100.0,18,0,0.0007044999510981143,"[0, 3, 8, 14, 19, 23, 24, 25, 28, 31, 34, 36, 37, 42, 45, 49, 52, 55]",40,42,False
line,47,57,75,1,96.49122807017544,18,100.0,18,0,0.0009401999996043742,"[0, 3, 8, 19, 23, 24, 25, 28, 31, 34, 36, 37, 40, 43, 45, 49, 52, 55]",37,43,False
line,48,57,75,1,96.49122807017544,18,100.0,19,1,0.0008588999626226723,"[0, 3, 8, 13, 14, 19, 23, 24, 25, 28, 31, 34, 36, 37, 40, 46, 49, 52, 55]",45,46,False
line,49,57,75,1,98.24561403508773,18,100.0,18,0,0.0011478000087663531,"[0, 3, 8, 14, 19, 23, 24, 25, 28, 31, 34, 36, 37, 40, 45, 49, 52, 55]",46,47,False
line,50,57,75,1,98.24561403508773,18,100.0,18,0,0.001125300012063235,"[0, 3, 8, 14, 19, 23, 24, 25, 28, 31, 34, 36, 37, 40, 45, 49, 52, 55]",47,48,False
line,51,57,75,1,98.24561403508773,18,100.0,18,0,0.000700599979609251,"[0, 3, 8, 14, 19, 23, 24, 25, 28, 31, 34, 36, 37, 40, 45, 49, 52, 55]",48,49,False
line,52,57,75,1,96.49122807017544,18,100.0,19,1,0.0007714000530540943,"[0, 3, 8, 9, 14, 19, 23, 24, 25, 28, 31, 34, 36, 37, 40, 45, 48, 52, 55]",49,50,False
line,53,57,75,1,98.24561403508773,18,100.0,18,0,0.000722200027666986,"[0, 3, 5, 8, 14, 19, 23, 24, 27, 31, 34, 36, 37, 40, 45, 49, 52, 55]",28,51,False
line,54,57,75,1,98.24561403508773,18,100.0,18,0,0.0007167999865487218,"[0, 3, 8, 14, 19, 23, 24, 25, 28, 31, 34, 36, 37, 40, 45, 49, 52, 55]",51,52,False
line,55,57,75,1,96.49122807017544,18,100.0,19,1,0.0008921000408008695,"[0, 3, 8, 14, 19, 23, 24, 25, 28, 31, 34, 36, 37, 40, 45, 49, 51, 53, 55]",52,53,False
line,56,57,75,1,98.24561403508773,18,100.0,18,0,0.0006991000263951719,"[0, 3, 8, 14, 19, 23, 24, 25, 28, 31, 34, 36, 37, 40, 45, 49, 52, 55]",53,54,False
line,57,57,75,1,98.24561403508773,18,100.0,18,0,0.0007046000100672245,"[0, 3, 8, 14, 19, 23, 24, 25, 28, 31, 34, 36, 37, 40, 45, 49, 52, 55]",43,44,False
line,58,57,75,1,98.24561403508773,18,100.0,18,0,0.0007066000252962112,"[0, 3, 8, 14, 19, 23, 24, 25, 28, 31, 34, 36, 37, 40, 45, 49, 52, 55]",55,40,False
line,59,57,75,1,96.49122807017544,18,100.0,17,-1,0.000957900017965585,"[0, 3, 8, 14, 19, 23, 24, 25, 28, 31, 35, 37, 38, 40, 45, 49, 52]",55,41,False
line,60,57,75,1,96.49122807017544,18,100.0,17,-1,0.0006762999692000449,"[0, 3, 8, 14, 19, 23, 24, 25, 28, 31, 35, 37, 38, 40, 45, 49, 52]",56,55,False
line,61,57,75,1,98.24561403508773,18,100.0,18,0,0.0012865999597124755,"[0, 3, 8, 14, 19, 23, 24, 25, 28, 31, 34, 36, 37, 40, 45, 49, 52, 55]",37,48,False
line,62,57,75,1,96.49122807017544,18,100.0,19,1,0.0007507999544031918,"[0, 3, 8, 9, 14, 19, 23, 24, 25, 28, 31, 34, 36, 37, 40, 45, 48, 52, 55]",37,47,False
trafo,0,57,76,1,98.24561403508773,18,100.0,18,0,0.0007450000266544521,"[0, 3, 8, 14, 19, 23, 24, 25, 28, 31, 34, 36, 37, 40, 45, 49, 52, 55]",17,3,False
trafo,1,57,76,1,98.24561403508773,18,100.0,18,0,0.0007052000146359205,"[0, 3, 8, 14, 19, 23, 24, 25, 28, 31, 34, 36, 37, 40, 45, 49, 52, 55]",17,3,False
trafo,2,57,75,1,96.49122807017544,18,100.0,19,1,0.0007340999436564744,"[0, 3, 8, 14, 18, 20, 23, 24, 25, 28, 31, 34, 36, 37, 40, 45, 49, 52, 55]",19,20,False
trafo,3,57,76,1,98.24561403508773,18,100.0,18,0,0.0007014999864622951,"[0, 3, 8, 14, 19, 23, 24, 25, 28, 31, 34, 36, 37, 40, 45, 49, 52, 55]",24,23,False
trafo,4,57,76,1,98.24561403508773,18,100.0,18,0,0.0007054999587126076,"[0, 3, 8, 14, 19, 23, 24, 25, 28, 31, 34, 36, 37, 40, 45, 49, 52, 55]",24,23,False
trafo,5,57,75,1,98.24561403508773,18,100.0,18,0,0.0008907999726943672,"[0, 3, 8, 14, 19, 23, 24, 25, 28, 31, 34, 36, 37, 40, 45, 49, 52, 55]",25,23,False
trafo,6,57,75,1,96.49122807017544,18,100.0,18,0,0.0007300000288523734,"[0, 3, 5, 8, 14, 19, 23, 24, 27, 31, 34, 36, 37, 40, 45, 49, 52, 55]",28,6,False
trafo,7,57,75,2,96.49122807017544,18,100.0,19,1,0.0008410000009462237,"[0, 3, 8, 14, 19, 23, 25, 28, 30, 31, 33, 34, 36, 37, 40, 45, 49, 52, 55]",31,33,False
trafo,8,57,75,1,98.24561403508773,18,100.0,18,0,0.000999899988528341,"[0, 3, 8, 14, 19, 23, 24, 25, 28, 31, 34, 36, 37, 40, 45, 49, 52, 55]",40,10,False
trafo,9,57,75,1,96.49122807017544,18,100.0,18,0,0.000754699984099716,"[0, 3, 8, 19, 23, 24, 25, 28, 31, 34, 36, 37, 40, 43, 45, 49, 52, 55]",44,14,False
trafo,10,57,75,1,98.24561403508773,18,100.0,18,0,0.000778700050432235,"[0, 3, 8, 14, 19, 23, 24, 25, 28, 31, 34, 36, 37, 40, 45, 49, 52, 55]",45,13,False
trafo,11,57,75,1,98.24561403508773,18,100.0,18,0,0.0008812000160105526,"[0, 3, 8, 14, 19, 23, 24, 25, 28, 31, 34, 36, 37, 40, 45, 49, 52, 55]",50,9,False
trafo,12,57,75,1,98.24561403508773,18,100.0,18,0,0.000721300020813942,"[0, 3, 8, 14, 19, 23, 24, 25, 28, 31, 34, 36, 37, 40, 45, 49, 52, 55]",48,12,False
trafo,13,57,76,1,98.24561403508773,18,100.0,18,0,0.0007157999789342284,"[0, 3, 8, 14, 19, 23, 24, 25, 28, 31, 34, 36, 37, 40, 45, 49, 52, 55]",42,10,False
trafo,14,57,75,1,96.49122807017544,18,100.0,17,-1,0.0006687000277452171,"[0, 3, 8, 14, 19, 23, 24, 25, 28, 31, 35, 37, 38, 40, 45, 49, 52]",55,39,False
trafo,15,57,75,1,98.24561403508773,18,100.0,18,0,0.000699999975040555,"[0, 3, 8, 14, 19, 23, 24, 25, 28, 31, 34, 36, 37, 40, 45, 49, 52, 55]",56,38,False
trafo,16,57,75,1,96.49122807017544,18,100.0,19,1,0.000798800028860569,"[0, 3, 5, 12, 14, 19, 23, 24, 25, 28, 31, 34, 36, 37, 40, 45, 50, 53, 55]",54,8,False
line,0,57,73,1,94.73684210526316,18,100.0,20,2,0.0010918000480160117,"[0, 1, 3, 5, 10, 12, 14, 19, 23, 24, 27, 31, 34, 36, 37, 45, 50, 52, 53, 55]",0,1,False
line,1,57,73,1,96.49122807017544,18,100.0,19,1,0.001863999990746379,"[0, 3, 5, 10, 12, 14, 19, 23, 24, 27, 31, 34, 36, 37, 45, 50, 52, 53, 55]",1,2,False
line,2,57,73,1,96.49122807017544,18,100.0,19,1,0.0007274000090546906,"[0, 5, 10, 12, 14, 18, 19, 23, 24, 27, 31, 34, 36, 37, 45, 50, 52, 53, 55]",2,3,False
line,3,57,73,1,94.73684210526316,18,100.0,19,1,0.0009578000172041357,"[0, 5, 10, 12, 14, 18, 19, 23, 24, 27, 31, 34, 36, 37, 45, 50, 52, 53, 55]",3,4,False
line,4,57,73,1,94.73684210526316,18,100.0,19,1,0.0012653000303544104,"[0, 3, 5, 10, 12, 14, 19, 23, 24, 27, 31, 34, 36, 37, 45, 50, 52, 53, 55]",3,5,False
line,5,57,73,1,96.49122807017544,18,100.0,19,1,0.0007613000343553722,"[0, 3, 6, 10, 12, 14, 19, 23, 24, 27, 31, 34, 36, 37, 45, 50, 52, 53, 55]",5,6,False
line,6,57,73,1,96.49122807017544,18,100.0,19,1,0.0011817999766208231,"[0, 3, 6, 10, 12, 14, 19, 23, 24, 27, 31, 34, 36, 37, 45, 50, 52, 53, 55]",5,7,False
line,7,57,73,1,94.73684210526316,18,100.0,19,1,0.0007388999802060425,"[0, 3, 5, 10, 12, 14, 19, 23, 24, 27, 31, 34, 36, 37, 45, 50, 52, 53, 55]",7,8,False
line,8,57,73,1,94.73684210526316,18,100.0,19,1,0.0006933999829925597,"[0, 3, 5, 10, 12, 14, 19, 23, 24, 27, 31, 34, 36, 37, 45, 50, 52, 53, 55]",8,9,False
line,9,57,73,1,96.49122807017544,18,100.0,19,1,0.0007652000058442354,"[0, 3, 5, 10, 12, 14, 19, 23, 24, 27, 31, 34, 36, 37, 45, 50, 52, 53, 55]",8,10,False
line,10,57,73,1,94.73684210526316,18,100.0,19,1,0.0006839000270701945,"[0, 3, 5, 10, 12, 14, 19, 23, 24, 27, 31, 34, 36, 37, 45, 50, 52, 53, 55]",8,11,False
line,11,57,73,1,96.49122807017544,18,100.0,19,1,0.0013832999975420535,"[0, 3, 7, 10, 12, 14, 19, 23, 24, 27, 31, 34, 36, 37, 45, 50, 52, 53, 55]",8,12,False
line,12,57,73,1,96.49122807017544,18,100.0,19,1,0.0008375999750569463,"[0, 3, 5, 8, 10, 14, 19, 23, 24, 27, 31, 34, 36, 37, 45, 49, 52, 53, 55]",12,13,False
line,13,57,73,1,96.49122807017544,18,100.0,19,1,0.000742600008379668,"[0, 3, 5, 8, 10, 14, 19, 23, 24, 27, 31, 34, 36, 37, 45, 49, 52, 53, 55]",12,14,False
line,14,57,73,1,96.49122807017544,18,100.0,19,1,0.0007235999801196158,"[0, 3, 5, 10, 12, 14, 19, 23, 24, 27, 31, 34, 36, 37, 45, 50, 52, 53, 55]",0,14,False
line,15,57,73,2,94.73684210526316,18,100.0,20,2,0.0007715999963693321,"[0, 3, 5, 10, 12, 14, 15, 19, 23, 24, 27, 31, 34, 36, 37, 45, 50, 52, 53, 55]",0,15,False
line,16,57,73,1,94.73684210526316,18,100.0,20,2,0.0008358000195585191,"[0, 3, 5, 10, 11, 12, 14, 19, 23, 24, 27, 31, 34, 36, 37, 45, 50, 52, 53, 55]",0,16,False
line,17,57,73,1,96.49122807017544,18,100.0,19,1,0.0007270999485626817,"[0, 3, 5, 10, 12, 14, 19, 23, 24, 27, 31, 34, 36, 37, 45, 50, 52, 53, 55]",2,14,False
line,18,57,73,1,96.49122807017544,18,100.0,19,1,0.0011928000021725893,"[0, 3, 5, 10, 12, 14, 19, 23, 24, 27, 31, 34, 36, 37, 45, 50, 52, 53, 55]",4,5,False
line,19,57,73,1,96.49122807017544,18,100.0,19,1,0.0008555000531487167,"[0, 3, 5, 10, 12, 14, 19, 23, 24, 27, 31, 34, 36, 37, 45, 50, 52, 53, 55]",6,7,False
line,20,57,73,1,96.49122807017544,18,100.0,19,1,0.000744100019801408,"[0, 3, 5, 10, 12, 14, 19, 23, 24, 27, 31, 34, 36, 37, 45, 50, 52, 53, 55]",9,11,False
line,21,57,73,1,96.49122807017544,18,100.0,19,1,0.0007547999848611653,"[0, 3, 5, 8, 10, 14, 19, 23, 24, 27, 31, 34, 36, 37, 45, 49, 52, 53, 55]",10,12,False
line,22,57,73,1,96.49122807017544,18,100.0,19,1,0.0008034000056795776,"[0, 3, 5, 8, 10, 14, 19, 23, 24, 27, 31, 34, 36, 37, 45, 49, 52, 53, 55]",11,12,False
line,23,57,74,1,96.49122807017544,18,100.0,19,1,0.0007969000143930316,"[0, 3, 5, 10, 12, 14, 19, 23, 24, 27, 31, 34, 36, 37, 45, 50, 52, 53, 55]",11,15,False
line,24,57,73,1,96.49122807017544,18,100.0,19,1,0.0009409000049345195,"[0, 3, 5, 10, 12, 14, 19, 23, 24, 27, 31, 34, 36, 37, 45, 50, 52, 53, 55]",11,16,False
line,25,57,73,1,96.49122807017544,18,100.0,19,1,0.0007200000109151006,"[0, 3, 5, 10, 12, 14, 19, 23, 24, 27, 31, 34, 36, 37, 45, 50, 52, 53, 55]",13,14,False
line,26,57,73,1,96.49122807017544,18,100.0,19,1,0.0008288000244647264,"[0, 3, 5, 10, 12, 14, 19, 23, 24, 27, 31, 34, 36, 37, 45, 50, 52, 53, 55]",17,18,False
line,27,57,73,1,94.73684210526316,18,100.0,20,2,0.0011038000229746103,"[0, 3, 5, 10, 12, 14, 17, 19, 23, 24, 27, 31, 34, 36, 37, 45, 50, 52, 53, 55]",18,19,False
line,28,57,73,1,96.49122807017544,18,100.0,19,1,0.0007246999884955585,"[0, 3, 5, 10, 12, 14, 19, 23, 24, 27, 31, 34, 36, 37, 45, 50, 52, 53, 55]",20,21,False
line,29,57,73,1,96.49122807017544,18,100.0,19,1,0.001214299991261214,"[0, 3, 5, 10, 12, 14, 19, 23, 24, 27, 31, 34, 36, 37, 45, 50, 52, 53, 55]",21,22,False
line,30,57,73,1,94.73684210526316,18,100.0,20,2,0.0009186000097543001,"[0, 3, 5, 10, 12, 14, 19, 21, 23, 24, 27, 31, 34, 36, 37, 45, 50, 52, 53, 55]",22,23,False
line,31,57,73,2,94.73684210526316,18,100.0,19,1,0.0007861999911256135,"[0, 3, 5, 10, 12, 14, 19, 23, 24, 27, 31, 34, 36, 37, 45, 50, 52, 53, 55]",25,26,False
line,32,57,73,2,96.49122807017544,18,100.0,19,1,0.0012885000323876739,"[0, 3, 5, 10, 12, 14, 19, 23, 24, 25, 28, 31, 34, 36, 37, 45, 50, 53, 55]",26,27,False
line,33,57,73,2,94.73684210526316,18,100.0,19,1,0.0007471000426448882,"[0, 3, 5, 10, 12, 14, 19, 23, 24, 26, 31, 34, 36, 37, 45, 50, 51, 53, 55]",27,28,False
line,34,57,73,1,94.73684210526316,18,100.0,19,1,0.0007589000160805881,"[0, 3, 5, 10, 12, 14, 19, 23, 27, 29, 31, 34, 36, 37, 45, 50, 52, 53, 55]",24,29,False
line,35,57,73,1,96.49122807017544,18,100.0,19,1,0.0007277000113390386,"[0, 3, 5, 10, 12, 14, 19, 23, 24, 27, 31, 34, 36, 37, 45, 50, 52, 53, 55]",29,30,False
line,36,57,73,1,94.73684210526316,18,100.0,19,1,0.0009275999618694186,"[0, 3, 5, 10, 12, 14, 19, 23, 27, 29, 31, 34, 36, 37, 45, 50, 52, 53, 55]",30,31,False
line,37,57,73,2,94.73684210526316,18,100.0,19,1,0.0014765000087209046,"[0, 3, 5, 10, 12, 14, 19, 23, 27, 30, 32, 34, 36, 37, 45, 50, 52, 53, 55]",31,32,False
line,38,57,73,1,96.49122807017544,18,100.0,19,1,0.000915899989195168,"[0, 3, 5, 10, 12, 14, 19, 23, 24, 27, 31, 34, 36, 37, 45, 50, 52, 53, 55]",33,34,False
line,39,57,73,1,96.49122807017544,18,100.0,19,1,0.0007541000377386808,"[0, 3, 5, 10, 12, 14, 19, 23, 24, 27, 31, 33, 36, 37, 45, 50, 52, 53, 55]",34,35,False
line,40,57,73,1,96.49122807017544,18,100.0,19,1,0.0009088999941013753,"[0, 3, 5, 10, 12, 14, 19, 23, 24, 27, 31, 34, 36, 37, 45, 50, 52, 53, 55]",35,36,False
line,41,57,73,1,96.49122807017544,18,100.0,18,0,0.0007172999903559685,"[0, 3, 5, 12, 18, 21, 23, 24, 27, 31, 35, 40, 43, 46, 50, 52, 53, 56]",36,37,False
line,42,57,73,1,94.73684210526316,18,100.0,19,1,0.000934499956201762,"[0, 3, 5, 10, 12, 14, 19, 23, 24, 27, 31, 34, 37, 38, 45, 50, 52, 53, 55]",36,38,False
line,43,57,73,1,96.49122807017544,18,100.0,19,1,0.0007315000402741134,"[0, 3, 5, 10, 12, 14, 19, 23, 24, 27, 31, 34, 36, 37, 45, 50, 52, 53, 55]",35,39,False
line,44,57,73,1,94.73684210526316,18,100.0,19,1,0.0008388999849557877,"[0, 3, 5, 12, 14, 19, 20, 23, 24, 27, 31, 35, 37, 40, 45, 50, 52, 53, 56]",21,37,False
line,45,57,73,1,96.49122807017544,18,100.0,19,1,0.0009891000227071345,"[0, 3, 5, 10, 12, 14, 19, 23, 24, 27, 31, 34, 36, 37, 45, 50, 52, 53, 55]",40,41,False
line,46,57,73,1,96.49122807017544,18,100.0,19,1,0.0007620000396855175,"[0, 3, 5, 10, 12, 14, 19, 23, 24, 27, 31, 34, 36, 37, 45, 50, 52, 53, 55]",40,42,False
line,47,57,73,1,94.73684210526316,18,100.0,18,0,0.0006913000252097845,"[0, 3, 5, 12, 18, 21, 23, 24, 27, 31, 35, 40, 43, 46, 50, 52, 53, 56]",37,43,False
line,48,57,73,1,94.73684210526316,18,100.0,20,2,0.0013226000010035932,"[0, 3, 5, 10, 12, 13, 14, 19, 23, 24, 27, 31, 34, 36, 37, 46, 50, 52, 53, 55]",45,46,False
line,49,57,73,1,96.49122807017544,18,100.0,19,1,0.0009380000410601497,"[0, 3, 5, 10, 12, 14, 19, 23, 24, 27, 31, 34, 36, 37, 45, 50, 52, 53, 55]",46,47,False
line,50,57,73,1,96.49122807017544,18,100.0,19,1,0.0008892999612726271,"[0, 3, 5, 10, 12, 14, 19, 23, 24, 27, 31, 34, 36, 37, 45, 50, 52, 53, 55]",47,48,False
line,51,57,73,1,96.49122807017544,18,100.0,19,1,0.0007539999787695706,"[0, 3, 5, 10, 12, 14, 19, 23, 24, 27, 31, 34, 36, 37, 45, 50, 52, 53, 55]",48,49,False
line,52,57,73,1,94.73684210526316,18,100.0,20,2,0.0007886000094003975,"[0, 3, 5, 9, 10, 12, 14, 19, 23, 24, 27, 31, 34, 36, 37, 45, 48, 52, 53, 55]",49,50,False
line,53,57,73,2,96.49122807017544,18,100.0,19,1,0.0007609000313095748,"[0, 3, 5, 10, 12, 14, 19, 23, 24, 27, 31, 34, 36, 37, 45, 50, 52, 53, 55]",28,51,False
line,54,57,73,2,96.49122807017544,18,100.0,19,1,0.0007208000170066953,"[0, 3, 5, 10, 12, 14, 19, 23, 24, 27, 28, 31, 34, 36, 37, 45, 50, 53, 55]",51,52,False
line,55,57,73,2,94.73684210526316,18,100.0,19,1,0.0007230000337585807,"[0, 3, 5, 10, 12, 14, 19, 23, 24, 27, 31, 34, 36, 37, 45, 50, 51, 53, 55]",52,53,False
line,56,57,73,2,96.49122807017544,18,100.0,19,1,0.0011205999762751162,"[0, 3, 5, 10, 12, 14, 19, 23, 24, 27, 31, 34, 36, 37, 45, 50, 52, 54, 55]",53,54,False
line,57,57,73,1,96.49122807017544,18,100.0,19,1,0.000839299988001585,"[0, 3, 5, 10, 12, 14, 19, 23, 24, 27, 31, 34, 36, 37, 45, 50, 52, 53, 55]",43,44,False
line,58,57,74,1,96.49122807017544,18,100.0,19,1,0.0010660000261850655,"[0, 3, 5, 10, 12, 14, 19, 23, 24, 27, 31, 34, 36, 37, 45, 50, 52, 53, 55]",55,40,False
line,59,57,73,1,94.73684210526316,18,100.0,18,0,0.0008078999817371368,"[0, 3, 5, 12, 14, 19, 23, 24, 27, 31, 35, 37, 40, 45, 50, 52, 53, 56]",55,41,False
line,60,57,73,1,94.73684210526316,18,100.0,19,1,0.0007610000320710242,"[0, 3, 5, 12, 14, 19, 23, 24, 27, 31, 35, 37, 38, 39, 40, 45, 50, 52, 53]",56,55,False
line,61,57,73,1,96.49122807017544,18,100.0,19,1,0.0007236999808810651,"[0, 3, 5, 10, 12, 14, 19, 23, 24, 27, 31, 34, 36, 37, 45, 50, 52, 53, 55]",37,48,False
line,62,57,73,1,94.73684210526316,18,100.0,18,0,0.0007091999868862331,"[0, 3, 5, 12, 18, 21, 23, 24, 27, 31, 35, 40, 43, 46, 50, 52, 53, 56]",37,47,False
trafo,0,57,74,1,96.49122807017544,18,100.0,19,1,0.0007259999983943999,"[0, 3, 5, 10, 12, 14, 19, 23, 24, 27, 31, 34, 36, 37, 45, 50, 52, 53, 55]",17,3,False
trafo,1,57,74,1,96.49122807017544,18,100.0,19,1,0.0008611000375822186,"[0, 3, 5, 10, 12, 14, 19, 23, 24, 27, 31, 34, 36, 37, 45, 50, 52, 53, 55]",17,3,False
trafo,2,57,73,1,94.73684210526316,18,100.0,20,2,0.0007723000016994774,"[0, 3, 5, 10, 12, 14, 18, 20, 23, 24, 27, 31, 34, 36, 37, 45, 50, 52, 53, 55]",19,20,False
trafo,3,57,74,1,96.49122807017544,18,100.0,19,1,0.0007200000109151006,"[0, 3, 5, 10, 12, 14, 19, 23, 24, 27, 31, 34, 36, 37, 45, 50, 52, 53, 55]",24,23,False
trafo,4,57,74,1,96.49122807017544,18,100.0,19,1,0.0007253000512719154,"[0, 3, 5, 10, 12, 14, 19, 23, 24, 27, 31, 34, 36, 37, 45, 50, 52, 53, 55]",24,23,False
trafo,5,57,73,2,96.49122807017544,18,100.0,19,1,0.0009412000072188675,"[0, 3, 5, 10, 12, 14, 19, 23, 24, 26, 31, 34, 36, 37, 45, 50, 51, 53, 55]",25,23,False
trafo,6,57,74,1,96.49122807017544,18,100.0,19,1,0.0007242999854497612,"[0, 3, 5, 10, 12, 14, 19, 23, 24, 27, 31, 34, 36, 37, 45, 50, 52, 53, 55]",28,6,False
trafo,7,57,73,1,96.49122807017544,18,100.0,19,1,0.0007303999736905098,"[0, 3, 5, 10, 12, 14, 19, 23, 27, 30, 31, 34, 36, 37, 45, 50, 52, 53, 55]",31,33,False
trafo,8,57,73,1,94.73684210526316,18,100.0,19,1,0.0007252000505104661,"[0, 3, 5, 12, 14, 19, 23, 24, 27, 31, 34, 36, 37, 40, 45, 50, 52, 53, 55]",40,10,False
trafo,9,57,73,1,94.73684210526316,18,100.0,19,1,0.0009753999765962362,"[0, 3, 5, 10, 12, 19, 23, 24, 27, 31, 34, 36, 37, 43, 45, 50, 52, 53, 55]",44,14,False
trafo,10,57,73,1,96.49122807017544,18,100.0,19,1,0.0007598000229336321,"[0, 3, 5, 10, 12, 14, 19, 23, 24, 27, 31, 34, 36, 37, 45, 50, 52, 53, 55]",45,13,False
trafo,11,57,73,1,96.49122807017544,18,100.0,20,2,0.0008187000057660043,"[0, 3, 5, 8, 10, 12, 14, 19, 23, 24, 27, 31, 34, 36, 37, 45, 49, 52, 53, 55]",50,9,False
trafo,12,57,73,1,96.49122807017544,18,100.0,19,1,0.0007277000113390386,"[0, 3, 5, 8, 10, 14, 19, 23, 24, 27, 31, 34, 36, 37, 45, 49, 52, 53, 55]",48,12,False
trafo,13,57,73,1,94.73684210526316,18,100.0,19,1,0.0009688999853096902,"[0, 3, 5, 12, 14, 19, 23, 24, 27, 31, 34, 36, 37, 40, 45, 50, 52, 53, 55]",42,10,False
trafo,14,57,73,1,94.73684210526316,18,100.0,18,0,0.0007612000335939229,"[0, 3, 5, 12, 14, 19, 23, 24, 27, 31, 35, 37, 40, 45, 50, 52, 53, 56]",55,39,False
trafo,15,57,73,1,96.49122807017544,18,100.0,19,1,0.0009058999712578952,"[0, 3, 5, 10, 12, 14, 19, 23, 24, 27, 31, 34, 36, 37, 45, 50, 52, 53, 55]",56,38,False
trafo,16,57,74,1,96.49122807017544,18,100.0,19,1,0.0007275999523699284,"[0, 3, 5, 10, 12, 14, 19, 23, 24, 27, 31, 34, 36, 37, 45, 50, 52, 53, 55]",54,8,False
line,0,57,75,1,94.73684210526316,18,100.0,18,0,0.0006954999989829957,"[0, 1, 3, 8, 19, 23, 24, 25, 28, 31, 35, 37, 38, 40, 43, 45, 49, 52]",0,1,False
line,1,57,75,1,96.49122807017544,18,100.0,17,-1,0.0011283999774605036,"[0, 3, 8, 19, 23, 24, 25, 28, 31, 35, 37, 38, 40, 43, 45, 49, 52]",1,2,False
line,2,57,75,1,96.49122807017544,18,100.0,18,0,0.0007936000474728644,"[0, 1, 3, 8, 19, 23, 24, 25, 28, 31, 35, 37, 38, 40, 43, 45, 49, 52]",2,3,False
line,3,57,75,1,94.73684210526316,18,100.0,18,0,0.0007294999668374658,"[0, 3, 4, 8, 19, 23, 24, 25, 28, 31, 35, 37, 38, 40, 43, 45, 49, 52]",3,4,False
line,4,57,75,1,94.73684210526316,18,100.0,18,0,0.0007964000105857849,"[0, 3, 4, 8, 19, 23, 24, 25, 28, 31, 35, 37, 38, 40, 43, 45, 49, 52]",3,5,False
line,5,57,75,1,96.49122807017544,18,100.0,17,-1,0.0007099999929778278,"[0, 3, 8, 19, 23, 24, 25, 28, 31, 35, 37, 38, 40, 43, 45, 49, 52]",5,6,False
line,6,57,75,1,96.49122807017544,18,100.0,17,-1,0.0006696999771520495,"[0, 3, 8, 19, 23, 24, 25, 28, 31, 35, 37, 38, 40, 43, 45, 49, 52]",5,7,False
line,7,57,75,1,94.73684210526316,18,100.0,18,0,0.0008023999980650842,"[0, 3, 5, 12, 19, 23, 24, 25, 28, 31, 35, 37, 38, 40, 43, 45, 50, 53]",7,8,False
line,8,57,75,1,94.73684210526316,18,100.0,18,0,0.0007052000146359205,"[0, 3, 5, 12, 19, 23, 24, 25, 28, 31, 35, 37, 38, 40, 43, 45, 50, 53]",8,9,False
line,9,57,75,1,96.49122807017544,18,100.0,18,0,0.000692299974616617,"[0, 3, 8, 12, 19, 23, 24, 25, 28, 31, 35, 37, 38, 40, 43, 45, 49, 52]",8,10,False
line,10,57,75,1,94.73684210526316,18,100.0,18,0,0.000903200008906424,"[0, 3, 8, 12, 19, 23, 24, 25, 28, 31, 35, 37, 38, 40, 43, 45, 49, 52]",8,11,False
line,11,57,75,1,96.49122807017544,18,100.0,18,0,0.0007565999985672534,"[0, 3, 8, 13, 19, 23, 24, 25, 28, 31, 35, 37, 38, 40, 43, 45, 49, 52]",8,12,False
line,12,57,75,1,96.49122807017544,18,100.0,17,-1,0.0009432000224478543,"[0, 3, 8, 19, 23, 24, 25, 28, 31, 35, 37, 38, 40, 43, 45, 49, 52]",12,13,False
line,13,57,75,1,96.49122807017544,18,100.0,17,-1,0.0012036000262014568,"[0, 3, 8, 19, 23, 24, 25, 28, 31, 35, 37, 38, 40, 43, 45, 49, 52]",12,14,False
line,14,57,75,1,96.49122807017544,18,100.0,18,0,0.0006942000472918153,"[0, 3, 8, 13, 19, 23, 24, 25, 28, 31, 35, 37, 38, 40, 43, 45, 49, 52]",0,14,False
line,15,57,75,1,94.73684210526316,18,100.0,18,0,0.0009903000318445265,"[0, 3, 8, 11, 19, 23, 24, 25, 28, 31, 35, 37, 38, 40, 43, 45, 49, 52]",0,15,False
line,16,57,75,1,94.73684210526316,18,100.0,18,0,0.0006985000218264759,"[0, 3, 8, 11, 19, 23, 24, 25, 28, 31, 35, 37, 38, 40, 43, 45, 49, 52]",0,16,False
line,17,57,75,1,96.49122807017544,18,100.0,17,-1,0.0007057999609969556,"[0, 3, 8, 19, 23, 24, 25, 28, 31, 35, 37, 38, 40, 43, 45, 49, 52]",2,14,False
line,18,57,75,1,96.49122807017544,18,100.0,17,-1,0.0008583000162616372,"[0, 3, 8, 19, 23, 24, 25, 28, 31, 35, 37, 38, 40, 43, 45, 49, 52]",4,5,False
line,19,57,75,1,96.49122807017544,18,100.0,17,-1,0.0012291999883018434,"[0, 3, 8, 19, 23, 24, 25, 28, 31, 35, 37, 38, 40, 43, 45, 49, 52]",6,7,False
line,20,57,75,1,96.49122807017544,18,100.0,17,-1,0.0007516999612562358,"[0, 3, 8, 19, 23, 24, 25, 28, 31, 35, 37, 38, 40, 43, 45, 49, 52]",9,11,False
line,21,57,75,1,96.49122807017544,18,100.0,17,-1,0.0007409999961964786,"[0, 3, 8, 19, 23, 24, 25, 28, 31, 35, 37, 38, 40, 43, 45, 49, 52]",10,12,False
line,22,57,75,1,96.49122807017544,18,100.0,17,-1,0.000812400016002357,"[0, 3, 8, 19, 23, 24, 25, 28, 31, 35, 37, 38, 40, 43, 45, 49, 52]",11,12,False
line,23,57,75,1,96.49122807017544,18,100.0,17,-1,0.0009657000191509724,"[0, 3, 8, 19, 23, 24, 25, 28, 31, 35, 37, 38, 40, 43, 45, 49, 52]",11,15,False
line,24,57,75,1,96.49122807017544,18,100.0,17,-1,0.0011211999808438122,"[0, 3, 8, 19, 23, 24, 25, 28, 31, 35, 37, 38, 40, 43, 45, 49, 52]",11,16,False
line,25,57,75,1,96.49122807017544,18,100.0,17,-1,0.0006725999992340803,"[0, 3, 8, 19, 23, 24, 25, 28, 31, 35, 37, 38, 40, 43, 45, 49, 52]",13,14,False
line,26,57,75,1,96.49122807017544,18,100.0,17,-1,0.0014303000061772764,"[0, 3, 8, 19, 23, 24, 25, 28, 31, 35, 37, 38, 40, 43, 45, 49, 52]",17,18,False
line,27,57,75,1,94.73684210526316,18,100.0,18,0,0.0009740000241436064,"[0, 3, 8, 17, 19, 23, 24, 25, 28, 31, 35, 37, 38, 40, 43, 45, 49, 52]",18,19,False
line,28,57,75,1,96.49122807017544,18,100.0,17,-1,0.0006689999718219042,"[0, 3, 8, 19, 23, 24, 25, 28, 31, 35, 37, 38, 40, 43, 45, 49, 52]",20,21,False
line,29,57,75,1,96.49122807017544,18,100.0,17,-1,0.0006742000114172697,"[0, 3, 8, 19, 23, 24, 25, 28, 31, 35, 37, 38, 40, 43, 45, 49, 52]",21,22,False
line,30,57,75,1,94.73684210526316,18,100.0,18,0,0.0007518000202253461,"[0, 3, 8, 19, 21, 23, 24, 25, 28, 31, 35, 37, 38, 40, 43, 45, 49, 52]",22,23,False
line,31,57,75,1,94.73684210526316,18,100.0,17,-1,0.0015460000140592456,"[0, 3, 8, 19, 23, 24, 26, 28, 31, 35, 37, 38, 40, 43, 45, 49, 52]",25,26,False
line,32,57,75,1,96.49122807017544,18,100.0,17,-1,0.0007171000470407307,"[0, 3, 8, 19, 23, 24, 25, 28, 31, 35, 37, 38, 40, 43, 45, 49, 52]",26,27,False
line,33,57,75,1,94.73684210526316,18,100.0,17,-1,0.0008708999957889318,"[0, 3, 8, 19, 23, 24, 26, 28, 31, 35, 37, 38, 40, 43, 45, 49, 52]",27,28,False
line,34,57,75,1,94.73684210526316,18,100.0,17,-1,0.0010097000049427152,"[0, 3, 8, 19, 23, 25, 28, 29, 31, 35, 37, 38, 40, 43, 45, 49, 52]",24,29,False
line,35,57,75,1,96.49122807017544,18,100.0,17,-1,0.0007362000178545713,"[0, 3, 8, 19, 23, 24, 25, 28, 31, 35, 37, 38, 40, 43, 45, 49, 52]",29,30,False
line,36,57,75,1,94.73684210526316,18,100.0,17,-1,0.0007103999960236251,"[0, 3, 8, 19, 23, 25, 28, 29, 31, 35, 37, 38, 40, 43, 45, 49, 52]",30,31,False
line,37,57,75,2,94.73684210526316,18,100.0,18,0,0.0007082999800331891,"[0, 3, 8, 19, 23, 25, 28, 30, 32, 34, 35, 37, 38, 40, 43, 45, 49, 52]",31,32,False
line,38,57,75,1,96.49122807017544,18,100.0,17,-1,0.0007385999779216945,"[0, 3, 8, 19, 23, 24, 25, 28, 31, 35, 37, 38, 40, 43, 45, 49, 52]",33,34,False
line,39,57,75,1,96.49122807017544,18,100.0,18,0,0.0009714000043459237,"[0, 3, 8, 19, 23, 24, 25, 28, 31, 33, 35, 37, 38, 40, 43, 45, 49, 52]",34,35,False
line,40,57,75,1,96.49122807017544,18,100.0,17,-1,0.0006751999608241022,"[0, 3, 8, 19, 23, 24, 25, 28, 31, 35, 37, 38, 40, 43, 45, 49, 52]",35,36,False
line,41,57,75,1,96.49122807017544,18,100.0,17,-1,0.0011008000001311302,"[0, 3, 8, 19, 23, 24, 25, 28, 31, 35, 37, 38, 40, 43, 45, 49, 52]",36,37,False
line,42,57,75,2,94.73684210526316,18,100.0,17,-1,0.0007488999981433153,"[0, 3, 8, 19, 23, 24, 25, 28, 31, 35, 37, 38, 40, 43, 45, 49, 52]",36,38,False
line,43,57,75,1,96.49122807017544,18,100.0,18,0,0.0007282000151462853,"[0, 3, 8, 19, 23, 24, 25, 28, 31, 34, 37, 38, 39, 40, 43, 45, 49, 52]",35,39,False
line,44,57,75,1,94.73684210526316,18,100.0,18,0,0.0020166999893262982,"[0, 3, 8, 19, 20, 23, 24, 25, 28, 31, 35, 37, 38, 40, 43, 45, 49, 52]",21,37,False
line,45,57,75,1,96.49122807017544,18,100.0,18,0,0.000929799978621304,"[0, 3, 8, 10, 19, 23, 24, 25, 28, 31, 34, 37, 38, 43, 45, 49, 52, 55]",40,41,False
line,46,57,75,1,96.49122807017544,18,100.0,18,0,0.000735500012524426,"[0, 3, 8, 10, 19, 23, 24, 25, 28, 31, 34, 37, 38, 43, 45, 49, 52, 55]",40,42,False
line,47,57,75,2,94.73684210526316,18,100.0,17,-1,0.0006915000267326832,"[0, 3, 8, 19, 23, 24, 25, 28, 31, 35, 37, 38, 40, 43, 45, 49, 52]",37,43,False
line,48,57,75,1,94.73684210526316,18,100.0,18,0,0.0011408000136725605,"[0, 3, 8, 13, 19, 23, 24, 25, 28, 31, 35, 37, 38, 40, 43, 46, 49, 52]",45,46,False
line,49,57,75,1,96.49122807017544,18,100.0,17,-1,0.0007009999826550484,"[0, 3, 8, 19, 23, 24, 25, 28, 31, 35, 37, 38, 40, 43, 45, 49, 52]",46,47,False
line,50,57,75,1,96.49122807017544,18,100.0,17,-1,0.0006722999969497323,"[0, 3, 8, 19, 23, 24, 25, 28, 31, 35, 37, 38, 40, 43, 45, 49, 52]",47,48,False
line,51,57,75,1,96.49122807017544,18,100.0,17,-1,0.0007270999485626817,"[0, 3, 8, 19, 23, 24, 25, 28, 31, 35, 37, 38, 40, 43, 45, 49, 52]",48,49,False
line,52,57,75,1,94.73684210526316,18,100.0,18,0,0.0007779999868944287,"[0, 3, 8, 9, 19, 23, 24, 25, 28, 31, 35, 37, 38, 40, 43, 45, 48, 52]",49,50,False
line,53,57,75,1,96.49122807017544,18,100.0,17,-1,0.0008841999806463718,"[0, 3, 5, 8, 19, 23, 24, 27, 31, 35, 37, 38, 40, 43, 45, 49, 52]",28,51,False
line,54,57,75,1,96.49122807017544,18,100.0,17,-1,0.0008111000061035156,"[0, 3, 8, 19, 23, 24, 25, 28, 31, 35, 37, 38, 40, 43, 45, 49, 52]",51,52,False
line,55,57,75,1,94.73684210526316,18,100.0,18,0,0.0012817999813705683,"[0, 3, 8, 19, 23, 24, 25, 28, 31, 35, 37, 38, 40, 43, 45, 49, 51, 53]",52,53,False
line,56,57,75,1,96.49122807017544,18,100.0,17,-1,0.0006687999702990055,"[0, 3, 8, 19, 23, 24, 25, 28, 31, 35, 37, 38, 40, 43, 45, 49, 52]",53,54,False
line,57,57,75,2,96.49122807017544,18,100.0,17,-1,0.0006637999904341996,"[0, 3, 8, 19, 23, 24, 25, 28, 31, 35, 37, 38, 40, 44, 45, 49, 52]",43,44,False
line,58,57,75,1,96.49122807017544,18,100.0,18,0,0.0016021999763324857,"[0, 3, 8, 19, 23, 24, 25, 28, 31, 35, 37, 38, 39, 40, 43, 45, 49, 52]",55,40,False
line,59,57,75,1,94.73684210526316,18,100.0,17,-1,0.0007329999934881926,"[0, 3, 8, 19, 23, 24, 25, 28, 31, 35, 37, 38, 40, 43, 45, 49, 52]",55,41,False
line,60,57,76,1,96.49122807017544,18,100.0,17,-1,0.0006864999886602163,"[0, 3, 8, 19, 23, 24, 25, 28, 31, 35, 37, 38, 40, 43, 45, 49, 52]",56,55,False
line,61,57,75,1,96.49122807017544,18,100.0,17,-1,0.0006709999870508909,"[0, 3, 8, 19, 23, 24, 25, 28, 31, 35, 37, 38, 40, 43, 45, 49, 52]",37,48,False
line,62,57,75,1,94.73684210526316,18,100.0,18,0,0.0010446999804116786,"[0, 3, 8, 9, 19, 23, 24, 25, 28, 31, 35, 37, 38, 40, 43, 45, 48, 52]",37,47,False
trafo,0,57,76,1,96.49122807017544,18,100.0,17,-1,0.0006930999807082117,"[0, 3, 8, 19, 23, 24, 25, 28, 31, 35, 37, 38, 40, 43, 45, 49, 52]",17,3,False
trafo,1,57,76,1,96.49122807017544,18,100.0,17,-1,0.0013726999750360847,"[0, 3, 8, 19, 23, 24, 25, 28, 31, 35, 37, 38, 40, 43, 45, 49, 52]",17,3,False
trafo,2,57,75,1,94.73684210526316,18,100.0,18,0,0.0019150000298395753,"[0, 3, 8, 18, 20, 23, 24, 25, 28, 31, 35, 37, 38, 40, 43, 45, 49, 52]",19,20,False
trafo,3,57,76,1,96.49122807017544,18,100.0,17,-1,0.0007204000139608979,"[0, 3, 8, 19, 23, 24, 25, 28, 31, 35, 37, 38, 40, 43, 45, 49, 52]",24,23,False
trafo,4,57,76,1,96.49122807017544,18,100.0,17,-1,0.0006887000054121017,"[0, 3, 8, 19, 23, 24, 25, 28, 31, 35, 37, 38, 40, 43, 45, 49, 52]",24,23,False
trafo,5,57,75,1,96.49122807017544,18,100.0,17,-1,0.0007378000300377607,"[0, 3, 8, 19, 23, 24, 25, 28, 31, 35, 37, 38, 40, 43, 45, 49, 52]",25,23,False
trafo,6,57,75,1,94.73684210526316,18,100.0,17,-1,0.0007524999673478305,"[0, 3, 5, 8, 19, 23, 24, 27, 31, 35, 37, 38, 40, 43, 45, 49, 52]",28,6,False
trafo,7,57,75,1,96.49122807017544,18,100.0,18,0,0.0007613000343553722,"[0, 3, 8, 19, 23, 25, 28, 30, 31, 34, 35, 37, 38, 40, 43, 45, 49, 52]",31,33,False
trafo,8,57,75,1,96.49122807017544,18,100.0,17,-1,0.000980100012384355,"[0, 3, 8, 19, 23, 24, 25, 28, 31, 35, 37, 38, 40, 43, 45, 49, 52]",40,10,False
trafo,9,57,76,1,96.49122807017544,18,100.0,17,-1,0.0014152000076137483,"[0, 3, 8, 19, 23, 24, 25, 28, 31, 35, 37, 38, 40, 43, 45, 49, 52]",44,14,False
trafo,10,57,75,1,96.49122807017544,18,100.0,18,0,0.00072900002123788,"[0, 3, 8, 12, 19, 23, 24, 25, 28, 31, 35, 37, 38, 40, 43, 45, 49, 52]",45,13,False
trafo,11,57,75,1,96.49122807017544,18,100.0,17,-1,0.000687899999320507,"[0, 3, 8, 19, 23, 24, 25, 28, 31, 35, 37, 38, 40, 43, 45, 49, 52]",50,9,False
trafo,12,57,75,1,96.49122807017544,18,100.0,17,-1,0.0007436000159941614,"[0, 3, 8, 19, 23, 24, 25, 28, 31, 35, 37, 38, 40, 43, 45, 49, 52]",48,12,False
trafo,13,57,75,1,94.73684210526316,18,100.0,17,-1,0.000673400005325675,"[0, 3, 8, 19, 23, 24, 25, 28, 31, 35, 37, 38, 40, 43, 45, 49, 52]",42,10,False
trafo,14,57,75,1,94.73684210526316,18,100.0,17,-1,0.0010713000083342195,"[0, 3, 8, 19, 23, 24, 25, 28, 31, 35, 37, 38, 40, 43, 45, 49, 52]",55,39,False
trafo,15,57,75,2,96.49122807017544,18,100.0,18,0,0.0006942999898456037,"[0, 3, 8, 19, 23, 24, 25, 28, 31, 35, 36, 37, 40, 43, 45, 49, 52, 56]",56,38,False
trafo,16,57,75,1,94.73684210526316,18,100.0,18,0,0.0011549000046215951,"[0, 3, 5, 12, 19, 23, 24, 25, 28, 31, 35, 37, 38, 40, 43, 45, 50, 53]",54,8,False
line,0,57,75,1,96.49122807017544,18,100.0,20,2,0.0007815000135451555,"[0, 1, 3, 5, 10, 12, 14, 19, 23, 24, 25, 28, 31, 34, 36, 37, 45, 50, 53, 55]",0,1,False
line,1,57,75,1,98.24561403508773,18,100.0,19,1,0.001331399951595813,"[0, 3, 5, 10, 12, 14, 19, 23, 24, 25, 28, 31, 34, 36, 37, 45, 50, 53, 55]",1,2,False
line,2,57,75,1,98.24561403508773,18,100.0,19,1,0.00195870001334697,"[0, 5, 10, 12, 14, 18, 19, 23, 24, 27, 31, 34, 36, 37, 45, 50, 52, 53, 55]",2,3,False
line,3,57,75,1,96.49122807017544,18,100.0,19,1,0.000803799950517714,"[0, 5, 10, 12, 14, 18, 19, 23, 24, 27, 31, 34, 36, 37, 45, 50, 52, 53, 55]",3,4,False
line,4,57,75,1,96.49122807017544,18,100.0,19,1,0.00076299998909235,"[0, 3, 6, 10, 12, 14, 19, 23, 24, 26, 31, 34, 36, 37, 45, 50, 52, 53, 55]",3,5,False
line,5,57,75,1,98.24561403508773,18,100.0,19,1,0.0013562000240199268,"[0, 3, 5, 10, 12, 14, 19, 23, 24, 25, 28, 31, 34, 36, 37, 45, 50, 53, 55]",5,6,False
line,6,57,75,1,98.24561403508773,18,100.0,19,1,0.0007539999787695706,"[0, 3, 6, 10, 12, 14, 19, 23, 24, 25, 28, 31, 34, 36, 37, 45, 50, 53, 55]",5,7,False
line,7,57,75,1,96.49122807017544,18,100.0,19,1,0.0007544999825768173,"[0, 3, 5, 10, 12, 14, 19, 23, 24, 25, 28, 31, 34, 36, 37, 45, 50, 53, 55]",7,8,False
line,8,57,75,1,96.49122807017544,18,100.0,19,1,0.0008002999820746481,"[0, 3, 5, 10, 12, 14, 19, 23, 24, 25, 28, 31, 34, 36, 37, 45, 50, 53, 55]",8,9,False
line,9,57,75,1,98.24561403508773,18,100.0,19,1,0.0008811000152491033,"[0, 3, 5, 10, 12, 14, 19, 23, 24, 25, 28, 31, 34, 36, 37, 45, 50, 53, 55]",8,10,False
line,10,57,75,1,96.49122807017544,18,100.0,19,1,0.0007228999747894704,"[0, 3, 5, 10, 12, 14, 19, 23, 24, 25, 28, 31, 34, 36, 37, 45, 50, 53, 55]",8,11,False
line,11,57,75,1,98.24561403508773,18,100.0,19,1,0.0007330999942496419,"[0, 3, 8, 10, 11, 14, 19, 23, 24, 25, 28, 31, 34, 36, 37, 45, 49, 53, 55]",8,12,False
line,12,57,75,1,98.24561403508773,18,100.0,18,0,0.0008093999931588769,"[0, 3, 8, 10, 14, 19, 23, 24, 25, 28, 31, 34, 36, 37, 45, 49, 53, 55]",12,13,False
line,13,57,75,1,98.24561403508773,18,100.0,18,0,0.001471900031901896,"[0, 3, 8, 10, 14, 19, 23, 24, 25, 28, 31, 34, 36, 37, 45, 49, 53, 55]",12,14,False
line,14,57,75,1,98.24561403508773,18,100.0,19,1,0.0009292999748140574,"[0, 3, 5, 10, 12, 14, 19, 23, 24, 25, 28, 31, 34, 36, 37, 45, 50, 53, 55]",0,14,False
line,15,57,75,1,96.49122807017544,18,100.0,20,2,0.0007738999556750059,"[0, 3, 5, 10, 11, 12, 14, 19, 23, 24, 25, 28, 31, 34, 36, 37, 45, 50, 53, 55]",0,15,False
line,16,57,75,1,96.49122807017544,18,100.0,20,2,0.0007598000229336321,"[0, 3, 5, 10, 11, 12, 14, 19, 23, 24, 25, 28, 31, 34, 36, 37, 45, 50, 53, 55]",0,16,False
line,17,57,75,1,98.24561403508773,18,100.0,19,1,0.0007245000451803207,"[0, 3, 5, 10, 12, 14, 19, 23, 24, 25, 28, 31, 34, 36, 37, 45, 50, 53, 55]",2,14,False
line,18,57,75,1,98.24561403508773,18,100.0,19,1,0.0007918000337667763,"[0, 3, 5, 10, 12, 14, 19, 23, 24, 25, 28, 31, 34, 36, 37, 45, 50, 53, 55]",4,5,False
line,19,57,75,1,98.24561403508773,18,100.0,19,1,0.0008021999965421855,"[0, 3, 5, 10, 12, 14, 19, 23, 24, 25, 28, 31, 34, 36, 37, 45, 50, 53, 55]",6,7,False
line,20,57,75,1,98.24561403508773,18,100.0,19,1,0.0008484999998472631,"[0, 3, 5, 10, 12, 14, 19, 23, 24, 25, 28, 31, 34, 36, 37, 45, 50, 53, 55]",9,11,False
line,21,57,75,1,98.24561403508773,18,100.0,18,0,0.001019699964672327,"[0, 3, 8, 10, 14, 19, 23, 24, 25, 28, 31, 34, 36, 37, 45, 49, 53, 55]",10,12,False
line,22,57,75,1,98.24561403508773,18,100.0,18,0,0.0008598000276833773,"[0, 3, 8, 10, 14, 19, 23, 24, 25, 28, 31, 34, 36, 37, 45, 49, 53, 55]",11,12,False
line,23,57,75,1,98.24561403508773,18,100.0,19,1,0.0008270000107586384,"[0, 3, 5, 10, 12, 14, 19, 23, 24, 25, 28, 31, 34, 36, 37, 45, 50, 53, 55]",11,15,False
line,24,57,75,1,98.24561403508773,18,100.0,19,1,0.0007905999664217234,"[0, 3, 5, 10, 12, 14, 19, 23, 24, 25, 28, 31, 34, 36, 37, 45, 50, 53, 55]",11,16,False
line,25,57,75,1,98.24561403508773,18,100.0,19,1,0.0007311999797821045,"[0, 3, 5, 10, 12, 14, 19, 23, 24, 25, 28, 31, 34, 36, 37, 45, 50, 53, 55]",13,14,False
line,26,57,75,1,98.24561403508773,18,100.0,19,1,0.0008002999820746481,"[0, 3, 5, 10, 12, 14, 19, 23, 24, 25, 28, 31, 34, 36, 37, 45, 50, 53, 55]",17,18,False
line,27,57,75,1,96.49122807017544,18,100.0,20,2,0.000770999991800636,"[0, 3, 5, 10, 12, 14, 17, 19, 23, 24, 25, 28, 31, 34, 36, 37, 45, 50, 53, 55]",18,19,False
line,28,57,75,1,98.24561403508773,18,100.0,19,1,0.0007310000364668667,"[0, 3, 5, 10, 12, 14, 19, 23, 24, 25, 28, 31, 34, 36, 37, 45, 50, 53, 55]",20,21,False
line,29,57,75,1,98.24561403508773,18,100.0,19,1,0.001434599980711937,"[0, 3, 5, 10, 12, 14, 19, 23, 24, 25, 28, 31, 34, 36, 37, 45, 50, 53, 55]",21,22,False
line,30,57,75,1,96.49122807017544,18,100.0,20,2,0.0008227999787777662,"[0, 3, 5, 10, 12, 14, 19, 21, 23, 24, 25, 28, 31, 34, 36, 37, 45, 50, 53, 55]",22,23,False
line,31,57,75,1,96.49122807017544,18,100.0,19,1,0.0007273000082932413,"[0, 3, 5, 10, 12, 14, 19, 23, 24, 26, 28, 31, 34, 36, 37, 45, 50, 53, 55]",25,26,False
line,32,57,75,1,98.24561403508773,18,100.0,19,1,0.0007725000032223761,"[0, 3, 5, 10, 12, 14, 19, 23, 24, 25, 28, 31, 34, 36, 37, 45, 50, 53, 55]",26,27,False
line,33,57,75,1,96.49122807017544,18,100.0,19,1,0.000735200010240078,"[0, 3, 6, 10, 12, 14, 19, 23, 24, 26, 31, 34, 36, 37, 45, 50, 52, 53, 55]",27,28,False
line,34,57,75,1,96.49122807017544,18,100.0,19,1,0.000775999971665442,"[0, 3, 5, 10, 12, 14, 19, 23, 25, 28, 29, 31, 34, 36, 37, 45, 50, 53, 55]",24,29,False
line,35,57,75,1,98.24561403508773,18,100.0,19,1,0.0007390999817289412,"[0, 3, 5, 10, 12, 14, 19, 23, 24, 25, 28, 31, 34, 36, 37, 45, 50, 53, 55]",29,30,False
line,36,57,75,1,96.49122807017544,18,100.0,19,1,0.0013584999833256006,"[0, 3, 5, 10, 12, 14, 19, 23, 25, 28, 29, 31, 34, 36, 37, 45, 50, 53, 55]",30,31,False
line,37,57,75,2,96.49122807017544,18,100.0,19,1,0.0009253000025637448,"[0, 3, 5, 10, 12, 14, 19, 23, 25, 28, 30, 32, 34, 36, 37, 45, 50, 53, 55]",31,32,False
line,38,57,75,1,98.24561403508773,18,100.0,19,1,0.0009601000347174704,"[0, 3, 5, 10, 12, 14, 19, 23, 24, 25, 28, 31, 34, 36, 37, 45, 50, 53, 55]",33,34,False
line,39,57,75,1,98.24561403508773,18,100.0,19,1,0.0009318999946117401,"[0, 3, 5, 10, 12, 14, 19, 23, 24, 25, 28, 31, 33, 36, 37, 45, 50, 53, 55]",34,35,False
line,40,57,75,1,98.24561403508773,18,100.0,19,1,0.0010527000413276255,"[0, 3, 5, 10, 12, 14, 19, 23, 24, 25, 28, 31, 34, 36, 37, 45, 50, 53, 55]",35,36,False
line,41,57,75,1,98.24561403508773,18,100.0,19,1,0.0007665999582968652,"[0, 3, 5, 10, 12, 18, 21, 23, 24, 25, 28, 31, 35, 36, 43, 46, 50, 53, 55]",36,37,False
line,42,57,75,1,96.49122807017544,18,100.0,19,1,0.0010590000310912728,"[0, 3, 5, 10, 12, 14, 19, 23, 24, 25, 28, 31, 34, 37, 38, 45, 50, 53, 55]",36,38,False
line,43,57,75,1,98.24561403508773,18,100.0,19,1,0.0008295000297948718,"[0, 3, 5, 10, 12, 14, 19, 23, 24, 25, 28, 31, 34, 36, 37, 45, 50, 53, 55]",35,39,False
line,44,57,75,1,96.49122807017544,18,100.0,19,1,0.0011947000166401267,"[0, 3, 5, 10, 12, 19, 20, 23, 24, 25, 28, 31, 33, 36, 43, 46, 50, 53, 55]",21,37,False
line,45,57,75,1,98.24561403508773,18,100.0,19,1,0.0007239999831654131,"[0, 3, 5, 10, 12, 14, 19, 23, 24, 25, 28, 31, 34, 36, 37, 45, 50, 53, 55]",40,41,False
line,46,57,76,1,98.24561403508773,18,100.0,19,1,0.000734600005671382,"[0, 3, 5, 10, 12, 14, 19, 23, 24, 25, 28, 31, 34, 36, 37, 45, 50, 53, 55]",40,42,False
line,47,57,75,1,96.49122807017544,18,100.0,19,1,0.0008831999730318785,"[0, 3, 5, 10, 12, 18, 21, 23, 24, 25, 28, 31, 35, 36, 43, 46, 50, 53, 55]",37,43,False
line,48,57,75,1,96.49122807017544,18,100.0,20,2,0.0009884999599307775,"[0, 3, 5, 10, 12, 13, 14, 19, 23, 24, 25, 28, 31, 34, 36, 37, 46, 50, 53, 55]",45,46,False
line,49,57,75,1,98.24561403508773,18,100.0,19,1,0.0007529999711550772,"[0, 3, 5, 10, 12, 14, 19, 23, 24, 25, 28, 31, 34, 36, 37, 45, 50, 53, 55]",46,47,False
line,50,57,75,1,98.24561403508773,18,100.0,19,1,0.0007236999808810651,"[0, 3, 5, 10, 12, 14, 19, 23, 24, 25, 28, 31, 34, 36, 37, 45, 50, 53, 55]",47,48,False
line,51,57,75,1,98.24561403508773,18,100.0,19,1,0.0007615000358782709,"[0, 3, 5, 10, 12, 14, 19, 23, 24, 25, 28, 31, 34, 36, 37, 45, 50, 53, 55]",48,49,False
line,52,57,75,1,96.49122807017544,18,100.0,20,2,0.000755899993237108,"[0, 3, 8, 9, 10, 12, 14, 19, 23, 24, 25, 28, 31, 34, 36, 37, 45, 48, 53, 55]",49,50,False
line,53,57,75,2,98.24561403508773,18,100.0,19,1,0.000994300004094839,"[0, 3, 6, 10, 12, 14, 19, 23, 24, 26, 31, 34, 36, 37, 45, 50, 52, 53, 55]",28,51,False
line,54,57,75,2,98.24561403508773,18,100.0,19,1,0.0007339000003412366,"[0, 3, 5, 10, 12, 14, 19, 23, 24, 25, 28, 31, 34, 36, 37, 45, 50, 53, 55]",51,52,False
line,55,57,75,2,96.49122807017544,18,100.0,20,2,0.0007581000099889934,"[0, 3, 5, 10, 12, 14, 19, 23, 24, 25, 28, 31, 34, 36, 37, 45, 50, 51, 53, 55]",52,53,False
line,56,57,75,2,98.24561403508773,18,100.0,20,2,0.0007640999974682927,"[0, 3, 5, 10, 12, 14, 19, 23, 24, 25, 28, 31, 34, 36, 37, 45, 50, 52, 54, 55]",53,54,False
line,57,57,75,1,98.24561403508773,18,100.0,19,1,0.0006945000495761633,"[0, 3, 5, 10, 12, 14, 19, 23, 24, 25, 28, 31, 34, 36, 37, 45, 50, 53, 55]",43,44,False
line,58,57,75,1,98.24561403508773,18,100.0,19,1,0.0007241999846883118,"[0, 3, 5, 10, 12, 14, 19, 23, 24, 25, 28, 31, 34, 36, 37, 45, 50, 53, 55]",55,40,False
line,59,57,75,1,96.49122807017544,18,100.0,20,2,0.0008338000043295324,"[0, 3, 5, 10, 12, 14, 19, 23, 24, 25, 28, 31, 34, 36, 37, 40, 45, 50, 53, 55]",55,41,False
line,60,57,75,1,96.49122807017544,18,100.0,19,1,0.0007325000478886068,"[0, 3, 5, 10, 12, 14, 19, 23, 24, 25, 28, 31, 34, 37, 38, 45, 50, 53, 55]",56,55,False
line,61,57,75,1,98.24561403508773,18,100.0,19,1,0.0007226000307127833,"[0, 3, 5, 10, 12, 14, 19, 23, 24, 25, 28, 31, 34, 36, 37, 45, 50, 53, 55]",37,48,False
line,62,57,75,1,96.49122807017544,18,100.0,19,1,0.0007910000276751816,"[0, 3, 5, 10, 12, 18, 21, 23, 24, 25, 28, 31, 35, 36, 43, 46, 50, 53, 55]",37,47,False
trafo,0,57,76,1,98.24561403508773,18,100.0,19,1,0.0007707999902777374,"[0, 3, 5, 10, 12, 14, 19, 23, 24, 25, 28, 31, 34, 36, 37, 45, 50, 53, 55]",17,3,False
trafo,1,57,76,1,98.24561403508773,18,100.0,19,1,0.0008716000011190772,"[0, 3, 5, 10, 12, 14, 19, 23, 24, 25, 28, 31, 34, 36, 37, 45, 50, 53, 55]",17,3,False
trafo,2,57,75,1,96.49122807017544,18,100.0,20,2,0.001062600000295788,"[0, 3, 5, 10, 12, 14, 18, 20, 23, 24, 25, 28, 31, 34, 36, 37, 45, 50, 53, 55]",19,20,False
trafo,3,57,76,1,98.24561403508773,18,100.0,19,1,0.0008120000129565597,"[0, 3, 5, 10, 12, 14, 19, 23, 24, 25, 28, 31, 34, 36, 37, 45, 50, 53, 55]",24,23,False
trafo,4,57,76,1,98.24561403508773,18,100.0,19,1,0.0007404999923892319,"[0, 3, 5, 10, 12, 14, 19, 23, 24, 25, 28, 31, 34, 36, 37, 45, 50, 53, 55]",24,23,False
trafo,5,57,75,1,98.24561403508773,18,100.0,19,1,0.0007274000090546906,"[0, 3, 5, 10, 12, 14, 19, 23, 24, 25, 28, 31, 34, 36, 37, 45, 50, 53, 55]",25,23,False
trafo,6,57,75,1,96.49122807017544,18,100.0,19,1,0.0007281999569386244,"[0, 3, 5, 10, 12, 14, 19, 23, 24, 27, 31, 34, 36, 37, 45, 50, 52, 53, 55]",28,6,False
trafo,7,57,75,1,98.24561403508773,18,100.0,19,1,0.0007592000183649361,"[0, 3, 5, 10, 12, 14, 19, 23, 25, 28, 30, 31, 34, 36, 37, 45, 50, 53, 55]",31,33,False
trafo,8,57,75,1,98.24561403508773,18,100.0,19,1,0.0007755999686196446,"[0, 3, 5, 10, 12, 14, 19, 23, 24, 25, 28, 31, 34, 36, 37, 45, 50, 53, 55]",40,10,False
trafo,9,57,75,1,96.49122807017544,18,100.0,19,1,0.0007961000083014369,"[0, 3, 5, 10, 12, 19, 23, 24, 25, 28, 31, 34, 36, 37, 43, 45, 50, 53, 55]",44,14,False
trafo,10,57,75,1,98.24561403508773,18,100.0,19,1,0.0009780999971553683,"[0, 3, 5, 10, 12, 14, 19, 23, 24, 25, 28, 31, 34, 36, 37, 45, 50, 53, 55]",45,13,False
trafo,11,57,75,1,98.24561403508773,18,100.0,19,1,0.0012335999635979533,"[0, 3, 8, 10, 12, 14, 19, 23, 24, 25, 28, 31, 34, 36, 37, 45, 49, 53, 55]",50,9,False
trafo,12,57,75,1,98.24561403508773,18,100.0,18,0,0.0007194000063464046,"[0, 3, 8, 10, 14, 19, 23, 24, 25, 28, 31, 34, 36, 37, 45, 49, 53, 55]",48,12,False
trafo,13,57,75,2,96.49122807017544,18,100.0,19,1,0.0007595000206492841,"[0, 3, 5, 12, 14, 19, 23, 24, 25, 28, 31, 34, 36, 37, 42, 45, 50, 53, 55]",42,10,False
trafo,14,57,75,1,96.49122807017544,18,100.0,19,1,0.0010248000035062432,"[0, 3, 5, 10, 12, 14, 19, 23, 24, 25, 28, 31, 35, 36, 37, 45, 50, 53, 55]",55,39,False
trafo,15,57,75,1,98.24561403508773,18,100.0,19,1,0.0010422999621368945,"[0, 3, 5, 10, 12, 14, 19, 23, 24, 25, 28, 31, 34, 36, 37, 45, 50, 53, 55]",56,38,False
trafo,16,57,76,1,98.24561403508773,18,100.0,19,1,0.0009865000029094517,"[0, 3, 5, 10, 12, 14, 19, 23, 24, 25, 28, 31, 34, 36, 37, 45, 50, 53, 55]",54,8,False
line,0,57,75,1,94.73684210526316,18,100.0,20,2,0.0008012999896891415,"[0, 1, 3, 8, 10, 14, 19, 20, 23, 25, 28, 29, 31, 34, 36, 37, 45, 49, 52, 55]",0,1,False
line,1,57,75,1,96.49122807017544,18,100.0,19,1,0.000750300008803606,"[0, 3, 8, 10, 14, 19, 20, 23, 25, 28, 29, 31, 34, 36, 37, 45, 49, 52, 55]",1,2,False
line,2,57,75,1,96.49122807017544,18,100.0,19,1,0.0012313000042922795,"[0, 3, 8, 10, 14, 19, 20, 23, 25, 28, 29, 31, 34, 36, 37, 45, 49, 52, 55]",2,3,False
line,3,57,75,1,94.73684210526316,18,100.0,20,2,0.0020332999993115664,"[0, 3, 4, 8, 10, 14, 19, 20, 23, 25, 28, 29, 31, 34, 36, 37, 45, 49, 52, 55]",3,4,False
line,4,57,75,1,94.73684210526316,18,100.0,20,2,0.0020117000094614923,"[0, 3, 4, 8, 10, 14, 19, 20, 23, 25, 28, 29, 31, 34, 36, 37, 45, 49, 52, 55]",3,5,False
line,5,57,75,1,96.49122807017544,18,100.0,19,1,0.0018350000027567148,"[0, 3, 8, 10, 14, 19, 20, 23, 25, 28, 29, 31, 34, 36, 37, 45, 49, 52, 55]",5,6,False
line,6,57,75,1,96.49122807017544,18,100.0,19,1,0.001741299987770617,"[0, 3, 8, 10, 14, 19, 20, 23, 25, 28, 29, 31, 34, 36, 37, 45, 49, 52, 55]",5,7,False
line,7,57,75,1,94.73684210526316,18,100.0,19,1,0.0024476999533362687,"[0, 3, 5, 10, 12, 19, 20, 23, 25, 28, 29, 31, 33, 36, 43, 46, 50, 53, 55]",7,8,False
line,8,57,75,1,94.73684210526316,18,100.0,19,1,0.0007504000095650554,"[0, 3, 5, 10, 12, 19, 20, 23, 25, 28, 29, 31, 33, 36, 43, 46, 50, 53, 55]",8,9,False
line,9,57,75,1,96.49122807017544,18,100.0,19,1,0.0007968999561853707,"[0, 3, 8, 10, 12, 19, 20, 23, 25, 28, 29, 31, 33, 36, 43, 46, 49, 52, 55]",8,10,False
line,10,57,75,1,94.73684210526316,18,100.0,19,1,0.0007865999941714108,"[0, 3, 8, 10, 12, 19, 20, 23, 25, 28, 29, 31, 33, 36, 43, 46, 49, 52, 55]",8,11,False
line,11,57,75,1,96.49122807017544,18,100.0,19,1,0.0007747000199742615,"[0, 3, 8, 10, 14, 19, 20, 23, 25, 28, 29, 31, 34, 36, 37, 45, 49, 52, 55]",8,12,False
line,12,57,75,1,96.49122807017544,18,100.0,19,1,0.002061899984255433,"[0, 3, 8, 10, 14, 19, 20, 23, 25, 28, 29, 31, 34, 36, 37, 45, 49, 52, 55]",12,13,False
line,13,57,75,1,96.49122807017544,18,100.0,19,1,0.0007668999605812132,"[0, 3, 8, 10, 14, 19, 20, 23, 25, 28, 29, 31, 34, 36, 37, 45, 49, 52, 55]",12,14,False
line,14,57,75,1,96.49122807017544,18,100.0,20,2,0.0018415999948047101,"[0, 3, 8, 10, 13, 14, 19, 20, 23, 25, 28, 29, 31, 34, 36, 37, 45, 49, 52, 55]",0,14,False
line,15,57,75,1,94.73684210526316,18,100.0,20,2,0.0008326999959535897,"[0, 3, 8, 10, 11, 14, 19, 20, 23, 25, 28, 29, 31, 34, 36, 37, 45, 49, 52, 55]",0,15,False
line,16,57,75,1,94.73684210526316,18,100.0,20,2,0.0012533999979496002,"[0, 3, 8, 10, 11, 14, 19, 20, 23, 25, 28, 29, 31, 34, 36, 37, 45, 49, 52, 55]",0,16,False
line,17,57,75,1,96.49122807017544,18,100.0,19,1,0.000735500012524426,"[0, 3, 8, 10, 14, 19, 20, 23, 25, 28, 29, 31, 34, 36, 37, 45, 49, 52, 55]",2,14,False
line,18,57,75,1,96.49122807017544,18,100.0,19,1,0.0010875000152736902,"[0, 3, 8, 10, 14, 19, 20, 23, 25, 28, 29, 31, 34, 36, 37, 45, 49, 52, 55]",4,5,False
line,19,57,75,1,96.49122807017544,18,100.0,19,1,0.0008602000307291746,"[0, 3, 8, 10, 14, 19, 20, 23, 25, 28, 29, 31, 34, 36, 37, 45, 49, 52, 55]",6,7,False
line,20,57,75,1,96.49122807017544,18,100.0,19,1,0.0007927999831736088,"[0, 3, 8, 10, 14, 19, 20, 23, 25, 28, 29, 31, 34, 36, 37, 45, 49, 52, 55]",9,11,False
line,21,57,75,1,96.49122807017544,18,100.0,19,1,0.0008724000072106719,"[0, 3, 8, 10, 14, 19, 20, 23, 25, 28, 29, 31, 34, 36, 37, 45, 49, 52, 55]",10,12,False
line,22,57,75,1,96.49122807017544,18,100.0,19,1,0.0007806000066921115,"[0, 3, 8, 10, 14, 19, 20, 23, 25, 28, 29, 31, 34, 36, 37, 45, 49, 52, 55]",11,12,False
line,23,57,75,1,96.49122807017544,18,100.0,19,1,0.0011473000049591064,"[0, 3, 8, 10, 14, 19, 20, 23, 25, 28, 29, 31, 34, 36, 37, 45, 49, 52, 55]",11,15,False
line,24,57,75,1,96.49122807017544,18,100.0,19,1,0.0007617000374011695,"[0, 3, 8, 10, 14, 19, 20, 23, 25, 28, 29, 31, 34, 36, 37, 45, 49, 52, 55]",11,16,False
line,25,57,75,1,96.49122807017544,18,100.0,19,1,0.0007552000461146235,"[0, 3, 8, 10, 14, 19, 20, 23, 25, 28, 29, 31, 34, 36, 37, 45, 49, 52, 55]",13,14,False
line,26,57,75,1,96.49122807017544,18,100.0,19,1,0.0007894000154919922,"[0, 3, 8, 10, 14, 19, 20, 23, 25, 28, 29, 31, 34, 36, 37, 45, 49, 52, 55]",17,18,False
line,27,57,75,1,94.73684210526316,18,100.0,19,1,0.0009264999534934759,"[0, 3, 8, 10, 14, 17, 20, 23, 25, 28, 29, 31, 34, 36, 37, 45, 49, 52, 55]",18,19,False
line,28,57,75,1,96.49122807017544,18,100.0,19,1,0.001762899977620691,"[0, 3, 8, 10, 14, 19, 21, 23, 25, 28, 29, 31, 34, 36, 37, 45, 49, 52, 55]",20,21,False
line,29,57,75,1,96.49122807017544,18,100.0,19,1,0.0007303999736905098,"[0, 3, 8, 10, 14, 19, 20, 23, 25, 28, 29, 31, 34, 36, 37, 45, 49, 52, 55]",21,22,False
line,30,57,75,1,94.73684210526316,18,100.0,19,1,0.0016528000123798847,"[0, 3, 8, 10, 14, 19, 21, 23, 25, 28, 29, 31, 34, 36, 37, 45, 49, 52, 55]",22,23,False
line,31,57,75,1,94.73684210526316,18,100.0,19,1,0.0012110000243410468,"[0, 3, 8, 10, 14, 19, 20, 23, 26, 28, 29, 31, 34, 36, 37, 45, 49, 52, 55]",25,26,False
line,32,57,75,1,96.49122807017544,18,100.0,19,1,0.0007143000257201493,"[0, 3, 8, 10, 14, 19, 20, 23, 25, 28, 29, 31, 34, 36, 37, 45, 49, 52, 55]",26,27,False
line,33,57,75,1,94.73684210526316,18,100.0,19,1,0.000764199998229742,"[0, 3, 8, 10, 14, 19, 20, 23, 26, 28, 29, 31, 34, 36, 37, 45, 49, 52, 55]",27,28,False
line,34,57,76,1,96.49122807017544,18,100.0,19,1,0.0015108000370673835,"[0, 3, 8, 10, 14, 19, 20, 23, 25, 28, 29, 31, 34, 36, 37, 45, 49, 52, 55]",24,29,False
line,35,57,75,2,96.49122807017544,18,100.0,19,1,0.0008608999778516591,"[0, 3, 8, 10, 14, 19, 20, 23, 25, 28, 29, 31, 34, 36, 37, 45, 49, 52, 55]",29,30,False
line,36,57,75,2,94.73684210526316,18,100.0,19,1,0.0007692999788559973,"[0, 3, 8, 10, 14, 19, 20, 23, 25, 28, 29, 31, 34, 36, 37, 45, 49, 52, 55]",30,31,False
line,37,57,75,2,94.73684210526316,18,100.0,19,1,0.0008211000240407884,"[0, 3, 8, 10, 14, 19, 20, 23, 25, 28, 30, 32, 34, 36, 37, 45, 49, 52, 55]",31,32,False
line,38,57,75,2,96.49122807017544,18,100.0,19,1,0.0007651000050827861,"[0, 3, 8, 10, 14, 19, 20, 23, 25, 28, 29, 31, 34, 36, 37, 45, 49, 52, 55]",33,34,False
line,39,57,75,2,96.49122807017544,18,100.0,19,1,0.0007317999843508005,"[0, 3, 8, 10, 14, 19, 20, 23, 25, 28, 29, 31, 33, 36, 37, 45, 49, 52, 55]",34,35,False
line,40,57,75,1,96.49122807017544,18,100.0,19,1,0.0008347000111825764,"[0, 3, 8, 10, 14, 19, 20, 23, 25, 28, 29, 31, 34, 36, 37, 45, 49, 52, 55]",35,36,False
line,41,57,75,1,96.49122807017544,18,100.0,19,1,0.0007729000062681735,"[0, 3, 8, 10, 14, 19, 20, 23, 25, 28, 29, 31, 35, 36, 37, 45, 49, 52, 55]",36,37,False
line,42,57,75,1,94.73684210526316,18,100.0,19,1,0.0007324999896809459,"[0, 3, 8, 10, 14, 19, 20, 23, 25, 28, 29, 31, 34, 37, 38, 45, 49, 52, 55]",36,38,False
line,43,57,75,1,96.49122807017544,18,100.0,19,1,0.0008716000011190772,"[0, 3, 8, 10, 14, 19, 20, 23, 25, 28, 29, 31, 34, 36, 37, 45, 49, 52, 55]",35,39,False
line,44,57,76,1,96.49122807017544,18,100.0,19,1,0.000851699966005981,"[0, 3, 8, 10, 14, 19, 20, 23, 25, 28, 29, 31, 34, 36, 37, 45, 49, 52, 55]",21,37,False
line,45,57,75,1,96.49122807017544,18,100.0,19,1,0.0008385999826714396,"[0, 3, 8, 10, 14, 19, 20, 23, 25, 28, 29, 31, 34, 36, 37, 45, 49, 52, 55]",40,41,False
line,46,57,75,1,96.49122807017544,18,100.0,19,1,0.0007589999586343765,"[0, 3, 8, 10, 14, 19, 20, 23, 25, 28, 29, 31, 34, 36, 37, 45, 49, 52, 55]",40,42,False
line,47,57,75,1,94.73684210526316,18,100.0,19,1,0.000699399970471859,"[0, 3, 8, 9, 10, 19, 20, 23, 25, 28, 29, 31, 33, 36, 43, 45, 48, 52, 55]",37,43,False
line,48,57,75,1,94.73684210526316,18,100.0,20,2,0.0008292000275105238,"[0, 3, 8, 10, 13, 14, 19, 20, 23, 25, 28, 29, 31, 34, 36, 37, 46, 49, 52, 55]",45,46,False
line,49,57,75,1,96.49122807017544,18,100.0,19,1,0.000728700018953532,"[0, 3, 8, 10, 14, 19, 20, 23, 25, 28, 29, 31, 34, 36, 37, 45, 49, 52, 55]",46,47,False
line,50,57,75,1,96.49122807017544,18,100.0,19,1,0.0016470999689772725,"[0, 3, 8, 10, 14, 19, 20, 23, 25, 28, 29, 31, 34, 36, 37, 45, 49, 52, 55]",47,48,False
line,51,57,75,1,96.49122807017544,18,100.0,19,1,0.001362500013783574,"[0, 3, 8, 10, 14, 19, 20, 23, 25, 28, 29, 31, 34, 36, 37, 45, 49, 52, 55]",48,49,False
line,52,57,75,1,94.73684210526316,18,100.0,20,2,0.0014616000116802752,"[0, 3, 8, 9, 10, 14, 19, 20, 23, 25, 28, 29, 31, 34, 36, 37, 45, 48, 52, 55]",49,50,False
line,53,57,75,1,96.49122807017544,18,100.0,19,1,0.0012339000240899622,"[0, 3, 5, 8, 10, 14, 19, 20, 23, 27, 29, 31, 34, 36, 37, 45, 49, 52, 55]",28,51,False
line,54,57,75,1,96.49122807017544,18,100.0,19,1,0.000749400001950562,"[0, 3, 8, 10, 14, 19, 20, 23, 25, 28, 29, 31, 34, 36, 37, 45, 49, 52, 55]",51,52,False
line,55,57,75,1,94.73684210526316,18,100.0,20,2,0.0008345000096596777,"[0, 3, 8, 10, 14, 19, 20, 23, 25, 28, 29, 31, 34, 36, 37, 45, 49, 51, 53, 55]",52,53,False
line,56,57,75,1,96.49122807017544,18,100.0,19,1,0.00073490000795573,"[0, 3, 8, 10, 14, 19, 20, 23, 25, 28, 29, 31, 34, 36, 37, 45, 49, 52, 55]",53,54,False
line,57,57,75,1,96.49122807017544,18,100.0,19,1,0.0007986999698914587,"[0, 3, 8, 10, 14, 19, 20, 23, 25, 28, 29, 31, 34, 36, 37, 45, 49, 52, 55]",43,44,False
line,58,57,75,1,96.49122807017544,18,100.0,19,1,0.0007633999921381474,"[0, 3, 8, 10, 14, 19, 20, 23, 25, 28, 29, 31, 34, 36, 37, 45, 49, 52, 55]",55,40,False
line,59,57,75,1,94.73684210526316,18,100.0,18,0,0.001041000010445714,"[0, 3, 8, 14, 19, 20, 23, 25, 28, 29, 31, 35, 37, 38, 40, 45, 49, 52]",55,41,False
line,60,57,75,1,94.73684210526316,18,100.0,18,0,0.0007897000177763402,"[0, 3, 8, 14, 19, 20, 23, 25, 28, 29, 31, 35, 37, 38, 40, 45, 49, 52]",56,55,False
line,61,57,75,1,96.49122807017544,18,100.0,19,1,0.0009034000104293227,"[0, 3, 8, 9, 10, 19, 20, 23, 25, 28, 29, 31, 33, 36, 43, 45, 48, 52, 55]",37,48,False
line,62,57,75,1,94.73684210526316,18,100.0,19,1,0.0007273000082932413,"[0, 3, 8, 9, 10, 19, 20, 23, 25, 28, 29, 31, 33, 36, 43, 45, 48, 52, 55]",37,47,False
trafo,0,57,75,1,94.73684210526316,18,100.0,19,1,0.0007650000043213367,"[0, 3, 8, 10, 14, 18, 20, 23, 25, 28, 29, 31, 34, 36, 37, 45, 49, 52, 55]",17,3,False
trafo,1,57,76,1,96.49122807017544,18,100.0,19,1,0.0007657000096514821,"[0, 3, 8, 10, 14, 19, 20, 23, 25, 28, 29, 31, 34, 36, 37, 45, 49, 52, 55]",17,3,False
trafo,2,57,75,1,94.73684210526316,18,100.0,19,1,0.0009067000355571508,"[0, 3, 8, 10, 14, 18, 20, 23, 25, 28, 29, 31, 34, 36, 37, 45, 49, 52, 55]",19,20,False
trafo,3,57,75,2,96.49122807017544,18,100.0,19,1,0.00117500004125759,"[0, 3, 8, 10, 14, 19, 22, 24, 25, 28, 29, 31, 34, 36, 37, 45, 49, 52, 55]",24,23,False
trafo,4,57,76,1,96.49122807017544,18,100.0,19,1,0.0007551999879069626,"[0, 3, 8, 10, 14, 19, 20, 23, 25, 28, 29, 31, 34, 36, 37, 45, 49, 52, 55]",24,23,False
trafo,5,57,75,1,96.49122807017544,18,100.0,19,1,0.0007302999729290605,"[0, 3, 8, 10, 14, 19, 22, 23, 25, 28, 29, 31, 34, 36, 37, 45, 49, 52, 55]",25,23,False
trafo,6,57,75,1,94.73684210526316,18,100.0,19,1,0.0008892999612726271,"[0, 3, 5, 8, 10, 14, 19, 20, 23, 27, 29, 31, 34, 36, 37, 45, 49, 52, 55]",28,6,False
trafo,7,57,75,2,96.49122807017544,18,100.0,19,1,0.0007627999875694513,"[0, 3, 8, 10, 14, 19, 20, 23, 25, 28, 30, 31, 34, 36, 37, 45, 49, 52, 55]",31,33,False
trafo,8,57,75,1,96.49122807017544,18,100.0,19,1,0.0008146999753080308,"[0, 3, 8, 10, 14, 19, 20, 23, 25, 28, 29, 31, 34, 36, 37, 45, 49, 52, 55]",40,10,False
trafo,9,57,75,1,94.73684210526316,18,100.0,19,1,0.0008088999893516302,"[0, 3, 8, 10, 19, 20, 23, 25, 28, 29, 31, 34, 36, 37, 43, 45, 49, 52, 55]",44,14,False
trafo,10,57,75,1,96.49122807017544,18,100.0,19,1,0.0007650000043213367,"[0, 3, 8, 10, 14, 19, 20, 23, 25, 28, 29, 31, 34, 36, 37, 45, 49, 52, 55]",45,13,False
trafo,11,57,75,1,96.49122807017544,18,100.0,19,1,0.0007316999835893512,"[0, 3, 8, 10, 14, 19, 20, 23, 25, 28, 29, 31, 34, 36, 37, 45, 49, 52, 55]",50,9,False
trafo,12,57,75,1,96.49122807017544,18,100.0,19,1,0.0012256000190973282,"[0, 3, 8, 10, 14, 19, 20, 23, 25, 28, 29, 31, 34, 36, 37, 45, 49, 52, 55]",48,12,False
trafo,13,57,75,1,94.73684210526316,18,100.0,19,1,0.0009306999854743481,"[0, 3, 8, 14, 19, 20, 23, 25, 28, 29, 31, 34, 36, 37, 40, 45, 49, 52, 55]",42,10,False
trafo,14,57,75,1,94.73684210526316,18,100.0,18,0,0.0007580000092275441,"[0, 3, 8, 14, 19, 20, 23, 25, 28, 29, 31, 35, 37, 38, 40, 45, 49, 52]",55,39,False
trafo,15,57,75,1,96.49122807017544,18,100.0,19,1,0.0012097000144422054,"[0, 3, 8, 10, 14, 19, 20, 23, 25, 28, 29, 31, 34, 36, 37, 45, 49, 52, 55]",56,38,False
trafo,16,57,75,1,94.73684210526316,18,100.0,19,1,0.0007673000218346715,"[0, 3, 5, 10, 12, 19, 20, 23, 25, 28, 29, 31, 33, 36, 43, 46, 50, 53, 55]",54,8,False
line,0,57,71,1,91.2280701754386,18,100.0,20,2,0.0007518000202253461,"[0, 1, 3, 5, 12, 19, 20, 23, 24, 25, 28, 31, 33, 36, 40, 43, 46, 50, 53, 55]",0,1,False
line,1,57,71,1,92.98245614035088,18,100.0,19,1,0.0009772999910637736,"[0, 3, 5, 12, 19, 20, 23, 24, 25, 28, 31, 33, 36, 40, 43, 46, 50, 53, 55]",1,2,False
line,2,57,71,1,92.98245614035088,18,100.0,19,1,0.0007182999979704618,"[0, 5, 12, 14, 18, 20, 23, 24, 27, 31, 33, 36, 37, 40, 46, 50, 52, 53, 55]",2,3,False
line,3,57,71,1,91.2280701754386,18,100.0,19,1,0.0007211000192910433,"[0, 5, 12, 14, 18, 20, 23, 24, 27, 31, 33, 36, 37, 40, 46, 50, 52, 53, 55]",3,4,False
line,4,57,71,1,91.2280701754386,18,100.0,19,1,0.0007224999717436731,"[0, 3, 6, 12, 19, 20, 23, 24, 26, 31, 33, 36, 40, 43, 46, 50, 52, 53, 55]",3,5,False
line,5,57,71,1,92.98245614035088,18,100.0,19,1,0.0007181999972090125,"[0, 3, 5, 12, 19, 20, 23, 24, 25, 28, 31, 33, 36, 40, 43, 46, 50, 53, 55]",5,6,False
line,6,57,71,1,92.98245614035088,18,100.0,19,1,0.0008435000199824572,"[0, 3, 6, 12, 19, 20, 23, 24, 25, 28, 31, 33, 36, 40, 43, 46, 50, 53, 55]",5,7,False
line,7,57,71,1,91.2280701754386,18,100.0,19,1,0.0007570000016130507,"[0, 3, 5, 12, 19, 20, 23, 24, 25, 28, 31, 33, 36, 40, 43, 46, 50, 53, 55]",7,8,False
line,8,57,72,1,92.98245614035088,18,100.0,19,1,0.0007421999471262097,"[0, 3, 5, 12, 19, 20, 23, 24, 25, 28, 31, 33, 36, 40, 43, 46, 50, 53, 55]",8,9,False
line,9,57,71,1,92.98245614035088,18,100.0,19,1,0.0007439999608322978,"[0, 3, 5, 12, 19, 20, 23, 24, 25, 28, 31, 33, 36, 40, 43, 46, 50, 53, 55]",8,10,False
line,10,57,71,1,91.2280701754386,18,100.0,19,1,0.0008994000381790102,"[0, 3, 5, 12, 19, 20, 23, 24, 25, 28, 31, 33, 36, 40, 43, 46, 50, 53, 55]",8,11,False
line,11,57,71,1,92.98245614035088,18,100.0,19,1,0.0007177999941632152,"[0, 3, 5, 11, 14, 19, 20, 23, 24, 25, 28, 31, 35, 37, 38, 40, 45, 49, 53]",8,12,False
line,12,57,71,1,92.98245614035088,18,100.0,19,1,0.0007306000334210694,"[0, 3, 5, 11, 14, 19, 20, 23, 24, 25, 28, 31, 35, 37, 38, 40, 45, 49, 53]",12,13,False
line,13,57,71,1,92.98245614035088,18,100.0,19,1,0.0011486000148579478,"[0, 3, 5, 11, 14, 19, 20, 23, 24, 25, 28, 31, 35, 37, 38, 40, 45, 49, 53]",12,14,False
line,14,57,72,1,92.98245614035088,18,100.0,19,1,0.0007997999782674015,"[0, 3, 5, 12, 19, 20, 23, 24, 25, 28, 31, 33, 36, 40, 43, 46, 50, 53, 55]",0,14,False
line,15,57,71,1,91.2280701754386,18,100.0,20,2,0.000742900010664016,"[0, 3, 5, 11, 12, 19, 20, 23, 24, 25, 28, 31, 33, 36, 40, 43, 46, 50, 53, 55]",0,15,False
line,16,57,71,1,91.2280701754386,18,100.0,20,2,0.0008623999892733991,"[0, 3, 5, 11, 12, 19, 20, 23, 24, 25, 28, 31, 33, 36, 40, 43, 46, 50, 53, 55]",0,16,False
line,17,57,71,1,92.98245614035088,18,100.0,19,1,0.0007179999956861138,"[0, 3, 5, 12, 19, 20, 23, 24, 25, 28, 31, 33, 36, 40, 43, 46, 50, 53, 55]",2,14,False
line,18,57,71,1,92.98245614035088,18,100.0,19,1,0.0007559999939985573,"[0, 3, 5, 12, 19, 20, 23, 24, 25, 28, 31, 33, 36, 40, 43, 46, 50, 53, 55]",4,5,False
line,19,57,71,1,92.98245614035088,18,100.0,19,1,0.0008043000125326216,"[0, 3, 5, 12, 19, 20, 23, 24, 25, 28, 31, 33, 36, 40, 43, 46, 50, 53, 55]",6,7,False
line,20,57,71,1,92.98245614035088,18,100.0,19,1,0.0007240999839268625,"[0, 3, 5, 12, 19, 20, 23, 24, 25, 28, 31, 33, 36, 40, 43, 46, 50, 53, 55]",9,11,False
line,21,57,71,1,92.98245614035088,18,100.0,19,1,0.0007236000383272767,"[0, 3, 5, 11, 14, 19, 20, 23, 24, 25, 28, 31, 35, 37, 38, 40, 45, 49, 53]",10,12,False
line,22,57,71,1,92.98245614035088,18,100.0,20,2,0.001316900015808642,"[0, 3, 5, 9, 12, 19, 20, 23, 24, 25, 28, 31, 33, 36, 40, 43, 46, 48, 53, 55]",11,12,False
line,23,57,71,1,92.98245614035088,18,100.0,19,1,0.0007203000131994486,"[0, 3, 5, 12, 19, 20, 23, 24, 25, 28, 31, 33, 36, 40, 43, 46, 50, 53, 55]",11,15,False
line,24,57,71,1,92.98245614035088,18,100.0,19,1,0.0007327999919652939,"[0, 3, 5, 12, 19, 20, 23, 24, 25, 28, 31, 33, 36, 40, 43, 46, 50, 53, 55]",11,16,False
line,25,57,71,1,91.2280701754386,18,100.0,19,1,0.0007454999722540379,"[0, 3, 5, 12, 19, 20, 23, 24, 25, 28, 31, 33, 36, 40, 43, 46, 50, 53, 55]",13,14,False
line,26,57,71,1,92.98245614035088,18,100.0,19,1,0.0007216999656520784,"[0, 3, 5, 12, 19, 20, 23, 24, 25, 28, 31, 33, 36, 40, 43, 46, 50, 53, 55]",17,18,False
line,27,57,71,1,91.2280701754386,18,100.0,19,1,0.0008307999814860523,"[0, 3, 5, 12, 17, 20, 23, 24, 25, 28, 31, 33, 36, 40, 43, 46, 50, 53, 55]",18,19,False
line,28,57,71,1,92.98245614035088,18,100.0,19,1,0.0008636999991722405,"[0, 3, 5, 12, 19, 21, 23, 24, 25, 28, 31, 33, 36, 40, 43, 46, 50, 53, 55]",20,21,False
line,29,57,71,1,92.98245614035088,18,100.0,19,1,0.0007153000333346426,"[0, 3, 5, 12, 19, 20, 23, 24, 25, 28, 31, 33, 36, 40, 43, 46, 50, 53, 55]",21,22,False
line,30,57,71,1,91.2280701754386,18,100.0,19,1,0.0009941999451257288,"[0, 3, 5, 12, 19, 21, 23, 24, 25, 28, 31, 33, 36, 40, 43, 46, 50, 53, 55]",22,23,False
line,31,57,71,1,91.2280701754386,18,100.0,19,1,0.0007203000131994486,"[0, 3, 5, 12, 19, 20, 23, 24, 26, 28, 31, 33, 36, 40, 43, 46, 50, 53, 55]",25,26,False
line,32,57,71,1,92.98245614035088,18,100.0,19,1,0.000727800012100488,"[0, 3, 5, 12, 19, 20, 23, 24, 25, 28, 31, 33, 36, 40, 43, 46, 50, 53, 55]",26,27,False
line,33,57,71,1,91.2280701754386,18,100.0,19,1,0.0009553999989293516,"[0, 3, 6, 12, 19, 20, 23, 24, 26, 31, 33, 36, 40, 43, 46, 50, 52, 53, 55]",27,28,False
line,34,57,71,1,91.2280701754386,18,100.0,19,1,0.0012599999899975955,"[0, 3, 5, 12, 19, 20, 23, 25, 28, 29, 31, 33, 36, 40, 43, 46, 50, 53, 55]",24,29,False
line,35,57,71,1,92.98245614035088,18,100.0,19,1,0.0014680000022053719,"[0, 3, 5, 12, 19, 20, 23, 24, 25, 28, 31, 33, 36, 40, 43, 46, 50, 53, 55]",29,30,False
line,36,57,71,1,91.2280701754386,18,100.0,19,1,0.0011285000364296138,"[0, 3, 5, 12, 19, 20, 23, 25, 28, 29, 31, 33, 36, 40, 43, 46, 50, 53, 55]",30,31,False
line,37,57,71,2,91.2280701754386,18,100.0,19,1,0.0007949999999254942,"[0, 3, 5, 12, 19, 20, 23, 25, 28, 30, 32, 33, 36, 40, 43, 46, 50, 53, 55]",31,32,False
line,38,57,71,1,92.98245614035088,18,100.0,19,1,0.000728100014384836,"[0, 3, 5, 12, 19, 20, 23, 24, 25, 28, 31, 34, 36, 40, 43, 46, 50, 53, 55]",33,34,False
line,39,57,71,1,92.98245614035088,18,100.0,19,1,0.000770999991800636,"[0, 3, 5, 12, 19, 20, 23, 24, 25, 28, 31, 33, 36, 40, 43, 46, 50, 53, 55]",34,35,False
line,40,57,71,1,92.98245614035088,18,100.0,20,2,0.0008187999483197927,"[0, 3, 5, 12, 14, 19, 20, 23, 24, 25, 28, 31, 34, 36, 37, 40, 45, 50, 53, 55]",35,36,False
line,41,57,71,1,92.98245614035088,18,100.0,20,2,0.000756800000090152,"[0, 3, 5, 12, 14, 19, 20, 23, 24, 25, 28, 31, 35, 36, 37, 40, 45, 50, 53, 55]",36,37,False
line,42,57,71,1,91.2280701754386,18,100.0,20,2,0.0007826000219210982,"[0, 3, 5, 12, 14, 19, 20, 23, 24, 25, 28, 31, 34, 37, 38, 40, 45, 50, 53, 55]",36,38,False
line,43,57,71,1,92.98245614035088,18,100.0,19,1,0.0007121000089682639,"[0, 3, 5, 12, 19, 20, 23, 24, 25, 28, 31, 33, 36, 40, 43, 46, 50, 53, 55]",35,39,False
line,44,57,72,1,92.98245614035088,18,100.0,19,1,0.0007269000052474439,"[0, 3, 5, 12, 19, 20, 23, 24, 25, 28, 31, 33, 36, 40, 43, 46, 50, 53, 55]",21,37,False
line,45,57,71,1,92.98245614035088,18,100.0,19,1,0.00087420002091676,"[0, 3, 5, 12, 19, 20, 23, 24, 25, 28, 31, 33, 36, 40, 43, 46, 50, 53, 55]",40,41,False
line,46,57,71,2,92.98245614035088,18,100.0,19,1,0.0007113000028766692,"[0, 3, 5, 12, 19, 20, 23, 24, 25, 28, 31, 33, 36, 42, 43, 46, 50, 53, 55]",40,42,False
line,47,57,71,1,91.2280701754386,18,100.0,19,1,0.000833400001283735,"[0, 3, 5, 12, 19, 20, 23, 24, 25, 28, 31, 33, 36, 40, 43, 46, 50, 53, 55]",37,43,False
line,48,57,71,2,91.2280701754386,18,100.0,21,3,0.0008465999853797257,"[0, 3, 5, 12, 14, 19, 20, 23, 24, 25, 28, 31, 33, 36, 37, 40, 45, 46, 50, 53, 55]",45,46,False
line,49,57,71,2,92.98245614035088,18,100.0,20,2,0.001653200015425682,"[0, 3, 5, 12, 14, 19, 20, 23, 24, 25, 28, 31, 33, 36, 37, 40, 45, 50, 53, 55]",46,47,False
line,50,57,71,1,92.98245614035088,18,100.0,19,1,0.0010989999864250422,"[0, 3, 5, 12, 19, 20, 23, 24, 25, 28, 31, 33, 36, 40, 43, 46, 50, 53, 55]",47,48,False
line,51,57,71,1,92.98245614035088,18,100.0,19,1,0.000754699984099716,"[0, 3, 5, 12, 19, 20, 23, 24, 25, 28, 31, 33, 36, 40, 43, 46, 50, 53, 55]",48,49,False
line,52,57,71,1,91.2280701754386,18,100.0,20,2,0.0007825000211596489,"[0, 3, 5, 9, 12, 19, 20, 23, 24, 25, 28, 31, 33, 36, 40, 43, 46, 48, 53, 55]",49,50,False
line,53,57,71,2,92.98245614035088,18,100.0,19,1,0.0008500000112690032,"[0, 3, 6, 12, 19, 20, 23, 24, 26, 31, 33, 36, 40, 43, 46, 50, 52, 53, 55]",28,51,False
line,54,57,71,2,92.98245614035088,18,100.0,19,1,0.0008318000473082066,"[0, 3, 5, 12, 19, 20, 23, 24, 25, 28, 31, 33, 36, 40, 43, 46, 50, 53, 55]",51,52,False
line,55,57,71,2,91.2280701754386,18,100.0,20,2,0.0007524000247940421,"[0, 3, 5, 12, 19, 20, 23, 24, 25, 28, 31, 33, 36, 40, 43, 46, 50, 51, 53, 55]",52,53,False
line,56,57,71,2,92.98245614035088,18,100.0,20,2,0.0008284999639727175,"[0, 3, 5, 12, 19, 20, 23, 24, 25, 28, 31, 33, 36, 40, 43, 46, 50, 52, 54, 55]",53,54,False
line,57,57,71,1,92.98245614035088,18,100.0,20,2,0.001562400022521615,"[0, 3, 5, 12, 14, 19, 20, 23, 24, 25, 28, 31, 33, 36, 37, 40, 46, 50, 53, 55]",43,44,False
line,58,57,71,1,92.98245614035088,18,100.0,19,1,0.0010395999997854233,"[0, 3, 5, 12, 14, 19, 20, 23, 24, 25, 28, 31, 35, 37, 40, 45, 50, 53, 56]",55,40,False
line,59,57,71,1,91.2280701754386,18,100.0,19,1,0.0010006999946199358,"[0, 3, 5, 12, 14, 19, 20, 23, 24, 25, 28, 31, 35, 37, 38, 40, 45, 50, 53]",55,41,False
line,60,57,71,1,91.2280701754386,18,100.0,19,1,0.0007737000123597682,"[0, 3, 5, 12, 14, 19, 20, 23, 24, 25, 28, 31, 35, 37, 38, 40, 45, 50, 53]",56,55,False
line,61,57,71,1,92.98245614035088,18,100.0,19,1,0.0007782999891787767,"[0, 3, 5, 12, 19, 20, 23, 24, 25, 28, 31, 33, 36, 40, 43, 46, 50, 53, 55]",37,48,False
line,62,57,71,1,91.2280701754386,18,100.0,19,1,0.0007579000084660947,"[0, 3, 5, 12, 19, 20, 23, 24, 25, 28, 31, 33, 36, 40, 43, 46, 50, 53, 55]",37,47,False
trafo,0,57,72,1,92.98245614035088,18,100.0,19,1,0.0007142000249586999,"[0, 3, 5, 12, 19, 20, 23, 24, 25, 28, 31, 33, 36, 40, 43, 46, 50, 53, 55]",17,3,False
trafo,1,57,72,1,92.98245614035088,18,100.0,19,1,0.00152009999146685,"[0, 3, 5, 12, 19, 20, 23, 24, 25, 28, 31, 33, 36, 40, 43, 46, 50, 53, 55]",17,3,False
trafo,2,57,71,1,91.2280701754386,18,100.0,19,1,0.0007168000447563827,"[0, 3, 5, 12, 18, 20, 23, 24, 25, 28, 31, 33, 36, 40, 43, 46, 50, 53, 55]",19,20,False
trafo,3,57,72,1,92.98245614035088,18,100.0,19,1,0.0007189000025391579,"[0, 3, 5, 12, 19, 20, 23, 24, 25, 28, 31, 33, 36, 40, 43, 46, 50, 53, 55]",24,23,False
trafo,4,57,72,1,92.98245614035088,18,100.0,19,1,0.0007529999711550772,"[0, 3, 5, 12, 19, 20, 23, 24, 25, 28, 31, 33, 36, 40, 43, 46, 50, 53, 55]",24,23,False
trafo,5,57,71,1,92.98245614035088,18,100.0,18,0,0.0011421000235714018,"[0, 3, 5, 12, 19, 22, 24, 25, 28, 31, 33, 36, 40, 43, 46, 50, 53, 55]",25,23,False
trafo,6,57,71,1,91.2280701754386,18,100.0,19,1,0.0011255000135861337,"[0, 3, 5, 12, 19, 20, 23, 24, 27, 31, 33, 36, 40, 43, 46, 50, 52, 53, 55]",28,6,False
trafo,7,57,71,1,92.98245614035088,18,100.0,19,1,0.0007204000139608979,"[0, 3, 5, 12, 19, 20, 23, 25, 28, 30, 31, 33, 36, 40, 43, 46, 50, 53, 55]",31,33,False
trafo,8,57,71,1,92.98245614035088,18,100.0,19,1,0.0009187000105157495,"[0, 3, 5, 12, 19, 20, 23, 24, 25, 28, 31, 33, 36, 40, 43, 46, 50, 53, 55]",40,10,False
trafo,9,57,71,1,91.2280701754386,18,100.0,19,1,0.0010851999977603555,"[0, 3, 5, 12, 19, 20, 23, 24, 25, 28, 31, 33, 36, 40, 43, 46, 50, 53, 55]",44,14,False
trafo,10,57,72,1,92.98245614035088,18,100.0,19,1,0.0007316999835893512,"[0, 3, 5, 12, 19, 20, 23, 24, 25, 28, 31, 33, 36, 40, 43, 46, 50, 53, 55]",45,13,False
trafo,11,57,71,1,92.98245614035088,18,100.0,20,2,0.0008516000234521925,"[0, 3, 5, 9, 12, 19, 20, 23, 24, 25, 28, 31, 33, 36, 40, 43, 46, 49, 53, 55]",50,9,False
trafo,12,57,71,1,92.98245614035088,18,100.0,19,1,0.000922099978197366,"[0, 3, 5, 11, 14, 19, 20, 23, 24, 25, 28, 31, 35, 37, 38, 40, 45, 49, 53]",48,12,False
trafo,13,57,72,1,92.98245614035088,18,100.0,19,1,0.0007517000194638968,"[0, 3, 5, 12, 19, 20, 23, 24, 25, 28, 31, 33, 36, 40, 43, 46, 50, 53, 55]",42,10,False
trafo,14,57,71,1,91.2280701754386,18,100.0,19,1,0.0007275000098161399,"[0, 3, 5, 12, 14, 19, 20, 23, 24, 25, 28, 31, 35, 37, 38, 40, 45, 50, 53]",55,39,False
trafo,15,57,71,1,92.98245614035088,18,100.0,19,1,0.0007175999926403165,"[0, 3, 5, 12, 19, 20, 23, 24, 25, 28, 31, 33, 36, 40, 43, 46, 50, 53, 55]",56,38,False
trafo,16,57,72,1,92.98245614035088,18,100.0,19,1,0.0007245999877341092,"[0, 3, 5, 12, 19, 20, 23, 24, 25, 28, 31, 33, 36, 40, 43, 46, 50, 53, 55]",54,8,False
line,0,57,76,1,98.24561403508773,18,100.0,20,2,0.0009171999990940094,"[0, 1, 3, 8, 10, 12, 14, 19, 23, 24, 25, 28, 31, 34, 36, 37, 45, 49, 52, 55]",0,1,False
line,1,57,76,1,100.0,18,100.0,19,1,0.0007350000087171793,"[0, 3, 8, 10, 12, 14, 19, 23, 24, 25, 28, 31, 34, 36, 37, 45, 49, 52, 55]",1,2,True
line,2,57,76,1,100.0,18,100.0,19,1,0.00076299998909235,"[0, 5, 8, 10, 12, 14, 18, 19, 23, 24, 27, 31, 34, 36, 37, 45, 50, 52, 55]",2,3,True
line,3,57,76,1,98.24561403508773,18,100.0,19,1,0.0007646000012755394,"[0, 5, 8, 10, 12, 14, 18, 19, 23, 24, 27, 31, 34, 36, 37, 45, 50, 52, 55]",3,4,False
line,4,57,76,1,98.24561403508773,18,100.0,19,1,0.0008035000064410269,"[0, 3, 6, 8, 10, 12, 14, 19, 23, 24, 26, 31, 34, 36, 37, 45, 50, 52, 55]",3,5,False
line,5,57,76,1,100.0,18,100.0,19,1,0.000997499970253557,"[0, 3, 8, 10, 12, 14, 19, 23, 24, 25, 28, 31, 34, 36, 37, 45, 49, 52, 55]",5,6,True
line,6,57,76,1,100.0,18,100.0,19,1,0.0007471999851986766,"[0, 3, 8, 10, 12, 14, 19, 23, 24, 25, 28, 31, 34, 36, 37, 45, 49, 52, 55]",5,7,True
line,7,57,76,1,98.24561403508773,18,100.0,19,1,0.0007298999698832631,"[0, 3, 5, 10, 12, 14, 19, 23, 24, 25, 28, 31, 34, 36, 37, 45, 50, 53, 55]",7,8,False
line,8,57,76,1,98.24561403508773,18,100.0,19,1,0.0007613999769091606,"[0, 3, 5, 10, 12, 14, 19, 23, 24, 25, 28, 31, 34, 36, 37, 45, 50, 53, 55]",8,9,False
line,9,57,77,1,100.0,18,100.0,19,1,0.0007882999489083886,"[0, 3, 8, 10, 12, 14, 19, 23, 24, 25, 28, 31, 34, 36, 37, 45, 49, 52, 55]",8,10,True
line,10,57,76,1,98.24561403508773,18,100.0,19,1,0.0007458999752998352,"[0, 3, 8, 10, 12, 14, 19, 23, 24, 25, 28, 31, 34, 36, 37, 45, 49, 52, 55]",8,11,False
line,11,57,76,1,100.0,18,100.0,18,0,0.000737000023946166,"[0, 3, 5, 11, 14, 19, 23, 24, 25, 28, 31, 35, 37, 38, 40, 45, 49, 53]",8,12,True
line,12,57,76,1,100.0,18,100.0,17,-1,0.0006787999882362783,"[0, 3, 8, 14, 19, 23, 24, 25, 28, 31, 35, 37, 38, 40, 45, 49, 52]",12,13,True
line,13,57,76,1,100.0,18,100.0,17,-1,0.0007223999709822237,"[0, 3, 8, 14, 19, 23, 24, 25, 28, 31, 35, 37, 38, 40, 45, 49, 52]",12,14,True
line,14,57,76,1,100.0,18,100.0,19,1,0.0008116000099107623,"[0, 3, 8, 10, 12, 14, 19, 23, 24, 25, 28, 31, 34, 36, 37, 45, 49, 52, 55]",0,14,True
line,15,57,76,1,98.24561403508773,18,100.0,20,2,0.0008162000449374318,"[0, 3, 8, 10, 11, 12, 14, 19, 23, 24, 25, 28, 31, 34, 36, 37, 45, 49, 52, 55]",0,15,False
line,16,57,76,1,98.24561403508773,18,100.0,20,2,0.0012499000295065343,"[0, 3, 8, 10, 11, 12, 14, 19, 23, 24, 25, 28, 31, 34, 36, 37, 45, 49, 52, 55]",0,16,False
line,17,57,76,1,100.0,18,100.0,19,1,0.0007264000014401972,"[0, 3, 8, 10, 12, 14, 19, 23, 24, 25, 28, 31, 34, 36, 37, 45, 49, 52, 55]",2,14,True
line,18,57,76,1,100.0,18,100.0,19,1,0.0008272999548353255,"[0, 3, 8, 10, 12, 14, 19, 23, 24, 25, 28, 31, 34, 36, 37, 45, 49, 52, 55]",4,5,True
line,19,57,76,1,100.0,18,100.0,19,1,0.0007519999635405838,"[0, 3, 8, 10, 12, 14, 19, 23, 24, 25, 28, 31, 34, 36, 37, 45, 49, 52, 55]",6,7,True
line,20,57,76,1,100.0,18,100.0,19,1,0.0010380999883636832,"[0, 3, 8, 10, 12, 14, 19, 23, 24, 25, 28, 31, 34, 36, 37, 45, 49, 52, 55]",9,11,True
line,21,57,76,1,100.0,18,100.0,17,-1,0.0009731000172905624,"[0, 3, 8, 14, 19, 23, 24, 25, 28, 31, 35, 37, 38, 40, 45, 49, 52]",10,12,True
line,22,57,76,1,100.0,18,100.0,17,-1,0.0010161000536754727,"[0, 3, 8, 14, 19, 23, 24, 25, 28, 31, 35, 37, 38, 40, 45, 49, 52]",11,12,True
line,23,57,76,1,100.0,18,100.0,19,1,0.0007735000108368695,"[0, 3, 8, 10, 12, 14, 19, 23, 24, 25, 28, 31, 34, 36, 37, 45, 49, 52, 55]",11,15,True
line,24,57,76,1,100.0,18,100.0,19,1,0.0007272000075317919,"[0, 3, 8, 10, 12, 14, 19, 23, 24, 25, 28, 31, 34, 36, 37, 45, 49, 52, 55]",11,16,True
line,25,57,76,1,100.0,18,100.0,19,1,0.0008650000090710819,"[0, 3, 8, 10, 12, 14, 19, 23, 24, 25, 28, 31, 34, 36, 37, 45, 49, 52, 55]",13,14,True
line,26,57,76,1,100.0,18,100.0,19,1,0.0016787999775260687,"[0, 3, 8, 10, 12, 14, 19, 23, 24, 25, 28, 31, 34, 36, 37, 45, 49, 52, 55]",17,18,True
line,27,57,76,1,98.24561403508773,18,100.0,20,2,0.0008090999908745289,"[0, 3, 8, 10, 12, 14, 17, 19, 23, 24, 25, 28, 31, 34, 36, 37, 45, 49, 52, 55]",18,19,False
line,28,57,76,1,100.0,18,100.0,19,1,0.0007878000033088028,"[0, 3, 8, 10, 12, 14, 19, 23, 24, 25, 28, 31, 34, 36, 37, 45, 49, 52, 55]",20,21,True
line,29,57,76,1,100.0,18,100.0,19,1,0.0007267000037245452,"[0, 3, 8, 10, 12, 14, 19, 23, 24, 25, 28, 31, 34, 36, 37, 45, 49, 52, 55]",21,22,True
line,30,57,76,1,98.24561403508773,18,100.0,20,2,0.0008687000372447073,"[0, 3, 8, 10, 12, 14, 19, 21, 23, 24, 25, 28, 31, 34, 36, 37, 45, 49, 52, 55]",22,23,False
line,31,57,76,1,98.24561403508773,18,100.0,19,1,0.0012058999855071306,"[0, 3, 8, 10, 12, 14, 19, 23, 24, 26, 28, 31, 34, 36, 37, 45, 49, 52, 55]",25,26,False
line,32,57,76,1,100.0,18,100.0,19,1,0.0007365000201389194,"[0, 3, 8, 10, 12, 14, 19, 23, 24, 25, 28, 31, 34, 36, 37, 45, 49, 52, 55]",26,27,True
line,33,57,76,1,98.24561403508773,18,100.0,19,1,0.0009552999981679022,"[0, 3, 6, 8, 10, 12, 14, 19, 23, 24, 26, 31, 34, 36, 37, 45, 50, 52, 55]",27,28,False
line,34,57,76,1,98.24561403508773,18,100.0,19,1,0.0007441999623551965,"[0, 3, 8, 10, 12, 14, 19, 23, 25, 28, 29, 31, 34, 36, 37, 45, 49, 52, 55]",24,29,False
line,35,57,76,1,100.0,18,100.0,19,1,0.0008679000311531126,"[0, 3, 8, 10, 12, 14, 19, 23, 24, 25, 28, 31, 34, 36, 37, 45, 49, 52, 55]",29,30,True
line,36,57,76,1,98.24561403508773,18,100.0,19,1,0.0008536999812349677,"[0, 3, 8, 10, 12, 14, 19, 23, 25, 28, 29, 31, 34, 36, 37, 45, 49, 52, 55]",30,31,False
line,37,57,76,2,98.24561403508773,18,100.0,19,1,0.0007542000385001302,"[0, 3, 8, 10, 12, 14, 19, 23, 25, 28, 30, 32, 34, 36, 37, 45, 49, 52, 55]",31,32,False
line,38,57,76,1,100.0,18,100.0,19,1,0.0008390999864786863,"[0, 3, 8, 10, 12, 14, 19, 23, 24, 25, 28, 31, 34, 36, 37, 45, 49, 52, 55]",33,34,True
line,39,57,76,1,100.0,18,100.0,19,1,0.0010112999589182436,"[0, 3, 8, 10, 12, 14, 19, 23, 24, 25, 28, 31, 33, 36, 37, 45, 49, 52, 55]",34,35,True
line,40,57,76,1,100.0,18,100.0,19,1,0.0007335999980568886,"[0, 3, 8, 10, 12, 14, 19, 23, 24, 25, 28, 31, 34, 36, 37, 45, 49, 52, 55]",35,36,True
line,41,57,76,1,100.0,18,100.0,19,1,0.0008766999817453325,"[0, 3, 8, 10, 12, 18, 21, 23, 24, 25, 28, 31, 35, 36, 43, 46, 49, 52, 55]",36,37,True
line,42,57,76,1,98.24561403508773,18,100.0,19,1,0.0015808999887667596,"[0, 3, 8, 10, 12, 14, 19, 23, 24, 25, 28, 31, 34, 37, 38, 45, 49, 52, 55]",36,38,False
line,43,57,76,1,100.0,18,100.0,19,1,0.0007998999790288508,"[0, 3, 8, 10, 12, 14, 19, 23, 24, 25, 28, 31, 34, 36, 37, 45, 49, 52, 55]",35,39,True
line,44,57,76,1,98.24561403508773,18,100.0,19,1,0.0007309000357054174,"[0, 3, 8, 10, 12, 19, 20, 23, 24, 25, 28, 31, 33, 36, 43, 46, 49, 52, 55]",21,37,False
line,45,57,76,1,100.0,18,100.0,19,1,0.0007527999696321785,"[0, 3, 8, 10, 12, 14, 19, 23, 24, 25, 28, 31, 34, 36, 37, 45, 49, 52, 55]",40,41,True
line,46,57,76,1,100.0,18,100.0,19,1,0.0008998999837785959,"[0, 3, 8, 10, 12, 14, 19, 23, 24, 25, 28, 31, 34, 36, 37, 45, 49, 52, 55]",40,42,True
line,47,57,76,1,98.24561403508773,18,100.0,19,1,0.000768599973525852,"[0, 3, 8, 10, 12, 18, 21, 23, 24, 25, 28, 31, 35, 36, 43, 46, 49, 52, 55]",37,43,False
line,48,57,76,1,98.24561403508773,18,100.0,20,2,0.000839899992570281,"[0, 3, 8, 10, 12, 13, 14, 19, 23, 24, 25, 28, 31, 34, 36, 37, 46, 49, 52, 55]",45,46,False
line,49,57,76,1,100.0,18,100.0,19,1,0.0008531000348739326,"[0, 3, 8, 10, 12, 14, 19, 23, 24, 25, 28, 31, 34, 36, 37, 45, 49, 52, 55]",46,47,True
line,50,57,76,1,100.0,18,100.0,19,1,0.0007324000471271574,"[0, 3, 8, 10, 12, 14, 19, 23, 24, 25, 28, 31, 34, 36, 37, 45, 49, 52, 55]",47,48,True
line,51,57,76,1,100.0,18,100.0,19,1,0.0010370999807491899,"[0, 3, 8, 10, 12, 14, 19, 23, 24, 25, 28, 31, 34, 36, 37, 45, 49, 52, 55]",48,49,True
line,52,57,76,1,98.24561403508773,18,100.0,20,2,0.0007656000088900328,"[0, 3, 8, 9, 10, 12, 14, 19, 23, 24, 25, 28, 31, 34, 36, 37, 45, 48, 52, 55]",49,50,False
line,53,57,76,1,100.0,18,100.0,19,1,0.0007363000186160207,"[0, 3, 6, 8, 10, 12, 14, 19, 23, 24, 26, 31, 34, 36, 37, 45, 50, 52, 55]",28,51,True
line,54,57,76,1,100.0,18,100.0,19,1,0.0008174999966286123,"[0, 3, 8, 10, 12, 14, 19, 23, 24, 25, 28, 31, 34, 36, 37, 45, 49, 52, 55]",51,52,True
line,55,57,76,1,98.24561403508773,18,100.0,20,2,0.0014427999849431217,"[0, 3, 8, 10, 12, 14, 19, 23, 24, 25, 28, 31, 34, 36, 37, 45, 49, 51, 53, 55]",52,53,False
line,56,57,76,1,100.0,18,100.0,19,1,0.0008062999695539474,"[0, 3, 8, 10, 12, 14, 19, 23, 24, 25, 28, 31, 34, 36, 37, 45, 49, 52, 55]",53,54,True
line,57,57,76,1,100.0,18,100.0,19,1,0.0009148999815806746,"[0, 3, 8, 10, 12, 14, 19, 23, 24, 25, 28, 31, 34, 36, 37, 45, 49, 52, 55]",43,44,True
line,58,57,76,1,100.0,18,100.0,19,1,0.0009640000062063336,"[0, 3, 8, 10, 12, 14, 19, 23, 24, 25, 28, 31, 34, 36, 37, 45, 49, 52, 55]",55,40,True
line,59,57,76,1,98.24561403508773,18,100.0,18,0,0.000737000023946166,"[0, 3, 8, 12, 14, 19, 23, 24, 25, 28, 31, 35, 37, 38, 40, 45, 49, 52]",55,41,False
line,60,57,76,1,98.24561403508773,18,100.0,18,0,0.0007047000108286738,"[0, 3, 8, 12, 14, 19, 23, 24, 25, 28, 31, 35, 37, 38, 40, 45, 49, 52]",56,55,False
line,61,57,76,1,100.0,18,100.0,19,1,0.0008058000239543617,"[0, 3, 8, 10, 12, 14, 19, 23, 24, 25, 28, 31, 34, 36, 37, 45, 49, 52, 55]",37,48,True
line,62,57,76,1,98.24561403508773,18,100.0,19,1,0.0007341000018641353,"[0, 3, 8, 10, 12, 18, 21, 23, 24, 25, 28, 31, 35, 36, 43, 46, 49, 52, 55]",37,47,False
trafo,0,57,76,1,98.24561403508773,18,100.0,19,1,0.0007280000136233866,"[0, 5, 8, 10, 12, 14, 18, 19, 23, 24, 27, 31, 34, 36, 37, 45, 50, 52, 55]",17,3,False
trafo,1,57,77,1,100.0,18,100.0,19,1,0.0016276000533252954,"[0, 3, 8, 10, 12, 14, 19, 23, 24, 25, 28, 31, 34, 36, 37, 45, 49, 52, 55]",17,3,True
trafo,2,57,76,1,98.24561403508773,18,100.0,20,2,0.0017500999965704978,"[0, 3, 8, 10, 12, 14, 18, 20, 23, 24, 25, 28, 31, 34, 36, 37, 45, 49, 52, 55]",19,20,False
trafo,3,57,77,1,100.0,18,100.0,19,1,0.0009955000132322311,"[0, 3, 8, 10, 12, 14, 19, 23, 24, 25, 28, 31, 34, 36, 37, 45, 49, 52, 55]",24,23,True
trafo,4,57,77,1,100.0,18,100.0,19,1,0.0007683000294491649,"[0, 3, 8, 10, 12, 14, 19, 23, 24, 25, 28, 31, 34, 36, 37, 45, 49, 52, 55]",24,23,True
trafo,5,57,76,1,100.0,18,100.0,19,1,0.0007329999934881926,"[0, 3, 8, 10, 12, 14, 19, 23, 24, 25, 28, 31, 34, 36, 37, 45, 49, 52, 55]",25,23,True
trafo,6,57,76,1,98.24561403508773,18,100.0,19,1,0.0007307000341825187,"[0, 3, 5, 8, 10, 12, 14, 19, 23, 24, 27, 31, 34, 36, 37, 45, 49, 52, 55]",28,6,False
trafo,7,57,76,1,100.0,18,100.0,19,1,0.0008084999863058329,"[0, 3, 8, 10, 12, 14, 19, 23, 25, 28, 30, 31, 34, 36, 37, 45, 49, 52, 55]",31,33,True
trafo,8,57,76,1,100.0,18,100.0,19,1,0.000750300008803606,"[0, 3, 8, 10, 12, 14, 19, 23, 24, 25, 28, 31, 34, 36, 37, 45, 49, 52, 55]",40,10,True
trafo,9,57,76,1,98.24561403508773,18,100.0,19,1,0.0011092000058852136,"[0, 3, 8, 10, 12, 19, 23, 24, 25, 28, 31, 34, 36, 37, 43, 45, 49, 52, 55]",44,14,False
trafo,10,57,76,1,100.0,18,100.0,19,1,0.000880400009918958,"[0, 3, 8, 10, 12, 14, 19, 23, 24, 25, 28, 31, 34, 36, 37, 45, 49, 52, 55]",45,13,True
trafo,11,57,76,1,100.0,18,100.0,19,1,0.0008827999699860811,"[0, 3, 8, 10, 12, 14, 19, 23, 24, 25, 28, 31, 34, 36, 37, 45, 49, 52, 55]",50,9,True
trafo,12,57,76,1,100.0,18,100.0,17,-1,0.0006899000145494938,"[0, 3, 8, 14, 19, 23, 24, 25, 28, 31, 35, 37, 38, 40, 45, 49, 52]",48,12,True
trafo,13,57,76,1,98.24561403508773,18,100.0,19,1,0.0007311000372283161,"[0, 3, 8, 12, 14, 19, 23, 24, 25, 28, 31, 34, 36, 37, 40, 45, 49, 52, 55]",42,10,False
trafo,14,57,76,1,98.24561403508773,18,100.0,18,0,0.0007008000393398106,"[0, 3, 8, 12, 14, 19, 23, 24, 25, 28, 31, 35, 37, 38, 40, 45, 49, 52]",55,39,False
trafo,15,57,76,1,100.0,18,100.0,19,1,0.00076299998909235,"[0, 3, 8, 10, 12, 14, 19, 23, 24, 25, 28, 31, 34, 36, 37, 45, 49, 52, 55]",56,38,True
trafo,16,57,76,1,98.24561403508773,18,100.0,19,1,0.001059599977452308,"[0, 3, 5, 10, 12, 14, 19, 23, 24, 25, 28, 31, 34, 36, 37, 45, 50, 53, 55]",54,8,False
line,0,57,75,1,98.24561403508773,18,100.0,19,1,0.0007958000060170889,"[0, 1, 3, 8, 10, 14, 19, 23, 24, 25, 28, 31, 33, 36, 37, 45, 49, 52, 55]",0,1,False
line,1,57,75,1,100.0,18,100.0,18,0,0.0006992999697104096,"[0, 3, 8, 10, 14, 19, 23, 24, 25, 28, 31, 33, 36, 37, 45, 49, 52, 55]",1,2,True
line,2,57,75,1,100.0,18,100.0,18,0,0.0007239999831654131,"[0, 3, 8, 10, 14, 19, 23, 24, 25, 28, 31, 33, 36, 37, 45, 49, 52, 55]",2,3,True
line,3,57,75,1,98.24561403508773,18,100.0,19,1,0.0007350000087171793,"[0, 3, 4, 8, 10, 14, 19, 23, 24, 25, 28, 31, 33, 36, 37, 45, 49, 52, 55]",3,4,False
line,4,57,75,1,98.24561403508773,18,100.0,19,1,0.0008729000110179186,"[0, 3, 4, 8, 10, 14, 19, 23, 24, 25, 28, 31, 33, 36, 37, 45, 49, 52, 55]",3,5,False
line,5,57,75,1,100.0,18,100.0,18,0,0.0011812999728135765,"[0, 3, 8, 10, 14, 19, 23, 24, 25, 28, 31, 33, 36, 37, 45, 49, 52, 55]",5,6,True
line,6,57,75,1,100.0,18,100.0,18,0,0.0006995000294409692,"[0, 3, 8, 10, 14, 19, 23, 24, 25, 28, 31, 33, 36, 37, 45, 49, 52, 55]",5,7,True
line,7,57,75,1,98.24561403508773,18,100.0,19,1,0.0012005000025965273,"[0, 3, 5, 10, 12, 14, 19, 23, 24, 25, 28, 31, 33, 36, 37, 45, 50, 53, 55]",7,8,False
line,8,57,75,1,98.24561403508773,18,100.0,19,1,0.0009493000106886029,"[0, 3, 5, 10, 12, 14, 19, 23, 24, 25, 28, 31, 33, 36, 37, 45, 50, 53, 55]",8,9,False
line,9,57,75,1,100.0,18,100.0,19,1,0.0010151999886147678,"[0, 3, 8, 10, 12, 14, 19, 23, 24, 25, 28, 31, 33, 36, 37, 45, 49, 52, 55]",8,10,True
line,10,57,75,1,98.24561403508773,18,100.0,19,1,0.0008968000183813274,"[0, 3, 8, 10, 12, 14, 19, 23, 24, 25, 28, 31, 33, 36, 37, 45, 49, 52, 55]",8,11,False
line,11,57,75,1,100.0,18,100.0,18,0,0.0007356000132858753,"[0, 3, 8, 10, 14, 19, 23, 24, 25, 28, 31, 33, 36, 37, 45, 49, 52, 55]",8,12,True
line,12,57,75,1,100.0,18,100.0,18,0,0.0011561999563127756,"[0, 3, 8, 10, 14, 19, 23, 24, 25, 28, 31, 33, 36, 37, 45, 49, 52, 55]",12,13,True
line,13,57,75,1,100.0,18,100.0,18,0,0.0006966000073589385,"[0, 3, 8, 10, 14, 19, 23, 24, 25, 28, 31, 33, 36, 37, 45, 49, 52, 55]",12,14,True
line,14,57,75,1,100.0,18,100.0,19,1,0.001199800055474043,"[0, 3, 8, 10, 13, 14, 19, 23, 24, 25, 28, 31, 33, 36, 37, 45, 49, 52, 55]",0,14,True
line,15,57,75,1,98.24561403508773,18,100.0,19,1,0.0008006999851204455,"[0, 3, 8, 10, 11, 14, 19, 23, 24, 25, 28, 31, 33, 36, 37, 45, 49, 52, 55]",0,15,False
line,16,57,75,1,98.24561403508773,18,100.0,19,1,0.001083899987861514,"[0, 3, 8, 10, 11, 14, 19, 23, 24, 25, 28, 31, 33, 36, 37, 45, 49, 52, 55]",0,16,False
line,17,57,75,1,100.0,18,100.0,18,0,0.0011408000136725605,"[0, 3, 8, 10, 14, 19, 23, 24, 25, 28, 31, 33, 36, 37, 45, 49, 52, 55]",2,14,True
line,18,57,75,1,100.0,18,100.0,18,0,0.0006864999886602163,"[0, 3, 8, 10, 14, 19, 23, 24, 25, 28, 31, 33, 36, 37, 45, 49, 52, 55]",4,5,True
line,19,57,75,1,100.0,18,100.0,18,0,0.0007370999664999545,"[0, 3, 8, 10, 14, 19, 23, 24, 25, 28, 31, 33, 36, 37, 45, 49, 52, 55]",6,7,True
line,20,57,75,1,100.0,18,100.0,18,0,0.0007103999960236251,"[0, 3, 8, 10, 14, 19, 23, 24, 25, 28, 31, 33, 36, 37, 45, 49, 52, 55]",9,11,True
line,21,57,75,1,100.0,18,100.0,18,0,0.0009763000416569412,"[0, 3, 8, 10, 14, 19, 23, 24, 25, 28, 31, 33, 36, 37, 45, 49, 52, 55]",10,12,True
line,22,57,75,1,100.0,18,100.0,18,0,0.000708600040525198,"[0, 3, 8, 10, 14, 19, 23, 24, 25, 28, 31, 33, 36, 37, 45, 49, 52, 55]",11,12,True
line,23,57,75,1,100.0,18,100.0,18,0,0.0007202000124379992,"[0, 3, 8, 10, 14, 19, 23, 24, 25, 28, 31, 33, 36, 37, 45, 49, 52, 55]",11,15,True
line,24,57,75,1,100.0,18,100.0,18,0,0.0014644000330008566,"[0, 3, 8, 10, 14, 19, 23, 24, 25, 28, 31, 33, 36, 37, 45, 49, 52, 55]",11,16,True
line,25,57,75,1,100.0,18,100.0,18,0,0.001063500007148832,"[0, 3, 8, 10, 14, 19, 23, 24, 25, 28, 31, 33, 36, 37, 45, 49, 52, 55]",13,14,True
line,26,57,75,1,100.0,18,100.0,18,0,0.0023523999843746424,"[0, 3, 8, 10, 14, 19, 23, 24, 25, 28, 31, 33, 36, 37, 45, 49, 52, 55]",17,18,True
line,27,57,75,1,98.24561403508773,18,100.0,19,1,0.0010435999720357358,"[0, 3, 8, 10, 14, 17, 19, 23, 24, 25, 28, 31, 33, 36, 37, 45, 49, 52, 55]",18,19,False
line,28,57,75,1,100.0,18,100.0,18,0,0.002064500004053116,"[0, 3, 8, 10, 14, 19, 23, 24, 25, 28, 31, 33, 36, 37, 45, 49, 52, 55]",20,21,True
line,29,57,75,1,100.0,18,100.0,18,0,0.0007055000169202685,"[0, 3, 8, 10, 14, 19, 23, 24, 25, 28, 31, 33, 36, 37, 45, 49, 52, 55]",21,22,True
line,30,57,75,1,98.24561403508773,18,100.0,19,1,0.0010248000035062432,"[0, 3, 8, 10, 14, 19, 21, 23, 24, 25, 28, 31, 33, 36, 37, 45, 49, 52, 55]",22,23,False
line,31,57,75,1,98.24561403508773,18,100.0,18,0,0.0007075000321492553,"[0, 3, 8, 10, 14, 19, 23, 24, 26, 28, 31, 33, 36, 37, 45, 49, 52, 55]",25,26,False
line,32,57,75,1,100.0,18,100.0,18,0,0.000720699958037585,"[0, 3, 8, 10, 14, 19, 23, 24, 25, 28, 31, 33, 36, 37, 45, 49, 52, 55]",26,27,True
line,33,57,75,1,98.24561403508773,18,100.0,18,0,0.001821699959691614,"[0, 3, 8, 10, 14, 19, 23, 24, 26, 28, 31, 33, 36, 37, 45, 49, 52, 55]",27,28,False
line,34,57,75,2,98.24561403508773,18,100.0,18,0,0.0007421000045724213,"[0, 3, 8, 10, 14, 19, 23, 25, 28, 29, 31, 33, 36, 37, 45, 49, 52, 55]",24,29,False
line,35,57,75,2,100.0,18,100.0,18,0,0.0010198000236414373,"[0, 3, 8, 10, 14, 19, 23, 24, 25, 28, 31, 33, 36, 37, 45, 49, 52, 55]",29,30,True
line,36,57,75,2,98.24561403508773,18,100.0,18,0,0.0006996000302024186,"[0, 3, 8, 10, 14, 19, 23, 25, 28, 29, 31, 33, 36, 37, 45, 49, 52, 55]",30,31,False
line,37,57,75,2,98.24561403508773,18,100.0,18,0,0.0007384999771602452,"[0, 3, 8, 10, 14, 19, 23, 25, 28, 30, 32, 33, 36, 37, 45, 49, 52, 55]",31,32,False
line,38,57,75,2,100.0,18,100.0,18,0,0.0008165999897755682,"[0, 3, 8, 10, 14, 19, 23, 24, 25, 28, 31, 34, 36, 37, 45, 49, 52, 55]",33,34,True
line,39,57,76,1,100.0,18,100.0,18,0,0.0007361999596469104,"[0, 3, 8, 10, 14, 19, 23, 24, 25, 28, 31, 33, 36, 37, 45, 49, 52, 55]",34,35,True
line,40,57,75,1,98.24561403508773,18,100.0,19,1,0.000727800012100488,"[0, 3, 8, 10, 14, 19, 23, 24, 25, 28, 31, 33, 35, 36, 37, 45, 49, 52, 55]",35,36,False
line,41,57,75,1,100.0,18,100.0,18,0,0.0007335999980568886,"[0, 3, 8, 10, 14, 19, 23, 24, 25, 28, 31, 33, 36, 37, 45, 49, 52, 55]",36,37,True
line,42,57,75,2,98.24561403508773,18,100.0,19,1,0.0007649000035598874,"[0, 3, 8, 10, 14, 19, 23, 24, 25, 28, 31, 33, 35, 37, 38, 45, 49, 52, 55]",36,38,False
line,43,57,75,1,100.0,18,100.0,18,0,0.0009315999923273921,"[0, 3, 8, 10, 14, 19, 23, 24, 25, 28, 31, 33, 36, 37, 45, 49, 52, 55]",35,39,True
line,44,57,75,1,98.24561403508773,18,100.0,19,1,0.0010086999973282218,"[0, 3, 8, 10, 14, 19, 20, 23, 24, 25, 28, 31, 33, 36, 37, 45, 49, 52, 55]",21,37,False
line,45,57,75,1,100.0,18,100.0,18,0,0.0006978000164963305,"[0, 3, 8, 10, 14, 19, 23, 24, 25, 28, 31, 33, 36, 37, 45, 49, 52, 55]",40,41,True
line,46,57,75,1,100.0,18,100.0,18,0,0.001147200004197657,"[0, 3, 8, 10, 14, 19, 23, 24, 25, 28, 31, 33, 36, 37, 45, 49, 52, 55]",40,42,True
line,47,57,75,1,98.24561403508773,18,100.0,18,0,0.0008240999886766076,"[0, 3, 8, 10, 19, 23, 24, 25, 28, 31, 33, 36, 37, 43, 45, 49, 52, 55]",37,43,False
line,48,57,75,1,98.24561403508773,18,100.0,19,1,0.0013478999608196318,"[0, 3, 8, 10, 13, 14, 19, 23, 24, 25, 28, 31, 33, 36, 37, 46, 49, 52, 55]",45,46,False
line,49,57,75,1,100.0,18,100.0,18,0,0.0011457999935373664,"[0, 3, 8, 10, 14, 19, 23, 24, 25, 28, 31, 33, 36, 37, 45, 49, 52, 55]",46,47,True
line,50,57,75,1,100.0,18,100.0,18,0,0.0009552999981679022,"[0, 3, 8, 10, 14, 19, 23, 24, 25, 28, 31, 33, 36, 37, 45, 49, 52, 55]",47,48,True
line,51,57,75,1,100.0,18,100.0,18,0,0.0007007999811321497,"[0, 3, 8, 10, 14, 19, 23, 24, 25, 28, 31, 33, 36, 37, 45, 49, 52, 55]",48,49,True
line,52,57,75,1,98.24561403508773,18,100.0,19,1,0.0007337999995797873,"[0, 3, 8, 9, 10, 14, 19, 23, 24, 25, 28, 31, 33, 36, 37, 45, 48, 52, 55]",49,50,False
line,53,57,75,1,100.0,18,100.0,18,0,0.0007715999963693321,"[0, 3, 5, 8, 10, 14, 19, 23, 24, 27, 31, 33, 36, 37, 45, 49, 52, 55]",28,51,True
line,54,57,75,1,100.0,18,100.0,18,0,0.0007111000013537705,"[0, 3, 8, 10, 14, 19, 23, 24, 25, 28, 31, 33, 36, 37, 45, 49, 52, 55]",51,52,True
line,55,57,75,1,98.24561403508773,18,100.0,19,1,0.0011433000327087939,"[0, 3, 8, 10, 14, 19, 23, 24, 25, 28, 31, 33, 36, 37, 45, 49, 51, 53, 55]",52,53,False
line,56,57,75,1,100.0,18,100.0,18,0,0.0007073000306263566,"[0, 3, 8, 10, 14, 19, 23, 24, 25, 28, 31, 33, 36, 37, 45, 49, 52, 55]",53,54,True
line,57,57,75,1,100.0,18,100.0,18,0,0.001263700018171221,"[0, 3, 8, 10, 14, 19, 23, 24, 25, 28, 31, 33, 36, 37, 45, 49, 52, 55]",43,44,True
line,58,57,75,1,100.0,18,100.0,18,0,0.0011118000256828964,"[0, 3, 8, 10, 14, 19, 23, 24, 25, 28, 31, 33, 36, 37, 45, 49, 52, 55]",55,40,True
line,59,57,75,1,98.24561403508773,18,100.0,19,1,0.0007301999721676111,"[0, 3, 8, 14, 19, 23, 24, 25, 28, 31, 33, 35, 36, 37, 40, 45, 49, 52, 55]",55,41,False
line,60,57,75,2,98.24561403508773,18,100.0,19,1,0.0007930000429041684,"[0, 3, 8, 14, 19, 23, 24, 25, 28, 31, 33, 35, 36, 37, 40, 45, 49, 52, 56]",56,55,False
line,61,57,75,1,100.0,18,100.0,18,0,0.000852899975143373,"[0, 3, 8, 10, 14, 19, 23, 24, 25, 28, 31, 33, 36, 37, 45, 49, 52, 55]",37,48,True
line,62,57,75,1,98.24561403508773,18,100.0,19,1,0.0007817999576218426,"[0, 3, 8, 9, 10, 14, 19, 23, 24, 25, 28, 31, 33, 36, 37, 45, 48, 52, 55]",37,47,False
trafo,0,57,76,1,100.0,18,100.0,18,0,0.0007182999979704618,"[0, 3, 8, 10, 14, 19, 23, 24, 25, 28, 31, 33, 36, 37, 45, 49, 52, 55]",17,3,True
trafo,1,57,76,1,100.0,18,100.0,18,0,0.0008507000165991485,"[0, 3, 8, 10, 14, 19, 23, 24, 25, 28, 31, 33, 36, 37, 45, 49, 52, 55]",17,3,True
trafo,2,57,75,1,98.24561403508773,18,100.0,19,1,0.0013506999821402133,"[0, 3, 8, 10, 14, 18, 20, 23, 24, 25, 28, 31, 33, 36, 37, 45, 49, 52, 55]",19,20,False
trafo,3,57,76,1,100.0,18,100.0,18,0,0.000991599983535707,"[0, 3, 8, 10, 14, 19, 23, 24, 25, 28, 31, 33, 36, 37, 45, 49, 52, 55]",24,23,True
trafo,4,57,76,1,100.0,18,100.0,18,0,0.0008164000464603305,"[0, 3, 8, 10, 14, 19, 23, 24, 25, 28, 31, 33, 36, 37, 45, 49, 52, 55]",24,23,True
trafo,5,57,75,1,100.0,18,100.0,18,0,0.0008134999661706388,"[0, 3, 8, 10, 14, 19, 23, 24, 25, 28, 31, 33, 36, 37, 45, 49, 52, 55]",25,23,True
trafo,6,57,75,1,98.24561403508773,18,100.0,18,0,0.000728400016669184,"[0, 3, 5, 8, 10, 14, 19, 23, 24, 27, 31, 33, 36, 37, 45, 49, 52, 55]",28,6,False
trafo,7,57,75,2,100.0,18,100.0,18,0,0.0007977000204846263,"[0, 3, 8, 10, 14, 19, 23, 25, 28, 30, 31, 33, 36, 37, 45, 49, 52, 55]",31,33,True
trafo,8,57,75,1,100.0,18,100.0,18,0,0.0007535999757237732,"[0, 3, 8, 10, 14, 19, 23, 24, 25, 28, 31, 33, 36, 37, 45, 49, 52, 55]",40,10,True
trafo,9,57,75,1,98.24561403508773,18,100.0,18,0,0.0007061000214889646,"[0, 3, 8, 10, 19, 23, 24, 25, 28, 31, 33, 36, 37, 43, 45, 49, 52, 55]",44,14,False
trafo,10,57,75,1,100.0,18,100.0,18,0,0.0008429000154137611,"[0, 3, 8, 10, 14, 19, 23, 24, 25, 28, 31, 33, 36, 37, 45, 49, 52, 55]",45,13,True
trafo,11,57,75,1,100.0,18,100.0,18,0,0.0007390999817289412,"[0, 3, 8, 10, 14, 19, 23, 24, 25, 28, 31, 33, 36, 37, 45, 49, 52, 55]",50,9,True
trafo,12,57,75,1,100.0,18,100.0,18,0,0.0006967000081203878,"[0, 3, 8, 10, 14, 19, 23, 24, 25, 28, 31, 33, 36, 37, 45, 49, 52, 55]",48,12,True
trafo,13,57,75,1,98.24561403508773,18,100.0,18,0,0.0007757000275887549,"[0, 3, 8, 14, 19, 23, 24, 25, 28, 31, 33, 36, 37, 40, 45, 49, 52, 55]",42,10,False
trafo,14,57,75,1,98.24561403508773,18,100.0,19,1,0.0007387999794445932,"[0, 3, 8, 14, 19, 23, 24, 25, 28, 31, 33, 35, 36, 37, 40, 45, 49, 52, 55]",55,39,False
trafo,15,57,76,1,100.0,18,100.0,18,0,0.0007115000043995678,"[0, 3, 8, 10, 14, 19, 23, 24, 25, 28, 31, 33, 36, 37, 45, 49, 52, 55]",56,38,True
trafo,16,57,75,1,98.24561403508773,18,100.0,19,1,0.0007310999790206552,"[0, 3, 5, 10, 12, 14, 19, 23, 24, 25, 28, 31, 33, 36, 37, 45, 50, 53, 55]",54,8,False
line,0,57,75,1,96.49122807017544,18,100.0,19,1,0.0010150999878533185,"[0, 1, 3, 8, 10, 14, 19, 23, 24, 25, 28, 31, 34, 36, 37, 45, 49, 53, 55]",0,1,False
line,1,57,75,1,98.24561403508773,18,100.0,18,0,0.0009465999901294708,"[0, 3, 8, 10, 14, 19, 23, 24, 25, 28, 31, 34, 36, 37, 45, 49, 53, 55]",1,2,False
line,2,57,75,1,98.24561403508773,18,100.0,18,0,0.0008550999918952584,"[0, 3, 8, 10, 14, 19, 23, 24, 25, 28, 31, 34, 36, 37, 45, 49, 53, 55]",2,3,False
line,3,57,75,1,96.49122807017544,18,100.0,19,1,0.0007646000012755394,"[0, 3, 4, 8, 10, 14, 19, 23, 24, 25, 28, 31, 34, 36, 37, 45, 49, 53, 55]",3,4,False
line,4,57,75,1,96.49122807017544,18,100.0,19,1,0.0007270000060088933,"[0, 3, 4, 8, 10, 14, 19, 23, 24, 25, 28, 31, 34, 36, 37, 45, 49, 53, 55]",3,5,False
line,5,57,75,1,98.24561403508773,18,100.0,18,0,0.0007202000124379992,"[0, 3, 8, 10, 14, 19, 23, 24, 25, 28, 31, 34, 36, 37, 45, 49, 53, 55]",5,6,False
line,6,57,75,1,98.24561403508773,18,100.0,18,0,0.0011929000029340386,"[0, 3, 8, 10, 14, 19, 23, 24, 25, 28, 31, 34, 36, 37, 45, 49, 53, 55]",5,7,False
line,7,57,75,1,96.49122807017544,18,100.0,18,0,0.001138599996920675,"[0, 3, 5, 11, 14, 19, 23, 24, 25, 28, 31, 35, 37, 38, 40, 45, 49, 53]",7,8,False
line,8,57,75,1,96.49122807017544,18,100.0,18,0,0.0012462000013329089,"[0, 3, 5, 11, 14, 19, 23, 24, 25, 28, 31, 35, 37, 38, 40, 45, 49, 53]",8,9,False
line,9,57,75,1,98.24561403508773,18,100.0,18,0,0.0012775000068359077,"[0, 3, 5, 11, 14, 19, 23, 24, 25, 28, 31, 35, 37, 38, 40, 45, 49, 53]",8,10,False
line,10,57,75,1,96.49122807017544,18,100.0,19,1,0.0007728000055067241,"[0, 3, 5, 10, 12, 14, 19, 23, 24, 25, 28, 31, 34, 36, 37, 45, 50, 53, 55]",8,11,False
line,11,57,75,1,98.24561403508773,18,100.0,18,0,0.0007260999991558492,"[0, 3, 5, 11, 14, 19, 23, 24, 25, 28, 31, 35, 37, 38, 40, 45, 49, 53]",8,12,False
line,12,57,75,1,98.24561403508773,18,100.0,18,0,0.0008768999832682312,"[0, 3, 8, 10, 14, 19, 23, 24, 25, 28, 31, 34, 36, 37, 45, 49, 53, 55]",12,13,False
line,13,57,76,1,98.24561403508773,18,100.0,18,0,0.000984499987680465,"[0, 3, 8, 10, 14, 19, 23, 24, 25, 28, 31, 34, 36, 37, 45, 49, 53, 55]",12,14,False
line,14,57,75,1,98.24561403508773,18,100.0,19,1,0.0008114000083878636,"[0, 3, 8, 10, 13, 14, 19, 23, 24, 25, 28, 31, 34, 36, 37, 45, 49, 53, 55]",0,14,False
line,15,57,75,1,96.49122807017544,18,100.0,19,1,0.0014766999520361423,"[0, 3, 8, 10, 11, 14, 19, 23, 24, 25, 28, 31, 34, 36, 37, 45, 49, 53, 55]",0,15,False
line,16,57,75,1,96.49122807017544,18,100.0,19,1,0.0012939000152982771,"[0, 3, 8, 10, 11, 14, 19, 23, 24, 25, 28, 31, 34, 36, 37, 45, 49, 53, 55]",0,16,False
line,17,57,75,1,98.24561403508773,18,100.0,18,0,0.0006953999982215464,"[0, 3, 8, 10, 14, 19, 23, 24, 25, 28, 31, 34, 36, 37, 45, 49, 53, 55]",2,14,False
line,18,57,75,1,98.24561403508773,18,100.0,18,0,0.0009600000339560211,"[0, 3, 8, 10, 14, 19, 23, 24, 25, 28, 31, 34, 36, 37, 45, 49, 53, 55]",4,5,False
line,19,57,75,1,98.24561403508773,18,100.0,18,0,0.0007014999864622951,"[0, 3, 8, 10, 14, 19, 23, 24, 25, 28, 31, 34, 36, 37, 45, 49, 53, 55]",6,7,False
line,20,57,75,1,98.24561403508773,18,100.0,18,0,0.0006961000035516918,"[0, 3, 8, 10, 14, 19, 23, 24, 25, 28, 31, 34, 36, 37, 45, 49, 53, 55]",9,11,False
line,21,57,75,1,98.24561403508773,18,100.0,18,0,0.0010569000151008368,"[0, 3, 8, 10, 14, 19, 23, 24, 25, 28, 31, 34, 36, 37, 45, 49, 53, 55]",10,12,False
line,22,57,75,1,98.24561403508773,18,100.0,18,0,0.0006910999654792249,"[0, 3, 8, 10, 14, 19, 23, 24, 25, 28, 31, 34, 36, 37, 45, 49, 53, 55]",11,12,False
line,23,57,75,1,98.24561403508773,18,100.0,18,0,0.001068799989297986,"[0, 3, 8, 10, 14, 19, 23, 24, 25, 28, 31, 34, 36, 37, 45, 49, 53, 55]",11,15,False
line,24,57,75,1,98.24561403508773,18,100.0,18,0,0.00091409997548908,"[0, 3, 8, 10, 14, 19, 23, 24, 25, 28, 31, 34, 36, 37, 45, 49, 53, 55]",11,16,False
line,25,57,75,1,98.24561403508773,18,100.0,18,0,0.0007229000329971313,"[0, 3, 8, 10, 14, 19, 23, 24, 25, 28, 31, 34, 36, 37, 45, 49, 53, 55]",13,14,False
line,26,57,75,1,98.24561403508773,18,100.0,18,0,0.0007425999501720071,"[0, 3, 8, 10, 14, 19, 23, 24, 25, 28, 31, 34, 36, 37, 45, 49, 53, 55]",17,18,False
line,27,57,75,1,96.49122807017544,18,100.0,19,1,0.0007418000022880733,"[0, 3, 8, 10, 14, 17, 19, 23, 24, 25, 28, 31, 34, 36, 37, 45, 49, 53, 55]",18,19,False
line,28,57,75,1,98.24561403508773,18,100.0,18,0,0.0007750000222586095,"[0, 3, 8, 10, 14, 19, 23, 24, 25, 28, 31, 34, 36, 37, 45, 49, 53, 55]",20,21,False
line,29,57,75,1,98.24561403508773,18,100.0,18,0,0.0010899999761022627,"[0, 3, 8, 10, 14, 19, 23, 24, 25, 28, 31, 34, 36, 37, 45, 49, 53, 55]",21,22,False
line,30,57,75,1,96.49122807017544,18,100.0,19,1,0.0007380999741144478,"[0, 3, 8, 10, 14, 19, 21, 23, 24, 25, 28, 31, 34, 36, 37, 45, 49, 53, 55]",22,23,False
line,31,57,75,1,96.49122807017544,18,100.0,18,0,0.0007489999989047647,"[0, 3, 8, 10, 14, 19, 23, 24, 26, 28, 31, 34, 36, 37, 45, 49, 53, 55]",25,26,False
line,32,57,75,1,98.24561403508773,18,100.0,18,0,0.0011468000011518598,"[0, 3, 8, 10, 14, 19, 23, 24, 25, 28, 31, 34, 36, 37, 45, 49, 53, 55]",26,27,False
line,33,57,75,1,96.49122807017544,18,100.0,18,0,0.0011909999884665012,"[0, 3, 8, 10, 14, 19, 23, 24, 26, 28, 31, 34, 36, 37, 45, 49, 53, 55]",27,28,False
line,34,57,75,1,96.49122807017544,18,100.0,18,0,0.0011875999625772238,"[0, 3, 8, 10, 14, 19, 23, 25, 28, 29, 31, 34, 36, 37, 45, 49, 53, 55]",24,29,False
line,35,57,75,1,98.24561403508773,18,100.0,18,0,0.0014063999988138676,"[0, 3, 8, 10, 14, 19, 23, 24, 25, 28, 31, 34, 36, 37, 45, 49, 53, 55]",29,30,False
line,36,57,75,1,96.49122807017544,18,100.0,18,0,0.0007083999807946384,"[0, 3, 8, 10, 14, 19, 23, 25, 28, 29, 31, 34, 36, 37, 45, 49, 53, 55]",30,31,False
line,37,57,75,2,96.49122807017544,18,100.0,18,0,0.000984799989964813,"[0, 3, 8, 10, 14, 19, 23, 25, 28, 30, 32, 34, 36, 37, 45, 49, 53, 55]",31,32,False
line,38,57,75,1,98.24561403508773,18,100.0,18,0,0.0006969000096432865,"[0, 3, 8, 10, 14, 19, 23, 24, 25, 28, 31, 34, 36, 37, 45, 49, 53, 55]",33,34,False
line,39,57,75,1,98.24561403508773,18,100.0,18,0,0.0007074999739415944,"[0, 3, 8, 10, 14, 19, 23, 24, 25, 28, 31, 33, 36, 37, 45, 49, 53, 55]",34,35,False
line,40,57,75,1,98.24561403508773,18,100.0,18,0,0.0007831999682821333,"[0, 3, 8, 10, 14, 19, 23, 24, 25, 28, 31, 34, 36, 37, 45, 49, 53, 55]",35,36,False
line,41,57,75,1,98.24561403508773,18,100.0,18,0,0.0007339000003412366,"[0, 3, 8, 10, 14, 19, 23, 24, 25, 28, 31, 35, 36, 37, 45, 49, 53, 55]",36,37,False
line,42,57,75,1,96.49122807017544,18,100.0,18,0,0.0007329999934881926,"[0, 3, 8, 10, 14, 19, 23, 24, 25, 28, 31, 34, 37, 38, 45, 49, 53, 55]",36,38,False
line,43,57,75,1,98.24561403508773,18,100.0,18,0,0.000700899981893599,"[0, 3, 8, 10, 14, 19, 23, 24, 25, 28, 31, 34, 36, 37, 45, 49, 53, 55]",35,39,False
line,44,57,75,1,96.49122807017544,18,100.0,19,1,0.0007625999860465527,"[0, 3, 8, 10, 14, 19, 20, 23, 24, 25, 28, 31, 34, 36, 37, 45, 49, 53, 55]",21,37,False
line,45,57,75,1,98.24561403508773,18,100.0,18,0,0.0006962000043131411,"[0, 3, 8, 10, 14, 19, 23, 24, 25, 28, 31, 34, 36, 37, 45, 49, 53, 55]",40,41,False
line,46,57,75,1,98.24561403508773,18,100.0,18,0,0.0010310999932698905,"[0, 3, 8, 10, 14, 19, 23, 24, 25, 28, 31, 34, 36, 37, 45, 49, 53, 55]",40,42,False
line,47,57,75,1,96.49122807017544,18,100.0,18,0,0.0007973000174388289,"[0, 3, 8, 10, 19, 23, 24, 25, 28, 31, 34, 36, 37, 43, 45, 49, 53, 55]",37,43,False
line,48,57,75,1,96.49122807017544,18,100.0,19,1,0.0007356000132858753,"[0, 3, 8, 10, 13, 14, 19, 23, 24, 25, 28, 31, 34, 36, 37, 46, 49, 53, 55]",45,46,False
line,49,57,75,1,98.24561403508773,18,100.0,18,0,0.0007486999966204166,"[0, 3, 8, 10, 14, 19, 23, 24, 25, 28, 31, 34, 36, 37, 45, 49, 53, 55]",46,47,False
line,50,57,75,1,98.24561403508773,18,100.0,18,0,0.000838399981148541,"[0, 3, 8, 10, 14, 19, 23, 24, 25, 28, 31, 34, 36, 37, 45, 49, 53, 55]",47,48,False
line,51,57,75,1,98.24561403508773,18,100.0,18,0,0.0009906000341288745,"[0, 3, 8, 10, 14, 19, 23, 24, 25, 28, 31, 34, 36, 37, 45, 49, 53, 55]",48,49,False
line,52,57,75,1,96.49122807017544,18,100.0,19,1,0.0013960000360384583,"[0, 3, 8, 9, 10, 14, 19, 23, 24, 25, 28, 31, 34, 36, 37, 45, 48, 53, 55]",49,50,False
line,53,57,75,2,98.24561403508773,18,100.0,19,1,0.00073490000795573,"[0, 3, 5, 8, 10, 14, 19, 23, 24, 27, 31, 34, 36, 37, 45, 49, 52, 53, 55]",28,51,False
line,54,57,75,2,98.24561403508773,18,100.0,18,0,0.0007892000139690936,"[0, 3, 8, 10, 14, 19, 23, 24, 25, 28, 31, 34, 36, 37, 45, 49, 53, 55]",51,52,False
line,55,57,75,2,96.49122807017544,18,100.0,19,1,0.0012495999690145254,"[0, 3, 8, 10, 14, 19, 23, 24, 25, 28, 31, 34, 36, 37, 45, 49, 51, 53, 55]",52,53,False
line,56,57,75,2,98.24561403508773,18,100.0,19,1,0.000790499965660274,"[0, 3, 8, 10, 14, 19, 23, 24, 25, 28, 31, 34, 36, 37, 45, 49, 52, 54, 55]",53,54,False
line,57,57,75,1,98.24561403508773,18,100.0,18,0,0.0006985999643802643,"[0, 3, 8, 10, 14, 19, 23, 24, 25, 28, 31, 34, 36, 37, 45, 49, 53, 55]",43,44,False
line,58,57,75,1,98.24561403508773,18,100.0,18,0,0.0007256999961100519,"[0, 3, 8, 10, 14, 19, 23, 24, 25, 28, 31, 34, 36, 37, 45, 49, 53, 55]",55,40,False
line,59,57,75,1,96.49122807017544,18,100.0,17,-1,0.0008923000423237681,"[0, 3, 8, 14, 19, 23, 24, 25, 28, 31, 35, 37, 38, 40, 45, 49, 53]",55,41,False
line,60,57,75,1,96.49122807017544,18,100.0,17,-1,0.0008731000125408173,"[0, 3, 8, 14, 19, 23, 24, 25, 28, 31, 35, 37, 38, 40, 45, 49, 53]",56,55,False
line,61,57,75,1,98.24561403508773,18,100.0,18,0,0.0008336000028066337,"[0, 3, 8, 10, 14, 19, 23, 24, 25, 28, 31, 34, 36, 37, 45, 49, 53, 55]",37,48,False
line,62,57,75,1,96.49122807017544,18,100.0,19,1,0.0007980000227689743,"[0, 3, 8, 9, 10, 14, 19, 23, 24, 25, 28, 31, 34, 36, 37, 45, 48, 53, 55]",37,47,False
trafo,0,57,76,1,98.24561403508773,18,100.0,18,0,0.001146000053267926,"[0, 3, 8, 10, 14, 19, 23, 24, 25, 28, 31, 34, 36, 37, 45, 49, 53, 55]",17,3,False
trafo,1,57,76,1,98.24561403508773,18,100.0,18,0,0.0007559999939985573,"[0, 3, 8, 10, 14, 19, 23, 24, 25, 28, 31, 34, 36, 37, 45, 49, 53, 55]",17,3,False
trafo,2,57,75,1,96.49122807017544,18,100.0,19,1,0.0014886999852024019,"[0, 3, 8, 10, 14, 18, 20, 23, 24, 25, 28, 31, 34, 36, 37, 45, 49, 53, 55]",19,20,False
trafo,3,57,76,1,98.24561403508773,18,100.0,18,0,0.0011520999833010137,"[0, 3, 8, 10, 14, 19, 23, 24, 25, 28, 31, 34, 36, 37, 45, 49, 53, 55]",24,23,False
trafo,4,57,76,1,98.24561403508773,18,100.0,18,0,0.0006674000178463757,"[0, 3, 8, 10, 14, 19, 23, 24, 25, 28, 31, 34, 36, 37, 45, 49, 53, 55]",24,23,False
trafo,5,57,75,1,98.24561403508773,18,100.0,18,0,0.0007087999838404357,"[0, 3, 8, 10, 14, 19, 23, 24, 25, 28, 31, 34, 36, 37, 45, 49, 53, 55]",25,23,False
trafo,6,57,75,1,96.49122807017544,18,100.0,19,1,0.000757400004658848,"[0, 3, 5, 8, 10, 14, 19, 23, 24, 27, 31, 34, 36, 37, 45, 49, 52, 53, 55]",28,6,False
trafo,7,57,75,1,98.24561403508773,18,100.0,18,0,0.0007022999925538898,"[0, 3, 8, 10, 14, 19, 23, 25, 28, 30, 31, 34, 36, 37, 45, 49, 53, 55]",31,33,False
trafo,8,57,75,1,98.24561403508773,18,100.0,18,0,0.0007049000123515725,"[0, 3, 8, 10, 14, 19, 23, 24, 25, 28, 31, 34, 36, 37, 45, 49, 53, 55]",40,10,False
trafo,9,57,75,1,96.49122807017544,18,100.0,18,0,0.0008767000399529934,"[0, 3, 8, 10, 19, 23, 24, 25, 28, 31, 34, 36, 37, 43, 45, 49, 53, 55]",44,14,False
trafo,10,57,75,1,98.24561403508773,18,100.0,18,0,0.0016037000459618866,"[0, 3, 8, 10, 14, 19, 23, 24, 25, 28, 31, 34, 36, 37, 45, 49, 53, 55]",45,13,False
trafo,11,57,75,1,98.24561403508773,18,100.0,18,0,0.00076149997767061,"[0, 3, 8, 10, 14, 19, 23, 24, 25, 28, 31, 34, 36, 37, 45, 49, 53, 55]",50,9,False
trafo,12,57,75,1,98.24561403508773,18,100.0,18,0,0.0006967000081203878,"[0, 3, 8, 10, 14, 19, 23, 24, 25, 28, 31, 34, 36, 37, 45, 49, 53, 55]",48,12,False
trafo,13,57,75,1,96.49122807017544,18,100.0,18,0,0.0007329999934881926,"[0, 3, 8, 14, 19, 23, 24, 25, 28, 31, 34, 36, 37, 40, 45, 49, 53, 55]",42,10,False
trafo,14,57,75,1,96.49122807017544,18,100.0,17,-1,0.0006686999695375562,"[0, 3, 8, 14, 19, 23, 24, 25, 28, 31, 35, 37, 38, 40, 45, 49, 53]",55,39,False
trafo,15,57,75,1,98.24561403508773,18,100.0,18,0,0.0006997999735176563,"[0, 3, 8, 10, 14, 19, 23, 24, 25, 28, 31, 34, 36, 37, 45, 49, 53, 55]",56,38,False
trafo,16,57,76,1,98.24561403508773,18,100.0,18,0,0.0007053000153973699,"[0, 3, 8, 10, 14, 19, 23, 24, 25, 28, 31, 34, 36, 37, 45, 49, 53, 55]",54,8,False
