kind,idx,nodes,edges,components,coverage_fixed_%,pmus_fixed,coverage_reopt_%,pmus_reopt,delta_pmus,greedy_time_s,pmus_reopt_list,failed_u,failed_v,keeps_100%
line,0,300,408,2,100.0,96,100.0,96,0,0.026505500019993633,"[0, 1, 2, 6, 10, 11, 14, 16, 18, 21, 22, 24, 28, 30, 32, 33, 35, 36, 37, 40, 42, 47, 48, 52, 53, 54, 57, 58, 59, 61, 63, 64, 67, 70, 76, 78, 80, 82, 84, 87, 92, 93, 95, 96, 97, 98, 102, 104, 108, 110, 111, 112, 115, 117, 118, 121, 131, 132, 133, 143, 144, 151, 156, 159, 162, 167, 168, 172, 182, 186, 188, 189, 192, 195, 198, 199, 203, 207, 209, 210, 212, 215, 216, 218, 221, 223, 227, 266, 267, 268, 269, 271, 272, 273, 275, 293]",265,269,True
line,1,300,408,1,100.0,96,100.0,96,0,0.029676100006327033,"[0, 1, 2, 6, 10, 11, 14, 16, 18, 21, 22, 24, 28, 30, 32, 33, 35, 36, 37, 40, 42, 47, 48, 52, 53, 54, 57, 58, 59, 61, 63, 64, 67, 70, 76, 78, 80, 82, 84, 87, 92, 93, 95, 96, 97, 98, 102, 104, 108, 110, 111, 112, 115, 117, 118, 121, 131, 132, 133, 143, 144, 151, 156, 159, 162, 167, 168, 172, 182, 186, 188, 189, 192, 195, 198, 199, 203, 207, 209, 210, 212, 215, 216, 218, 221, 223, 227, 266, 267, 268, 269, 271, 272, 273, 275, 293]",270,271,True
line,2,300,409,1,100.0,96,100.0,96,0,0.028349599975626916,"[0, 1, 2, 6, 10, 11, 14, 16, 18, 21, 22, 24, 28, 30, 32, 33, 35, 36, 37, 40, 42, 47, 48, 52, 53, 54, 57, 58, 59, 61, 63, 64, 67, 70, 76, 78, 80, 82, 84, 87, 92, 93, 95, 96, 97, 98, 102, 104, 108, 110, 111, 112, 115, 117, 118, 121, 131, 132, 133, 143, 144, 151, 156, 159, 162, 167, 168, 172, 182, 186, 188, 189, 192, 195, 198, 199, 203, 207, 209, 210, 212, 215, 216, 218, 221, 223, 227, 266, 267, 268, 269, 271, 272, 273, 275, 293]",270,267,True
line,3,300,409,1,100.0,96,100.0,96,0,0.026250099996104836,"[0, 1, 2, 6, 10, 11, 14, 16, 18, 21, 22, 24, 28, 30, 32, 33, 35, 36, 37, 40, 42, 47, 48, 52, 53, 54, 57, 58, 59, 61, 63, 64, 67, 70, 76, 78, 80, 82, 84, 87, 92, 93, 95, 96, 97, 98, 102, 104, 108, 110, 111, 112, 115, 117, 118, 121, 131, 132, 133, 143, 144, 151, 156, 159, 162, 167, 168, 172, 182, 186, 188, 189, 192, 195, 198, 199, 203, 207, 209, 210, 212, 215, 216, 218, 221, 223, 227, 266, 267, 268, 269, 271, 272, 273, 275, 293]",270,267,True
line,4,300,409,1,100.0,96,100.0,96,0,0.024949200014816597,"[0, 1, 2, 6, 10, 11, 14, 16, 18, 21, 22, 24, 28, 30, 32, 33, 35, 36, 37, 40, 42, 47, 48, 52, 53, 54, 57, 58, 59, 61, 63, 64, 67, 70, 76, 78, 80, 82, 84, 87, 92, 93, 95, 96, 97, 98, 102, 104, 108, 110, 111, 112, 115, 117, 118, 121, 131, 132, 133, 143, 144, 151, 156, 159, 162, 167, 168, 172, 182, 186, 188, 189, 192, 195, 198, 199, 203, 207, 209, 210, 212, 215, 216, 218, 221, 223, 227, 266, 267, 268, 269, 271, 272, 273, 275, 293]",272,266,True
line,5,300,409,1,100.0,96,100.0,96,0,0.023579300002893433,"[0, 1, 2, 6, 10, 11, 14, 16, 18, 21, 22, 24, 28, 30, 32, 33, 35, 36, 37, 40, 42, 47, 48, 52, 53, 54, 57, 58, 59, 61, 63, 64, 67, 70, 76, 78, 80, 82, 84, 87, 92, 93, 95, 96, 97, 98, 102, 104, 108, 110, 111, 112, 115, 117, 118, 121, 131, 132, 133, 143, 144, 151, 156, 159, 162, 167, 168, 172, 182, 186, 188, 189, 192, 195, 198, 199, 203, 207, 209, 210, 212, 215, 216, 218, 221, 223, 227, 266, 267, 268, 269, 271, 272, 273, 275, 293]",272,266,True
line,6,300,408,2,100.0,96,100.0,96,0,0.021493300009751692,"[0, 1, 2, 6, 10, 11, 14, 16, 18, 21, 22, 24, 28, 30, 32, 33, 35, 36, 37, 40, 42, 47, 48, 52, 53, 54, 57, 58, 59, 61, 63, 64, 67, 70, 76, 78, 80, 82, 84, 87, 92, 93, 95, 96, 97, 98, 102, 104, 108, 110, 111, 112, 115, 117, 118, 121, 131, 132, 133, 143, 144, 151, 156, 159, 162, 167, 168, 172, 182, 186, 188, 189, 192, 195, 198, 199, 203, 207, 209, 210, 212, 215, 216, 218, 221, 223, 227, 266, 267, 268, 269, 271, 272, 273, 275, 293]",266,273,True
line,7,300,408,2,100.0,96,100.0,96,0,0.023975700023584068,"[0, 1, 2, 6, 10, 11, 14, 16, 18, 21, 22, 24, 28, 30, 32, 33, 35, 36, 37, 40, 42, 47, 48, 52, 53, 54, 57, 58, 59, 61, 63, 64, 67, 70, 76, 78, 80, 82, 84, 87, 92, 93, 95, 96, 97, 98, 102, 104, 108, 110, 111, 112, 115, 117, 118, 121, 131, 132, 133, 143, 144, 151, 156, 159, 162, 167, 168, 172, 182, 186, 188, 189, 192, 195, 198, 199, 203, 207, 209, 210, 212, 215, 216, 218, 221, 223, 227, 266, 267, 268, 269, 271, 272, 273, 275, 293]",273,275,True
line,8,300,408,1,100.0,96,100.0,96,0,0.023364000022411346,"[0, 1, 2, 6, 10, 11, 14, 16, 18, 21, 22, 24, 28, 30, 32, 33, 35, 36, 37, 40, 42, 47, 48, 52, 53, 54, 57, 58, 59, 61, 63, 64, 67, 70, 76, 78, 80, 82, 84, 87, 92, 93, 95, 96, 97, 98, 102, 104, 108, 110, 111, 112, 115, 117, 118, 121, 131, 132, 133, 143, 144, 151, 156, 159, 162, 167, 168, 172, 182, 186, 188, 189, 192, 195, 198, 199, 203, 207, 209, 210, 212, 215, 216, 218, 221, 223, 227, 266, 267, 268, 269, 271, 272, 273, 275, 293]",271,267,True
line,9,300,408,2,100.0,96,100.0,96,0,0.02636359998723492,"[0, 1, 2, 6, 10, 11, 14, 16, 18, 21, 22, 24, 28, 30, 32, 33, 35, 36, 37, 40, 42, 47, 48, 52, 53, 54, 57, 58, 59, 61, 63, 64, 67, 70, 76, 78, 80, 82, 84, 87, 92, 93, 95, 96, 97, 98, 102, 104, 108, 110, 111, 112, 115, 117, 118, 121, 131, 132, 133, 143, 144, 151, 156, 159, 162, 167, 168, 172, 182, 186, 188, 189, 192, 195, 198, 199, 203, 207, 209, 210, 212, 215, 216, 218, 221, 223, 227, 266, 267, 268, 269, 271, 272, 273, 275, 293]",267,290,True
line,10,300,408,2,100.0,96,100.0,96,0,0.0492460000095889,"[0, 1, 2, 6, 10, 11, 14, 16, 18, 21, 22, 24, 28, 30, 32, 33, 35, 36, 37, 40, 42, 47, 48, 52, 53, 54, 57, 58, 59, 61, 63, 64, 67, 70, 76, 78, 80, 82, 84, 87, 92, 93, 95, 96, 97, 98, 102, 104, 108, 110, 111, 112, 115, 117, 118, 121, 131, 132, 133, 143, 144, 151, 156, 159, 162, 167, 168, 172, 182, 186, 188, 189, 192, 195, 198, 199, 203, 207, 209, 210, 212, 215, 216, 218, 221, 223, 227, 266, 267, 268, 269, 271, 272, 273, 275, 293]",290,268,True
line,11,300,408,2,99.66666666666667,96,100.0,96,0,0.024780400010058656,"[0, 1, 2, 6, 10, 11, 14, 16, 18, 21, 22, 24, 28, 30, 32, 33, 35, 36, 37, 40, 42, 47, 48, 52, 53, 54, 57, 58, 59, 61, 63, 64, 67, 70, 76, 78, 80, 82, 84, 87, 92, 93, 95, 96, 97, 98, 102, 104, 108, 110, 111, 112, 115, 117, 118, 121, 131, 132, 133, 143, 144, 151, 156, 159, 162, 167, 168, 172, 182, 186, 188, 189, 192, 195, 198, 199, 203, 207, 209, 210, 212, 215, 216, 218, 221, 223, 227, 266, 267, 268, 269, 271, 273, 275, 293, 298]",272,298,False
line,12,300,408,1,100.0,96,100.0,96,0,0.022103499999502674,"[0, 1, 2, 6, 10, 11, 14, 16, 18, 21, 22, 24, 28, 30, 32, 33, 35, 36, 37, 40, 42, 47, 48, 52, 53, 54, 57, 58, 59, 61, 63, 64, 67, 70, 76, 78, 80, 82, 84, 87, 92, 93, 95, 96, 97, 98, 102, 104, 108, 110, 111, 112, 115, 117, 118, 121, 131, 132, 133, 143, 144, 151, 156, 159, 162, 167, 168, 172, 182, 186, 188, 189, 192, 195, 198, 199, 203, 207, 209, 210, 212, 215, 216, 218, 221, 223, 227, 266, 267, 268, 269, 271, 272, 273, 275, 293]",0,4,True
line,13,300,408,1,100.0,96,100.0,96,0,0.02844529997673817,"[0, 1, 2, 6, 10, 11, 14, 16, 18, 21, 22, 24, 28, 30, 32, 33, 35, 36, 37, 40, 42, 47, 48, 52, 53, 54, 57, 58, 59, 61, 63, 64, 67, 70, 76, 78, 80, 82, 84, 87, 92, 93, 95, 96, 97, 98, 102, 104, 108, 110, 111, 112, 115, 117, 118, 121, 131, 132, 133, 143, 144, 151, 156, 159, 162, 167, 168, 172, 182, 186, 188, 189, 192, 195, 198, 199, 203, 207, 209, 210, 212, 215, 216, 218, 221, 223, 227, 266, 267, 268, 269, 271, 272, 273, 275, 293]",1,5,True
line,14,300,408,1,100.0,96,100.0,96,0,0.02464079999481328,"[0, 1, 2, 6, 10, 11, 14, 16, 18, 21, 22, 24, 28, 30, 32, 33, 35, 36, 37, 40, 42, 47, 48, 52, 53, 54, 57, 58, 59, 61, 63, 64, 67, 70, 76, 78, 80, 82, 84, 87, 92, 93, 95, 96, 97, 98, 102, 104, 108, 110, 111, 112, 115, 117, 118, 121, 131, 132, 133, 143, 144, 151, 156, 159, 162, 167, 168, 172, 182, 186, 188, 189, 192, 195, 198, 199, 203, 207, 209, 210, 212, 215, 216, 218, 221, 223, 227, 266, 267, 268, 269, 271, 272, 273, 275, 293]",1,7,True
line,15,300,408,1,100.0,96,100.0,96,0,0.02669569998397492,"[0, 1, 2, 6, 10, 11, 14, 16, 18, 21, 22, 24, 28, 30, 32, 33, 35, 36, 37, 40, 42, 47, 48, 52, 53, 54, 57, 58, 59, 61, 63, 64, 67, 70, 76, 78, 80, 82, 84, 87, 92, 93, 95, 96, 97, 98, 102, 104, 108, 110, 111, 112, 115, 117, 118, 121, 131, 132, 133, 143, 144, 151, 156, 159, 162, 167, 168, 172, 182, 186, 188, 189, 192, 195, 198, 199, 203, 207, 209, 210, 212, 215, 216, 218, 221, 223, 227, 266, 267, 268, 269, 271, 272, 273, 275, 293]",2,6,True
line,16,300,408,1,99.66666666666667,96,100.0,95,-1,0.02988400001777336,"[0, 1, 2, 10, 11, 14, 16, 19, 21, 22, 24, 28, 30, 32, 33, 35, 36, 37, 40, 42, 47, 48, 52, 53, 54, 57, 58, 59, 61, 63, 64, 67, 70, 76, 78, 80, 82, 84, 87, 92, 93, 95, 96, 97, 98, 102, 104, 108, 110, 111, 112, 115, 117, 118, 121, 131, 132, 133, 143, 144, 151, 156, 159, 162, 167, 168, 172, 182, 186, 188, 189, 192, 195, 198, 199, 203, 207, 209, 210, 212, 215, 216, 218, 221, 223, 227, 266, 267, 268, 269, 271, 272, 273, 275, 293]",2,17,False
line,17,300,408,1,100.0,96,100.0,96,0,0.022847099986393005,"[0, 1, 2, 6, 10, 11, 14, 16, 18, 21, 22, 24, 28, 30, 32, 33, 35, 36, 37, 40, 42, 47, 48, 52, 53, 54, 57, 58, 59, 61, 63, 64, 67, 70, 76, 78, 80, 82, 84, 87, 92, 93, 95, 96, 97, 98, 102, 104, 108, 110, 111, 112, 115, 117, 118, 121, 131, 132, 133, 143, 144, 151, 156, 159, 162, 167, 168, 172, 182, 186, 188, 189, 192, 195, 198, 199, 203, 207, 209, 210, 212, 215, 216, 218, 221, 223, 227, 266, 267, 268, 269, 271, 272, 273, 275, 293]",2,128,True
line,18,300,408,1,100.0,96,100.0,96,0,0.025347599992528558,"[0, 1, 2, 6, 10, 11, 14, 16, 18, 21, 22, 24, 28, 30, 32, 33, 35, 36, 37, 40, 42, 47, 48, 52, 53, 54, 57, 58, 59, 61, 63, 64, 67, 70, 76, 78, 80, 82, 84, 87, 92, 93, 95, 96, 97, 98, 102, 104, 108, 110, 111, 112, 115, 117, 118, 121, 131, 132, 133, 143, 144, 151, 156, 159, 162, 167, 168, 172, 182, 186, 188, 189, 192, 195, 198, 199, 203, 207, 209, 210, 212, 215, 216, 218, 221, 223, 227, 266, 267, 268, 269, 271, 272, 273, 275, 293]",3,15,True
line,19,300,408,1,100.0,96,100.0,96,0,0.03382110001984984,"[0, 1, 2, 6, 10, 11, 14, 16, 18, 21, 22, 24, 28, 30, 32, 33, 35, 36, 37, 40, 42, 47, 48, 52, 53, 54, 57, 58, 59, 61, 63, 64, 67, 70, 76, 78, 80, 82, 84, 87, 92, 93, 95, 96, 97, 98, 102, 104, 108, 110, 111, 112, 115, 117, 118, 121, 131, 132, 133, 143, 144, 151, 156, 159, 162, 167, 168, 172, 182, 186, 188, 189, 192, 195, 198, 199, 203, 207, 209, 210, 212, 215, 216, 218, 221, 223, 227, 266, 267, 268, 269, 271, 272, 273, 275, 293]",4,8,True
line,20,300,408,1,100.0,96,100.0,95,-1,0.0276597999909427,"[0, 1, 2, 10, 11, 12, 14, 16, 21, 22, 24, 28, 30, 32, 33, 35, 36, 37, 40, 42, 47, 48, 52, 53, 54, 57, 58, 59, 61, 63, 64, 67, 70, 76, 78, 80, 82, 84, 87, 92, 93, 95, 96, 97, 98, 102, 104, 108, 110, 111, 112, 115, 117, 118, 121, 131, 132, 133, 143, 144, 151, 156, 159, 162, 167, 168, 172, 182, 186, 188, 189, 192, 195, 198, 199, 203, 207, 209, 210, 212, 215, 216, 218, 221, 223, 227, 266, 267, 268, 269, 271, 272, 273, 275, 293]",6,11,True
line,21,300,408,1,100.0,96,100.0,96,0,0.0246997999784071,"[0, 1, 2, 6, 10, 11, 14, 16, 18, 21, 22, 24, 28, 30, 32, 33, 35, 36, 37, 40, 42, 47, 48, 52, 53, 54, 57, 58, 59, 61, 63, 64, 67, 70, 76, 78, 80, 82, 84, 87, 92, 93, 95, 96, 97, 98, 102, 104, 108, 110, 111, 112, 115, 117, 118, 121, 131, 132, 133, 143, 144, 151, 156, 159, 162, 167, 168, 172, 182, 186, 188, 189, 192, 195, 198, 199, 203, 207, 209, 210, 212, 215, 216, 218, 221, 223, 227, 266, 267, 268, 269, 271, 272, 273, 275, 293]",6,109,True
line,22,300,408,1,100.0,96,100.0,95,-1,0.02644520002650097,"[0, 1, 2, 10, 11, 12, 14, 16, 21, 22, 24, 28, 30, 32, 33, 35, 36, 37, 40, 42, 47, 48, 52, 53, 54, 57, 58, 59, 61, 63, 64, 67, 70, 76, 78, 80, 82, 84, 87, 92, 93, 95, 96, 97, 98, 102, 104, 108, 110, 111, 112, 115, 117, 118, 121, 131, 132, 133, 143, 144, 151, 156, 159, 162, 167, 168, 172, 182, 186, 188, 189, 192, 195, 198, 199, 203, 207, 209, 210, 212, 215, 216, 218, 221, 223, 227, 266, 267, 268, 269, 271, 272, 273, 275, 293]",7,10,True
line,23,300,408,1,100.0,96,100.0,96,0,0.023835299973143265,"[0, 1, 2, 6, 10, 11, 14, 16, 18, 21, 22, 24, 28, 30, 32, 33, 35, 36, 37, 40, 42, 47, 48, 52, 53, 54, 57, 58, 59, 61, 63, 64, 67, 70, 76, 78, 80, 82, 84, 87, 92, 93, 95, 96, 97, 98, 102, 104, 108, 110, 111, 112, 115, 117, 118, 121, 131, 132, 133, 143, 144, 151, 156, 159, 162, 167, 168, 172, 182, 186, 188, 189, 192, 195, 198, 199, 203, 207, 209, 210, 212, 215, 216, 218, 221, 223, 227, 266, 267, 268, 269, 271, 272, 273, 275, 293]",7,13,True
line,24,300,408,1,99.66666666666667,96,100.0,97,1,0.025103799998760223,"[0, 1, 2, 4, 6, 10, 11, 14, 16, 18, 21, 22, 24, 28, 30, 32, 33, 35, 36, 37, 40, 42, 47, 48, 52, 53, 54, 57, 58, 59, 61, 63, 64, 67, 70, 76, 78, 80, 82, 84, 87, 92, 93, 95, 96, 97, 98, 102, 104, 108, 110, 111, 112, 115, 117, 118, 121, 131, 132, 133, 143, 144, 151, 156, 159, 162, 167, 168, 172, 182, 186, 188, 189, 192, 195, 198, 199, 203, 207, 209, 210, 212, 215, 216, 218, 221, 223, 227, 266, 267, 268, 269, 271, 272, 273, 275, 293]",8,10,False
line,25,300,408,1,100.0,96,100.0,96,0,0.023795300017809495,"[0, 1, 2, 6, 10, 11, 14, 16, 18, 21, 22, 24, 28, 30, 32, 33, 35, 36, 37, 40, 42, 47, 48, 52, 53, 54, 57, 58, 59, 61, 63, 64, 67, 70, 76, 78, 80, 82, 84, 87, 92, 93, 95, 96, 97, 98, 102, 104, 108, 110, 111, 112, 115, 117, 118, 121, 131, 132, 133, 143, 144, 151, 156, 159, 162, 167, 168, 172, 182, 186, 188, 189, 192, 195, 198, 199, 203, 207, 209, 210, 212, 215, 216, 218, 221, 223, 227, 266, 267, 268, 269, 271, 272, 273, 275, 293]",10,12,True
line,26,300,408,1,100.0,96,100.0,96,0,0.026426500000525266,"[0, 1, 2, 6, 10, 11, 14, 16, 18, 21, 22, 24, 28, 30, 32, 33, 35, 36, 37, 40, 42, 47, 48, 52, 53, 54, 57, 58, 59, 61, 63, 64, 67, 70, 76, 78, 80, 82, 84, 87, 92, 93, 95, 96, 97, 98, 102, 104, 108, 110, 111, 112, 115, 117, 118, 121, 131, 132, 133, 143, 144, 151, 156, 159, 162, 167, 168, 172, 182, 186, 188, 189, 192, 195, 198, 199, 203, 207, 209, 210, 212, 215, 216, 218, 221, 223, 227, 266, 267, 268, 269, 271, 272, 273, 275, 293]",11,19,True
line,27,300,408,1,100.0,96,100.0,96,0,0.022551200003363192,"[0, 1, 2, 6, 10, 11, 14, 16, 18, 21, 22, 24, 28, 30, 32, 33, 35, 36, 37, 40, 42, 47, 48, 52, 53, 54, 57, 58, 59, 61, 63, 64, 67, 70, 76, 78, 80, 82, 84, 87, 92, 93, 95, 96, 97, 98, 102, 104, 108, 110, 111, 112, 115, 117, 118, 121, 131, 132, 133, 143, 144, 151, 156, 159, 162, 167, 168, 172, 182, 186, 188, 189, 192, 195, 198, 199, 203, 207, 209, 210, 212, 215, 216, 218, 221, 223, 227, 266, 267, 268, 269, 271, 272, 273, 275, 293]",12,18,True
line,28,300,408,1,99.66666666666667,96,100.0,96,0,0.021740700001828372,"[0, 1, 2, 6, 7, 10, 11, 16, 18, 21, 22, 24, 28, 30, 32, 33, 35, 36, 37, 40, 42, 47, 48, 52, 53, 54, 57, 58, 59, 61, 63, 64, 67, 70, 76, 78, 80, 82, 84, 87, 92, 93, 95, 96, 97, 98, 102, 104, 108, 110, 111, 112, 115, 117, 118, 121, 131, 132, 133, 143, 144, 151, 156, 159, 162, 167, 168, 172, 182, 186, 188, 189, 192, 195, 198, 199, 203, 207, 209, 210, 212, 215, 216, 218, 221, 223, 227, 266, 267, 268, 269, 271, 272, 273, 275, 293]",13,14,False
line,29,300,408,1,100.0,96,100.0,96,0,0.022728999989340082,"[0, 1, 2, 6, 10, 11, 14, 16, 18, 21, 22, 24, 28, 30, 32, 33, 35, 36, 37, 40, 42, 47, 48, 52, 53, 54, 57, 58, 59, 61, 63, 64, 67, 70, 76, 78, 80, 82, 84, 87, 92, 93, 95, 96, 97, 98, 102, 104, 108, 110, 111, 112, 115, 117, 118, 121, 131, 132, 133, 143, 144, 151, 156, 159, 162, 167, 168, 172, 182, 186, 188, 189, 192, 195, 198, 199, 203, 207, 209, 210, 212, 215, 216, 218, 221, 223, 227, 266, 267, 268, 269, 271, 272, 273, 275, 293]",14,30,True
line,30,300,408,1,100.0,96,100.0,96,0,0.028188199998112395,"[0, 1, 2, 6, 10, 11, 14, 16, 18, 21, 22, 24, 28, 30, 32, 33, 35, 36, 37, 40, 42, 47, 48, 52, 53, 54, 57, 58, 59, 61, 63, 64, 67, 70, 76, 78, 80, 82, 84, 87, 92, 93, 95, 96, 97, 98, 102, 104, 108, 110, 111, 112, 115, 117, 118, 121, 131, 132, 133, 143, 144, 151, 156, 159, 162, 167, 168, 172, 182, 186, 188, 189, 192, 195, 198, 199, 203, 207, 209, 210, 212, 215, 216, 218, 221, 223, 227, 266, 267, 268, 269, 271, 272, 273, 275, 293]",14,73,True
line,31,300,408,1,100.0,96,100.0,96,0,0.031403500004671514,"[0, 1, 2, 6, 10, 11, 14, 16, 18, 21, 22, 24, 28, 30, 32, 33, 35, 36, 37, 40, 42, 47, 48, 52, 53, 54, 57, 58, 59, 61, 63, 64, 67, 70, 76, 78, 80, 82, 84, 87, 92, 93, 95, 96, 97, 98, 102, 104, 108, 110, 111, 112, 115, 117, 118, 121, 131, 132, 133, 143, 144, 151, 156, 159, 162, 167, 168, 172, 182, 186, 188, 189, 192, 195, 198, 199, 203, 207, 209, 210, 212, 215, 216, 218, 221, 223, 227, 266, 267, 268, 269, 271, 272, 273, 275, 293]",14,74,True
line,32,300,408,1,100.0,96,100.0,95,-1,0.026410199992824346,"[0, 1, 2, 6, 10, 11, 14, 16, 18, 21, 22, 24, 27, 28, 30, 32, 36, 37, 40, 42, 47, 48, 52, 53, 54, 57, 58, 59, 61, 63, 64, 67, 70, 76, 78, 80, 82, 84, 87, 92, 93, 95, 96, 97, 98, 102, 104, 108, 110, 111, 112, 115, 117, 118, 121, 131, 132, 133, 143, 144, 151, 156, 159, 162, 167, 168, 172, 182, 186, 188, 189, 192, 195, 198, 199, 203, 207, 209, 210, 212, 215, 216, 218, 221, 223, 227, 266, 267, 268, 269, 271, 272, 273, 275, 293]",15,35,True
line,33,300,408,1,100.0,96,100.0,96,0,0.023251800012076274,"[0, 1, 2, 6, 10, 11, 14, 16, 18, 21, 22, 24, 28, 30, 32, 33, 35, 36, 37, 40, 42, 47, 48, 52, 53, 54, 57, 58, 59, 61, 63, 64, 67, 70, 76, 78, 80, 82, 84, 87, 92, 93, 95, 96, 97, 98, 102, 104, 108, 110, 111, 112, 115, 117, 118, 121, 131, 132, 133, 143, 144, 151, 156, 159, 162, 167, 168, 172, 182, 186, 188, 189, 192, 195, 198, 199, 203, 207, 209, 210, 212, 215, 216, 218, 221, 223, 227, 266, 267, 268, 269, 271, 272, 273, 275, 293]",17,19,True
line,34,300,408,1,100.0,96,100.0,96,0,0.023783799988450482,"[0, 1, 2, 6, 10, 11, 14, 16, 18, 21, 22, 24, 28, 30, 32, 33, 35, 36, 37, 40, 42, 47, 48, 52, 53, 54, 57, 58, 59, 61, 63, 64, 67, 70, 76, 78, 80, 82, 84, 87, 92, 93, 95, 96, 97, 98, 102, 104, 108, 110, 111, 112, 115, 117, 118, 121, 131, 132, 133, 143, 144, 151, 156, 159, 162, 167, 168, 172, 182, 186, 188, 189, 192, 195, 198, 199, 203, 207, 209, 210, 212, 215, 216, 218, 221, 223, 227, 266, 267, 268, 269, 271, 272, 273, 275, 293]",17,71,True
line,35,300,408,1,100.0,96,100.0,96,0,0.026381100004073232,"[0, 1, 2, 6, 10, 11, 14, 16, 18, 21, 22, 24, 28, 30, 32, 33, 35, 36, 37, 40, 42, 47, 48, 52, 53, 54, 57, 58, 59, 61, 63, 64, 67, 70, 76, 78, 80, 82, 84, 87, 92, 93, 95, 96, 97, 98, 102, 104, 108, 110, 111, 112, 115, 117, 118, 121, 131, 132, 133, 143, 144, 151, 156, 159, 162, 167, 168, 172, 182, 186, 188, 189, 192, 195, 198, 199, 203, 207, 209, 210, 212, 215, 216, 218, 221, 223, 227, 266, 267, 268, 269, 271, 272, 273, 275, 293]",18,20,True
line,36,300,408,1,100.0,96,100.0,96,0,0.029568599973572418,"[0, 1, 2, 6, 10, 11, 12, 14, 16, 21, 22, 24, 28, 30, 32, 33, 35, 36, 37, 40, 42, 47, 48, 52, 53, 54, 57, 58, 59, 61, 63, 64, 67, 70, 76, 78, 80, 82, 84, 87, 92, 93, 95, 96, 97, 98, 102, 104, 108, 110, 111, 112, 115, 117, 118, 121, 131, 132, 133, 143, 144, 151, 156, 159, 162, 167, 168, 172, 182, 186, 188, 189, 192, 195, 198, 199, 203, 207, 209, 210, 212, 215, 216, 218, 221, 223, 227, 266, 267, 268, 269, 271, 272, 273, 275, 293]",18,25,True
line,37,300,408,1,100.0,96,100.0,96,0,0.028795799997169524,"[0, 1, 2, 6, 10, 11, 14, 16, 18, 21, 22, 24, 28, 30, 32, 33, 35, 36, 37, 40, 42, 47, 48, 52, 53, 54, 57, 58, 59, 61, 63, 64, 67, 70, 76, 78, 80, 82, 84, 87, 92, 93, 95, 96, 97, 98, 102, 104, 108, 110, 111, 112, 115, 117, 118, 121, 131, 132, 133, 143, 144, 151, 156, 159, 162, 167, 168, 172, 182, 186, 188, 189, 192, 195, 198, 199, 203, 207, 209, 210, 212, 215, 216, 218, 221, 223, 227, 266, 267, 268, 269, 271, 272, 273, 275, 293]",19,22,True
line,38,300,408,1,100.0,96,100.0,96,0,0.025506999983917922,"[0, 1, 2, 6, 10, 11, 14, 16, 18, 21, 22, 24, 28, 30, 32, 33, 35, 36, 37, 40, 42, 47, 48, 52, 53, 54, 57, 58, 59, 61, 63, 64, 67, 70, 76, 78, 80, 82, 84, 87, 92, 93, 95, 96, 97, 98, 102, 104, 108, 110, 111, 112, 115, 117, 118, 121, 131, 132, 133, 143, 144, 151, 156, 159, 162, 167, 168, 172, 182, 186, 188, 189, 192, 195, 198, 199, 203, 207, 209, 210, 212, 215, 216, 218, 221, 223, 227, 266, 267, 268, 269, 271, 272, 273, 275, 293]",20,21,True
line,39,300,408,1,100.0,96,100.0,96,0,0.02751359998364933,"[0, 1, 2, 6, 10, 11, 14, 16, 18, 21, 22, 24, 28, 30, 32, 33, 35, 36, 37, 40, 42, 47, 48, 52, 53, 54, 57, 58, 59, 61, 63, 64, 67, 70, 76, 78, 80, 82, 84, 87, 92, 93, 95, 96, 97, 98, 102, 104, 108, 110, 111, 112, 115, 117, 118, 121, 131, 132, 133, 143, 144, 151, 156, 159, 162, 167, 168, 172, 182, 186, 188, 189, 192, 195, 198, 199, 203, 207, 209, 210, 212, 215, 216, 218, 221, 223, 227, 266, 267, 268, 269, 271, 272, 273, 275, 293]",21,23,True
line,40,300,408,2,99.66666666666667,96,100.0,97,1,0.022207100002560765,"[0, 1, 2, 6, 10, 11, 14, 16, 18, 21, 22, 24, 28, 30, 32, 33, 35, 36, 37, 40, 42, 47, 48, 52, 53, 54, 57, 58, 59, 61, 63, 64, 67, 70, 76, 78, 80, 82, 84, 87, 92, 93, 95, 96, 97, 98, 102, 104, 108, 110, 111, 112, 115, 117, 118, 121, 131, 132, 133, 143, 144, 151, 156, 159, 162, 167, 168, 172, 182, 186, 188, 189, 192, 195, 198, 199, 203, 207, 209, 210, 212, 215, 216, 218, 221, 223, 227, 230, 266, 267, 268, 269, 271, 272, 273, 275, 293]",22,230,False
line,41,300,408,1,100.0,96,100.0,96,0,0.024427800002740696,"[0, 1, 2, 6, 10, 11, 14, 16, 18, 21, 22, 24, 28, 30, 32, 33, 35, 36, 37, 40, 42, 47, 48, 52, 53, 54, 57, 58, 59, 61, 63, 64, 67, 70, 76, 78, 80, 82, 84, 87, 92, 93, 95, 96, 97, 98, 102, 104, 108, 110, 111, 112, 115, 117, 118, 121, 131, 132, 133, 143, 144, 151, 156, 159, 162, 167, 168, 172, 182, 186, 188, 189, 192, 195, 198, 199, 203, 207, 209, 210, 212, 215, 216, 218, 221, 223, 227, 266, 267, 268, 269, 271, 272, 273, 275, 293]",23,24,True
line,42,300,408,1,100.0,96,100.0,96,0,0.025406100001418963,"[0, 1, 2, 6, 10, 11, 14, 16, 18, 21, 22, 24, 28, 30, 32, 33, 35, 36, 37, 40, 42, 47, 48, 52, 53, 54, 57, 58, 59, 61, 63, 64, 67, 70, 76, 78, 80, 82, 84, 87, 92, 93, 95, 96, 97, 98, 102, 104, 108, 110, 111, 112, 115, 117, 118, 121, 131, 132, 133, 143, 144, 151, 156, 159, 162, 167, 168, 172, 182, 186, 188, 189, 192, 195, 198, 199, 203, 207, 209, 210, 212, 215, 216, 218, 221, 223, 227, 266, 267, 268, 269, 271, 272, 273, 275, 293]",24,25,True
line,43,300,408,2,99.66666666666667,96,100.0,97,1,0.023486699996283278,"[0, 1, 2, 6, 10, 11, 14, 16, 18, 21, 22, 23, 28, 30, 32, 33, 35, 36, 37, 40, 42, 47, 48, 52, 53, 54, 57, 58, 59, 61, 63, 64, 67, 70, 76, 78, 80, 82, 84, 87, 92, 93, 95, 96, 97, 98, 102, 104, 108, 110, 111, 112, 115, 117, 118, 121, 131, 132, 133, 143, 144, 151, 156, 159, 162, 167, 168, 172, 182, 186, 188, 189, 192, 195, 198, 199, 203, 207, 209, 210, 212, 215, 216, 218, 221, 223, 227, 231, 266, 267, 268, 269, 271, 272, 273, 275, 293]",24,231,False
line,44,300,408,1,100.0,96,100.0,96,0,0.02211130000068806,"[0, 1, 2, 6, 10, 11, 14, 16, 18, 21, 22, 24, 28, 30, 32, 33, 35, 36, 37, 40, 42, 47, 48, 52, 53, 54, 57, 58, 59, 61, 63, 64, 67, 70, 76, 78, 80, 82, 84, 87, 92, 93, 95, 96, 97, 98, 102, 104, 108, 110, 111, 112, 115, 117, 118, 121, 131, 132, 133, 143, 144, 151, 156, 159, 162, 167, 168, 172, 182, 186, 188, 189, 192, 195, 198, 199, 203, 207, 209, 210, 212, 215, 216, 218, 221, 223, 227, 266, 267, 268, 269, 271, 272, 273, 275, 293]",26,31,True
line,45,300,408,1,99.66666666666667,96,100.0,96,0,0.02482269998290576,"[0, 1, 2, 6, 10, 11, 14, 16, 18, 21, 22, 24, 28, 30, 32, 34, 35, 36, 37, 40, 42, 47, 48, 52, 53, 54, 57, 58, 59, 61, 63, 64, 67, 70, 76, 78, 80, 82, 84, 87, 92, 93, 95, 96, 97, 98, 102, 104, 108, 110, 111, 112, 115, 117, 118, 121, 131, 132, 133, 143, 144, 151, 156, 159, 162, 167, 168, 172, 182, 186, 188, 189, 192, 195, 198, 199, 203, 207, 209, 210, 212, 215, 216, 218, 221, 223, 227, 266, 267, 268, 269, 271, 272, 273, 275, 293]",26,33,False
line,46,300,408,1,100.0,96,100.0,96,0,0.02626280000549741,"[0, 1, 2, 6, 10, 11, 14, 16, 18, 21, 22, 24, 28, 30, 32, 33, 35, 36, 37, 40, 42, 47, 48, 52, 53, 54, 57, 58, 59, 61, 63, 64, 67, 70, 76, 78, 80, 82, 84, 87, 92, 93, 95, 96, 97, 98, 102, 104, 108, 110, 111, 112, 115, 117, 118, 121, 131, 132, 133, 143, 144, 151, 156, 159, 162, 167, 168, 172, 182, 186, 188, 189, 192, 195, 198, 199, 203, 207, 209, 210, 212, 215, 216, 218, 221, 223, 227, 266, 267, 268, 269, 271, 272, 273, 275, 293]",26,34,True
line,47,300,408,1,99.66666666666667,96,100.0,95,-1,0.022577399999136105,"[0, 1, 2, 6, 10, 11, 14, 16, 18, 21, 22, 24, 26, 28, 30, 32, 36, 37, 40, 42, 47, 48, 52, 53, 54, 57, 58, 59, 61, 63, 64, 67, 70, 76, 78, 80, 82, 84, 87, 92, 93, 95, 96, 97, 98, 102, 104, 108, 110, 111, 112, 115, 117, 118, 121, 131, 132, 133, 143, 144, 151, 156, 159, 162, 167, 168, 172, 182, 186, 188, 189, 192, 195, 198, 199, 203, 207, 209, 210, 212, 215, 216, 218, 221, 223, 227, 266, 267, 268, 269, 271, 272, 273, 275, 293]",27,35,False
line,48,300,408,1,100.0,96,100.0,96,0,0.025576099986210465,"[0, 1, 2, 6, 10, 11, 14, 16, 18, 21, 22, 24, 28, 30, 32, 33, 35, 36, 37, 40, 42, 47, 48, 52, 53, 54, 57, 58, 59, 61, 63, 64, 67, 70, 76, 78, 80, 82, 84, 87, 92, 93, 95, 96, 97, 98, 102, 104, 108, 110, 111, 112, 115, 117, 118, 121, 131, 132, 133, 143, 144, 151, 156, 159, 162, 167, 168, 172, 182, 186, 188, 189, 192, 195, 198, 199, 203, 207, 209, 210, 212, 215, 216, 218, 221, 223, 227, 266, 267, 268, 269, 271, 272, 273, 275, 293]",28,59,True
line,49,300,408,1,100.0,96,100.0,96,0,0.024114899977575988,"[0, 1, 2, 6, 10, 11, 14, 16, 18, 21, 22, 24, 28, 30, 32, 33, 35, 36, 37, 40, 42, 47, 48, 52, 53, 54, 57, 58, 59, 61, 63, 64, 67, 70, 76, 78, 80, 82, 84, 87, 92, 93, 95, 96, 97, 98, 102, 104, 108, 110, 111, 112, 115, 117, 118, 121, 131, 132, 133, 143, 144, 151, 156, 159, 162, 167, 168, 172, 182, 186, 188, 189, 192, 195, 198, 199, 203, 207, 209, 210, 212, 215, 216, 218, 221, 223, 227, 266, 267, 268, 269, 271, 272, 273, 275, 293]",28,62,True
line,50,300,408,1,100.0,96,100.0,96,0,0.022175799997057766,"[0, 1, 2, 6, 10, 11, 14, 16, 18, 21, 22, 24, 28, 30, 32, 33, 35, 36, 37, 40, 42, 47, 48, 52, 53, 54, 57, 58, 59, 61, 63, 64, 67, 70, 76, 78, 80, 82, 84, 87, 92, 93, 95, 96, 97, 98, 102, 104, 108, 110, 111, 112, 115, 117, 118, 121, 131, 132, 133, 143, 144, 151, 156, 159, 162, 167, 168, 172, 182, 186, 188, 189, 192, 195, 198, 199, 203, 207, 209, 210, 212, 215, 216, 218, 221, 223, 227, 266, 267, 268, 269, 271, 272, 273, 275, 293]",28,63,True
line,51,300,408,1,100.0,96,100.0,96,0,0.023038199986331165,"[0, 1, 2, 6, 10, 11, 14, 16, 18, 21, 22, 24, 28, 30, 32, 33, 35, 36, 37, 40, 42, 47, 48, 52, 53, 54, 57, 58, 59, 61, 63, 64, 67, 70, 76, 78, 80, 82, 84, 87, 92, 93, 95, 96, 97, 98, 102, 104, 108, 110, 111, 112, 115, 117, 118, 121, 131, 132, 133, 143, 144, 151, 156, 159, 162, 167, 168, 172, 182, 186, 188, 189, 192, 195, 198, 199, 203, 207, 209, 210, 212, 215, 216, 218, 221, 223, 227, 266, 267, 268, 269, 271, 272, 273, 275, 293]",29,72,True
line,52,300,408,1,100.0,96,100.0,96,0,0.023180899996077642,"[0, 1, 2, 6, 10, 11, 14, 16, 18, 21, 22, 24, 28, 30, 32, 34, 35, 36, 37, 40, 42, 47, 48, 52, 53, 54, 57, 58, 59, 61, 63, 64, 67, 70, 76, 78, 80, 82, 84, 87, 92, 93, 95, 96, 97, 98, 102, 104, 108, 110, 111, 112, 115, 117, 118, 121, 131, 132, 133, 143, 144, 151, 156, 159, 162, 167, 168, 172, 182, 186, 188, 189, 192, 195, 198, 199, 203, 207, 209, 210, 212, 215, 216, 218, 221, 223, 227, 266, 267, 268, 269, 271, 272, 273, 275, 293]",30,31,True
line,53,300,408,1,100.0,96,100.0,96,0,0.026341899996623397,"[0, 1, 2, 6, 10, 11, 14, 16, 18, 21, 22, 24, 28, 30, 32, 33, 35, 36, 37, 40, 42, 47, 48, 52, 53, 54, 57, 58, 59, 61, 63, 64, 67, 70, 76, 78, 80, 82, 84, 87, 92, 93, 95, 96, 97, 98, 102, 104, 108, 110, 111, 112, 115, 117, 118, 121, 131, 132, 133, 143, 144, 151, 156, 159, 162, 167, 168, 172, 182, 186, 188, 189, 192, 195, 198, 199, 203, 207, 209, 210, 212, 215, 216, 218, 221, 223, 227, 266, 267, 268, 269, 271, 272, 273, 275, 293]",30,33,True
line,54,300,408,1,100.0,96,100.0,96,0,0.02755630001774989,"[0, 1, 2, 6, 10, 11, 14, 16, 18, 21, 22, 24, 28, 30, 32, 33, 35, 36, 37, 40, 42, 47, 48, 52, 53, 54, 57, 58, 59, 61, 63, 64, 67, 70, 76, 78, 80, 82, 84, 87, 92, 93, 95, 96, 97, 98, 102, 104, 108, 110, 111, 112, 115, 117, 118, 121, 131, 132, 133, 143, 144, 151, 156, 159, 162, 167, 168, 172, 182, 186, 188, 189, 192, 195, 198, 199, 203, 207, 209, 210, 212, 215, 216, 218, 221, 223, 227, 266, 267, 268, 269, 271, 272, 273, 275, 293]",30,34,True
line,55,300,408,1,100.0,96,100.0,96,0,0.023262099974090233,"[0, 1, 2, 6, 10, 11, 14, 16, 18, 21, 22, 24, 28, 30, 32, 34, 35, 36, 37, 40, 42, 47, 48, 52, 53, 54, 57, 58, 59, 61, 63, 64, 67, 70, 76, 78, 80, 82, 84, 87, 92, 93, 95, 96, 97, 98, 102, 104, 108, 110, 111, 112, 115, 117, 118, 121, 131, 132, 133, 143, 144, 151, 156, 159, 162, 167, 168, 172, 182, 186, 188, 189, 192, 195, 198, 199, 203, 207, 209, 210, 212, 215, 216, 218, 221, 223, 227, 266, 267, 268, 269, 271, 272, 273, 275, 293]",30,42,True
line,56,300,408,1,100.0,96,100.0,96,0,0.021760800009360537,"[0, 1, 2, 6, 10, 11, 14, 16, 18, 21, 22, 24, 28, 30, 32, 33, 35, 36, 37, 40, 42, 47, 48, 52, 53, 54, 57, 58, 59, 61, 63, 64, 67, 70, 76, 78, 80, 82, 84, 87, 92, 93, 95, 96, 97, 98, 102, 104, 108, 110, 111, 112, 115, 117, 118, 121, 131, 132, 133, 143, 144, 151, 156, 159, 162, 167, 168, 172, 182, 186, 188, 189, 192, 195, 198, 199, 203, 207, 209, 210, 212, 215, 216, 218, 221, 223, 227, 266, 267, 268, 269, 271, 272, 273, 275, 293]",30,73,True
line,57,300,408,1,100.0,96,100.0,96,0,0.02535889999126084,"[0, 1, 2, 6, 10, 11, 14, 16, 18, 21, 22, 24, 28, 30, 32, 33, 35, 36, 37, 40, 42, 47, 48, 52, 53, 54, 57, 58, 59, 61, 63, 64, 67, 70, 76, 78, 80, 82, 84, 87, 92, 93, 95, 96, 97, 98, 102, 104, 108, 110, 111, 112, 115, 117, 118, 121, 131, 132, 133, 143, 144, 151, 156, 159, 162, 167, 168, 172, 182, 186, 188, 189, 192, 195, 198, 199, 203, 207, 209, 210, 212, 215, 216, 218, 221, 223, 227, 266, 267, 268, 269, 271, 272, 273, 275, 293]",30,74,True
line,58,300,408,1,100.0,96,100.0,96,0,0.023300500004552305,"[0, 1, 2, 6, 10, 11, 14, 16, 18, 21, 22, 24, 28, 30, 32, 33, 35, 36, 37, 40, 42, 47, 48, 52, 53, 54, 57, 58, 59, 61, 63, 64, 67, 70, 76, 78, 80, 82, 84, 87, 92, 93, 95, 96, 97, 98, 102, 104, 108, 110, 111, 112, 115, 117, 118, 121, 131, 132, 133, 143, 144, 151, 156, 159, 162, 167, 168, 172, 182, 186, 188, 189, 192, 195, 198, 199, 203, 207, 209, 210, 212, 215, 216, 218, 221, 223, 227, 266, 267, 268, 269, 271, 272, 273, 275, 293]",31,34,True
line,59,300,408,1,100.0,96,100.0,96,0,0.024704900017241016,"[0, 1, 2, 6, 10, 11, 14, 16, 18, 21, 22, 24, 28, 30, 32, 33, 35, 36, 37, 40, 42, 47, 48, 52, 53, 54, 57, 58, 59, 61, 63, 64, 67, 70, 76, 78, 80, 82, 84, 87, 92, 93, 95, 96, 97, 98, 102, 104, 108, 110, 111, 112, 115, 117, 118, 121, 131, 132, 133, 143, 144, 151, 156, 159, 162, 167, 168, 172, 182, 186, 188, 189, 192, 195, 198, 199, 203, 207, 209, 210, 212, 215, 216, 218, 221, 223, 227, 266, 267, 268, 269, 271, 272, 273, 275, 293]",31,36,True
line,60,300,408,2,100.0,96,100.0,95,-1,0.025579399982234463,"[0, 1, 2, 6, 10, 11, 14, 16, 18, 21, 22, 24, 27, 28, 30, 32, 36, 37, 40, 42, 47, 48, 52, 53, 54, 57, 58, 59, 61, 63, 64, 67, 70, 76, 78, 80, 82, 84, 87, 92, 93, 95, 96, 97, 98, 102, 104, 108, 110, 111, 112, 115, 117, 118, 121, 131, 132, 133, 143, 144, 151, 156, 159, 162, 167, 168, 172, 182, 186, 188, 189, 192, 195, 198, 199, 203, 207, 209, 210, 212, 215, 216, 218, 221, 223, 227, 266, 267, 268, 269, 271, 272, 273, 275, 293]",32,35,True
line,61,300,408,1,100.0,96,100.0,96,0,0.02394439998897724,"[0, 1, 2, 6, 10, 11, 14, 16, 18, 21, 22, 24, 28, 30, 32, 34, 35, 36, 37, 40, 42, 47, 48, 52, 53, 54, 57, 58, 59, 61, 63, 64, 67, 70, 76, 78, 80, 82, 84, 87, 92, 93, 95, 96, 97, 98, 102, 104, 108, 110, 111, 112, 115, 117, 118, 121, 131, 132, 133, 143, 144, 151, 156, 159, 162, 167, 168, 172, 182, 186, 188, 189, 192, 195, 198, 199, 203, 207, 209, 210, 212, 215, 216, 218, 221, 223, 227, 266, 267, 268, 269, 271, 272, 273, 275, 293]",33,41,True
line,62,300,408,1,100.0,96,100.0,96,0,0.025189200008753687,"[0, 1, 2, 6, 10, 11, 14, 16, 18, 21, 22, 24, 28, 30, 32, 33, 35, 36, 37, 40, 42, 47, 48, 52, 53, 54, 57, 58, 59, 61, 63, 64, 67, 70, 76, 78, 80, 82, 84, 87, 92, 93, 95, 96, 97, 98, 102, 104, 108, 110, 111, 112, 115, 117, 118, 121, 131, 132, 133, 143, 144, 151, 156, 159, 162, 167, 168, 172, 182, 186, 188, 189, 192, 195, 198, 199, 203, 207, 209, 210, 212, 215, 216, 218, 221, 223, 227, 266, 267, 268, 269, 271, 272, 273, 275, 293]",34,42,True
line,63,300,408,1,100.0,96,100.0,96,0,0.022836800024379045,"[0, 1, 2, 6, 10, 11, 14, 16, 18, 21, 22, 24, 28, 30, 32, 33, 35, 36, 37, 40, 42, 47, 48, 52, 53, 54, 57, 58, 59, 61, 63, 64, 67, 70, 76, 78, 80, 82, 84, 87, 92, 93, 95, 96, 97, 98, 102, 104, 108, 110, 111, 112, 115, 117, 118, 121, 131, 132, 133, 143, 144, 151, 156, 159, 162, 167, 168, 172, 182, 186, 188, 189, 192, 195, 198, 199, 203, 207, 209, 210, 212, 215, 216, 218, 221, 223, 227, 266, 267, 268, 269, 271, 272, 273, 275, 293]",34,43,True
line,64,300,408,1,100.0,96,100.0,96,0,0.022200900013558567,"[0, 1, 2, 6, 10, 11, 14, 16, 18, 21, 22, 24, 28, 30, 32, 33, 35, 36, 37, 40, 42, 47, 48, 52, 53, 54, 57, 58, 59, 61, 63, 64, 67, 70, 76, 78, 80, 82, 84, 87, 92, 93, 95, 96, 97, 98, 102, 104, 108, 110, 111, 112, 115, 117, 118, 121, 131, 132, 133, 143, 144, 151, 156, 159, 162, 167, 168, 172, 182, 186, 188, 189, 192, 195, 198, 199, 203, 207, 209, 210, 212, 215, 216, 218, 221, 223, 227, 266, 267, 268, 269, 271, 272, 273, 275, 293]",35,39,True
line,65,300,408,1,100.0,96,100.0,96,0,0.023327000002609566,"[0, 1, 2, 6, 10, 11, 14, 16, 18, 21, 22, 24, 28, 30, 32, 34, 35, 36, 37, 40, 42, 47, 48, 52, 53, 54, 57, 58, 59, 61, 63, 64, 67, 70, 76, 78, 80, 82, 84, 87, 92, 93, 95, 96, 97, 98, 102, 104, 108, 110, 111, 112, 115, 117, 118, 121, 131, 132, 133, 143, 144, 151, 156, 159, 162, 167, 168, 172, 182, 186, 188, 189, 192, 195, 198, 199, 203, 207, 209, 210, 212, 215, 216, 218, 221, 223, 227, 266, 267, 268, 269, 271, 272, 273, 275, 293]",36,37,True
line,66,300,408,1,100.0,96,100.0,96,0,0.02315300001646392,"[0, 1, 2, 6, 10, 11, 14, 16, 18, 21, 22, 24, 28, 30, 32, 33, 35, 36, 37, 40, 42, 47, 48, 52, 53, 54, 57, 58, 59, 61, 63, 64, 67, 70, 76, 78, 80, 82, 84, 87, 92, 93, 95, 96, 97, 98, 102, 104, 108, 110, 111, 112, 115, 117, 118, 121, 131, 132, 133, 143, 144, 151, 156, 159, 162, 167, 168, 172, 182, 186, 188, 189, 192, 195, 198, 199, 203, 207, 209, 210, 212, 215, 216, 218, 221, 223, 227, 266, 267, 268, 269, 271, 272, 273, 275, 293]",36,41,True
line,67,300,408,1,99.66666666666667,96,100.0,96,0,0.027598500018939376,"[0, 1, 2, 6, 10, 11, 14, 16, 18, 21, 22, 24, 28, 30, 32, 33, 35, 37, 40, 42, 45, 47, 48, 52, 53, 54, 57, 58, 59, 61, 63, 64, 67, 70, 76, 78, 80, 82, 84, 87, 92, 93, 95, 96, 97, 98, 102, 104, 108, 110, 111, 112, 115, 117, 118, 121, 131, 132, 133, 143, 144, 151, 156, 159, 162, 167, 168, 172, 182, 186, 188, 189, 192, 195, 198, 199, 203, 207, 209, 210, 212, 215, 216, 218, 221, 223, 227, 266, 267, 268, 269, 271, 272, 273, 275, 293]",36,45,False
line,68,300,408,1,100.0,96,100.0,96,0,0.02232800002093427,"[0, 1, 2, 6, 10, 11, 14, 16, 18, 21, 22, 24, 28, 30, 32, 33, 35, 36, 37, 40, 42, 47, 48, 52, 53, 54, 57, 58, 59, 61, 63, 64, 67, 70, 76, 78, 80, 82, 84, 87, 92, 93, 95, 96, 97, 98, 102, 104, 108, 110, 111, 112, 115, 117, 118, 121, 131, 132, 133, 143, 144, 151, 156, 159, 162, 167, 168, 172, 182, 186, 188, 189, 192, 195, 198, 199, 203, 207, 209, 210, 212, 215, 216, 218, 221, 223, 227, 266, 267, 268, 269, 271, 272, 273, 275, 293]",37,40,True
line,69,300,408,1,100.0,96,100.0,96,0,0.02798139999504201,"[0, 1, 2, 6, 10, 11, 14, 16, 18, 21, 22, 24, 28, 30, 32, 33, 35, 36, 37, 40, 42, 47, 48, 52, 53, 54, 57, 58, 59, 61, 63, 64, 67, 70, 76, 78, 80, 82, 84, 87, 92, 93, 95, 96, 97, 98, 102, 104, 108, 110, 111, 112, 115, 117, 118, 121, 131, 132, 133, 143, 144, 151, 156, 159, 162, 167, 168, 172, 182, 186, 188, 189, 192, 195, 198, 199, 203, 207, 209, 210, 212, 215, 216, 218, 221, 223, 227, 266, 267, 268, 269, 271, 272, 273, 275, 293]",37,46,True
line,70,300,408,1,100.0,96,100.0,96,0,0.022961000009672716,"[0, 1, 2, 6, 10, 11, 14, 16, 18, 21, 22, 24, 28, 30, 32, 33, 35, 36, 37, 40, 42, 47, 48, 52, 53, 54, 57, 58, 59, 61, 63, 64, 67, 70, 76, 78, 80, 82, 84, 87, 92, 93, 95, 96, 97, 98, 102, 104, 108, 110, 111, 112, 115, 117, 118, 121, 131, 132, 133, 143, 144, 151, 156, 159, 162, 167, 168, 172, 182, 186, 188, 189, 192, 195, 198, 199, 203, 207, 209, 210, 212, 215, 216, 218, 221, 223, 227, 266, 267, 268, 269, 271, 272, 273, 275, 293]",38,51,True
line,71,300,408,1,100.0,96,100.0,96,0,0.021511800005100667,"[0, 1, 2, 6, 10, 11, 14, 16, 18, 21, 22, 24, 28, 30, 32, 33, 35, 36, 37, 40, 42, 47, 48, 52, 53, 54, 57, 58, 59, 61, 63, 64, 67, 70, 76, 78, 80, 82, 84, 87, 92, 93, 95, 96, 97, 98, 102, 104, 108, 110, 111, 112, 115, 117, 118, 121, 131, 132, 133, 143, 144, 151, 156, 159, 162, 167, 168, 172, 182, 186, 188, 189, 192, 195, 198, 199, 203, 207, 209, 210, 212, 215, 216, 218, 221, 223, 227, 266, 267, 268, 269, 271, 272, 273, 275, 293]",38,61,True
line,72,300,408,1,100.0,96,100.0,96,0,0.02463340002577752,"[0, 1, 2, 6, 10, 11, 14, 16, 18, 21, 22, 24, 28, 30, 32, 33, 35, 36, 37, 40, 42, 47, 48, 52, 53, 54, 57, 58, 59, 61, 63, 64, 67, 70, 76, 78, 80, 82, 84, 87, 92, 93, 95, 96, 97, 98, 102, 104, 108, 110, 111, 112, 115, 117, 118, 121, 131, 132, 133, 143, 144, 151, 156, 159, 162, 167, 168, 172, 182, 186, 188, 189, 192, 195, 198, 199, 203, 207, 209, 210, 212, 215, 216, 218, 221, 223, 227, 266, 267, 268, 269, 271, 272, 273, 275, 293]",39,67,True
line,73,300,408,1,100.0,96,100.0,96,0,0.022452800010796636,"[0, 1, 2, 6, 10, 11, 14, 16, 18, 21, 22, 24, 28, 30, 32, 33, 35, 36, 37, 40, 42, 47, 48, 52, 53, 54, 57, 58, 59, 61, 63, 64, 67, 70, 76, 78, 80, 82, 84, 87, 92, 93, 95, 96, 97, 98, 102, 104, 108, 110, 111, 112, 115, 117, 118, 121, 131, 132, 133, 143, 144, 151, 156, 159, 162, 167, 168, 172, 182, 186, 188, 189, 192, 195, 198, 199, 203, 207, 209, 210, 212, 215, 216, 218, 221, 223, 227, 266, 267, 268, 269, 271, 272, 273, 275, 293]",40,60,True
line,74,300,408,1,99.66666666666667,96,100.0,96,0,0.022925800003577024,"[0, 1, 2, 6, 10, 11, 14, 16, 18, 21, 22, 24, 28, 30, 32, 33, 35, 36, 37, 42, 47, 48, 52, 53, 54, 57, 58, 59, 61, 63, 64, 67, 70, 76, 78, 80, 82, 84, 87, 88, 92, 93, 95, 96, 97, 98, 102, 104, 108, 110, 111, 112, 115, 117, 118, 121, 131, 132, 133, 143, 144, 151, 156, 159, 162, 167, 168, 172, 182, 186, 188, 189, 192, 195, 198, 199, 203, 207, 209, 210, 212, 215, 216, 218, 221, 223, 227, 266, 267, 268, 269, 271, 272, 273, 275, 293]",40,91,False
line,75,300,408,1,100.0,96,100.0,96,0,0.023398599994834512,"[0, 1, 2, 6, 10, 11, 14, 16, 18, 21, 22, 24, 28, 30, 32, 33, 35, 36, 37, 40, 42, 47, 48, 52, 53, 54, 57, 58, 59, 61, 63, 64, 67, 70, 76, 78, 80, 82, 84, 87, 92, 93, 95, 96, 97, 98, 102, 104, 108, 110, 111, 112, 115, 117, 118, 121, 131, 132, 133, 143, 144, 151, 156, 159, 162, 167, 168, 172, 182, 186, 188, 189, 192, 195, 198, 199, 203, 207, 209, 210, 212, 215, 216, 218, 221, 223, 227, 266, 267, 268, 269, 271, 272, 273, 275, 293]",41,86,True
line,76,300,408,1,99.66666666666667,96,100.0,97,1,0.028207900002598763,"[0, 1, 2, 6, 10, 11, 14, 16, 18, 21, 22, 24, 28, 30, 32, 33, 35, 36, 37, 40, 42, 43, 47, 48, 52, 53, 54, 57, 58, 59, 61, 63, 64, 67, 70, 76, 78, 80, 82, 84, 87, 92, 93, 95, 96, 97, 98, 102, 104, 108, 110, 111, 112, 115, 117, 118, 121, 131, 132, 133, 143, 144, 151, 156, 159, 162, 167, 168, 172, 182, 186, 188, 189, 192, 195, 198, 199, 203, 207, 209, 210, 212, 215, 216, 218, 221, 223, 227, 266, 267, 268, 269, 271, 272, 273, 275, 293]",42,43,False
line,77,300,408,1,100.0,96,100.0,96,0,0.02538419998018071,"[0, 1, 2, 6, 10, 11, 14, 16, 18, 21, 22, 24, 28, 30, 32, 33, 35, 36, 37, 40, 42, 47, 48, 52, 53, 54, 57, 58, 59, 61, 63, 64, 67, 70, 76, 78, 80, 82, 84, 87, 92, 93, 95, 96, 97, 98, 102, 104, 108, 110, 111, 112, 115, 117, 118, 121, 131, 132, 133, 143, 144, 151, 156, 159, 162, 167, 168, 172, 182, 186, 188, 189, 192, 195, 198, 199, 203, 207, 209, 210, 212, 215, 216, 218, 221, 223, 227, 266, 267, 268, 269, 271, 272, 273, 275, 293]",43,44,True
line,78,300,408,1,99.66666666666667,96,100.0,97,1,0.02247450000140816,"[0, 1, 2, 6, 10, 11, 14, 16, 18, 21, 22, 24, 28, 30, 32, 33, 35, 36, 37, 40, 42, 43, 47, 48, 52, 53, 54, 57, 58, 59, 61, 63, 64, 67, 70, 76, 78, 80, 82, 84, 87, 92, 93, 95, 96, 97, 98, 102, 104, 108, 110, 111, 112, 115, 117, 118, 121, 131, 132, 133, 143, 144, 151, 156, 159, 162, 167, 168, 172, 182, 186, 188, 189, 192, 195, 198, 199, 203, 207, 209, 210, 212, 215, 216, 218, 221, 223, 227, 266, 267, 268, 269, 271, 272, 273, 275, 293]",44,47,False
line,79,300,408,1,100.0,96,100.0,96,0,0.023293199978070334,"[0, 1, 2, 6, 10, 11, 14, 16, 18, 21, 22, 24, 28, 30, 32, 33, 35, 36, 37, 40, 42, 47, 48, 52, 53, 54, 57, 58, 59, 61, 63, 64, 67, 70, 76, 78, 80, 82, 84, 87, 92, 93, 95, 96, 97, 98, 102, 104, 108, 110, 111, 112, 115, 117, 118, 121, 131, 132, 133, 143, 144, 151, 156, 159, 162, 167, 168, 172, 182, 186, 188, 189, 192, 195, 198, 199, 203, 207, 209, 210, 212, 215, 216, 218, 221, 223, 227, 266, 267, 268, 269, 271, 272, 273, 275, 293]",45,46,True
line,80,300,408,1,100.0,96,100.0,96,0,0.02427449999959208,"[0, 1, 2, 6, 10, 11, 14, 16, 18, 21, 22, 24, 28, 30, 32, 33, 35, 36, 37, 40, 42, 47, 48, 52, 53, 54, 57, 58, 59, 61, 63, 64, 67, 70, 76, 78, 80, 82, 84, 87, 92, 93, 95, 96, 97, 98, 102, 104, 108, 110, 111, 112, 115, 117, 118, 121, 131, 132, 133, 143, 144, 151, 156, 159, 162, 167, 168, 172, 182, 186, 188, 189, 192, 195, 198, 199, 203, 207, 209, 210, 212, 215, 216, 218, 221, 223, 227, 266, 267, 268, 269, 271, 272, 273, 275, 293]",46,47,True
line,81,300,408,1,100.0,96,100.0,97,1,0.024400199996307492,"[0, 1, 2, 6, 10, 11, 14, 16, 18, 21, 22, 24, 28, 30, 32, 33, 35, 36, 37, 40, 42, 44, 47, 48, 52, 53, 54, 57, 58, 59, 61, 63, 64, 67, 70, 76, 78, 80, 82, 84, 87, 92, 93, 95, 96, 97, 98, 102, 104, 108, 110, 111, 112, 115, 117, 118, 121, 131, 132, 133, 143, 144, 151, 156, 159, 162, 167, 168, 172, 182, 186, 188, 189, 192, 195, 198, 199, 203, 207, 209, 210, 212, 215, 216, 218, 221, 223, 227, 266, 267, 268, 269, 271, 272, 273, 275, 293]",47,48,True
line,82,300,408,1,99.66666666666667,96,100.0,97,1,0.022079899994423613,"[0, 1, 2, 6, 10, 11, 14, 16, 18, 21, 22, 24, 28, 30, 32, 33, 35, 36, 37, 40, 42, 47, 48, 49, 52, 53, 54, 57, 58, 59, 61, 63, 64, 67, 70, 76, 78, 80, 82, 84, 87, 92, 93, 95, 96, 97, 98, 102, 104, 108, 110, 111, 112, 115, 117, 118, 121, 131, 132, 133, 143, 144, 151, 156, 159, 162, 167, 168, 172, 182, 186, 188, 189, 192, 195, 198, 199, 203, 207, 209, 210, 212, 215, 216, 218, 221, 223, 227, 266, 267, 268, 269, 271, 272, 273, 275, 293]",48,49,False
line,83,300,408,1,100.0,96,100.0,96,0,0.021981500001857057,"[0, 1, 2, 6, 10, 11, 14, 16, 18, 21, 22, 24, 28, 30, 32, 33, 35, 36, 37, 40, 42, 47, 48, 52, 53, 54, 57, 58, 59, 61, 63, 64, 67, 70, 76, 78, 80, 82, 84, 87, 92, 93, 95, 96, 97, 98, 102, 104, 108, 110, 111, 112, 115, 117, 118, 121, 131, 132, 133, 143, 144, 151, 156, 159, 162, 167, 168, 172, 182, 186, 188, 189, 192, 195, 198, 199, 203, 207, 209, 210, 212, 215, 216, 218, 221, 223, 227, 266, 267, 268, 269, 271, 272, 273, 275, 293]",48,54,True
line,84,300,408,1,100.0,96,100.0,96,0,0.022877900017192587,"[0, 1, 2, 6, 10, 11, 14, 16, 18, 21, 22, 24, 28, 30, 32, 33, 35, 36, 37, 40, 42, 47, 48, 52, 53, 54, 57, 58, 59, 61, 63, 64, 67, 70, 76, 78, 80, 82, 84, 87, 92, 93, 95, 96, 97, 98, 102, 104, 108, 110, 111, 112, 115, 117, 118, 121, 131, 132, 133, 143, 144, 151, 156, 159, 162, 167, 168, 172, 182, 186, 188, 189, 192, 195, 198, 199, 203, 207, 209, 210, 212, 215, 216, 218, 221, 223, 227, 266, 267, 268, 269, 271, 272, 273, 275, 293]",49,50,True
line,85,300,408,1,99.66666666666667,96,100.0,97,1,0.022739200008800253,"[0, 1, 2, 6, 10, 11, 14, 16, 18, 21, 22, 24, 28, 30, 32, 33, 35, 36, 37, 40, 42, 47, 48, 49, 52, 53, 54, 57, 58, 59, 61, 63, 64, 67, 70, 76, 78, 80, 82, 84, 87, 92, 93, 95, 96, 97, 98, 102, 104, 108, 110, 111, 112, 115, 117, 118, 121, 131, 132, 133, 143, 144, 151, 156, 159, 162, 167, 168, 172, 182, 186, 188, 189, 192, 195, 198, 199, 203, 207, 209, 210, 212, 215, 216, 218, 221, 223, 227, 266, 267, 268, 269, 271, 272, 273, 275, 293]",50,52,False
line,86,300,408,1,99.66666666666667,96,100.0,97,1,0.024081699986709282,"[0, 1, 2, 6, 10, 11, 14, 16, 18, 21, 22, 24, 28, 30, 32, 33, 35, 36, 37, 38, 40, 42, 47, 48, 52, 53, 54, 57, 58, 59, 61, 63, 64, 67, 70, 76, 78, 80, 82, 84, 87, 92, 93, 95, 96, 97, 98, 102, 104, 108, 110, 111, 112, 115, 117, 118, 121, 131, 132, 133, 143, 144, 151, 156, 159, 162, 167, 168, 172, 182, 186, 188, 189, 192, 195, 198, 199, 203, 207, 209, 210, 212, 215, 216, 218, 221, 223, 227, 266, 267, 268, 269, 271, 272, 273, 275, 293]",51,53,False
line,87,300,408,1,100.0,96,100.0,96,0,0.025044200010597706,"[0, 1, 2, 6, 10, 11, 14, 16, 18, 21, 22, 24, 28, 30, 32, 33, 35, 36, 37, 40, 42, 47, 48, 52, 53, 54, 57, 58, 59, 61, 63, 64, 67, 70, 76, 78, 80, 82, 84, 87, 92, 93, 95, 96, 97, 98, 102, 104, 108, 110, 111, 112, 115, 117, 118, 121, 131, 132, 133, 143, 144, 151, 156, 159, 162, 167, 168, 172, 182, 186, 188, 189, 192, 195, 198, 199, 203, 207, 209, 210, 212, 215, 216, 218, 221, 223, 227, 266, 267, 268, 269, 271, 272, 273, 275, 293]",53,55,True
line,88,300,408,1,100.0,96,100.0,96,0,0.023706299980403855,"[0, 1, 2, 6, 10, 11, 14, 16, 18, 21, 22, 24, 28, 30, 32, 33, 35, 36, 37, 40, 42, 47, 48, 52, 53, 54, 57, 58, 59, 61, 63, 64, 67, 70, 76, 78, 80, 82, 84, 87, 92, 93, 95, 96, 97, 98, 102, 104, 108, 110, 111, 112, 115, 117, 118, 121, 131, 132, 133, 143, 144, 151, 156, 159, 162, 167, 168, 172, 182, 186, 188, 189, 192, 195, 198, 199, 203, 207, 209, 210, 212, 215, 216, 218, 221, 223, 227, 266, 267, 268, 269, 271, 272, 273, 275, 293]",53,122,True
line,89,300,408,2,99.66666666666667,96,100.0,96,0,0.021175600006245077,"[0, 1, 2, 6, 10, 11, 14, 16, 18, 21, 22, 24, 28, 30, 32, 33, 35, 36, 37, 40, 42, 47, 48, 52, 53, 57, 58, 59, 61, 63, 64, 67, 70, 76, 78, 80, 82, 84, 87, 92, 93, 95, 96, 97, 98, 102, 104, 108, 110, 111, 112, 115, 117, 118, 121, 131, 132, 133, 143, 144, 151, 156, 159, 162, 167, 168, 172, 182, 186, 188, 189, 192, 195, 198, 199, 203, 207, 209, 210, 212, 215, 216, 218, 221, 223, 227, 235, 266, 267, 268, 269, 271, 272, 273, 275, 293]",54,235,False
line,90,300,408,1,99.66666666666667,96,100.0,98,2,0.027066699985880405,"[0, 1, 2, 6, 10, 11, 14, 16, 18, 21, 22, 24, 28, 30, 32, 33, 35, 36, 37, 40, 42, 47, 48, 52, 53, 54, 56, 57, 58, 59, 61, 63, 64, 67, 70, 76, 78, 80, 82, 84, 87, 92, 93, 95, 96, 97, 98, 102, 104, 108, 110, 111, 112, 115, 117, 118, 121, 131, 132, 133, 143, 144, 151, 156, 159, 162, 168, 171, 172, 173, 176, 178, 182, 186, 192, 195, 198, 199, 203, 207, 209, 210, 212, 215, 216, 218, 221, 223, 227, 266, 267, 268, 269, 271, 272, 273, 275, 293]",56,189,False
line,91,300,408,1,100.0,96,100.0,96,0,0.02275569998892024,"[0, 1, 2, 6, 10, 11, 14, 16, 18, 21, 22, 24, 28, 30, 32, 33, 35, 36, 37, 40, 42, 47, 48, 52, 53, 54, 57, 58, 59, 61, 63, 64, 67, 70, 76, 78, 80, 82, 84, 87, 92, 93, 95, 96, 97, 98, 102, 104, 108, 110, 111, 112, 115, 117, 118, 121, 131, 132, 133, 143, 144, 151, 156, 159, 162, 167, 168, 172, 182, 186, 188, 189, 192, 195, 198, 199, 203, 207, 209, 210, 212, 215, 216, 218, 221, 223, 227, 266, 267, 268, 269, 271, 272, 273, 275, 293]",56,65,True
line,92,300,408,2,100.0,96,100.0,96,0,0.024774299992714077,"[0, 1, 2, 6, 10, 11, 14, 16, 18, 21, 22, 24, 28, 30, 32, 33, 35, 36, 37, 40, 42, 47, 48, 52, 53, 54, 57, 58, 59, 61, 63, 64, 67, 70, 76, 78, 80, 82, 84, 87, 92, 93, 95, 96, 97, 98, 102, 104, 108, 110, 111, 112, 115, 117, 118, 121, 131, 132, 133, 143, 144, 151, 156, 159, 162, 167, 168, 172, 182, 186, 188, 189, 192, 195, 198, 199, 203, 207, 209, 210, 212, 215, 216, 218, 221, 223, 227, 266, 267, 268, 269, 271, 272, 273, 275, 293]",57,58,True
line,93,300,408,2,99.66666666666667,96,100.0,96,0,0.024073999986285344,"[0, 1, 2, 6, 10, 11, 14, 16, 18, 21, 22, 24, 28, 30, 32, 33, 35, 36, 37, 40, 42, 47, 48, 52, 53, 54, 58, 59, 61, 63, 64, 67, 70, 76, 78, 80, 82, 84, 87, 92, 93, 95, 96, 97, 98, 102, 104, 108, 110, 111, 112, 115, 117, 118, 121, 131, 132, 133, 143, 144, 151, 156, 159, 162, 167, 168, 172, 182, 186, 188, 189, 192, 195, 198, 199, 203, 207, 209, 210, 212, 215, 216, 218, 221, 223, 227, 236, 266, 267, 268, 269, 271, 272, 273, 275, 293]",57,236,False
line,94,300,408,1,100.0,96,100.0,96,0,0.030874199990648776,"[0, 1, 2, 6, 10, 11, 14, 16, 18, 21, 22, 24, 28, 30, 32, 33, 35, 36, 37, 40, 42, 47, 48, 52, 53, 54, 57, 58, 59, 61, 63, 64, 67, 70, 76, 78, 80, 82, 84, 87, 92, 93, 95, 96, 97, 98, 102, 104, 108, 110, 111, 112, 115, 117, 118, 121, 131, 132, 133, 143, 144, 151, 156, 159, 162, 167, 168, 172, 182, 186, 188, 189, 192, 195, 198, 199, 203, 207, 209, 210, 212, 215, 216, 218, 221, 223, 227, 266, 267, 268, 269, 271, 272, 273, 275, 293]",58,59,True
line,95,300,408,1,100.0,96,100.0,96,0,0.022169900010339916,"[0, 1, 2, 6, 10, 11, 14, 16, 18, 21, 22, 24, 28, 30, 32, 33, 35, 36, 37, 40, 42, 47, 48, 52, 53, 54, 57, 58, 59, 61, 63, 64, 67, 70, 76, 78, 80, 82, 84, 87, 92, 93, 95, 96, 97, 98, 102, 104, 108, 110, 111, 112, 115, 117, 118, 121, 131, 132, 133, 143, 144, 151, 156, 159, 162, 167, 168, 172, 182, 186, 188, 189, 192, 195, 198, 199, 203, 207, 209, 210, 212, 215, 216, 218, 221, 223, 227, 266, 267, 268, 269, 271, 272, 273, 275, 293]",58,60,True
line,96,300,408,1,100.0,96,100.0,96,0,0.02348329999949783,"[0, 1, 2, 6, 10, 11, 14, 16, 18, 21, 22, 24, 28, 30, 32, 33, 35, 36, 37, 40, 42, 47, 48, 52, 53, 54, 57, 58, 59, 61, 63, 64, 67, 70, 76, 78, 80, 82, 84, 87, 92, 93, 95, 96, 97, 98, 102, 104, 108, 110, 111, 112, 115, 117, 118, 121, 131, 132, 133, 143, 144, 151, 156, 159, 162, 167, 168, 172, 182, 186, 188, 189, 192, 195, 198, 199, 203, 207, 209, 210, 212, 215, 216, 218, 221, 223, 227, 266, 267, 268, 269, 271, 272, 273, 275, 293]",59,63,True
line,97,300,408,2,99.66666666666667,96,100.0,96,0,0.023664999986067414,"[0, 1, 2, 6, 10, 11, 14, 16, 18, 21, 22, 24, 28, 30, 32, 33, 35, 36, 37, 40, 42, 47, 48, 52, 53, 54, 57, 58, 61, 63, 64, 67, 70, 76, 78, 80, 82, 84, 87, 92, 93, 95, 96, 97, 98, 102, 104, 108, 110, 111, 112, 115, 117, 118, 121, 131, 132, 133, 143, 144, 151, 156, 159, 162, 167, 168, 172, 182, 186, 188, 189, 192, 195, 198, 199, 203, 207, 209, 210, 212, 215, 216, 218, 221, 223, 227, 237, 266, 267, 268, 269, 271, 272, 273, 275, 293]",59,237,False
line,98,300,408,1,100.0,96,100.0,96,0,0.022948199999518692,"[0, 1, 2, 6, 10, 11, 14, 16, 18, 21, 22, 24, 28, 30, 32, 33, 35, 36, 37, 40, 42, 47, 48, 52, 53, 54, 57, 58, 59, 61, 63, 64, 67, 70, 76, 78, 80, 82, 84, 87, 92, 93, 95, 96, 97, 98, 102, 104, 108, 110, 111, 112, 115, 117, 118, 121, 131, 132, 133, 143, 144, 151, 156, 159, 162, 167, 168, 172, 182, 186, 188, 189, 192, 195, 198, 199, 203, 207, 209, 210, 212, 215, 216, 218, 221, 223, 227, 266, 267, 268, 269, 271, 272, 273, 275, 293]",60,62,True
line,99,300,408,1,100.0,96,100.0,96,0,0.0221439000160899,"[0, 1, 2, 6, 10, 11, 14, 16, 18, 21, 22, 24, 28, 30, 32, 33, 35, 36, 37, 40, 42, 47, 48, 52, 53, 54, 57, 58, 59, 61, 63, 64, 67, 70, 76, 78, 80, 82, 84, 87, 92, 93, 95, 96, 97, 98, 102, 104, 108, 110, 111, 112, 115, 117, 118, 121, 131, 132, 133, 143, 144, 151, 156, 159, 162, 167, 168, 172, 182, 186, 188, 189, 192, 195, 198, 199, 203, 207, 209, 210, 212, 215, 216, 218, 221, 223, 227, 266, 267, 268, 269, 271, 272, 273, 275, 293]",60,65,True
line,100,300,408,1,100.0,96,100.0,96,0,0.02695499997935258,"[0, 1, 2, 6, 10, 11, 14, 16, 18, 21, 22, 24, 28, 30, 32, 33, 35, 36, 37, 40, 42, 47, 48, 52, 53, 54, 57, 58, 59, 61, 63, 64, 67, 70, 76, 78, 80, 82, 84, 87, 92, 93, 95, 96, 97, 98, 102, 104, 108, 110, 111, 112, 115, 117, 118, 121, 131, 132, 133, 143, 144, 151, 156, 159, 162, 167, 168, 172, 182, 186, 188, 189, 192, 195, 198, 199, 203, 207, 209, 210, 212, 215, 216, 218, 221, 223, 227, 266, 267, 268, 269, 271, 272, 273, 275, 293]",61,72,True
line,101,300,408,2,99.66666666666667,96,100.0,96,0,0.02537099999608472,"[0, 1, 2, 6, 10, 11, 14, 16, 18, 21, 22, 24, 30, 32, 33, 35, 36, 37, 40, 42, 47, 48, 52, 53, 54, 57, 58, 59, 63, 64, 67, 70, 72, 76, 78, 80, 82, 84, 87, 92, 93, 95, 96, 97, 98, 102, 104, 108, 110, 111, 112, 115, 117, 118, 121, 131, 132, 133, 143, 144, 151, 156, 159, 162, 167, 168, 172, 182, 186, 188, 189, 192, 195, 198, 199, 203, 207, 209, 210, 212, 215, 216, 218, 221, 223, 227, 239, 266, 267, 268, 269, 271, 272, 273, 275, 293]",61,239,False
line,102,300,408,1,100.0,96,100.0,96,0,0.033261300006415695,"[0, 1, 2, 6, 10, 11, 14, 16, 18, 21, 22, 24, 28, 30, 32, 33, 35, 36, 37, 40, 42, 47, 48, 52, 53, 54, 57, 58, 59, 61, 63, 64, 67, 70, 76, 78, 80, 82, 84, 87, 92, 93, 95, 96, 97, 98, 102, 104, 108, 110, 111, 112, 115, 117, 118, 121, 131, 132, 133, 143, 144, 151, 156, 159, 162, 167, 168, 172, 182, 186, 188, 189, 192, 195, 198, 199, 203, 207, 209, 210, 212, 215, 216, 218, 221, 223, 227, 266, 267, 268, 269, 271, 272, 273, 275, 293]",62,63,True
line,103,300,408,1,100.0,96,100.0,96,0,0.02754310000455007,"[0, 1, 2, 6, 10, 11, 14, 16, 18, 21, 22, 24, 28, 30, 32, 33, 35, 36, 37, 40, 42, 47, 48, 52, 53, 54, 57, 58, 59, 61, 63, 64, 67, 70, 76, 78, 80, 82, 84, 87, 92, 93, 95, 96, 97, 98, 102, 104, 108, 110, 111, 112, 115, 117, 118, 121, 131, 132, 133, 143, 144, 151, 156, 159, 162, 167, 168, 172, 182, 186, 188, 189, 192, 195, 198, 199, 203, 207, 209, 210, 212, 215, 216, 218, 221, 223, 227, 266, 267, 268, 269, 271, 272, 273, 275, 293]",63,64,True
line,104,300,408,1,100.0,96,100.0,96,0,0.025502100004814565,"[0, 1, 2, 6, 10, 11, 14, 16, 18, 21, 22, 24, 28, 30, 32, 33, 35, 36, 37, 40, 42, 47, 48, 52, 53, 54, 57, 58, 59, 61, 63, 64, 67, 70, 76, 78, 80, 82, 84, 87, 92, 93, 95, 96, 97, 98, 102, 104, 108, 110, 111, 112, 115, 117, 118, 121, 131, 132, 133, 143, 144, 151, 156, 159, 162, 167, 168, 172, 182, 186, 188, 189, 192, 195, 198, 199, 203, 207, 209, 210, 212, 215, 216, 218, 221, 223, 227, 266, 267, 268, 269, 271, 272, 273, 275, 293]",63,66,True
line,105,300,408,2,99.66666666666667,96,100.0,97,1,0.02448069999809377,"[0, 1, 2, 6, 10, 11, 14, 16, 18, 21, 22, 24, 28, 30, 32, 33, 35, 36, 37, 40, 42, 47, 48, 52, 53, 54, 57, 58, 59, 61, 63, 64, 67, 70, 76, 78, 80, 82, 84, 87, 92, 93, 95, 96, 97, 98, 102, 104, 108, 110, 111, 112, 115, 117, 118, 121, 131, 132, 133, 143, 144, 151, 156, 159, 162, 167, 168, 172, 182, 186, 188, 189, 192, 195, 198, 199, 203, 207, 209, 210, 212, 215, 216, 218, 221, 223, 227, 238, 266, 267, 268, 269, 271, 272, 273, 275, 293]",63,238,False
line,106,300,408,2,99.66666666666667,96,100.0,97,1,0.023366700013866648,"[0, 1, 2, 6, 10, 11, 14, 16, 18, 21, 22, 24, 28, 30, 32, 33, 35, 36, 37, 40, 42, 47, 48, 52, 53, 54, 57, 58, 59, 61, 63, 64, 67, 70, 76, 78, 80, 82, 84, 87, 92, 93, 95, 96, 97, 98, 102, 104, 108, 110, 111, 112, 115, 117, 118, 121, 131, 132, 133, 143, 144, 151, 156, 159, 162, 167, 168, 172, 182, 186, 188, 189, 192, 195, 198, 199, 203, 207, 209, 210, 212, 215, 216, 218, 221, 223, 227, 240, 266, 267, 268, 269, 271, 272, 273, 275, 293]",63,240,False
line,107,300,408,1,100.0,96,100.0,96,0,0.021529899997403845,"[0, 1, 2, 6, 10, 11, 14, 16, 18, 21, 22, 24, 28, 30, 32, 33, 35, 36, 37, 40, 42, 47, 48, 52, 53, 54, 57, 58, 59, 61, 63, 64, 67, 70, 76, 78, 80, 82, 84, 87, 92, 93, 95, 96, 97, 98, 102, 104, 108, 110, 111, 112, 115, 117, 118, 121, 131, 132, 133, 143, 144, 151, 156, 159, 162, 167, 168, 172, 182, 186, 188, 189, 192, 195, 198, 199, 203, 207, 209, 210, 212, 215, 216, 218, 221, 223, 227, 266, 267, 268, 269, 271, 272, 273, 275, 293]",64,65,True
line,108,300,408,2,99.66666666666667,96,100.0,96,0,0.021562399982940406,"[0, 1, 2, 6, 10, 11, 14, 16, 18, 21, 22, 24, 28, 30, 32, 33, 35, 36, 37, 40, 42, 47, 48, 52, 53, 54, 57, 58, 59, 61, 63, 67, 68, 70, 76, 78, 80, 82, 84, 87, 92, 93, 95, 96, 97, 98, 102, 104, 108, 110, 111, 112, 115, 117, 118, 121, 131, 132, 133, 143, 144, 151, 156, 159, 162, 167, 168, 172, 182, 186, 188, 189, 192, 195, 198, 199, 203, 207, 209, 210, 212, 215, 216, 218, 221, 223, 227, 266, 267, 268, 269, 271, 272, 273, 275, 293]",64,68,False
line,109,300,408,1,100.0,96,100.0,98,2,0.025919700012309477,"[0, 1, 2, 6, 10, 11, 14, 16, 18, 21, 22, 24, 28, 30, 32, 33, 35, 36, 37, 40, 42, 47, 48, 52, 53, 54, 56, 57, 58, 59, 61, 63, 64, 67, 70, 76, 78, 80, 82, 84, 87, 92, 93, 95, 96, 97, 98, 102, 104, 108, 110, 111, 112, 115, 117, 118, 121, 131, 132, 133, 143, 144, 151, 156, 159, 162, 168, 171, 172, 173, 176, 178, 182, 186, 192, 195, 198, 199, 203, 207, 209, 210, 212, 215, 216, 218, 221, 223, 227, 266, 267, 268, 269, 271, 272, 273, 275, 293]",65,189,True
line,110,300,408,1,100.0,96,100.0,96,0,0.02372649998869747,"[0, 1, 2, 6, 10, 11, 14, 16, 18, 21, 22, 24, 28, 30, 32, 33, 35, 36, 37, 40, 42, 47, 48, 52, 53, 54, 57, 58, 59, 61, 63, 64, 67, 70, 76, 78, 80, 82, 84, 87, 92, 93, 95, 96, 97, 98, 102, 104, 108, 110, 111, 112, 115, 117, 118, 121, 131, 132, 133, 143, 144, 151, 156, 159, 162, 167, 168, 172, 182, 186, 188, 189, 192, 195, 198, 199, 203, 207, 209, 210, 212, 215, 216, 218, 221, 223, 227, 266, 267, 268, 269, 271, 272, 273, 275, 293]",66,189,True
line,111,300,408,1,100.0,96,100.0,96,0,0.02250580000691116,"[0, 1, 2, 6, 10, 11, 14, 16, 18, 21, 22, 24, 30, 32, 33, 35, 36, 37, 40, 42, 47, 48, 52, 53, 54, 57, 58, 59, 61, 63, 64, 67, 70, 72, 76, 78, 80, 82, 84, 87, 92, 93, 95, 96, 97, 98, 102, 104, 108, 110, 111, 112, 115, 117, 118, 121, 131, 132, 133, 143, 144, 151, 156, 159, 162, 167, 168, 172, 182, 186, 188, 189, 192, 195, 198, 199, 203, 207, 209, 210, 212, 215, 216, 218, 221, 223, 227, 266, 267, 268, 269, 271, 272, 273, 275, 293]",67,172,True
line,112,300,408,1,99.66666666666667,96,100.0,96,0,0.026513799995882437,"[0, 1, 2, 6, 10, 11, 14, 16, 18, 21, 22, 24, 30, 32, 33, 35, 36, 37, 40, 42, 47, 48, 52, 53, 54, 57, 58, 59, 61, 63, 64, 70, 72, 76, 78, 80, 82, 84, 87, 92, 93, 95, 96, 97, 98, 102, 104, 108, 110, 111, 112, 115, 117, 118, 121, 131, 132, 133, 143, 144, 151, 156, 159, 162, 167, 168, 172, 173, 182, 186, 188, 189, 192, 195, 198, 199, 203, 207, 209, 210, 212, 215, 216, 218, 221, 223, 227, 266, 267, 268, 269, 271, 272, 273, 275, 293]",67,173,False
line,113,300,408,1,100.0,96,100.0,96,0,0.022094100015237927,"[0, 1, 2, 6, 10, 11, 14, 16, 18, 21, 22, 24, 28, 30, 32, 33, 35, 36, 37, 40, 42, 47, 48, 52, 53, 54, 57, 58, 59, 61, 63, 64, 67, 70, 76, 78, 80, 82, 84, 87, 92, 93, 95, 96, 97, 98, 102, 104, 108, 110, 111, 112, 115, 117, 118, 121, 131, 132, 133, 143, 144, 151, 156, 159, 162, 167, 168, 172, 182, 186, 188, 189, 192, 195, 198, 199, 203, 207, 209, 210, 212, 215, 216, 218, 221, 223, 227, 266, 267, 268, 269, 271, 272, 273, 275, 293]",69,70,True
line,114,300,408,1,99.66666666666667,96,100.0,97,1,0.02396520000183955,"[0, 1, 2, 6, 10, 11, 14, 16, 17, 18, 21, 22, 24, 28, 30, 32, 33, 35, 36, 37, 40, 42, 47, 48, 52, 53, 54, 57, 58, 59, 61, 63, 64, 67, 70, 76, 78, 80, 82, 84, 87, 92, 93, 95, 96, 97, 98, 102, 104, 108, 110, 111, 112, 115, 117, 118, 121, 131, 132, 133, 143, 144, 151, 156, 159, 162, 167, 168, 172, 182, 186, 188, 189, 192, 195, 198, 199, 203, 207, 209, 210, 212, 215, 216, 218, 221, 223, 227, 266, 267, 268, 269, 271, 272, 273, 275, 293]",70,71,False
line,115,300,408,2,99.66666666666667,96,100.0,97,1,0.02525119998608716,"[0, 1, 2, 6, 10, 11, 14, 16, 17, 18, 21, 22, 24, 28, 30, 32, 33, 35, 36, 37, 40, 42, 47, 48, 52, 53, 54, 57, 58, 59, 61, 63, 64, 67, 76, 78, 80, 82, 84, 87, 92, 93, 95, 96, 97, 98, 102, 104, 108, 110, 111, 112, 115, 117, 118, 121, 131, 132, 133, 143, 144, 151, 156, 159, 162, 167, 168, 172, 182, 186, 188, 189, 192, 195, 198, 199, 203, 207, 209, 210, 212, 215, 216, 218, 221, 223, 227, 233, 266, 267, 268, 269, 271, 272, 273, 275, 293]",70,233,False
line,116,300,408,1,100.0,96,100.0,96,0,0.023220800008857623,"[0, 1, 2, 6, 10, 11, 14, 16, 18, 21, 22, 24, 28, 30, 32, 33, 35, 36, 37, 40, 42, 47, 48, 52, 53, 54, 57, 58, 59, 61, 63, 64, 67, 70, 76, 78, 80, 82, 84, 87, 92, 93, 95, 96, 97, 98, 102, 104, 108, 110, 111, 112, 115, 117, 118, 121, 131, 132, 133, 143, 144, 151, 156, 159, 162, 167, 168, 172, 182, 186, 188, 189, 192, 195, 198, 199, 203, 207, 209, 210, 212, 215, 216, 218, 221, 223, 227, 266, 267, 268, 269, 271, 272, 273, 275, 293]",73,75,True
line,117,300,408,1,100.0,96,100.0,96,0,0.024727300013182685,"[0, 1, 2, 6, 10, 11, 14, 16, 18, 21, 22, 24, 28, 30, 32, 33, 35, 36, 37, 40, 42, 47, 48, 52, 53, 54, 57, 58, 59, 61, 63, 64, 67, 70, 76, 78, 80, 82, 84, 87, 92, 93, 95, 96, 97, 98, 102, 104, 108, 110, 111, 112, 115, 117, 118, 121, 131, 132, 133, 143, 144, 151, 156, 159, 162, 167, 168, 172, 182, 186, 188, 189, 192, 195, 198, 199, 203, 207, 209, 210, 212, 215, 216, 218, 221, 223, 227, 266, 267, 268, 269, 271, 272, 273, 275, 293]",74,76,True
line,118,300,408,1,100.0,96,100.0,96,0,0.025396899989573285,"[0, 1, 2, 6, 10, 11, 14, 16, 18, 21, 22, 24, 28, 30, 32, 33, 35, 36, 37, 40, 42, 47, 48, 52, 53, 54, 57, 58, 59, 61, 63, 64, 67, 70, 76, 78, 80, 82, 84, 87, 92, 93, 95, 96, 97, 98, 102, 104, 108, 110, 111, 112, 115, 117, 118, 121, 131, 132, 133, 143, 144, 151, 156, 159, 162, 167, 168, 172, 182, 186, 188, 189, 192, 195, 198, 199, 203, 207, 209, 210, 212, 215, 216, 218, 221, 223, 227, 266, 267, 268, 269, 271, 272, 273, 275, 293]",75,77,True
line,119,300,408,1,99.66666666666667,96,100.0,96,0,0.0252864999929443,"[0, 1, 2, 6, 10, 11, 14, 16, 18, 21, 22, 24, 28, 30, 32, 33, 35, 36, 37, 40, 42, 47, 48, 52, 53, 54, 57, 58, 59, 61, 63, 64, 67, 70, 76, 77, 80, 82, 84, 87, 92, 93, 95, 96, 97, 98, 102, 104, 108, 110, 111, 112, 115, 117, 118, 121, 131, 132, 133, 143, 144, 151, 156, 159, 162, 167, 168, 172, 182, 186, 188, 189, 192, 195, 198, 199, 203, 207, 209, 210, 212, 215, 216, 218, 221, 223, 227, 266, 267, 268, 269, 271, 272, 273, 275, 293]",75,78,False
line,120,300,408,1,100.0,96,100.0,96,0,0.025197999988449737,"[0, 1, 2, 6, 10, 11, 14, 16, 18, 21, 22, 24, 28, 30, 32, 33, 35, 36, 37, 40, 42, 47, 48, 52, 53, 54, 57, 58, 59, 61, 63, 64, 67, 70, 76, 78, 80, 82, 84, 87, 92, 93, 95, 96, 97, 98, 102, 104, 108, 110, 111, 112, 115, 117, 118, 121, 131, 132, 133, 143, 144, 151, 156, 159, 162, 167, 168, 172, 182, 186, 188, 189, 192, 195, 198, 199, 203, 207, 209, 210, 212, 215, 216, 218, 221, 223, 227, 266, 267, 268, 269, 271, 272, 273, 275, 293]",76,83,True
line,121,300,408,1,99.66666666666667,96,100.0,96,0,0.023166099999798462,"[0, 1, 2, 6, 10, 11, 14, 16, 18, 21, 22, 24, 28, 30, 32, 33, 35, 36, 37, 40, 42, 47, 48, 52, 53, 54, 57, 58, 59, 61, 63, 64, 67, 70, 78, 80, 82, 83, 84, 87, 92, 93, 95, 96, 97, 98, 102, 104, 108, 110, 111, 112, 115, 117, 118, 121, 131, 132, 133, 143, 144, 151, 156, 159, 162, 167, 168, 172, 182, 186, 188, 189, 192, 195, 198, 199, 203, 207, 209, 210, 212, 215, 216, 218, 221, 223, 227, 266, 267, 268, 269, 271, 272, 273, 275, 293]",76,85,False
line,122,300,408,1,99.66666666666667,96,100.0,96,0,0.025986199994804338,"[0, 1, 2, 6, 10, 11, 14, 16, 18, 21, 22, 24, 28, 30, 32, 33, 35, 36, 37, 40, 42, 47, 48, 52, 53, 54, 57, 58, 59, 61, 63, 64, 67, 70, 76, 77, 80, 82, 84, 87, 92, 93, 95, 96, 97, 98, 102, 104, 108, 110, 111, 112, 115, 117, 118, 121, 131, 132, 133, 143, 144, 151, 156, 159, 162, 167, 168, 172, 182, 186, 188, 189, 192, 195, 198, 199, 203, 207, 209, 210, 212, 215, 216, 218, 221, 223, 227, 266, 267, 268, 269, 271, 272, 273, 275, 293]",77,78,False
line,123,300,408,1,100.0,96,100.0,96,0,0.029923699999926612,"[0, 1, 2, 6, 10, 11, 14, 16, 18, 21, 22, 24, 28, 30, 32, 33, 35, 36, 37, 40, 42, 47, 48, 52, 53, 54, 57, 58, 59, 61, 63, 64, 67, 70, 76, 77, 80, 82, 84, 87, 92, 93, 95, 96, 97, 98, 102, 104, 108, 110, 111, 112, 115, 117, 118, 121, 131, 132, 133, 143, 144, 151, 156, 159, 162, 167, 168, 172, 182, 186, 188, 189, 192, 195, 198, 199, 203, 207, 209, 210, 212, 215, 216, 218, 221, 223, 227, 266, 267, 268, 269, 271, 272, 273, 275, 293]",78,81,True
line,124,300,408,1,100.0,96,100.0,96,0,0.027377499995054677,"[0, 1, 2, 6, 10, 11, 14, 16, 18, 21, 22, 24, 28, 30, 32, 33, 35, 36, 37, 40, 42, 47, 48, 52, 53, 54, 57, 58, 59, 61, 63, 64, 67, 70, 76, 78, 80, 82, 84, 87, 92, 93, 95, 96, 97, 98, 102, 104, 108, 110, 111, 112, 115, 117, 118, 121, 131, 132, 133, 143, 144, 151, 156, 159, 162, 167, 168, 172, 182, 186, 188, 189, 192, 195, 198, 199, 203, 207, 209, 210, 212, 215, 216, 218, 221, 223, 227, 266, 267, 268, 269, 271, 272, 273, 275, 293]",78,82,True
line,125,300,408,1,100.0,96,100.0,96,0,0.025357099977554753,"[0, 1, 2, 6, 10, 11, 14, 16, 18, 21, 22, 24, 28, 30, 32, 33, 35, 36, 37, 40, 42, 47, 48, 52, 53, 54, 57, 58, 59, 61, 63, 64, 67, 70, 76, 77, 80, 82, 84, 87, 92, 93, 95, 96, 97, 98, 102, 104, 108, 110, 111, 112, 115, 117, 118, 121, 131, 132, 133, 143, 144, 151, 156, 159, 162, 167, 168, 172, 182, 186, 188, 189, 192, 195, 198, 199, 203, 207, 209, 210, 212, 215, 216, 218, 221, 223, 227, 266, 267, 268, 269, 271, 272, 273, 275, 293]",78,83,True
line,126,300,408,1,100.0,96,100.0,96,0,0.02619750000303611,"[0, 1, 2, 6, 10, 11, 14, 16, 18, 21, 22, 24, 28, 30, 32, 33, 35, 36, 37, 40, 42, 47, 48, 52, 53, 54, 57, 58, 59, 61, 63, 64, 67, 70, 76, 78, 80, 82, 84, 87, 92, 93, 95, 96, 97, 98, 102, 104, 108, 110, 111, 112, 115, 117, 118, 121, 131, 132, 133, 143, 144, 151, 156, 159, 162, 167, 168, 172, 182, 186, 188, 189, 192, 195, 198, 199, 203, 207, 209, 210, 212, 215, 216, 218, 221, 223, 227, 266, 267, 268, 269, 271, 272, 273, 275, 293]",79,81,True
line,127,300,408,1,99.66666666666667,96,100.0,96,0,0.023796699999365956,"[0, 1, 2, 6, 10, 11, 14, 16, 18, 21, 22, 24, 28, 30, 32, 33, 35, 36, 37, 40, 42, 47, 48, 52, 53, 54, 57, 58, 59, 61, 63, 64, 67, 70, 76, 78, 79, 80, 84, 87, 92, 93, 95, 96, 97, 98, 102, 104, 108, 110, 111, 112, 115, 117, 118, 121, 131, 132, 133, 143, 144, 151, 156, 159, 162, 167, 168, 172, 182, 186, 188, 189, 192, 195, 198, 199, 203, 207, 209, 210, 212, 215, 216, 218, 221, 223, 227, 266, 267, 268, 269, 271, 272, 273, 275, 293]",79,82,False
line,128,300,408,1,99.66666666666667,96,100.0,96,0,0.030468200013274327,"[0, 1, 2, 6, 10, 11, 14, 16, 18, 21, 22, 24, 28, 30, 32, 33, 35, 36, 37, 40, 42, 47, 48, 52, 53, 54, 57, 58, 59, 61, 63, 64, 67, 70, 78, 80, 82, 84, 85, 87, 92, 93, 95, 96, 97, 98, 102, 104, 108, 110, 111, 112, 115, 117, 118, 121, 131, 132, 133, 143, 144, 151, 156, 159, 162, 167, 168, 172, 182, 186, 188, 189, 192, 195, 198, 199, 203, 207, 209, 210, 212, 215, 216, 218, 221, 223, 227, 266, 267, 268, 269, 271, 272, 273, 275, 293]",80,86,False
line,129,300,408,1,100.0,96,100.0,96,0,0.029598599998280406,"[0, 1, 2, 6, 10, 11, 14, 16, 18, 21, 22, 24, 28, 30, 32, 33, 35, 36, 37, 40, 42, 47, 48, 52, 53, 54, 57, 58, 59, 61, 63, 64, 67, 70, 76, 78, 79, 80, 84, 87, 92, 93, 95, 96, 97, 98, 102, 104, 108, 110, 111, 112, 115, 117, 118, 121, 131, 132, 133, 143, 144, 151, 156, 159, 162, 167, 168, 172, 182, 186, 188, 189, 192, 195, 198, 199, 203, 207, 209, 210, 212, 215, 216, 218, 221, 223, 227, 266, 267, 268, 269, 271, 272, 273, 275, 293]",80,87,True
line,130,300,408,1,100.0,96,100.0,96,0,0.0469347000180278,"[0, 1, 2, 6, 10, 11, 14, 16, 18, 21, 22, 24, 28, 30, 32, 33, 35, 36, 37, 40, 42, 47, 48, 52, 53, 54, 57, 58, 59, 61, 63, 64, 67, 70, 76, 78, 80, 82, 84, 87, 92, 93, 95, 96, 97, 98, 102, 104, 108, 110, 111, 112, 115, 117, 118, 121, 131, 132, 133, 143, 144, 151, 156, 159, 162, 167, 168, 172, 182, 186, 188, 189, 192, 195, 198, 199, 203, 207, 209, 210, 212, 215, 216, 218, 221, 223, 227, 266, 267, 268, 269, 271, 272, 273, 275, 293]",80,88,True
line,131,300,408,1,99.66666666666667,96,100.0,96,0,0.02810329999192618,"[0, 1, 2, 6, 10, 11, 14, 16, 18, 21, 22, 24, 28, 30, 32, 33, 35, 36, 37, 40, 42, 47, 48, 52, 53, 54, 57, 58, 59, 61, 63, 64, 67, 70, 78, 80, 82, 84, 85, 87, 92, 93, 95, 96, 97, 98, 102, 104, 108, 110, 111, 112, 115, 117, 118, 121, 131, 132, 133, 143, 144, 151, 156, 159, 162, 167, 168, 172, 182, 186, 188, 189, 192, 195, 198, 199, 203, 207, 209, 210, 212, 215, 216, 218, 221, 223, 227, 266, 267, 268, 269, 271, 272, 273, 275, 293]",80,89,False
line,132,300,408,1,100.0,96,100.0,96,0,0.027775900001870468,"[0, 1, 2, 6, 10, 11, 14, 16, 18, 21, 22, 24, 28, 30, 32, 33, 35, 36, 37, 40, 42, 47, 48, 52, 53, 54, 57, 58, 59, 61, 63, 64, 67, 70, 76, 78, 80, 82, 84, 87, 92, 93, 95, 96, 97, 98, 102, 104, 108, 110, 111, 112, 115, 117, 118, 121, 131, 132, 133, 143, 144, 151, 156, 159, 162, 167, 168, 172, 182, 186, 188, 189, 192, 195, 198, 199, 203, 207, 209, 210, 212, 215, 216, 218, 221, 223, 227, 266, 267, 268, 269, 271, 272, 273, 275, 293]",81,82,True
line,133,300,408,1,100.0,96,100.0,96,0,0.028303600003710017,"[0, 1, 2, 6, 10, 11, 14, 16, 18, 21, 22, 24, 28, 30, 32, 33, 35, 36, 37, 40, 42, 47, 48, 52, 53, 54, 57, 58, 59, 61, 63, 64, 67, 70, 76, 78, 79, 80, 84, 87, 92, 93, 95, 96, 97, 98, 102, 104, 108, 110, 111, 112, 115, 117, 118, 121, 131, 132, 133, 143, 144, 151, 156, 159, 162, 167, 168, 172, 182, 186, 188, 189, 192, 195, 198, 199, 203, 207, 209, 210, 212, 215, 216, 218, 221, 223, 227, 266, 267, 268, 269, 271, 272, 273, 275, 293]",82,84,True
line,134,300,408,1,100.0,96,100.0,96,0,0.024522399995476007,"[0, 1, 2, 6, 10, 11, 14, 16, 18, 21, 22, 24, 28, 30, 32, 33, 35, 36, 37, 40, 42, 47, 48, 52, 53, 54, 57, 58, 59, 61, 63, 64, 67, 70, 76, 78, 80, 82, 84, 87, 92, 93, 95, 96, 97, 98, 102, 104, 108, 110, 111, 112, 115, 117, 118, 121, 131, 132, 133, 143, 144, 151, 156, 159, 162, 167, 168, 172, 182, 186, 188, 189, 192, 195, 198, 199, 203, 207, 209, 210, 212, 215, 216, 218, 221, 223, 227, 266, 267, 268, 269, 271, 272, 273, 275, 293]",83,85,True
line,135,300,408,1,100.0,96,100.0,96,0,0.026022000005468726,"[0, 1, 2, 6, 10, 11, 14, 16, 18, 21, 22, 24, 28, 30, 32, 33, 35, 36, 37, 40, 42, 47, 48, 52, 53, 54, 57, 58, 59, 61, 63, 64, 67, 70, 76, 78, 80, 82, 84, 87, 92, 93, 95, 96, 97, 98, 102, 104, 108, 110, 111, 112, 115, 117, 118, 121, 131, 132, 133, 143, 144, 151, 156, 159, 162, 167, 168, 172, 182, 186, 188, 189, 192, 195, 198, 199, 203, 207, 209, 210, 212, 215, 216, 218, 221, 223, 227, 266, 267, 268, 269, 271, 272, 273, 275, 293]",84,87,True
line,136,300,408,2,99.66666666666667,96,100.0,96,0,0.026546399982180446,"[0, 1, 2, 6, 10, 11, 14, 16, 18, 21, 22, 24, 28, 30, 32, 33, 35, 36, 37, 40, 42, 47, 48, 52, 53, 54, 57, 58, 59, 61, 63, 64, 67, 70, 76, 78, 80, 82, 87, 92, 93, 95, 96, 97, 98, 102, 104, 108, 110, 111, 112, 115, 117, 118, 121, 131, 132, 133, 143, 144, 151, 156, 159, 162, 167, 168, 172, 182, 186, 188, 189, 192, 195, 198, 199, 203, 207, 209, 210, 212, 215, 216, 218, 221, 223, 227, 232, 266, 267, 268, 269, 271, 272, 273, 275, 293]",84,232,False
line,137,300,408,1,100.0,96,100.0,96,0,0.023839300003601238,"[0, 1, 2, 6, 10, 11, 14, 16, 18, 21, 22, 24, 28, 30, 32, 33, 35, 36, 37, 40, 42, 47, 48, 52, 53, 54, 57, 58, 59, 61, 63, 64, 67, 70, 76, 78, 80, 82, 84, 87, 92, 93, 95, 96, 97, 98, 102, 104, 108, 110, 111, 112, 115, 117, 118, 121, 131, 132, 133, 143, 144, 151, 156, 159, 162, 167, 168, 172, 182, 186, 188, 189, 192, 195, 198, 199, 203, 207, 209, 210, 212, 215, 216, 218, 221, 223, 227, 266, 267, 268, 269, 271, 272, 273, 275, 293]",85,86,True
line,138,300,408,1,100.0,96,100.0,96,0,0.025481699994998053,"[0, 1, 2, 6, 10, 11, 14, 16, 18, 21, 22, 24, 28, 30, 32, 33, 35, 36, 37, 40, 42, 47, 48, 52, 53, 54, 57, 58, 59, 61, 63, 64, 67, 70, 76, 78, 80, 82, 84, 87, 92, 93, 95, 96, 97, 98, 102, 104, 108, 110, 111, 112, 115, 117, 118, 121, 131, 132, 133, 143, 144, 151, 156, 159, 162, 167, 168, 172, 182, 186, 188, 189, 192, 195, 198, 199, 203, 207, 209, 210, 212, 215, 216, 218, 221, 223, 227, 266, 267, 268, 269, 271, 272, 273, 275, 293]",85,89,True
line,139,300,408,2,99.66666666666667,96,100.0,96,0,0.0331919000018388,"[0, 1, 2, 6, 10, 11, 14, 16, 18, 21, 22, 24, 28, 30, 32, 33, 35, 36, 37, 40, 42, 47, 48, 52, 53, 54, 57, 58, 59, 61, 63, 64, 67, 70, 76, 78, 80, 82, 84, 92, 93, 95, 96, 97, 98, 102, 104, 108, 110, 111, 112, 115, 117, 118, 121, 131, 132, 133, 143, 144, 151, 156, 159, 162, 167, 168, 172, 182, 186, 188, 189, 192, 195, 198, 199, 203, 207, 209, 210, 212, 215, 216, 218, 221, 223, 227, 234, 266, 267, 268, 269, 271, 272, 273, 275, 293]",87,234,False
line,140,300,408,1,100.0,96,100.0,96,0,0.023703899991232902,"[0, 1, 2, 6, 10, 11, 14, 16, 18, 21, 22, 24, 28, 30, 32, 33, 35, 36, 37, 40, 42, 47, 48, 52, 53, 54, 57, 58, 59, 61, 63, 64, 67, 70, 76, 78, 80, 82, 84, 87, 92, 93, 95, 96, 97, 98, 102, 104, 108, 110, 111, 112, 115, 117, 118, 121, 131, 132, 133, 143, 144, 151, 156, 159, 162, 167, 168, 172, 182, 186, 188, 189, 192, 195, 198, 199, 203, 207, 209, 210, 212, 215, 216, 218, 221, 223, 227, 266, 267, 268, 269, 271, 272, 273, 275, 293]",88,89,True
line,141,300,408,1,100.0,96,100.0,96,0,0.021983699989505112,"[0, 1, 2, 6, 10, 11, 14, 16, 18, 21, 22, 24, 28, 30, 32, 33, 35, 36, 37, 40, 42, 47, 48, 52, 53, 54, 57, 58, 59, 61, 63, 64, 67, 70, 76, 78, 80, 82, 84, 87, 92, 93, 95, 96, 97, 98, 102, 104, 108, 110, 111, 112, 115, 117, 118, 121, 131, 132, 133, 143, 144, 151, 156, 159, 162, 167, 168, 172, 182, 186, 188, 189, 192, 195, 198, 199, 203, 207, 209, 210, 212, 215, 216, 218, 221, 223, 227, 266, 267, 268, 269, 271, 272, 273, 275, 293]",88,91,True
line,142,300,408,1,100.0,96,100.0,96,0,0.02581839999766089,"[0, 1, 2, 6, 10, 11, 14, 16, 18, 21, 22, 24, 28, 30, 32, 33, 35, 36, 37, 40, 42, 47, 48, 52, 53, 54, 57, 58, 59, 61, 63, 64, 67, 70, 76, 78, 80, 82, 84, 87, 92, 93, 95, 96, 97, 98, 102, 104, 108, 110, 111, 112, 115, 117, 118, 121, 131, 132, 133, 143, 144, 151, 156, 159, 162, 167, 168, 172, 182, 186, 188, 189, 192, 195, 198, 199, 203, 207, 209, 210, 212, 215, 216, 218, 221, 223, 227, 266, 267, 268, 269, 271, 272, 273, 275, 293]",88,92,True
line,143,300,408,1,100.0,96,100.0,96,0,0.030316199990920722,"[0, 1, 2, 6, 10, 11, 14, 16, 18, 21, 22, 24, 28, 30, 32, 33, 35, 36, 37, 40, 42, 47, 48, 52, 53, 54, 57, 58, 59, 61, 63, 64, 67, 70, 76, 78, 80, 82, 84, 87, 92, 93, 95, 96, 97, 98, 102, 104, 108, 110, 111, 112, 115, 117, 118, 121, 131, 132, 133, 143, 144, 151, 156, 159, 162, 167, 168, 172, 182, 186, 188, 189, 192, 195, 198, 199, 203, 207, 209, 210, 212, 215, 216, 218, 221, 223, 227, 266, 267, 268, 269, 271, 272, 273, 275, 293]",89,90,True
line,144,300,408,1,99.66666666666667,96,100.0,97,1,0.025802599993767217,"[0, 1, 2, 6, 10, 11, 14, 16, 18, 21, 22, 24, 28, 30, 32, 33, 35, 36, 37, 42, 47, 48, 52, 53, 54, 57, 58, 59, 61, 63, 64, 67, 70, 76, 78, 80, 82, 84, 87, 88, 89, 93, 95, 96, 97, 98, 102, 104, 108, 110, 111, 112, 115, 117, 118, 121, 131, 132, 133, 143, 144, 151, 156, 159, 162, 167, 168, 171, 172, 182, 184, 188, 189, 192, 195, 198, 199, 203, 207, 209, 210, 212, 215, 216, 218, 221, 223, 227, 266, 267, 268, 269, 271, 272, 273, 275, 293]",90,92,False
line,145,300,408,1,99.66666666666667,96,100.0,96,0,0.02770879998570308,"[0, 1, 2, 6, 10, 11, 14, 16, 18, 21, 22, 24, 28, 30, 32, 33, 35, 36, 37, 40, 42, 47, 48, 52, 53, 54, 57, 58, 59, 61, 63, 64, 67, 70, 76, 78, 80, 82, 84, 87, 92, 93, 96, 97, 98, 102, 104, 108, 110, 111, 112, 115, 117, 118, 121, 131, 132, 133, 135, 143, 144, 151, 156, 159, 162, 167, 168, 172, 182, 186, 188, 189, 192, 195, 198, 199, 203, 207, 209, 210, 212, 215, 216, 218, 221, 223, 227, 266, 267, 268, 269, 271, 272, 273, 275, 293]",93,100,False
line,146,300,408,1,100.0,96,100.0,96,0,0.026511100004427135,"[0, 1, 2, 6, 10, 11, 14, 16, 18, 21, 22, 24, 28, 30, 32, 33, 35, 36, 37, 40, 42, 47, 48, 52, 53, 54, 57, 58, 59, 61, 63, 64, 67, 70, 76, 78, 80, 82, 84, 87, 92, 93, 95, 96, 97, 98, 102, 104, 108, 110, 111, 112, 115, 117, 118, 121, 131, 132, 133, 143, 144, 151, 156, 159, 162, 167, 168, 172, 182, 186, 188, 189, 192, 195, 198, 199, 203, 207, 209, 210, 212, 215, 216, 218, 221, 223, 227, 266, 267, 268, 269, 271, 272, 273, 275, 293]",94,98,True
line,147,300,408,1,100.0,96,100.0,95,-1,0.021927100024186075,"[0, 1, 2, 6, 10, 11, 14, 16, 18, 21, 22, 24, 28, 30, 32, 33, 35, 36, 37, 40, 42, 47, 48, 52, 53, 54, 57, 58, 59, 61, 63, 64, 67, 70, 76, 78, 80, 82, 84, 87, 92, 93, 95, 97, 98, 102, 104, 108, 110, 111, 112, 115, 117, 118, 121, 131, 132, 133, 143, 144, 151, 156, 159, 162, 167, 168, 172, 182, 186, 188, 189, 192, 195, 198, 199, 203, 207, 209, 210, 212, 215, 216, 218, 221, 223, 227, 266, 267, 268, 269, 271, 272, 273, 275, 293]",95,96,True
line,148,300,408,1,100.0,96,100.0,95,-1,0.02505979998386465,"[0, 1, 2, 6, 10, 11, 14, 16, 18, 21, 22, 24, 28, 30, 32, 33, 35, 36, 37, 40, 42, 47, 48, 52, 53, 54, 57, 58, 59, 61, 63, 64, 67, 70, 76, 78, 80, 82, 84, 87, 92, 93, 95, 97, 98, 102, 104, 108, 110, 111, 112, 115, 117, 118, 121, 131, 132, 133, 143, 144, 151, 156, 159, 162, 167, 168, 172, 182, 186, 188, 189, 192, 195, 198, 199, 203, 207, 209, 210, 212, 215, 216, 218, 221, 223, 227, 266, 267, 268, 269, 271, 272, 273, 275, 293]",96,97,True
line,149,300,408,1,100.0,96,100.0,95,-1,0.02308660000562668,"[0, 1, 2, 6, 10, 11, 14, 16, 18, 21, 22, 24, 28, 30, 32, 33, 35, 36, 37, 40, 42, 47, 48, 52, 53, 54, 57, 58, 59, 61, 63, 64, 67, 70, 76, 78, 80, 82, 84, 87, 92, 93, 95, 97, 98, 102, 104, 108, 110, 111, 112, 115, 117, 118, 121, 131, 132, 133, 143, 144, 151, 156, 159, 162, 167, 168, 172, 182, 186, 188, 189, 192, 195, 198, 199, 203, 207, 209, 210, 212, 215, 216, 218, 221, 223, 227, 266, 267, 268, 269, 271, 272, 273, 275, 293]",96,244,True
line,150,300,408,1,100.0,96,100.0,96,0,0.03584029999910854,"[0, 1, 2, 6, 10, 11, 14, 16, 18, 21, 22, 24, 28, 30, 32, 33, 35, 36, 37, 40, 42, 47, 48, 52, 53, 54, 57, 58, 59, 61, 63, 64, 67, 70, 76, 78, 80, 82, 84, 87, 92, 93, 95, 96, 97, 98, 102, 104, 108, 110, 111, 112, 115, 117, 118, 121, 131, 132, 133, 143, 144, 151, 156, 159, 162, 167, 168, 172, 182, 186, 188, 189, 192, 195, 198, 199, 203, 207, 209, 210, 212, 215, 216, 218, 221, 223, 227, 266, 267, 268, 269, 271, 272, 273, 275, 293]",244,98,True
line,151,300,408,1,100.0,96,100.0,95,-1,0.025925499998265877,"[0, 1, 2, 6, 10, 11, 14, 16, 18, 21, 22, 24, 28, 30, 32, 33, 35, 36, 37, 40, 42, 47, 48, 52, 53, 54, 57, 58, 59, 61, 63, 64, 67, 70, 76, 78, 80, 82, 84, 87, 92, 93, 95, 97, 98, 102, 104, 108, 110, 111, 112, 115, 117, 118, 121, 131, 132, 133, 143, 144, 151, 156, 159, 162, 167, 168, 172, 182, 186, 188, 189, 192, 195, 198, 199, 203, 207, 209, 210, 212, 215, 216, 218, 221, 223, 227, 266, 267, 268, 269, 271, 272, 273, 275, 293]",96,99,True
line,152,300,408,1,100.0,96,100.0,96,0,0.023080799990566447,"[0, 1, 2, 6, 10, 11, 14, 16, 18, 21, 22, 24, 28, 30, 32, 33, 35, 36, 37, 40, 42, 47, 48, 52, 53, 54, 57, 58, 59, 61, 63, 64, 67, 70, 76, 78, 80, 82, 84, 87, 92, 93, 95, 96, 97, 98, 102, 104, 108, 110, 111, 112, 115, 117, 118, 121, 131, 132, 133, 143, 144, 151, 156, 159, 162, 167, 168, 172, 182, 186, 188, 189, 192, 195, 198, 199, 203, 207, 209, 210, 212, 215, 216, 218, 221, 223, 227, 266, 267, 268, 269, 271, 272, 273, 275, 293]",97,98,True
line,153,300,408,1,100.0,96,100.0,96,0,0.028052100009517744,"[0, 1, 2, 6, 10, 11, 14, 16, 18, 21, 22, 24, 28, 30, 32, 33, 35, 36, 37, 40, 42, 47, 48, 52, 53, 54, 57, 58, 59, 61, 63, 64, 67, 70, 76, 78, 80, 82, 84, 87, 92, 93, 95, 96, 97, 98, 102, 104, 108, 110, 111, 112, 115, 117, 118, 121, 131, 132, 133, 143, 144, 151, 156, 159, 162, 167, 168, 172, 182, 186, 188, 189, 192, 195, 198, 199, 203, 207, 209, 210, 212, 215, 216, 218, 221, 223, 227, 266, 267, 268, 269, 271, 272, 273, 275, 293]",97,99,True
line,154,300,408,1,100.0,96,100.0,96,0,0.02178849998745136,"[0, 1, 2, 6, 10, 11, 14, 16, 18, 21, 22, 24, 28, 30, 32, 33, 35, 36, 37, 40, 42, 47, 48, 52, 53, 54, 57, 58, 59, 61, 63, 64, 67, 70, 76, 78, 80, 82, 84, 87, 92, 93, 95, 96, 97, 98, 102, 104, 108, 110, 111, 112, 115, 117, 118, 121, 131, 132, 133, 143, 144, 151, 156, 159, 162, 167, 168, 172, 182, 186, 188, 189, 192, 195, 198, 199, 203, 207, 209, 210, 212, 215, 216, 218, 221, 223, 227, 266, 267, 268, 269, 271, 272, 273, 275, 293]",100,101,True
line,155,300,408,1,100.0,96,100.0,96,0,0.02343899998231791,"[0, 1, 2, 6, 10, 11, 14, 16, 18, 21, 22, 24, 28, 30, 32, 33, 35, 36, 37, 40, 42, 47, 48, 52, 53, 54, 57, 58, 59, 61, 63, 64, 67, 70, 76, 78, 80, 82, 84, 87, 92, 93, 95, 96, 97, 98, 102, 104, 108, 110, 111, 112, 115, 117, 118, 121, 131, 132, 133, 143, 144, 151, 156, 159, 162, 167, 168, 172, 182, 186, 188, 189, 192, 195, 198, 199, 203, 207, 209, 210, 212, 215, 216, 218, 221, 223, 227, 266, 267, 268, 269, 271, 272, 273, 275, 293]",100,103,True
line,156,300,408,1,99.66666666666667,96,100.0,96,0,0.02447610002127476,"[0, 1, 2, 6, 10, 11, 14, 16, 18, 21, 22, 24, 28, 30, 32, 33, 35, 36, 37, 40, 42, 47, 48, 52, 53, 54, 57, 58, 59, 61, 63, 64, 67, 70, 76, 78, 80, 82, 84, 87, 92, 94, 96, 97, 98, 100, 104, 108, 110, 111, 112, 115, 117, 118, 121, 131, 132, 133, 136, 143, 144, 151, 156, 159, 162, 167, 168, 172, 182, 186, 188, 189, 192, 195, 198, 199, 203, 207, 209, 210, 212, 215, 216, 218, 221, 223, 227, 266, 267, 268, 269, 271, 272, 273, 275, 293]",101,102,False
line,157,300,408,1,100.0,96,100.0,96,0,0.021694399998523295,"[0, 1, 2, 6, 10, 11, 14, 16, 18, 21, 22, 24, 28, 30, 32, 33, 35, 36, 37, 40, 42, 47, 48, 52, 53, 54, 57, 58, 59, 61, 63, 64, 67, 70, 76, 78, 80, 82, 84, 87, 92, 93, 95, 96, 97, 98, 102, 104, 108, 110, 111, 112, 115, 117, 118, 121, 131, 132, 133, 143, 144, 151, 156, 159, 162, 167, 168, 172, 182, 186, 188, 189, 192, 195, 198, 199, 203, 207, 209, 210, 212, 215, 216, 218, 221, 223, 227, 266, 267, 268, 269, 271, 272, 273, 275, 293]",101,103,True
line,158,300,408,1,99.66666666666667,96,100.0,96,0,0.025948399998014793,"[0, 1, 2, 6, 10, 11, 14, 16, 18, 21, 22, 24, 28, 30, 32, 33, 35, 36, 37, 40, 42, 47, 48, 52, 53, 54, 57, 58, 59, 61, 63, 64, 67, 70, 76, 78, 80, 82, 84, 87, 92, 94, 96, 97, 98, 100, 104, 108, 110, 111, 112, 115, 117, 118, 121, 131, 132, 133, 136, 143, 144, 151, 156, 159, 162, 167, 168, 172, 182, 186, 188, 189, 192, 195, 198, 199, 203, 207, 209, 210, 212, 215, 216, 218, 221, 223, 227, 266, 267, 268, 269, 271, 272, 273, 275, 293]",103,104,False
line,159,300,408,1,100.0,96,100.0,96,0,0.02425379998749122,"[0, 1, 2, 6, 10, 11, 14, 16, 18, 21, 22, 24, 28, 30, 32, 33, 35, 36, 37, 40, 42, 47, 48, 52, 53, 54, 57, 58, 59, 61, 63, 64, 67, 70, 76, 78, 80, 82, 84, 87, 92, 93, 95, 96, 97, 98, 102, 104, 108, 110, 111, 112, 115, 117, 118, 121, 131, 132, 133, 143, 144, 151, 156, 159, 162, 167, 168, 172, 182, 186, 188, 189, 192, 195, 198, 199, 203, 207, 209, 210, 212, 215, 216, 218, 221, 223, 227, 266, 267, 268, 269, 271, 272, 273, 275, 293]",105,106,True
line,160,300,408,1,100.0,96,100.0,96,0,0.021125200000824407,"[0, 1, 2, 6, 10, 11, 14, 16, 18, 21, 22, 24, 28, 30, 32, 33, 35, 36, 37, 40, 42, 47, 48, 52, 53, 54, 57, 58, 59, 61, 63, 64, 67, 70, 76, 78, 80, 82, 84, 87, 92, 93, 95, 96, 97, 98, 102, 104, 108, 110, 111, 112, 115, 117, 118, 121, 131, 132, 133, 143, 144, 151, 156, 159, 162, 167, 168, 172, 182, 186, 188, 189, 192, 195, 198, 199, 203, 207, 209, 210, 212, 215, 216, 218, 221, 223, 227, 266, 267, 268, 269, 271, 272, 273, 275, 293]",105,112,True
line,161,300,408,1,100.0,96,100.0,96,0,0.02233360000536777,"[0, 1, 2, 6, 10, 11, 14, 16, 18, 21, 22, 24, 28, 30, 32, 33, 35, 36, 37, 40, 42, 47, 48, 52, 53, 54, 57, 58, 59, 61, 63, 64, 67, 70, 76, 78, 80, 82, 84, 87, 92, 93, 95, 96, 97, 98, 102, 104, 108, 110, 111, 112, 115, 117, 118, 121, 131, 132, 133, 143, 144, 151, 156, 159, 162, 167, 168, 172, 182, 186, 188, 189, 192, 195, 198, 199, 203, 207, 209, 210, 212, 215, 216, 218, 221, 223, 227, 266, 267, 268, 269, 271, 272, 273, 275, 293]",105,146,True
line,162,300,408,1,100.0,96,100.0,96,0,0.026370300009148195,"[0, 1, 2, 6, 10, 11, 14, 16, 18, 21, 22, 24, 28, 30, 32, 33, 35, 36, 37, 40, 42, 47, 48, 52, 53, 54, 57, 58, 59, 61, 63, 64, 67, 70, 76, 78, 80, 82, 84, 87, 92, 93, 95, 96, 97, 98, 102, 104, 108, 110, 111, 112, 115, 117, 118, 121, 131, 132, 133, 143, 144, 151, 156, 159, 162, 167, 168, 172, 182, 186, 188, 189, 192, 195, 198, 199, 203, 207, 209, 210, 212, 215, 216, 218, 221, 223, 227, 266, 267, 268, 269, 271, 272, 273, 275, 293]",106,108,True
line,163,300,408,1,100.0,96,100.0,96,0,0.02256309997756034,"[0, 1, 2, 6, 10, 11, 14, 16, 18, 21, 22, 24, 28, 30, 32, 33, 35, 36, 37, 40, 42, 47, 48, 52, 53, 54, 57, 58, 59, 61, 63, 64, 67, 70, 76, 78, 80, 82, 84, 87, 92, 93, 95, 96, 97, 98, 102, 104, 108, 110, 111, 112, 115, 117, 118, 121, 131, 132, 133, 143, 144, 151, 156, 159, 162, 167, 168, 172, 182, 186, 188, 189, 192, 195, 198, 199, 203, 207, 209, 210, 212, 215, 216, 218, 221, 223, 227, 266, 267, 268, 269, 271, 272, 273, 275, 293]",106,111,True
line,164,300,408,1,100.0,96,100.0,96,0,0.021573400008492172,"[0, 1, 2, 6, 10, 11, 14, 16, 18, 21, 22, 24, 28, 30, 32, 33, 35, 36, 37, 40, 42, 47, 48, 52, 53, 54, 57, 58, 59, 61, 63, 64, 67, 70, 76, 78, 80, 82, 84, 87, 92, 93, 95, 96, 97, 98, 102, 104, 108, 110, 111, 112, 115, 117, 118, 121, 131, 132, 133, 143, 144, 151, 156, 159, 162, 167, 168, 172, 182, 186, 188, 189, 192, 195, 198, 199, 203, 207, 209, 210, 212, 215, 216, 218, 221, 223, 227, 266, 267, 268, 269, 271, 272, 273, 275, 293]",107,108,True
line,165,300,408,1,100.0,96,100.0,96,0,0.022537700016982853,"[0, 1, 2, 6, 10, 11, 14, 16, 18, 21, 22, 24, 28, 30, 32, 33, 35, 36, 37, 40, 42, 47, 48, 52, 53, 54, 57, 58, 59, 61, 63, 64, 67, 70, 76, 78, 80, 82, 84, 87, 92, 93, 95, 96, 97, 98, 102, 104, 108, 110, 111, 112, 115, 117, 118, 121, 131, 132, 133, 143, 144, 151, 156, 159, 162, 167, 168, 172, 182, 186, 188, 189, 192, 195, 198, 199, 203, 207, 209, 210, 212, 215, 216, 218, 221, 223, 227, 266, 267, 268, 269, 271, 272, 273, 275, 293]",107,111,True
line,166,300,408,1,100.0,96,100.0,96,0,0.028964900004211813,"[0, 1, 2, 6, 10, 11, 14, 16, 18, 21, 22, 24, 28, 30, 32, 33, 35, 36, 37, 40, 42, 47, 48, 52, 53, 54, 57, 58, 59, 61, 63, 64, 67, 70, 76, 78, 80, 82, 84, 87, 92, 93, 95, 96, 97, 98, 102, 104, 108, 110, 111, 112, 115, 117, 118, 121, 131, 132, 133, 143, 144, 151, 156, 159, 162, 167, 168, 172, 182, 186, 188, 189, 192, 195, 198, 199, 203, 207, 209, 210, 212, 215, 216, 218, 221, 223, 227, 266, 267, 268, 269, 271, 272, 273, 275, 293]",108,110,True
line,167,300,408,1,99.66666666666667,96,100.0,96,0,0.042921200016280636,"[0, 1, 2, 6, 10, 11, 14, 16, 18, 21, 22, 24, 28, 30, 32, 33, 35, 36, 37, 40, 42, 47, 48, 52, 53, 54, 57, 58, 59, 61, 63, 64, 67, 70, 76, 78, 80, 82, 84, 87, 92, 93, 95, 96, 97, 98, 102, 104, 108, 111, 112, 115, 117, 118, 121, 129, 131, 132, 133, 143, 144, 151, 156, 159, 162, 167, 168, 172, 182, 186, 188, 189, 192, 195, 198, 199, 203, 207, 209, 210, 212, 215, 216, 218, 221, 223, 227, 266, 267, 268, 269, 271, 272, 273, 275, 293]",108,129,False
line,168,300,408,1,99.66666666666667,96,100.0,97,1,0.0319673000194598,"[0, 1, 2, 6, 10, 11, 14, 16, 18, 21, 22, 24, 28, 30, 32, 33, 35, 36, 37, 40, 42, 47, 48, 52, 53, 54, 57, 58, 59, 61, 63, 64, 67, 70, 76, 78, 80, 82, 84, 87, 92, 93, 95, 96, 97, 98, 102, 104, 108, 110, 111, 112, 115, 117, 118, 121, 131, 132, 133, 143, 144, 145, 151, 156, 159, 162, 167, 168, 172, 182, 186, 188, 189, 192, 195, 198, 199, 203, 207, 209, 210, 212, 215, 216, 218, 221, 223, 227, 266, 267, 268, 269, 271, 272, 273, 275, 293]",108,145,False
line,169,300,408,1,100.0,96,100.0,96,0,0.032893700001295656,"[0, 1, 2, 6, 10, 11, 14, 16, 18, 21, 22, 24, 28, 30, 32, 33, 35, 36, 37, 40, 42, 47, 48, 52, 53, 54, 57, 58, 59, 61, 63, 64, 67, 70, 76, 78, 80, 82, 84, 87, 92, 93, 95, 96, 97, 98, 102, 104, 108, 110, 111, 112, 115, 117, 118, 121, 131, 132, 133, 143, 144, 151, 156, 159, 162, 167, 168, 172, 182, 186, 188, 189, 192, 195, 198, 199, 203, 207, 209, 210, 212, 215, 216, 218, 221, 223, 227, 266, 267, 268, 269, 271, 272, 273, 275, 293]",108,146,True
line,170,300,408,1,100.0,96,100.0,96,0,0.029024100018432364,"[0, 1, 2, 6, 10, 11, 14, 16, 18, 21, 22, 24, 28, 30, 32, 33, 35, 36, 37, 40, 42, 47, 48, 52, 53, 54, 57, 58, 59, 61, 63, 64, 67, 70, 76, 78, 80, 82, 84, 87, 92, 93, 95, 96, 97, 98, 102, 104, 108, 110, 111, 112, 115, 117, 118, 121, 131, 132, 133, 143, 144, 151, 156, 159, 162, 167, 168, 172, 182, 186, 188, 189, 192, 195, 198, 199, 203, 207, 209, 210, 212, 215, 216, 218, 221, 223, 227, 266, 267, 268, 269, 271, 272, 273, 275, 293]",111,115,True
line,171,300,408,1,100.0,96,100.0,96,0,0.021679900004528463,"[0, 1, 2, 6, 10, 11, 14, 16, 18, 21, 22, 24, 28, 30, 32, 33, 35, 36, 37, 40, 42, 47, 48, 52, 53, 54, 57, 58, 59, 61, 63, 64, 67, 70, 76, 78, 80, 82, 84, 87, 92, 93, 95, 96, 97, 98, 102, 104, 108, 110, 111, 112, 115, 117, 118, 121, 131, 132, 133, 143, 144, 151, 156, 159, 162, 167, 168, 172, 182, 186, 188, 189, 192, 195, 198, 199, 203, 207, 209, 210, 212, 215, 216, 218, 221, 223, 227, 266, 267, 268, 269, 271, 272, 273, 275, 293]",111,146,True
line,172,300,408,1,100.0,96,100.0,96,0,0.029144100000848994,"[0, 1, 2, 6, 10, 11, 14, 16, 18, 21, 22, 24, 28, 30, 32, 33, 35, 36, 37, 40, 42, 47, 48, 52, 53, 54, 57, 58, 59, 61, 63, 64, 67, 70, 76, 78, 80, 82, 84, 87, 92, 93, 95, 96, 97, 98, 102, 104, 108, 110, 111, 112, 115, 117, 118, 121, 131, 132, 133, 143, 144, 151, 156, 159, 162, 167, 168, 172, 182, 186, 188, 189, 192, 195, 198, 199, 203, 207, 209, 210, 212, 215, 216, 218, 221, 223, 227, 266, 267, 268, 269, 271, 272, 273, 275, 293]",111,147,True
line,173,300,408,1,99.66666666666667,96,100.0,96,0,0.025432299997191876,"[0, 1, 2, 6, 10, 11, 14, 16, 18, 21, 22, 24, 28, 30, 32, 33, 35, 36, 37, 40, 42, 47, 48, 52, 53, 54, 57, 58, 59, 61, 63, 64, 67, 70, 76, 78, 80, 82, 84, 87, 92, 93, 95, 96, 97, 98, 102, 104, 108, 110, 111, 113, 115, 117, 118, 121, 131, 132, 133, 143, 144, 151, 156, 159, 162, 167, 168, 172, 182, 186, 188, 189, 192, 195, 198, 199, 203, 207, 209, 210, 212, 215, 216, 218, 221, 223, 227, 266, 267, 268, 269, 271, 272, 273, 275, 293]",112,113,False
line,174,300,408,2,100.0,96,100.0,96,0,0.025366899993969128,"[0, 1, 2, 6, 10, 11, 14, 16, 18, 21, 22, 24, 28, 30, 32, 33, 35, 36, 37, 40, 42, 47, 48, 52, 53, 54, 57, 58, 59, 61, 63, 64, 67, 70, 76, 78, 80, 82, 84, 87, 92, 93, 95, 96, 97, 98, 102, 104, 108, 110, 111, 112, 115, 117, 118, 121, 131, 132, 133, 143, 144, 151, 156, 159, 162, 167, 168, 172, 182, 186, 188, 189, 192, 195, 198, 199, 203, 207, 209, 210, 212, 215, 216, 218, 221, 223, 227, 266, 267, 268, 269, 271, 272, 273, 275, 293]",112,162,True
line,175,300,408,1,100.0,96,100.0,96,0,0.02552649998688139,"[0, 1, 2, 6, 10, 11, 14, 16, 18, 21, 22, 24, 28, 30, 32, 33, 35, 36, 37, 40, 42, 47, 48, 52, 53, 54, 57, 58, 59, 61, 63, 64, 67, 70, 76, 78, 80, 82, 84, 87, 92, 93, 95, 96, 97, 98, 102, 104, 108, 110, 111, 112, 115, 117, 118, 121, 131, 132, 133, 143, 144, 151, 156, 159, 162, 167, 168, 172, 182, 186, 188, 189, 192, 195, 198, 199, 203, 207, 209, 210, 212, 215, 216, 218, 221, 223, 227, 266, 267, 268, 269, 271, 272, 273, 275, 293]",113,114,True
line,176,300,408,1,99.66666666666667,96,100.0,97,1,0.022221399995032698,"[0, 1, 2, 6, 10, 11, 14, 16, 18, 21, 22, 24, 28, 30, 32, 33, 35, 36, 37, 40, 42, 47, 48, 52, 53, 54, 57, 58, 59, 61, 63, 64, 67, 70, 76, 78, 80, 82, 84, 87, 92, 93, 95, 96, 97, 98, 102, 104, 108, 110, 111, 112, 113, 115, 117, 118, 121, 131, 132, 133, 143, 144, 151, 156, 159, 162, 167, 168, 172, 182, 186, 188, 189, 192, 195, 198, 199, 203, 207, 209, 210, 212, 215, 216, 218, 221, 223, 227, 266, 267, 268, 269, 271, 272, 273, 275, 293]",114,115,False
line,177,300,408,1,100.0,96,100.0,96,0,0.028160500020021573,"[0, 1, 2, 6, 10, 11, 14, 16, 18, 21, 22, 24, 28, 30, 32, 33, 35, 36, 37, 40, 42, 47, 48, 52, 53, 54, 57, 58, 59, 61, 63, 64, 67, 70, 76, 78, 80, 82, 84, 87, 92, 93, 95, 96, 97, 98, 102, 104, 108, 110, 111, 112, 115, 117, 118, 121, 131, 132, 133, 143, 144, 151, 156, 159, 162, 167, 168, 172, 182, 186, 188, 189, 192, 195, 198, 199, 203, 207, 209, 210, 212, 215, 216, 218, 221, 223, 227, 266, 267, 268, 269, 271, 272, 273, 275, 293]",114,130,True
line,178,300,408,1,100.0,96,100.0,96,0,0.02685090000159107,"[0, 1, 2, 6, 10, 11, 14, 16, 18, 21, 22, 24, 28, 30, 32, 33, 35, 36, 37, 40, 42, 47, 48, 52, 53, 54, 57, 58, 59, 61, 63, 64, 67, 70, 76, 78, 80, 82, 84, 87, 92, 93, 95, 96, 97, 98, 102, 104, 108, 110, 111, 112, 115, 117, 118, 121, 131, 132, 133, 143, 144, 151, 156, 159, 162, 167, 168, 172, 182, 186, 188, 189, 192, 195, 198, 199, 203, 207, 209, 210, 212, 215, 216, 218, 221, 223, 227, 266, 267, 268, 269, 271, 272, 273, 275, 293]",115,118,True
line,179,300,408,1,100.0,96,100.0,96,0,0.02343010000186041,"[0, 1, 2, 6, 10, 11, 14, 16, 18, 21, 22, 24, 28, 30, 32, 33, 35, 36, 37, 40, 42, 47, 48, 52, 53, 54, 57, 58, 59, 61, 63, 64, 67, 70, 76, 78, 80, 82, 84, 87, 92, 93, 95, 96, 97, 98, 102, 104, 108, 110, 111, 112, 115, 117, 118, 121, 131, 132, 133, 143, 144, 151, 156, 159, 162, 167, 168, 172, 182, 186, 188, 189, 192, 195, 198, 199, 203, 207, 209, 210, 212, 215, 216, 218, 221, 223, 227, 266, 267, 268, 269, 271, 272, 273, 275, 293]",115,159,True
line,180,300,408,1,99.66666666666667,96,100.0,96,0,0.02443760001915507,"[0, 1, 2, 6, 10, 11, 14, 16, 18, 21, 22, 24, 28, 30, 32, 33, 35, 36, 37, 40, 42, 47, 48, 52, 53, 54, 57, 58, 59, 61, 63, 64, 67, 70, 76, 78, 80, 82, 84, 87, 92, 93, 95, 96, 97, 98, 102, 104, 108, 110, 111, 112, 115, 117, 118, 121, 131, 132, 133, 143, 144, 151, 156, 162, 166, 167, 168, 172, 182, 186, 188, 189, 192, 195, 198, 199, 203, 207, 209, 210, 212, 215, 216, 218, 221, 223, 227, 266, 267, 268, 269, 271, 272, 273, 275, 293]",115,164,False
line,181,300,408,1,99.66666666666667,96,100.0,96,0,0.026791499985847622,"[0, 1, 2, 6, 10, 11, 14, 16, 18, 21, 22, 24, 28, 30, 32, 33, 35, 36, 37, 40, 42, 47, 48, 52, 53, 54, 57, 58, 59, 61, 63, 64, 67, 70, 76, 78, 80, 82, 84, 87, 92, 93, 95, 96, 97, 98, 102, 104, 108, 110, 111, 112, 115, 117, 118, 121, 131, 132, 133, 143, 144, 151, 156, 162, 166, 167, 168, 172, 182, 186, 188, 189, 192, 195, 198, 199, 203, 207, 209, 210, 212, 215, 216, 218, 221, 223, 227, 266, 267, 268, 269, 271, 272, 273, 275, 293]",115,166,False
line,182,300,408,1,100.0,96,100.0,96,0,0.025054500001715496,"[0, 1, 2, 6, 10, 11, 14, 16, 18, 21, 22, 24, 28, 30, 32, 33, 35, 36, 37, 40, 42, 47, 48, 52, 53, 54, 57, 58, 59, 61, 63, 64, 67, 70, 76, 78, 80, 82, 84, 87, 92, 93, 95, 96, 97, 98, 102, 104, 108, 110, 111, 112, 115, 117, 118, 121, 131, 132, 133, 143, 144, 151, 156, 159, 162, 167, 168, 172, 182, 186, 188, 189, 192, 195, 198, 199, 203, 207, 209, 210, 212, 215, 216, 218, 221, 223, 227, 266, 267, 268, 269, 271, 272, 273, 275, 293]",117,150,True
line,183,300,408,1,99.66666666666667,96,100.0,97,1,0.022294700000202283,"[0, 1, 2, 6, 10, 11, 14, 16, 18, 21, 22, 24, 28, 30, 32, 33, 35, 36, 37, 40, 42, 47, 48, 52, 53, 54, 57, 58, 59, 61, 63, 64, 67, 70, 76, 78, 80, 82, 84, 87, 92, 93, 95, 96, 97, 98, 102, 104, 108, 110, 111, 112, 115, 117, 118, 119, 121, 131, 132, 133, 143, 144, 151, 156, 159, 162, 167, 168, 172, 182, 186, 188, 189, 192, 195, 198, 199, 203, 207, 209, 210, 212, 215, 216, 218, 221, 223, 227, 266, 267, 268, 269, 271, 272, 273, 275, 293]",118,119,False
line,184,300,408,1,100.0,96,100.0,96,0,0.02185950000421144,"[0, 1, 2, 6, 10, 11, 14, 16, 18, 21, 22, 24, 28, 30, 32, 33, 35, 36, 37, 40, 42, 47, 48, 52, 53, 54, 57, 58, 59, 61, 63, 64, 67, 70, 76, 78, 80, 82, 84, 87, 92, 93, 95, 96, 97, 98, 102, 104, 108, 110, 111, 112, 115, 117, 118, 121, 131, 132, 133, 143, 144, 151, 156, 159, 162, 167, 168, 172, 182, 186, 188, 189, 192, 195, 198, 199, 203, 207, 209, 210, 212, 215, 216, 218, 221, 223, 227, 266, 267, 268, 269, 271, 272, 273, 275, 293]",118,120,True
line,185,300,408,1,100.0,96,100.0,96,0,0.022546000021975487,"[0, 1, 2, 6, 10, 11, 14, 16, 18, 21, 22, 24, 28, 30, 32, 33, 35, 36, 37, 40, 42, 47, 48, 52, 53, 54, 57, 58, 59, 61, 63, 64, 67, 70, 76, 78, 80, 82, 84, 87, 92, 93, 95, 96, 97, 98, 102, 104, 108, 110, 111, 112, 115, 117, 118, 121, 131, 132, 133, 143, 144, 151, 156, 159, 162, 167, 168, 172, 182, 186, 188, 189, 192, 195, 198, 199, 203, 207, 209, 210, 212, 215, 216, 218, 221, 223, 227, 266, 267, 268, 269, 271, 272, 273, 275, 293]",118,123,True
line,186,300,408,1,99.66666666666667,96,100.0,96,0,0.02379469998413697,"[0, 1, 2, 6, 10, 11, 14, 16, 18, 21, 22, 24, 28, 30, 32, 33, 35, 36, 37, 40, 42, 47, 48, 52, 53, 54, 57, 58, 59, 61, 63, 64, 67, 70, 76, 78, 80, 82, 84, 87, 92, 93, 95, 96, 97, 98, 102, 104, 108, 110, 111, 112, 115, 117, 118, 123, 131, 132, 133, 143, 144, 151, 156, 159, 162, 167, 168, 172, 182, 186, 188, 189, 192, 195, 198, 199, 203, 207, 209, 210, 212, 215, 216, 218, 221, 223, 227, 266, 267, 268, 269, 271, 272, 273, 275, 293]",118,124,False
line,187,300,408,1,99.66666666666667,96,100.0,97,1,0.02266410001902841,"[0, 1, 2, 6, 10, 11, 14, 16, 18, 21, 22, 24, 28, 30, 32, 33, 35, 36, 37, 40, 42, 47, 48, 52, 53, 54, 57, 58, 59, 61, 63, 64, 67, 70, 76, 78, 80, 82, 84, 87, 92, 93, 95, 96, 97, 98, 102, 104, 108, 110, 111, 112, 115, 117, 118, 121, 124, 131, 132, 133, 143, 144, 151, 156, 159, 162, 167, 168, 172, 182, 186, 188, 189, 192, 195, 198, 199, 203, 207, 209, 210, 212, 215, 216, 218, 221, 223, 227, 266, 267, 268, 269, 271, 272, 273, 275, 293]",118,125,False
line,188,300,408,1,100.0,96,100.0,96,0,0.023507700010668486,"[0, 1, 2, 6, 10, 11, 14, 16, 18, 21, 22, 24, 28, 30, 32, 33, 35, 36, 37, 40, 42, 47, 48, 52, 53, 54, 57, 58, 59, 61, 63, 64, 67, 70, 76, 78, 80, 82, 84, 87, 92, 93, 95, 96, 97, 98, 102, 104, 108, 110, 111, 112, 115, 117, 118, 121, 131, 132, 133, 143, 144, 151, 156, 159, 162, 167, 168, 172, 182, 186, 188, 189, 192, 195, 198, 199, 203, 207, 209, 210, 212, 215, 216, 218, 221, 223, 227, 266, 267, 268, 269, 271, 272, 273, 275, 293]",118,160,True
line,189,300,408,1,100.0,96,100.0,96,0,0.024658900016220286,"[0, 1, 2, 6, 10, 11, 14, 16, 18, 21, 22, 24, 28, 30, 32, 33, 35, 36, 37, 40, 42, 47, 48, 52, 53, 54, 57, 58, 59, 61, 63, 64, 67, 70, 76, 78, 80, 82, 84, 87, 92, 93, 95, 96, 97, 98, 102, 104, 108, 110, 111, 112, 115, 117, 118, 121, 131, 132, 133, 143, 144, 151, 156, 159, 162, 167, 168, 172, 182, 186, 188, 189, 192, 195, 198, 199, 203, 207, 209, 210, 212, 215, 216, 218, 221, 223, 227, 266, 267, 268, 269, 271, 272, 273, 275, 293]",119,124,True
line,190,300,408,1,100.0,96,100.0,96,0,0.024616300011985004,"[0, 1, 2, 6, 10, 11, 14, 16, 18, 21, 22, 24, 28, 30, 32, 33, 35, 36, 37, 40, 42, 47, 48, 52, 53, 54, 57, 58, 59, 61, 63, 64, 67, 70, 76, 78, 80, 82, 84, 87, 92, 93, 95, 96, 97, 98, 102, 104, 108, 110, 111, 112, 115, 117, 118, 121, 131, 132, 133, 143, 144, 151, 156, 159, 162, 167, 168, 172, 182, 186, 188, 189, 192, 195, 198, 199, 203, 207, 209, 210, 212, 215, 216, 218, 221, 223, 227, 266, 267, 268, 269, 271, 272, 273, 275, 293]",120,121,True
line,191,300,408,1,100.0,96,100.0,96,0,0.024374500004341826,"[0, 1, 2, 6, 10, 11, 14, 16, 18, 21, 22, 24, 28, 30, 32, 33, 35, 36, 37, 40, 42, 47, 48, 52, 53, 54, 57, 58, 59, 61, 63, 64, 67, 70, 76, 78, 80, 82, 84, 87, 92, 93, 95, 96, 97, 98, 102, 104, 108, 110, 111, 112, 115, 117, 118, 121, 131, 132, 133, 143, 144, 151, 156, 159, 162, 167, 168, 172, 182, 186, 188, 189, 192, 195, 198, 199, 203, 207, 209, 210, 212, 215, 216, 218, 221, 223, 227, 266, 267, 268, 269, 271, 272, 273, 275, 293]",121,123,True
line,192,300,408,1,99.66666666666667,96,100.0,96,0,0.022807400004239753,"[0, 1, 2, 6, 10, 11, 14, 16, 18, 21, 22, 24, 28, 30, 32, 33, 35, 36, 37, 40, 42, 47, 48, 52, 53, 54, 57, 58, 59, 61, 63, 64, 67, 70, 76, 78, 80, 82, 84, 87, 92, 93, 95, 96, 97, 98, 102, 104, 108, 110, 111, 112, 115, 117, 118, 123, 131, 132, 133, 143, 144, 151, 156, 159, 162, 167, 168, 172, 182, 186, 188, 189, 192, 195, 198, 199, 203, 207, 209, 210, 212, 215, 216, 218, 221, 223, 227, 266, 267, 268, 269, 271, 272, 273, 275, 293]",121,127,False
line,193,300,408,1,100.0,96,100.0,96,0,0.02115709998179227,"[0, 1, 2, 6, 10, 11, 14, 16, 18, 21, 22, 24, 28, 30, 32, 33, 35, 36, 37, 40, 42, 47, 48, 52, 53, 54, 57, 58, 59, 61, 63, 64, 67, 70, 76, 78, 80, 82, 84, 87, 92, 93, 95, 96, 97, 98, 102, 104, 108, 110, 111, 112, 115, 117, 118, 121, 131, 132, 133, 143, 144, 151, 156, 159, 162, 167, 168, 172, 182, 186, 188, 189, 192, 195, 198, 199, 203, 207, 209, 210, 212, 215, 216, 218, 221, 223, 227, 266, 267, 268, 269, 271, 272, 273, 275, 293]",123,124,True
line,194,300,408,1,100.0,96,100.0,96,0,0.022755299985874444,"[0, 1, 2, 6, 10, 11, 14, 16, 18, 21, 22, 24, 28, 30, 32, 33, 35, 36, 37, 40, 42, 47, 48, 52, 53, 54, 57, 58, 59, 61, 63, 64, 67, 70, 76, 78, 80, 82, 84, 87, 92, 93, 95, 96, 97, 98, 102, 104, 108, 110, 111, 112, 115, 117, 118, 121, 131, 132, 133, 143, 144, 151, 156, 159, 162, 167, 168, 172, 182, 186, 188, 189, 192, 195, 198, 199, 203, 207, 209, 210, 212, 215, 216, 218, 221, 223, 227, 266, 267, 268, 269, 271, 272, 273, 275, 293]",123,127,True
line,195,300,408,1,100.0,96,100.0,96,0,0.02824089999194257,"[0, 1, 2, 6, 10, 11, 14, 16, 18, 21, 22, 24, 28, 30, 32, 33, 35, 36, 37, 40, 42, 47, 48, 52, 53, 54, 57, 58, 59, 61, 63, 64, 67, 70, 76, 78, 80, 82, 84, 87, 92, 93, 95, 96, 97, 98, 102, 104, 108, 110, 111, 112, 115, 117, 118, 121, 131, 132, 133, 143, 144, 151, 156, 159, 162, 167, 168, 172, 182, 186, 188, 189, 192, 195, 198, 199, 203, 207, 209, 210, 212, 215, 216, 218, 221, 223, 227, 266, 267, 268, 269, 271, 272, 273, 275, 293]",124,125,True
line,196,300,408,1,99.66666666666667,96,100.0,96,0,0.023472099972423166,"[0, 1, 2, 6, 10, 11, 14, 16, 18, 21, 22, 24, 28, 30, 32, 33, 35, 36, 37, 40, 42, 47, 48, 52, 53, 54, 57, 58, 59, 61, 63, 64, 67, 70, 76, 78, 80, 82, 84, 87, 92, 93, 95, 96, 97, 98, 102, 104, 108, 110, 111, 112, 114, 115, 117, 118, 121, 133, 143, 144, 151, 156, 159, 161, 162, 167, 168, 172, 182, 186, 188, 189, 192, 195, 198, 199, 203, 207, 209, 210, 212, 215, 216, 218, 221, 223, 227, 266, 267, 268, 269, 271, 272, 273, 275, 293]",130,131,False
line,197,300,408,1,100.0,96,100.0,96,0,0.02428349998081103,"[0, 1, 2, 6, 10, 11, 14, 16, 18, 21, 22, 24, 28, 30, 32, 33, 35, 36, 37, 40, 42, 47, 48, 52, 53, 54, 57, 58, 59, 61, 63, 64, 67, 70, 76, 78, 80, 82, 84, 87, 92, 93, 95, 96, 97, 98, 102, 104, 108, 110, 111, 112, 115, 117, 118, 121, 131, 132, 133, 143, 144, 151, 156, 159, 162, 167, 168, 172, 182, 186, 188, 189, 192, 195, 198, 199, 203, 207, 209, 210, 212, 215, 216, 218, 221, 223, 227, 266, 267, 268, 269, 271, 272, 273, 275, 293]",131,139,True
line,198,300,408,1,100.0,96,100.0,96,0,0.023858000000473112,"[0, 1, 2, 6, 10, 11, 14, 16, 18, 21, 22, 24, 28, 30, 32, 33, 35, 36, 37, 40, 42, 47, 48, 52, 53, 54, 57, 58, 59, 61, 63, 64, 67, 70, 76, 78, 80, 82, 84, 87, 92, 93, 95, 96, 97, 98, 102, 104, 108, 110, 111, 112, 115, 117, 118, 121, 131, 132, 133, 143, 144, 151, 156, 159, 162, 167, 168, 172, 182, 186, 188, 189, 192, 195, 198, 199, 203, 207, 209, 210, 212, 215, 216, 218, 221, 223, 227, 266, 267, 268, 269, 271, 272, 273, 275, 293]",132,134,True
line,199,300,408,1,100.0,96,100.0,96,0,0.023487500002374873,"[0, 1, 2, 6, 10, 11, 14, 16, 18, 21, 22, 24, 28, 30, 32, 33, 35, 36, 37, 40, 42, 47, 48, 52, 53, 54, 57, 58, 59, 61, 63, 64, 67, 70, 76, 78, 80, 82, 84, 87, 92, 93, 95, 96, 97, 98, 102, 104, 108, 110, 111, 112, 115, 117, 118, 121, 131, 132, 133, 143, 144, 151, 156, 159, 162, 167, 168, 172, 182, 186, 188, 189, 192, 195, 198, 199, 203, 207, 209, 210, 212, 215, 216, 218, 221, 223, 227, 266, 267, 268, 269, 271, 272, 273, 275, 293]",132,161,True
line,200,300,408,1,100.0,96,100.0,96,0,0.022695799998473376,"[0, 1, 2, 6, 10, 11, 14, 16, 18, 21, 22, 24, 28, 30, 32, 33, 35, 36, 37, 40, 42, 47, 48, 52, 53, 54, 57, 58, 59, 61, 63, 64, 67, 70, 76, 78, 80, 82, 84, 87, 92, 93, 95, 96, 97, 98, 102, 104, 108, 110, 111, 112, 115, 117, 118, 121, 131, 132, 133, 143, 144, 151, 156, 159, 162, 167, 168, 172, 182, 186, 188, 189, 192, 195, 198, 199, 203, 207, 209, 210, 212, 215, 216, 218, 221, 223, 227, 266, 267, 268, 269, 271, 272, 273, 275, 293]",133,139,True
line,201,300,408,1,100.0,96,100.0,96,0,0.02354129997547716,"[0, 1, 2, 6, 10, 11, 14, 16, 18, 21, 22, 24, 28, 30, 32, 33, 35, 36, 37, 40, 42, 47, 48, 52, 53, 54, 57, 58, 59, 61, 63, 64, 67, 70, 76, 78, 80, 82, 84, 87, 92, 93, 95, 96, 97, 98, 102, 104, 108, 110, 111, 112, 115, 117, 118, 121, 131, 132, 133, 143, 144, 151, 156, 159, 162, 167, 168, 172, 182, 186, 188, 189, 192, 195, 198, 199, 203, 207, 209, 210, 212, 215, 216, 218, 221, 223, 227, 266, 267, 268, 269, 271, 272, 273, 275, 293]",135,137,True
line,202,300,408,1,100.0,96,100.0,96,0,0.026542100007645786,"[0, 1, 2, 6, 10, 11, 14, 16, 18, 21, 22, 24, 28, 30, 32, 33, 35, 36, 37, 40, 42, 47, 48, 52, 53, 54, 57, 58, 59, 61, 63, 64, 67, 70, 76, 78, 80, 82, 84, 87, 92, 93, 95, 96, 97, 98, 102, 104, 108, 110, 111, 112, 115, 117, 118, 121, 131, 132, 133, 143, 144, 151, 156, 159, 162, 167, 168, 172, 182, 186, 188, 189, 192, 195, 198, 199, 203, 207, 209, 210, 212, 215, 216, 218, 221, 223, 227, 266, 267, 268, 269, 271, 272, 273, 275, 293]",136,137,True
line,203,300,408,1,100.0,96,100.0,96,0,0.02271449999534525,"[0, 1, 2, 6, 10, 11, 14, 16, 18, 21, 22, 24, 28, 30, 32, 33, 35, 36, 37, 40, 42, 47, 48, 52, 53, 54, 57, 58, 59, 61, 63, 64, 67, 70, 76, 78, 80, 82, 84, 87, 92, 93, 95, 96, 97, 98, 102, 104, 108, 110, 111, 112, 115, 117, 118, 121, 131, 132, 133, 143, 144, 151, 156, 159, 162, 167, 168, 172, 182, 186, 188, 189, 192, 195, 198, 199, 203, 207, 209, 210, 212, 215, 216, 218, 221, 223, 227, 266, 267, 268, 269, 271, 272, 273, 275, 293]",136,138,True
line,204,300,408,2,100.0,96,100.0,96,0,0.02278699999442324,"[0, 1, 2, 6, 10, 11, 14, 16, 18, 21, 22, 24, 28, 30, 32, 33, 35, 36, 37, 40, 42, 47, 48, 52, 53, 54, 57, 58, 59, 61, 63, 64, 67, 70, 76, 78, 80, 82, 84, 87, 92, 93, 95, 96, 97, 98, 102, 104, 108, 110, 111, 112, 115, 117, 118, 121, 131, 132, 133, 143, 144, 151, 156, 159, 162, 167, 168, 172, 182, 186, 188, 189, 192, 195, 198, 199, 203, 207, 209, 210, 212, 215, 216, 218, 221, 223, 227, 266, 267, 268, 269, 271, 272, 273, 275, 293]",140,142,True
line,205,300,408,2,99.66666666666667,96,100.0,96,0,0.022553899994818494,"[0, 1, 2, 6, 10, 11, 14, 16, 18, 21, 22, 24, 28, 30, 32, 33, 35, 36, 37, 40, 42, 47, 48, 52, 53, 54, 57, 58, 59, 61, 63, 64, 67, 70, 76, 78, 80, 82, 84, 87, 92, 93, 95, 96, 97, 98, 102, 104, 108, 110, 111, 112, 115, 117, 118, 121, 131, 132, 133, 140, 144, 151, 156, 159, 162, 167, 168, 172, 182, 186, 188, 189, 192, 195, 198, 199, 203, 207, 209, 210, 212, 215, 216, 218, 221, 223, 227, 266, 267, 268, 269, 271, 272, 273, 275, 293]",140,143,False
line,206,300,408,1,100.0,96,100.0,96,0,0.022570999979507178,"[0, 1, 2, 6, 10, 11, 14, 16, 18, 21, 22, 24, 28, 30, 32, 33, 35, 36, 37, 40, 42, 47, 48, 52, 53, 54, 57, 58, 59, 61, 63, 64, 67, 70, 76, 78, 80, 82, 84, 87, 92, 93, 95, 96, 97, 98, 102, 104, 108, 110, 111, 112, 115, 117, 118, 121, 131, 132, 133, 143, 144, 151, 156, 159, 162, 167, 168, 172, 182, 186, 188, 189, 192, 195, 198, 199, 203, 207, 209, 210, 212, 215, 216, 218, 221, 223, 227, 266, 267, 268, 269, 271, 272, 273, 275, 293]",141,142,True
line,207,300,408,2,100.0,96,100.0,96,0,0.02568089999840595,"[0, 1, 2, 6, 10, 11, 14, 16, 18, 21, 22, 24, 28, 30, 32, 33, 35, 36, 37, 40, 42, 47, 48, 52, 53, 54, 57, 58, 59, 61, 63, 64, 67, 70, 76, 78, 80, 82, 84, 87, 92, 93, 95, 96, 97, 98, 102, 104, 108, 110, 111, 112, 115, 117, 118, 121, 131, 132, 133, 140, 144, 151, 156, 159, 162, 167, 168, 172, 182, 186, 188, 189, 192, 195, 198, 199, 203, 207, 209, 210, 212, 215, 216, 218, 221, 223, 227, 266, 267, 268, 269, 271, 272, 273, 275, 293]",143,144,True
line,208,300,408,1,100.0,96,100.0,96,0,0.02364660002058372,"[0, 1, 2, 6, 10, 11, 14, 16, 18, 21, 22, 24, 28, 30, 32, 33, 35, 36, 37, 40, 42, 47, 48, 52, 53, 54, 57, 58, 59, 61, 63, 64, 67, 70, 76, 78, 80, 82, 84, 87, 92, 93, 95, 96, 97, 98, 102, 104, 108, 110, 111, 112, 115, 117, 118, 121, 131, 132, 133, 143, 144, 151, 156, 159, 162, 167, 168, 172, 182, 186, 188, 189, 192, 195, 198, 199, 203, 207, 209, 210, 212, 215, 216, 218, 221, 223, 227, 266, 267, 268, 269, 271, 272, 273, 275, 293]",145,147,True
line,209,300,408,1,100.0,96,100.0,96,0,0.024965700024040416,"[0, 1, 2, 6, 10, 11, 14, 16, 18, 21, 22, 24, 28, 30, 32, 33, 35, 36, 37, 40, 42, 47, 48, 52, 53, 54, 57, 58, 59, 61, 63, 64, 67, 70, 76, 78, 80, 82, 84, 87, 92, 93, 95, 96, 97, 98, 102, 104, 108, 110, 111, 112, 115, 117, 118, 121, 131, 132, 133, 143, 144, 151, 156, 159, 162, 167, 168, 172, 182, 186, 188, 189, 192, 195, 198, 199, 203, 207, 209, 210, 212, 215, 216, 218, 221, 223, 227, 266, 267, 268, 269, 271, 272, 273, 275, 293]",150,151,True
line,210,300,408,1,100.0,96,100.0,96,0,0.03526180001790635,"[0, 1, 2, 6, 10, 11, 14, 16, 18, 21, 22, 24, 28, 30, 32, 33, 35, 36, 37, 40, 42, 47, 48, 52, 53, 54, 57, 58, 59, 61, 63, 64, 67, 70, 76, 78, 80, 82, 84, 87, 92, 93, 95, 96, 97, 98, 102, 104, 108, 110, 111, 112, 115, 117, 118, 121, 131, 132, 133, 143, 144, 151, 156, 159, 162, 167, 168, 172, 182, 186, 188, 189, 192, 195, 198, 199, 203, 207, 209, 210, 212, 215, 216, 218, 221, 223, 227, 266, 267, 268, 269, 271, 272, 273, 275, 293]",150,152,True
line,211,300,408,1,99.66666666666667,96,100.0,98,2,0.02299150000908412,"[0, 1, 2, 6, 10, 11, 14, 16, 18, 21, 22, 24, 28, 30, 32, 33, 35, 36, 37, 40, 42, 47, 48, 52, 53, 54, 57, 58, 59, 61, 63, 64, 67, 70, 76, 78, 80, 82, 84, 87, 92, 93, 95, 96, 97, 98, 102, 104, 108, 110, 111, 112, 115, 117, 118, 120, 121, 131, 132, 133, 143, 144, 150, 151, 156, 159, 162, 167, 168, 172, 182, 186, 188, 189, 192, 195, 198, 199, 203, 207, 209, 210, 212, 215, 216, 218, 221, 223, 227, 266, 267, 268, 269, 271, 272, 273, 275, 293]",151,152,False
line,212,300,408,1,99.66666666666667,96,100.0,98,2,0.027678799990098923,"[0, 1, 2, 6, 10, 11, 14, 16, 18, 21, 22, 24, 28, 30, 32, 33, 35, 36, 37, 40, 42, 47, 48, 52, 53, 54, 57, 58, 59, 61, 63, 64, 67, 70, 76, 78, 80, 82, 84, 87, 92, 93, 95, 96, 97, 98, 102, 104, 108, 110, 111, 112, 115, 117, 118, 120, 121, 131, 132, 133, 143, 144, 150, 151, 156, 159, 162, 167, 168, 172, 182, 186, 188, 189, 192, 195, 198, 199, 203, 207, 209, 210, 212, 215, 216, 218, 221, 223, 227, 266, 267, 268, 269, 271, 272, 273, 275, 293]",151,153,False
line,213,300,408,1,99.66666666666667,96,100.0,98,2,0.024051999993389472,"[0, 1, 2, 6, 10, 11, 14, 16, 18, 21, 22, 24, 28, 30, 32, 33, 35, 36, 37, 40, 42, 47, 48, 52, 53, 54, 57, 58, 59, 61, 63, 64, 67, 70, 76, 78, 80, 82, 84, 87, 92, 93, 95, 96, 97, 98, 102, 104, 108, 110, 111, 112, 115, 117, 118, 120, 121, 131, 132, 133, 143, 144, 150, 153, 156, 159, 162, 167, 168, 172, 182, 186, 188, 189, 192, 195, 198, 199, 203, 207, 209, 210, 212, 215, 216, 218, 221, 223, 227, 266, 267, 268, 269, 271, 272, 273, 275, 293]",151,154,False
line,214,300,408,1,100.0,96,100.0,96,0,0.022883099998580292,"[0, 1, 2, 6, 10, 11, 14, 16, 18, 21, 22, 24, 28, 30, 32, 33, 35, 36, 37, 40, 42, 47, 48, 52, 53, 54, 57, 58, 59, 61, 63, 64, 67, 70, 76, 78, 80, 82, 84, 87, 92, 93, 95, 96, 97, 98, 102, 104, 108, 110, 111, 112, 115, 117, 118, 121, 131, 132, 133, 143, 144, 151, 156, 159, 162, 167, 168, 172, 182, 186, 188, 189, 192, 195, 198, 199, 203, 207, 209, 210, 212, 215, 216, 218, 221, 223, 227, 266, 267, 268, 269, 271, 272, 273, 275, 293]",153,154,True
line,215,300,408,1,100.0,96,100.0,96,0,0.025715499999932945,"[0, 1, 2, 6, 10, 11, 14, 16, 18, 21, 22, 24, 28, 30, 32, 33, 35, 36, 37, 40, 42, 47, 48, 52, 53, 54, 57, 58, 59, 61, 63, 64, 67, 70, 76, 78, 80, 82, 84, 87, 92, 93, 95, 96, 97, 98, 102, 104, 108, 110, 111, 112, 115, 117, 118, 121, 131, 132, 133, 143, 144, 151, 156, 159, 162, 167, 168, 172, 182, 186, 188, 189, 192, 195, 198, 199, 203, 207, 209, 210, 212, 215, 216, 218, 221, 223, 227, 266, 267, 268, 269, 271, 272, 273, 275, 293]",153,157,True
line,216,300,408,1,100.0,96,100.0,96,0,0.030825399997411296,"[0, 1, 2, 6, 10, 11, 14, 16, 18, 21, 22, 24, 28, 30, 32, 33, 35, 36, 37, 40, 42, 47, 48, 52, 53, 54, 57, 58, 59, 61, 63, 64, 67, 70, 76, 78, 80, 82, 84, 87, 92, 93, 95, 96, 97, 98, 102, 104, 108, 110, 111, 112, 115, 117, 118, 121, 131, 132, 133, 143, 144, 151, 156, 159, 162, 167, 168, 172, 182, 186, 188, 189, 192, 195, 198, 199, 203, 207, 209, 210, 212, 215, 216, 218, 221, 223, 227, 266, 267, 268, 269, 271, 272, 273, 275, 293]",154,155,True
line,217,300,408,1,99.66666666666667,96,100.0,97,1,0.022901999996975064,"[0, 1, 2, 6, 10, 11, 14, 16, 18, 21, 22, 24, 28, 30, 32, 33, 35, 36, 37, 40, 42, 47, 48, 52, 53, 54, 57, 58, 59, 61, 63, 64, 67, 70, 76, 78, 80, 82, 84, 87, 92, 93, 95, 96, 97, 98, 102, 104, 108, 110, 111, 112, 115, 117, 118, 123, 126, 131, 132, 133, 143, 144, 151, 154, 159, 162, 167, 168, 172, 182, 186, 188, 189, 192, 195, 198, 199, 203, 207, 209, 210, 212, 215, 216, 218, 221, 223, 227, 266, 267, 268, 269, 271, 272, 273, 275, 293]",155,156,False
line,218,300,408,1,99.66666666666667,96,100.0,97,1,0.022814500000094995,"[0, 1, 2, 6, 10, 11, 14, 16, 18, 21, 22, 24, 28, 30, 32, 33, 35, 36, 37, 40, 42, 47, 48, 52, 53, 54, 57, 58, 59, 61, 63, 64, 67, 70, 76, 78, 80, 82, 84, 87, 92, 93, 95, 96, 97, 98, 102, 104, 108, 110, 111, 112, 115, 117, 118, 123, 126, 131, 132, 133, 143, 144, 151, 154, 159, 162, 167, 168, 172, 182, 186, 188, 189, 192, 195, 198, 199, 203, 207, 209, 210, 212, 215, 216, 218, 221, 223, 227, 266, 267, 268, 269, 271, 272, 273, 275, 293]",156,157,False
line,219,300,408,1,99.66666666666667,96,100.0,97,1,0.025082999985897914,"[0, 1, 2, 6, 10, 11, 14, 16, 18, 21, 22, 24, 28, 30, 32, 33, 35, 36, 37, 40, 42, 47, 48, 52, 53, 54, 57, 58, 59, 61, 63, 64, 67, 70, 76, 78, 80, 82, 84, 87, 92, 93, 95, 96, 97, 98, 102, 104, 108, 110, 111, 112, 115, 117, 118, 123, 126, 131, 132, 133, 143, 144, 151, 154, 159, 162, 167, 168, 172, 182, 186, 188, 189, 192, 195, 198, 199, 203, 207, 209, 210, 212, 215, 216, 218, 221, 223, 227, 266, 267, 268, 269, 271, 272, 273, 275, 293]",156,158,False
line,220,300,408,1,99.66666666666667,96,100.0,96,0,0.02536650002002716,"[0, 1, 2, 6, 10, 11, 14, 16, 18, 21, 22, 24, 28, 30, 32, 33, 35, 36, 37, 40, 42, 47, 48, 52, 53, 54, 57, 58, 59, 61, 63, 64, 67, 70, 76, 78, 80, 82, 84, 87, 92, 93, 95, 96, 97, 98, 102, 104, 108, 110, 111, 112, 115, 117, 118, 121, 131, 132, 133, 143, 144, 151, 156, 162, 166, 167, 168, 172, 182, 186, 188, 189, 192, 195, 198, 199, 203, 207, 209, 210, 212, 215, 216, 218, 221, 223, 227, 266, 267, 268, 269, 271, 272, 273, 275, 293]",159,116,False
line,221,300,408,1,99.66666666666667,96,100.0,96,0,0.02626119999331422,"[0, 1, 2, 6, 10, 11, 14, 16, 18, 21, 22, 24, 28, 30, 32, 33, 35, 36, 37, 40, 42, 47, 48, 52, 53, 54, 57, 58, 59, 61, 63, 64, 67, 70, 76, 78, 80, 82, 84, 87, 92, 93, 95, 96, 97, 98, 102, 104, 108, 110, 111, 112, 115, 117, 118, 121, 131, 132, 133, 143, 144, 151, 156, 162, 166, 167, 168, 172, 182, 186, 188, 189, 192, 195, 198, 199, 203, 207, 209, 210, 212, 215, 216, 218, 221, 223, 227, 266, 267, 268, 269, 271, 272, 273, 275, 293]",159,165,False
line,222,300,408,2,99.66666666666667,96,100.0,96,0,0.026856399985263124,"[0, 1, 2, 6, 10, 11, 14, 16, 18, 21, 22, 24, 28, 30, 32, 33, 35, 36, 37, 40, 42, 47, 48, 52, 53, 54, 57, 58, 59, 61, 63, 64, 67, 70, 76, 78, 80, 82, 84, 87, 92, 93, 95, 96, 97, 98, 102, 104, 108, 110, 111, 112, 115, 117, 118, 121, 131, 132, 133, 143, 144, 151, 156, 159, 163, 167, 168, 172, 182, 186, 188, 189, 192, 195, 198, 199, 203, 207, 209, 210, 212, 215, 216, 218, 221, 223, 227, 266, 267, 268, 269, 271, 272, 273, 275, 293]",162,163,False
line,223,300,408,1,100.0,96,100.0,96,0,0.029579399997601286,"[0, 1, 2, 6, 10, 11, 14, 16, 18, 21, 22, 24, 28, 30, 32, 33, 35, 36, 37, 40, 42, 47, 48, 52, 53, 54, 57, 58, 59, 61, 63, 64, 67, 70, 76, 78, 80, 82, 84, 87, 92, 93, 95, 96, 97, 98, 102, 104, 108, 110, 111, 112, 115, 117, 118, 121, 131, 132, 133, 143, 144, 151, 156, 159, 162, 167, 168, 172, 182, 186, 188, 189, 192, 195, 198, 199, 203, 207, 209, 210, 212, 215, 216, 218, 221, 223, 227, 266, 267, 268, 269, 271, 272, 273, 275, 293]",164,166,True
line,224,300,408,1,100.0,96,100.0,96,0,0.022756299993488938,"[0, 1, 2, 6, 10, 11, 14, 16, 18, 21, 22, 24, 28, 30, 32, 33, 35, 36, 37, 40, 42, 47, 48, 52, 53, 54, 57, 58, 59, 61, 63, 64, 67, 70, 76, 78, 80, 82, 84, 87, 92, 93, 95, 96, 97, 98, 102, 104, 108, 110, 111, 112, 115, 117, 118, 121, 131, 132, 133, 143, 144, 151, 156, 159, 162, 167, 168, 172, 182, 186, 188, 189, 192, 195, 198, 199, 203, 207, 209, 210, 212, 215, 216, 218, 221, 223, 227, 266, 267, 268, 269, 271, 272, 273, 275, 293]",165,166,True
line,225,300,408,1,100.0,96,100.0,96,0,0.023337599996011704,"[0, 1, 2, 6, 10, 11, 14, 16, 18, 21, 22, 24, 28, 30, 32, 33, 35, 36, 37, 40, 42, 47, 48, 52, 53, 54, 57, 58, 59, 61, 63, 64, 67, 70, 76, 78, 80, 82, 84, 87, 92, 93, 95, 96, 97, 98, 102, 104, 108, 110, 111, 112, 115, 117, 118, 121, 131, 132, 133, 143, 144, 151, 156, 159, 162, 167, 168, 172, 182, 186, 188, 189, 192, 195, 198, 199, 203, 207, 209, 210, 212, 215, 216, 218, 221, 223, 227, 266, 267, 268, 269, 271, 272, 273, 275, 293]",166,116,True
line,226,300,408,1,100.0,96,100.0,96,0,0.023565600014990196,"[0, 1, 2, 6, 10, 11, 14, 16, 18, 21, 22, 24, 28, 30, 32, 33, 35, 36, 37, 40, 42, 47, 48, 52, 53, 54, 57, 58, 59, 61, 63, 64, 67, 70, 76, 78, 80, 82, 84, 87, 92, 93, 95, 96, 97, 98, 102, 104, 108, 110, 111, 112, 115, 117, 118, 121, 131, 132, 133, 143, 144, 151, 156, 159, 162, 167, 168, 172, 182, 186, 188, 189, 192, 195, 198, 199, 203, 207, 209, 210, 212, 215, 216, 218, 221, 223, 227, 266, 267, 268, 269, 271, 272, 273, 275, 293]",167,186,True
line,227,300,408,1,99.66666666666667,96,100.0,96,0,0.024119699985021725,"[0, 1, 2, 6, 10, 11, 14, 16, 18, 21, 22, 24, 28, 30, 32, 33, 35, 36, 37, 40, 42, 47, 48, 52, 53, 54, 57, 58, 59, 61, 63, 64, 67, 70, 76, 78, 80, 82, 84, 87, 92, 93, 95, 96, 97, 98, 102, 104, 108, 110, 111, 112, 115, 117, 118, 121, 131, 132, 133, 143, 144, 151, 156, 159, 162, 168, 172, 176, 182, 186, 188, 189, 192, 195, 198, 199, 203, 207, 209, 210, 212, 215, 216, 218, 221, 223, 227, 266, 267, 268, 269, 271, 272, 273, 275, 293]",167,187,False
line,228,300,408,1,100.0,96,100.0,95,-1,0.026010200002929196,"[0, 1, 2, 6, 10, 11, 14, 16, 18, 21, 22, 24, 30, 32, 33, 35, 36, 37, 40, 42, 47, 48, 52, 53, 54, 57, 58, 59, 61, 63, 64, 70, 72, 76, 78, 80, 82, 84, 87, 92, 93, 95, 96, 97, 98, 102, 104, 108, 110, 111, 112, 115, 117, 118, 121, 131, 132, 133, 143, 144, 151, 156, 159, 162, 167, 168, 172, 182, 186, 188, 189, 192, 193, 197, 199, 203, 207, 209, 210, 212, 215, 216, 218, 221, 223, 227, 266, 267, 268, 269, 271, 272, 273, 275, 293]",168,209,True
line,229,300,408,1,100.0,96,100.0,96,0,0.02608370000962168,"[0, 1, 2, 6, 10, 11, 14, 16, 18, 21, 22, 24, 28, 30, 32, 33, 35, 36, 37, 40, 42, 47, 48, 52, 53, 54, 57, 58, 59, 61, 63, 64, 67, 70, 76, 78, 80, 82, 84, 87, 92, 93, 95, 96, 97, 98, 102, 104, 108, 110, 111, 112, 115, 117, 118, 121, 131, 132, 133, 143, 144, 151, 156, 159, 162, 167, 168, 172, 182, 186, 188, 189, 192, 195, 198, 199, 203, 207, 209, 210, 212, 215, 216, 218, 221, 223, 227, 266, 267, 268, 269, 271, 272, 273, 275, 293]",169,170,True
line,230,300,408,1,99.66666666666667,96,100.0,95,-1,0.022084399999585003,"[0, 1, 2, 6, 10, 11, 14, 16, 18, 21, 22, 24, 28, 30, 32, 33, 35, 36, 37, 40, 42, 47, 48, 52, 53, 54, 57, 58, 59, 61, 63, 64, 67, 70, 76, 78, 80, 82, 84, 87, 92, 93, 95, 96, 97, 98, 102, 104, 108, 110, 111, 112, 115, 117, 118, 121, 131, 132, 133, 143, 144, 151, 156, 159, 162, 167, 168, 169, 172, 182, 186, 188, 189, 192, 195, 201, 207, 209, 210, 212, 215, 216, 218, 221, 223, 227, 266, 267, 268, 269, 271, 272, 273, 275, 293]",170,203,False
line,231,300,408,1,100.0,96,100.0,96,0,0.025293399987276644,"[0, 1, 2, 6, 10, 11, 14, 16, 18, 21, 22, 24, 28, 30, 32, 33, 35, 36, 37, 40, 42, 47, 48, 52, 53, 54, 57, 58, 59, 61, 63, 64, 67, 70, 76, 78, 80, 82, 84, 87, 92, 93, 95, 96, 97, 98, 102, 104, 108, 110, 111, 112, 115, 117, 118, 121, 131, 132, 133, 143, 144, 151, 156, 159, 162, 167, 168, 172, 182, 186, 188, 189, 192, 195, 198, 199, 203, 207, 209, 210, 212, 215, 216, 218, 221, 223, 227, 266, 267, 268, 269, 271, 272, 273, 275, 293]",171,183,True
line,232,300,408,1,99.66666666666667,96,100.0,96,0,0.02424500000779517,"[0, 1, 2, 6, 10, 11, 14, 16, 18, 21, 22, 24, 28, 30, 32, 33, 35, 36, 37, 40, 42, 47, 48, 52, 53, 54, 57, 58, 59, 61, 63, 64, 67, 70, 76, 78, 80, 82, 84, 87, 92, 93, 95, 96, 97, 98, 102, 104, 108, 110, 111, 112, 115, 117, 118, 121, 131, 132, 133, 143, 144, 151, 156, 159, 162, 167, 168, 172, 182, 183, 188, 189, 192, 195, 198, 199, 203, 207, 209, 210, 212, 215, 216, 218, 221, 223, 227, 266, 267, 268, 269, 271, 272, 273, 275, 293]",171,186,False
line,233,300,408,1,100.0,96,100.0,96,0,0.02319000000716187,"[0, 1, 2, 6, 10, 11, 14, 16, 18, 21, 22, 24, 28, 30, 32, 33, 35, 36, 37, 40, 42, 47, 48, 52, 53, 54, 57, 58, 59, 61, 63, 64, 67, 70, 76, 78, 80, 82, 84, 87, 92, 93, 95, 96, 97, 98, 102, 104, 108, 110, 111, 112, 115, 117, 118, 121, 131, 132, 133, 143, 144, 151, 156, 159, 162, 167, 168, 172, 182, 186, 188, 189, 192, 195, 198, 199, 203, 207, 209, 210, 212, 215, 216, 218, 221, 223, 227, 266, 267, 268, 269, 271, 272, 273, 275, 293]",172,197,True
line,234,300,408,2,99.66666666666667,96,100.0,96,0,0.02303320000646636,"[0, 1, 2, 6, 10, 11, 14, 16, 18, 21, 22, 24, 28, 30, 32, 33, 35, 36, 37, 40, 42, 47, 48, 52, 53, 54, 57, 58, 59, 61, 63, 64, 67, 70, 76, 78, 80, 82, 84, 87, 92, 93, 95, 96, 97, 98, 102, 104, 108, 110, 111, 112, 115, 117, 118, 121, 131, 132, 133, 143, 144, 151, 156, 159, 162, 167, 168, 182, 186, 188, 189, 192, 195, 198, 199, 203, 207, 209, 210, 212, 215, 216, 218, 221, 223, 227, 241, 266, 267, 268, 269, 271, 272, 273, 275, 293]",172,241,False
line,235,300,408,1,100.0,96,100.0,96,0,0.029613399994559586,"[0, 1, 2, 6, 10, 11, 14, 16, 18, 21, 22, 24, 28, 30, 32, 33, 35, 36, 37, 40, 42, 47, 48, 52, 53, 54, 57, 58, 59, 61, 63, 64, 67, 70, 76, 78, 80, 82, 84, 87, 92, 93, 95, 96, 97, 98, 102, 104, 108, 110, 111, 112, 115, 117, 118, 121, 131, 132, 133, 143, 144, 151, 156, 159, 162, 167, 168, 172, 182, 186, 188, 189, 192, 195, 198, 199, 203, 207, 209, 210, 212, 215, 216, 218, 221, 223, 227, 266, 267, 268, 269, 271, 272, 273, 275, 293]",173,197,True
line,236,300,408,1,100.0,96,100.0,96,0,0.021964100014884025,"[0, 1, 2, 6, 10, 11, 14, 16, 18, 21, 22, 24, 28, 30, 32, 33, 35, 36, 37, 40, 42, 47, 48, 52, 53, 54, 57, 58, 59, 61, 63, 64, 67, 70, 76, 78, 80, 82, 84, 87, 92, 93, 95, 96, 97, 98, 102, 104, 108, 110, 111, 112, 115, 117, 118, 121, 131, 132, 133, 143, 144, 151, 156, 159, 162, 167, 168, 172, 182, 186, 188, 189, 192, 195, 198, 199, 203, 207, 209, 210, 212, 215, 216, 218, 221, 223, 227, 266, 267, 268, 269, 271, 272, 273, 275, 293]",174,175,True
line,237,300,408,1,99.66666666666667,96,100.0,97,1,0.02640810000593774,"[0, 1, 2, 6, 10, 11, 14, 16, 18, 21, 22, 24, 28, 30, 32, 33, 35, 36, 37, 40, 42, 47, 48, 52, 53, 54, 57, 58, 59, 61, 63, 64, 67, 70, 76, 78, 80, 82, 84, 87, 92, 93, 95, 96, 97, 98, 102, 104, 108, 110, 111, 112, 115, 117, 118, 121, 131, 132, 133, 143, 144, 151, 156, 159, 162, 167, 168, 171, 172, 178, 182, 183, 189, 192, 195, 198, 199, 203, 207, 209, 210, 212, 215, 216, 218, 221, 223, 227, 266, 267, 268, 269, 271, 272, 273, 275, 293]",174,188,False
line,238,300,408,1,100.0,96,100.0,96,0,0.023346600006334484,"[0, 1, 2, 6, 10, 11, 14, 16, 18, 21, 22, 24, 28, 30, 32, 33, 35, 36, 37, 40, 42, 47, 48, 52, 53, 54, 57, 58, 59, 61, 63, 64, 67, 70, 76, 78, 80, 82, 84, 87, 92, 93, 95, 96, 97, 98, 102, 104, 108, 110, 111, 112, 115, 117, 118, 121, 131, 132, 133, 143, 144, 151, 156, 159, 162, 167, 168, 172, 182, 186, 188, 189, 192, 195, 198, 199, 203, 207, 209, 210, 212, 215, 216, 218, 221, 223, 227, 266, 267, 268, 269, 271, 272, 273, 275, 293]",175,176,True
line,239,300,408,1,99.66666666666667,96,100.0,98,2,0.022808100009569898,"[0, 1, 2, 6, 10, 11, 14, 16, 18, 21, 22, 24, 28, 30, 32, 33, 35, 36, 37, 40, 42, 47, 48, 52, 53, 54, 56, 57, 58, 59, 61, 63, 64, 67, 70, 76, 78, 80, 82, 84, 87, 92, 93, 95, 96, 97, 98, 102, 104, 108, 110, 111, 112, 115, 117, 118, 121, 131, 132, 133, 143, 144, 151, 156, 159, 162, 168, 171, 172, 173, 176, 178, 182, 186, 192, 195, 198, 199, 203, 207, 209, 210, 212, 215, 216, 218, 221, 223, 227, 266, 267, 268, 269, 271, 272, 273, 275, 293]",175,189,False
line,240,300,408,1,100.0,96,100.0,96,0,0.02538859998458065,"[0, 1, 2, 6, 10, 11, 14, 16, 18, 21, 22, 24, 28, 30, 32, 33, 35, 36, 37, 40, 42, 47, 48, 52, 53, 54, 57, 58, 59, 61, 63, 64, 67, 70, 76, 78, 80, 82, 84, 87, 92, 93, 95, 96, 97, 98, 102, 104, 108, 110, 111, 112, 115, 117, 118, 121, 131, 132, 133, 143, 144, 151, 156, 159, 162, 167, 168, 172, 182, 186, 188, 189, 192, 195, 198, 199, 203, 207, 209, 210, 212, 215, 216, 218, 221, 223, 227, 266, 267, 268, 269, 271, 272, 273, 275, 293]",176,181,True
line,241,300,408,1,100.0,96,100.0,96,0,0.025340600026538596,"[0, 1, 2, 6, 10, 11, 14, 16, 18, 21, 22, 24, 28, 30, 32, 33, 35, 36, 37, 40, 42, 47, 48, 52, 53, 54, 57, 58, 59, 61, 63, 64, 67, 70, 76, 78, 80, 82, 84, 87, 92, 93, 95, 96, 97, 98, 102, 104, 108, 110, 111, 112, 115, 117, 118, 121, 131, 132, 133, 143, 144, 151, 156, 159, 162, 167, 168, 172, 182, 186, 188, 189, 192, 195, 198, 199, 203, 207, 209, 210, 212, 215, 216, 218, 221, 223, 227, 266, 267, 268, 269, 271, 272, 273, 275, 293]",176,188,True
line,242,300,408,1,100.0,96,100.0,96,0,0.030268900009104982,"[0, 1, 2, 6, 10, 11, 14, 16, 18, 21, 22, 24, 28, 30, 32, 33, 35, 36, 37, 40, 42, 47, 48, 52, 53, 54, 57, 58, 59, 61, 63, 64, 67, 70, 76, 78, 80, 82, 84, 87, 92, 93, 95, 96, 97, 98, 102, 104, 108, 110, 111, 112, 115, 117, 118, 121, 131, 132, 133, 143, 144, 151, 156, 159, 162, 167, 168, 172, 182, 186, 188, 189, 192, 195, 198, 199, 203, 207, 209, 210, 212, 215, 216, 218, 221, 223, 227, 266, 267, 268, 269, 271, 272, 273, 275, 293]",176,189,True
line,243,300,408,1,100.0,96,100.0,96,0,0.02361689999816008,"[0, 1, 2, 6, 10, 11, 14, 16, 18, 21, 22, 24, 28, 30, 32, 33, 35, 36, 37, 40, 42, 47, 48, 52, 53, 54, 57, 58, 59, 61, 63, 64, 67, 70, 76, 78, 80, 82, 84, 87, 92, 93, 95, 96, 97, 98, 102, 104, 108, 110, 111, 112, 115, 117, 118, 121, 131, 132, 133, 143, 144, 151, 156, 159, 162, 167, 168, 172, 182, 186, 188, 189, 192, 195, 198, 199, 203, 207, 209, 210, 212, 215, 216, 218, 221, 223, 227, 266, 267, 268, 269, 271, 272, 273, 275, 293]",177,178,True
line,244,300,408,1,99.66666666666667,96,100.0,97,1,0.022839299985207617,"[0, 1, 2, 6, 10, 11, 14, 16, 18, 21, 22, 24, 28, 30, 32, 33, 35, 36, 37, 40, 42, 47, 48, 52, 53, 54, 57, 58, 59, 61, 63, 64, 67, 70, 76, 78, 80, 82, 84, 87, 92, 93, 95, 96, 97, 98, 102, 104, 108, 110, 111, 112, 115, 117, 118, 121, 131, 132, 133, 143, 144, 151, 156, 159, 162, 167, 168, 171, 172, 178, 182, 183, 189, 192, 195, 198, 199, 203, 207, 209, 210, 212, 215, 216, 218, 221, 223, 227, 266, 267, 268, 269, 271, 272, 273, 275, 293]",177,188,False
line,245,300,408,1,99.66666666666667,96,100.0,97,1,0.02299920000950806,"[0, 1, 2, 6, 10, 11, 14, 16, 18, 21, 22, 24, 28, 30, 32, 33, 35, 36, 37, 40, 42, 47, 48, 52, 53, 54, 57, 58, 59, 61, 63, 64, 67, 70, 76, 78, 80, 82, 84, 87, 92, 93, 95, 96, 97, 98, 102, 104, 108, 110, 111, 112, 115, 117, 118, 121, 131, 132, 133, 143, 144, 151, 156, 159, 162, 167, 168, 171, 172, 178, 182, 183, 189, 192, 195, 198, 199, 203, 207, 209, 210, 212, 215, 216, 218, 221, 223, 227, 266, 267, 268, 269, 271, 272, 273, 275, 293]",178,188,False
line,246,300,408,1,99.66666666666667,96,100.0,97,1,0.02379019997897558,"[0, 1, 2, 6, 10, 11, 14, 16, 18, 21, 22, 24, 28, 30, 32, 33, 35, 36, 37, 40, 42, 47, 48, 52, 53, 54, 56, 57, 58, 59, 61, 63, 64, 67, 70, 76, 78, 80, 82, 84, 87, 92, 93, 95, 96, 97, 98, 102, 104, 108, 110, 111, 112, 115, 117, 118, 121, 131, 132, 133, 143, 144, 151, 156, 159, 162, 167, 168, 172, 174, 183, 188, 189, 192, 195, 198, 199, 203, 207, 209, 210, 212, 215, 216, 218, 221, 223, 227, 266, 267, 268, 269, 271, 272, 273, 275, 293]",179,182,False
line,247,300,408,1,99.66666666666667,96,100.0,98,2,0.022923999989870936,"[0, 1, 2, 6, 10, 11, 14, 16, 18, 21, 22, 24, 28, 30, 32, 33, 35, 36, 37, 40, 42, 47, 48, 52, 53, 54, 56, 57, 58, 59, 61, 63, 64, 67, 70, 76, 78, 80, 82, 84, 87, 92, 93, 95, 96, 97, 98, 102, 104, 108, 110, 111, 112, 115, 117, 118, 121, 131, 132, 133, 143, 144, 151, 156, 159, 162, 168, 171, 172, 173, 176, 178, 182, 186, 192, 195, 198, 199, 203, 207, 209, 210, 212, 215, 216, 218, 221, 223, 227, 266, 267, 268, 269, 271, 272, 273, 275, 293]",181,189,False
line,248,300,408,1,99.66666666666667,96,100.0,97,1,0.02760540001327172,"[0, 1, 2, 6, 10, 11, 14, 16, 18, 21, 22, 24, 28, 30, 32, 33, 35, 36, 37, 42, 47, 48, 52, 53, 54, 57, 58, 59, 61, 63, 64, 67, 70, 76, 78, 80, 82, 84, 87, 88, 89, 93, 95, 96, 97, 98, 102, 104, 108, 110, 111, 112, 115, 117, 118, 121, 131, 132, 133, 143, 144, 151, 156, 159, 162, 167, 168, 171, 172, 182, 184, 188, 189, 192, 195, 198, 199, 203, 207, 209, 210, 212, 215, 216, 218, 221, 223, 227, 266, 267, 268, 269, 271, 272, 273, 275, 293]",182,183,False
line,249,300,408,1,100.0,96,100.0,96,0,0.022965299984207377,"[0, 1, 2, 6, 10, 11, 14, 16, 18, 21, 22, 24, 28, 30, 32, 33, 35, 36, 37, 40, 42, 47, 48, 52, 53, 54, 57, 58, 59, 61, 63, 64, 67, 70, 76, 78, 80, 82, 84, 87, 92, 93, 95, 96, 97, 98, 102, 104, 108, 110, 111, 112, 115, 117, 118, 121, 131, 132, 133, 143, 144, 151, 156, 159, 162, 167, 168, 172, 182, 186, 188, 189, 192, 195, 198, 199, 203, 207, 209, 210, 212, 215, 216, 218, 221, 223, 227, 266, 267, 268, 269, 271, 272, 273, 275, 293]",183,184,True
line,250,300,408,1,100.0,96,100.0,96,0,0.023059400002239272,"[0, 1, 2, 6, 10, 11, 14, 16, 18, 21, 22, 24, 28, 30, 32, 33, 35, 36, 37, 40, 42, 47, 48, 52, 53, 54, 57, 58, 59, 61, 63, 64, 67, 70, 76, 78, 80, 82, 84, 87, 92, 93, 95, 96, 97, 98, 102, 104, 108, 110, 111, 112, 115, 117, 118, 121, 131, 132, 133, 143, 144, 151, 156, 159, 162, 167, 168, 172, 182, 186, 188, 189, 192, 195, 198, 199, 203, 207, 209, 210, 212, 215, 216, 218, 221, 223, 227, 266, 267, 268, 269, 271, 272, 273, 275, 293]",184,185,True
line,251,300,408,1,99.66666666666667,96,100.0,96,0,0.02316029998473823,"[0, 1, 2, 6, 10, 11, 14, 16, 18, 21, 22, 24, 28, 30, 32, 33, 35, 36, 37, 40, 42, 47, 48, 52, 53, 54, 57, 58, 59, 61, 63, 64, 67, 70, 76, 78, 80, 82, 84, 87, 92, 93, 95, 96, 97, 98, 102, 104, 108, 110, 111, 112, 115, 117, 118, 121, 131, 132, 133, 143, 144, 151, 156, 159, 162, 167, 168, 172, 182, 183, 188, 189, 192, 195, 198, 199, 203, 207, 209, 210, 212, 215, 216, 218, 221, 223, 227, 266, 267, 268, 269, 271, 272, 273, 275, 293]",184,186,False
line,252,300,408,1,100.0,96,100.0,96,0,0.02303589999792166,"[0, 1, 2, 6, 10, 11, 14, 16, 18, 21, 22, 24, 28, 30, 32, 33, 35, 36, 37, 40, 42, 47, 48, 52, 53, 54, 57, 58, 59, 61, 63, 64, 67, 70, 76, 78, 80, 82, 84, 87, 92, 93, 95, 96, 97, 98, 102, 104, 108, 110, 111, 112, 115, 117, 118, 121, 131, 132, 133, 143, 144, 151, 156, 159, 162, 167, 168, 172, 182, 186, 188, 189, 192, 195, 198, 199, 203, 207, 209, 210, 212, 215, 216, 218, 221, 223, 227, 266, 267, 268, 269, 271, 272, 273, 275, 293]",190,193,True
line,253,300,408,1,99.66666666666667,96,100.0,97,1,0.027300999994622543,"[0, 1, 2, 6, 10, 11, 14, 16, 18, 21, 22, 24, 28, 30, 32, 33, 35, 36, 37, 40, 42, 47, 48, 52, 53, 54, 57, 58, 59, 61, 63, 64, 67, 70, 76, 78, 80, 82, 84, 87, 92, 93, 95, 96, 97, 98, 102, 104, 108, 110, 111, 112, 115, 117, 118, 121, 131, 132, 133, 143, 144, 151, 156, 159, 162, 167, 168, 172, 182, 186, 188, 189, 190, 191, 195, 198, 199, 203, 207, 209, 210, 212, 215, 216, 218, 221, 223, 227, 266, 267, 268, 269, 271, 272, 273, 275, 293]",192,193,False
line,254,300,408,1,100.0,96,100.0,96,0,0.02429239999037236,"[0, 1, 2, 6, 10, 11, 14, 16, 18, 21, 22, 24, 28, 30, 32, 33, 35, 36, 37, 40, 42, 47, 48, 52, 53, 54, 57, 58, 59, 61, 63, 64, 67, 70, 76, 78, 80, 82, 84, 87, 92, 93, 95, 96, 97, 98, 102, 104, 108, 110, 111, 112, 115, 117, 118, 121, 131, 132, 133, 143, 144, 151, 156, 159, 162, 167, 168, 172, 182, 186, 188, 189, 192, 195, 198, 199, 203, 207, 209, 210, 212, 215, 216, 218, 221, 223, 227, 266, 267, 268, 269, 271, 272, 273, 275, 293]",192,220,True
line,255,300,408,1,100.0,96,100.0,96,0,0.026204299996607006,"[0, 1, 2, 6, 10, 11, 14, 16, 18, 21, 22, 24, 28, 30, 32, 33, 35, 36, 37, 40, 42, 47, 48, 52, 53, 54, 57, 58, 59, 61, 63, 64, 67, 70, 76, 78, 80, 82, 84, 87, 92, 93, 95, 96, 97, 98, 102, 104, 108, 110, 111, 112, 115, 117, 118, 121, 131, 132, 133, 143, 144, 151, 156, 159, 162, 167, 168, 172, 182, 186, 188, 189, 192, 195, 198, 199, 203, 207, 209, 210, 212, 215, 216, 218, 221, 223, 227, 266, 267, 268, 269, 271, 272, 273, 275, 293]",193,194,True
line,256,300,408,1,99.66666666666667,96,100.0,95,-1,0.0225473000027705,"[0, 1, 2, 6, 10, 11, 14, 16, 18, 21, 22, 24, 30, 32, 33, 35, 36, 37, 40, 42, 47, 48, 52, 53, 54, 57, 58, 59, 61, 63, 64, 70, 72, 76, 78, 80, 82, 84, 87, 92, 93, 95, 96, 97, 98, 102, 104, 108, 110, 111, 112, 115, 117, 118, 121, 131, 132, 133, 143, 144, 151, 156, 159, 162, 167, 168, 172, 182, 186, 188, 189, 192, 193, 197, 199, 203, 207, 209, 210, 212, 215, 216, 218, 221, 223, 227, 266, 267, 268, 269, 271, 272, 273, 275, 293]",194,195,False
line,257,300,408,1,100.0,96,100.0,95,-1,0.02267169998958707,"[0, 1, 2, 6, 10, 11, 14, 16, 18, 21, 22, 24, 30, 32, 33, 35, 36, 37, 40, 42, 47, 48, 52, 53, 54, 57, 58, 59, 61, 63, 64, 70, 72, 76, 78, 80, 82, 84, 87, 92, 93, 95, 96, 97, 98, 102, 104, 108, 110, 111, 112, 115, 117, 118, 121, 131, 132, 133, 143, 144, 151, 156, 159, 162, 167, 168, 172, 182, 186, 188, 189, 192, 193, 197, 199, 203, 207, 209, 210, 212, 215, 216, 218, 221, 223, 227, 266, 267, 268, 269, 271, 272, 273, 275, 293]",195,196,True
line,258,300,408,1,100.0,96,100.0,95,-1,0.02503300001262687,"[0, 1, 2, 6, 10, 11, 14, 16, 18, 21, 22, 24, 30, 32, 33, 35, 36, 37, 40, 42, 47, 48, 52, 53, 54, 57, 58, 59, 61, 63, 64, 70, 72, 76, 78, 80, 82, 84, 87, 92, 93, 95, 96, 97, 98, 102, 104, 108, 110, 111, 112, 115, 117, 118, 121, 131, 132, 133, 143, 144, 151, 156, 159, 162, 167, 168, 172, 182, 186, 188, 189, 192, 193, 197, 199, 203, 207, 209, 210, 212, 215, 216, 218, 221, 223, 227, 266, 267, 268, 269, 271, 272, 273, 275, 293]",195,198,True
line,259,300,408,1,100.0,96,100.0,96,0,0.02888700002222322,"[0, 1, 2, 6, 10, 11, 14, 16, 18, 21, 22, 24, 28, 30, 32, 33, 35, 36, 37, 40, 42, 47, 48, 52, 53, 54, 57, 58, 59, 61, 63, 64, 67, 70, 76, 78, 80, 82, 84, 87, 92, 93, 95, 96, 97, 98, 102, 104, 108, 110, 111, 112, 115, 117, 118, 121, 131, 132, 133, 143, 144, 151, 156, 159, 162, 167, 168, 172, 182, 186, 188, 189, 192, 195, 198, 199, 203, 207, 209, 210, 212, 215, 216, 218, 221, 223, 227, 266, 267, 268, 269, 271, 272, 273, 275, 293]",197,215,True
line,260,300,408,1,100.0,96,100.0,96,0,0.023066199995810166,"[0, 1, 2, 6, 10, 11, 14, 16, 18, 21, 22, 24, 28, 30, 32, 33, 35, 36, 37, 40, 42, 47, 48, 52, 53, 54, 57, 58, 59, 61, 63, 64, 67, 70, 76, 78, 80, 82, 84, 87, 92, 93, 95, 96, 97, 98, 102, 104, 108, 110, 111, 112, 115, 117, 118, 121, 131, 132, 133, 143, 144, 151, 156, 159, 162, 167, 168, 172, 182, 186, 188, 189, 192, 195, 198, 199, 203, 207, 209, 210, 212, 215, 216, 218, 221, 223, 227, 266, 267, 268, 269, 271, 272, 273, 275, 293]",198,196,True
line,261,300,408,1,100.0,96,100.0,95,-1,0.0231764999916777,"[0, 1, 2, 6, 10, 11, 14, 16, 18, 21, 22, 24, 28, 30, 32, 33, 35, 36, 37, 40, 42, 47, 48, 52, 53, 54, 57, 58, 59, 61, 63, 64, 67, 70, 76, 78, 80, 82, 84, 87, 92, 93, 95, 96, 97, 98, 102, 104, 108, 110, 111, 112, 115, 117, 118, 121, 131, 132, 133, 143, 144, 151, 156, 159, 162, 167, 168, 172, 182, 186, 188, 189, 192, 195, 199, 203, 207, 209, 210, 212, 215, 216, 218, 221, 223, 227, 266, 267, 268, 269, 271, 272, 273, 275, 293]",198,199,True
line,262,300,408,1,100.0,96,100.0,95,-1,0.024423599999863654,"[0, 1, 2, 6, 10, 11, 14, 16, 18, 21, 22, 24, 28, 30, 32, 33, 35, 36, 37, 40, 42, 47, 48, 52, 53, 54, 57, 58, 59, 61, 63, 64, 67, 70, 76, 78, 80, 82, 84, 87, 92, 93, 95, 96, 97, 98, 102, 104, 108, 110, 111, 112, 115, 117, 118, 121, 131, 132, 133, 143, 144, 151, 156, 159, 162, 167, 168, 172, 182, 186, 188, 189, 192, 195, 199, 203, 207, 209, 210, 212, 215, 216, 218, 221, 223, 227, 266, 267, 268, 269, 271, 272, 273, 275, 293]",198,216,True
line,263,300,408,1,99.66666666666667,96,100.0,96,0,0.02689680000185035,"[0, 1, 2, 6, 10, 11, 14, 16, 18, 21, 22, 24, 28, 30, 32, 33, 35, 36, 37, 40, 42, 47, 48, 52, 53, 54, 57, 58, 59, 61, 63, 64, 67, 70, 76, 78, 80, 82, 84, 87, 92, 93, 95, 96, 97, 98, 102, 104, 108, 110, 111, 112, 115, 117, 118, 121, 131, 132, 133, 143, 144, 151, 156, 159, 162, 167, 168, 172, 182, 186, 188, 189, 192, 195, 198, 201, 203, 207, 209, 210, 212, 215, 216, 218, 221, 223, 227, 266, 267, 268, 269, 271, 272, 273, 275, 293]",199,201,False
line,264,300,408,2,99.66666666666667,96,100.0,95,-1,0.02303899999242276,"[0, 1, 2, 6, 10, 11, 14, 16, 18, 21, 22, 24, 28, 30, 32, 33, 35, 36, 37, 40, 42, 47, 48, 52, 53, 54, 57, 58, 59, 61, 63, 64, 67, 70, 76, 78, 80, 82, 84, 87, 92, 93, 95, 96, 97, 98, 102, 104, 108, 110, 111, 112, 115, 117, 118, 121, 131, 132, 133, 143, 144, 151, 156, 159, 162, 167, 168, 169, 172, 182, 186, 188, 189, 192, 195, 201, 207, 209, 210, 212, 215, 216, 218, 221, 223, 227, 266, 267, 268, 269, 271, 272, 273, 275, 293]",202,203,False
line,265,300,408,1,100.0,96,100.0,96,0,0.022965500014834106,"[0, 1, 2, 6, 10, 11, 14, 16, 18, 21, 22, 24, 28, 30, 32, 33, 35, 36, 37, 40, 42, 47, 48, 52, 53, 54, 57, 58, 59, 61, 63, 64, 67, 70, 76, 78, 80, 82, 84, 87, 92, 93, 95, 96, 97, 98, 102, 104, 108, 110, 111, 112, 115, 117, 118, 121, 131, 132, 133, 143, 144, 151, 156, 159, 162, 167, 168, 172, 182, 186, 188, 189, 192, 195, 198, 199, 203, 207, 209, 210, 212, 215, 216, 218, 221, 223, 227, 266, 267, 268, 269, 271, 272, 273, 275, 293]",202,204,True
line,266,300,408,1,99.66666666666667,96,100.0,95,-1,0.02304790000198409,"[0, 1, 2, 6, 10, 11, 14, 16, 18, 21, 22, 24, 28, 30, 32, 33, 35, 36, 37, 40, 42, 47, 48, 52, 53, 54, 57, 58, 59, 61, 63, 64, 67, 70, 76, 78, 80, 82, 84, 87, 92, 93, 95, 96, 97, 98, 102, 104, 108, 110, 111, 112, 115, 117, 118, 121, 131, 132, 133, 143, 144, 151, 156, 159, 162, 167, 168, 170, 172, 182, 186, 188, 189, 192, 195, 201, 207, 209, 210, 212, 215, 216, 218, 221, 223, 227, 266, 267, 268, 269, 271, 272, 273, 275, 293]",203,169,False
line,267,300,408,1,100.0,96,100.0,96,0,0.02320029999827966,"[0, 1, 2, 6, 10, 11, 14, 16, 18, 21, 22, 24, 28, 30, 32, 33, 35, 36, 37, 40, 42, 47, 48, 52, 53, 54, 57, 58, 59, 61, 63, 64, 67, 70, 76, 78, 80, 82, 84, 87, 92, 93, 95, 96, 97, 98, 102, 104, 108, 110, 111, 112, 115, 117, 118, 121, 131, 132, 133, 143, 144, 151, 156, 159, 162, 167, 168, 172, 182, 186, 188, 189, 192, 195, 198, 199, 203, 207, 209, 210, 212, 215, 216, 218, 221, 223, 227, 266, 267, 268, 269, 271, 272, 273, 275, 293]",206,207,True
line,268,300,408,1,100.0,96,100.0,96,0,0.028331799985608086,"[0, 1, 2, 6, 10, 11, 14, 16, 18, 21, 22, 24, 28, 30, 32, 33, 35, 36, 37, 40, 42, 47, 48, 52, 53, 54, 57, 58, 59, 61, 63, 64, 67, 70, 76, 78, 80, 82, 84, 87, 92, 93, 95, 96, 97, 98, 102, 104, 108, 110, 111, 112, 115, 117, 118, 121, 131, 132, 133, 143, 144, 151, 156, 159, 162, 167, 168, 172, 182, 186, 188, 189, 192, 195, 198, 199, 203, 207, 209, 210, 212, 215, 216, 218, 221, 223, 227, 266, 267, 268, 269, 271, 272, 273, 275, 293]",206,212,True
line,269,300,408,1,100.0,96,100.0,95,-1,0.023166700004367158,"[0, 1, 2, 6, 10, 11, 14, 16, 18, 21, 22, 24, 30, 32, 33, 35, 36, 37, 40, 42, 47, 48, 52, 53, 54, 57, 58, 59, 61, 63, 64, 70, 72, 76, 78, 80, 82, 84, 87, 92, 93, 95, 96, 97, 98, 102, 104, 108, 110, 111, 112, 115, 117, 118, 121, 131, 132, 133, 143, 144, 151, 156, 159, 162, 167, 168, 172, 182, 186, 188, 189, 192, 193, 197, 199, 203, 207, 209, 210, 212, 215, 216, 218, 221, 223, 227, 266, 267, 268, 269, 271, 272, 273, 275, 293]",209,215,True
line,270,300,408,1,100.0,96,100.0,95,-1,0.02718770000501536,"[0, 1, 2, 6, 10, 11, 14, 16, 18, 21, 22, 24, 28, 30, 32, 33, 35, 36, 37, 40, 42, 47, 48, 52, 53, 54, 57, 58, 59, 61, 63, 64, 67, 70, 76, 78, 80, 82, 84, 87, 92, 93, 95, 96, 97, 98, 102, 104, 108, 110, 111, 112, 115, 117, 118, 121, 131, 132, 133, 143, 144, 151, 156, 159, 162, 167, 168, 172, 182, 186, 188, 189, 192, 195, 199, 203, 207, 209, 210, 212, 215, 216, 218, 221, 223, 227, 266, 267, 268, 269, 271, 272, 273, 275, 293]",212,213,True
line,271,300,408,1,100.0,96,100.0,96,0,0.025630599993746728,"[0, 1, 2, 6, 10, 11, 14, 16, 18, 21, 22, 24, 28, 30, 32, 33, 35, 36, 37, 40, 42, 47, 48, 52, 53, 54, 57, 58, 59, 61, 63, 64, 67, 70, 76, 78, 80, 82, 84, 87, 92, 93, 95, 96, 97, 98, 102, 104, 108, 110, 111, 112, 115, 117, 118, 121, 131, 132, 133, 143, 144, 151, 156, 159, 162, 167, 168, 172, 182, 186, 188, 189, 192, 195, 198, 199, 203, 207, 209, 210, 212, 215, 216, 218, 221, 223, 227, 266, 267, 268, 269, 271, 272, 273, 275, 293]",213,216,True
line,272,300,408,2,99.66666666666667,96,100.0,96,0,0.032631400012178347,"[0, 1, 2, 6, 10, 11, 14, 16, 18, 21, 22, 24, 28, 30, 32, 33, 35, 36, 37, 40, 42, 47, 48, 52, 53, 54, 57, 58, 59, 61, 63, 64, 67, 70, 76, 78, 80, 82, 84, 87, 92, 93, 95, 96, 97, 98, 102, 104, 108, 110, 111, 112, 115, 117, 118, 121, 131, 132, 133, 143, 144, 151, 156, 159, 162, 167, 168, 172, 182, 186, 188, 189, 192, 195, 198, 199, 203, 207, 209, 210, 212, 215, 216, 221, 223, 227, 229, 266, 267, 268, 269, 271, 272, 273, 275, 293]",218,229,False
line,273,300,408,1,99.66666666666667,96,100.0,96,0,0.024638300004880875,"[0, 1, 2, 6, 10, 11, 14, 16, 18, 21, 22, 24, 28, 30, 32, 33, 35, 36, 37, 40, 42, 47, 48, 52, 53, 54, 57, 58, 59, 61, 63, 64, 67, 70, 76, 78, 80, 82, 84, 87, 92, 93, 95, 96, 97, 98, 102, 104, 108, 110, 111, 112, 115, 117, 118, 121, 131, 132, 133, 143, 144, 151, 156, 159, 162, 167, 168, 172, 182, 186, 188, 189, 192, 195, 198, 199, 203, 207, 209, 210, 212, 215, 216, 218, 222, 223, 227, 266, 267, 268, 269, 271, 272, 273, 275, 293]",221,222,False
line,274,300,408,1,100.0,96,100.0,96,0,0.023711299989372492,"[0, 1, 2, 6, 10, 11, 14, 16, 18, 21, 22, 24, 28, 30, 32, 33, 35, 36, 37, 40, 42, 47, 48, 52, 53, 54, 57, 58, 59, 61, 63, 64, 67, 70, 76, 78, 80, 82, 84, 87, 92, 93, 95, 96, 97, 98, 102, 104, 108, 110, 111, 112, 115, 117, 118, 121, 131, 132, 133, 143, 144, 151, 156, 159, 162, 167, 168, 172, 182, 186, 188, 189, 192, 195, 198, 199, 203, 207, 209, 210, 212, 215, 216, 218, 221, 225, 227, 266, 267, 268, 269, 271, 272, 273, 275, 293]",221,223,True
line,275,300,408,1,100.0,96,100.0,96,0,0.027689100010320544,"[0, 1, 2, 6, 10, 11, 14, 16, 18, 21, 22, 24, 28, 30, 32, 33, 35, 36, 37, 40, 42, 47, 48, 52, 53, 54, 57, 58, 59, 61, 63, 64, 67, 70, 76, 78, 80, 82, 84, 87, 92, 93, 95, 96, 97, 98, 102, 104, 108, 110, 111, 112, 115, 117, 118, 121, 131, 132, 133, 143, 144, 151, 156, 159, 162, 167, 168, 172, 182, 186, 188, 189, 192, 195, 198, 199, 203, 207, 209, 210, 212, 215, 216, 218, 221, 223, 227, 266, 267, 268, 269, 271, 272, 273, 275, 293]",222,224,True
line,276,300,408,1,99.66666666666667,96,100.0,96,0,0.029868900019209832,"[0, 1, 2, 6, 10, 11, 14, 16, 18, 21, 22, 24, 28, 30, 32, 33, 35, 36, 37, 40, 42, 47, 48, 52, 53, 54, 57, 58, 59, 61, 63, 64, 67, 70, 76, 78, 80, 82, 84, 87, 92, 93, 95, 96, 97, 98, 102, 104, 108, 110, 111, 112, 115, 117, 118, 121, 131, 132, 133, 143, 144, 151, 156, 159, 162, 167, 168, 172, 182, 186, 188, 189, 192, 195, 198, 199, 203, 207, 209, 210, 212, 215, 216, 218, 221, 225, 227, 266, 267, 268, 269, 271, 272, 273, 275, 293]",223,224,False
line,277,300,408,1,99.66666666666667,96,100.0,96,0,0.026306400017347187,"[0, 1, 2, 6, 10, 11, 14, 16, 18, 21, 22, 24, 28, 30, 32, 33, 35, 36, 37, 40, 42, 47, 48, 52, 53, 54, 57, 58, 59, 61, 63, 64, 67, 70, 76, 78, 80, 82, 84, 87, 92, 93, 95, 96, 97, 98, 102, 104, 108, 110, 111, 112, 115, 117, 118, 121, 131, 132, 133, 143, 144, 151, 156, 159, 162, 167, 168, 172, 182, 186, 188, 189, 192, 195, 198, 199, 203, 207, 209, 210, 212, 215, 216, 218, 221, 224, 227, 266, 267, 268, 269, 271, 272, 273, 275, 293]",223,225,False
line,278,300,408,1,100.0,96,100.0,96,0,0.023453400004655123,"[0, 1, 2, 6, 10, 11, 14, 16, 18, 21, 22, 24, 28, 30, 32, 33, 35, 36, 37, 40, 42, 47, 48, 52, 53, 54, 57, 58, 59, 61, 63, 64, 67, 70, 76, 78, 80, 82, 84, 87, 92, 93, 95, 96, 97, 98, 102, 104, 108, 110, 111, 112, 115, 117, 118, 121, 131, 132, 133, 143, 144, 151, 156, 159, 162, 167, 168, 172, 182, 186, 188, 189, 192, 195, 198, 199, 203, 207, 209, 210, 212, 215, 216, 218, 221, 223, 227, 266, 267, 268, 269, 271, 272, 273, 275, 293]",224,225,True
line,279,300,408,1,100.0,96,100.0,96,0,0.02278140000998974,"[0, 1, 2, 6, 10, 11, 14, 16, 18, 21, 22, 24, 28, 30, 32, 33, 35, 36, 37, 40, 42, 47, 48, 52, 53, 54, 57, 58, 59, 61, 63, 64, 67, 70, 76, 78, 80, 82, 84, 87, 92, 93, 95, 96, 97, 98, 102, 104, 108, 110, 111, 112, 115, 117, 118, 121, 131, 132, 133, 143, 144, 151, 156, 159, 162, 167, 168, 172, 182, 186, 188, 189, 192, 195, 198, 199, 203, 207, 209, 210, 212, 215, 216, 218, 221, 223, 227, 266, 267, 268, 269, 271, 272, 273, 275, 293]",225,226,True
line,280,300,408,2,99.66666666666667,96,100.0,97,1,0.02568790002260357,"[0, 1, 2, 6, 10, 11, 14, 16, 18, 21, 22, 24, 28, 30, 32, 33, 35, 36, 37, 40, 42, 47, 48, 52, 53, 54, 57, 58, 59, 61, 63, 64, 67, 70, 76, 78, 80, 82, 84, 87, 92, 93, 95, 96, 97, 98, 102, 104, 108, 110, 111, 112, 115, 117, 118, 121, 131, 132, 133, 143, 144, 151, 156, 159, 162, 167, 168, 172, 178, 182, 186, 188, 189, 192, 195, 198, 199, 203, 207, 209, 210, 212, 215, 216, 218, 221, 223, 227, 266, 267, 268, 269, 271, 272, 273, 275, 293]",226,227,False
line,281,300,408,2,99.66666666666667,96,100.0,97,1,0.02440029999706894,"[0, 1, 2, 6, 10, 11, 14, 16, 18, 21, 22, 24, 28, 30, 32, 33, 35, 36, 37, 40, 42, 47, 48, 52, 53, 54, 57, 58, 59, 61, 63, 64, 67, 70, 76, 78, 80, 82, 84, 87, 92, 93, 95, 96, 97, 98, 102, 104, 108, 110, 111, 112, 115, 117, 118, 121, 131, 132, 133, 143, 144, 151, 156, 159, 162, 167, 168, 172, 182, 186, 188, 189, 192, 195, 198, 199, 203, 207, 209, 210, 212, 215, 216, 218, 221, 223, 226, 228, 266, 267, 268, 269, 271, 272, 273, 275, 293]",227,228,False
line,282,300,408,1,100.0,96,100.0,96,0,0.024589799984823912,"[0, 1, 2, 6, 10, 11, 14, 16, 18, 21, 22, 24, 28, 30, 32, 33, 35, 36, 37, 40, 42, 47, 48, 52, 53, 54, 57, 58, 59, 61, 63, 64, 67, 70, 76, 78, 80, 82, 84, 87, 92, 93, 95, 96, 97, 98, 102, 104, 108, 110, 111, 112, 115, 117, 118, 121, 131, 132, 133, 143, 144, 151, 156, 159, 162, 167, 168, 172, 182, 186, 188, 189, 192, 195, 198, 199, 203, 207, 209, 210, 212, 215, 216, 218, 221, 223, 227, 266, 267, 268, 269, 271, 272, 273, 275, 293]",174,245,True
trafo,0,300,408,2,100.0,96,100.0,96,0,0.023163900012150407,"[0, 1, 2, 6, 10, 11, 14, 16, 18, 21, 22, 24, 28, 30, 32, 33, 35, 36, 37, 40, 42, 47, 48, 52, 53, 54, 57, 58, 59, 61, 63, 64, 67, 70, 76, 78, 80, 82, 84, 87, 92, 93, 95, 96, 97, 98, 102, 104, 108, 110, 111, 112, 115, 117, 118, 121, 131, 132, 133, 143, 144, 151, 156, 159, 162, 167, 168, 172, 182, 186, 188, 189, 192, 195, 198, 199, 203, 207, 209, 210, 212, 215, 216, 218, 221, 223, 227, 266, 267, 268, 269, 271, 272, 273, 275, 293]",30,265,True
trafo,1,300,408,2,100.0,96,100.0,96,0,0.02318099999683909,"[0, 1, 2, 6, 10, 11, 14, 16, 18, 21, 22, 24, 28, 30, 32, 33, 35, 36, 37, 40, 42, 47, 48, 52, 53, 54, 57, 58, 59, 61, 63, 64, 67, 70, 76, 78, 80, 82, 84, 87, 92, 93, 95, 96, 97, 98, 102, 104, 108, 110, 111, 112, 115, 117, 118, 121, 131, 132, 133, 143, 144, 151, 156, 159, 162, 167, 168, 172, 182, 186, 188, 189, 192, 195, 198, 199, 203, 207, 209, 210, 212, 215, 216, 218, 221, 223, 227, 266, 267, 268, 269, 271, 272, 273, 275, 293]",265,270,True
trafo,2,300,408,2,100.0,96,100.0,96,0,0.022632599982898682,"[0, 1, 2, 6, 10, 11, 14, 16, 18, 21, 22, 24, 28, 30, 32, 33, 35, 36, 37, 40, 42, 47, 48, 52, 53, 54, 57, 58, 59, 61, 63, 64, 67, 70, 76, 78, 80, 82, 84, 87, 92, 93, 95, 96, 97, 98, 102, 104, 108, 110, 111, 112, 115, 117, 118, 121, 131, 132, 133, 143, 144, 151, 156, 159, 162, 167, 168, 172, 182, 186, 188, 189, 192, 195, 198, 199, 203, 207, 209, 210, 212, 215, 216, 218, 221, 223, 227, 266, 267, 268, 269, 271, 272, 273, 275, 293]",265,272,True
trafo,3,300,408,2,99.66666666666667,96,100.0,97,1,0.024274099996546283,"[0, 1, 2, 6, 10, 11, 14, 16, 18, 21, 22, 24, 28, 30, 32, 33, 35, 36, 37, 40, 42, 47, 48, 52, 53, 54, 57, 58, 59, 61, 63, 64, 67, 70, 76, 78, 80, 82, 84, 87, 92, 93, 95, 96, 97, 98, 102, 104, 108, 110, 111, 112, 115, 117, 118, 121, 131, 132, 133, 143, 144, 151, 156, 159, 162, 167, 168, 172, 182, 186, 188, 189, 192, 195, 198, 199, 203, 207, 209, 210, 212, 215, 216, 218, 221, 223, 227, 266, 267, 268, 269, 271, 272, 273, 275, 291, 293]",269,291,False
trafo,4,300,408,2,99.66666666666667,96,100.0,97,1,0.024210000003222376,"[0, 1, 2, 6, 10, 11, 14, 16, 18, 21, 22, 24, 28, 30, 32, 33, 35, 36, 37, 40, 42, 47, 48, 52, 53, 54, 57, 58, 59, 61, 63, 64, 67, 70, 76, 78, 80, 82, 84, 87, 92, 93, 95, 96, 97, 98, 102, 104, 108, 110, 111, 112, 115, 117, 118, 121, 131, 132, 133, 143, 144, 151, 156, 159, 162, 167, 168, 172, 182, 186, 188, 189, 192, 195, 198, 199, 203, 207, 209, 210, 212, 215, 216, 218, 221, 223, 227, 266, 267, 268, 269, 271, 272, 273, 275, 292, 293]",269,292,False
trafo,5,300,408,2,100.0,96,100.0,96,0,0.02994640002725646,"[0, 1, 2, 6, 10, 11, 14, 16, 18, 21, 22, 24, 28, 30, 32, 33, 35, 36, 37, 40, 42, 47, 48, 52, 53, 54, 57, 58, 59, 61, 63, 64, 67, 70, 76, 78, 80, 82, 84, 87, 92, 93, 95, 96, 97, 98, 102, 104, 108, 110, 111, 112, 115, 117, 118, 121, 131, 132, 133, 143, 144, 151, 156, 159, 162, 167, 168, 172, 182, 186, 188, 189, 192, 195, 198, 199, 203, 207, 209, 210, 212, 215, 216, 218, 221, 223, 227, 266, 267, 268, 269, 271, 272, 273, 275, 293]",269,293,True
trafo,6,300,408,2,99.66666666666667,96,100.0,97,1,0.025741099991137162,"[0, 1, 2, 6, 10, 11, 14, 16, 18, 21, 22, 24, 28, 30, 32, 33, 35, 36, 37, 40, 42, 47, 48, 52, 53, 54, 57, 58, 59, 61, 63, 64, 67, 70, 76, 78, 80, 82, 84, 87, 92, 93, 95, 96, 97, 98, 102, 104, 108, 110, 111, 112, 115, 117, 118, 121, 131, 132, 133, 143, 144, 151, 156, 159, 162, 167, 168, 172, 182, 186, 188, 189, 192, 195, 198, 199, 203, 207, 209, 210, 212, 215, 216, 218, 221, 223, 227, 266, 267, 268, 269, 271, 272, 273, 275, 293, 294]",269,294,False
trafo,7,300,408,2,99.66666666666667,96,100.0,97,1,0.021245699987048283,"[0, 1, 2, 6, 10, 11, 14, 16, 18, 21, 22, 24, 28, 30, 32, 33, 35, 36, 37, 40, 42, 47, 48, 52, 53, 54, 57, 58, 59, 61, 63, 64, 67, 70, 76, 78, 80, 82, 84, 87, 92, 93, 95, 96, 97, 98, 102, 104, 108, 110, 111, 112, 115, 117, 118, 121, 131, 132, 133, 143, 144, 151, 156, 159, 162, 167, 168, 172, 182, 186, 188, 189, 192, 195, 198, 199, 203, 207, 209, 210, 212, 215, 216, 218, 221, 223, 227, 266, 267, 268, 269, 271, 272, 273, 275, 293, 295]",269,295,False
trafo,8,300,408,2,99.66666666666667,96,100.0,96,0,0.02455139998346567,"[0, 1, 2, 6, 10, 11, 14, 16, 18, 21, 22, 24, 28, 30, 32, 33, 35, 36, 37, 40, 42, 47, 48, 52, 53, 54, 57, 58, 59, 61, 63, 64, 67, 70, 76, 78, 80, 82, 84, 87, 92, 93, 95, 96, 97, 98, 102, 104, 108, 110, 111, 112, 115, 117, 118, 121, 131, 132, 133, 143, 144, 151, 156, 159, 162, 167, 168, 172, 182, 186, 188, 189, 192, 195, 198, 199, 203, 207, 209, 210, 212, 215, 216, 218, 221, 223, 227, 266, 267, 268, 269, 271, 272, 274, 275, 293]",273,274,False
trafo,9,300,408,2,99.66666666666667,96,100.0,96,0,0.02335890001268126,"[0, 1, 2, 6, 10, 11, 14, 16, 18, 21, 22, 24, 28, 30, 32, 33, 35, 36, 37, 40, 42, 47, 48, 52, 53, 54, 57, 58, 59, 61, 63, 64, 67, 70, 76, 78, 80, 82, 84, 87, 92, 93, 95, 96, 97, 98, 102, 104, 108, 110, 111, 112, 115, 117, 118, 121, 131, 132, 133, 143, 144, 151, 156, 159, 162, 167, 168, 172, 182, 186, 188, 189, 192, 195, 198, 199, 203, 207, 209, 210, 212, 215, 216, 218, 221, 223, 227, 267, 268, 269, 271, 272, 273, 275, 276, 293]",266,276,False
trafo,10,300,408,2,99.66666666666667,96,100.0,97,1,0.023662299994612113,"[0, 1, 2, 6, 10, 11, 14, 16, 18, 21, 22, 24, 28, 30, 32, 33, 35, 36, 37, 40, 42, 47, 48, 52, 53, 54, 57, 58, 59, 61, 63, 64, 67, 70, 76, 78, 80, 82, 84, 87, 92, 93, 95, 96, 97, 98, 102, 104, 108, 110, 111, 112, 115, 117, 118, 121, 131, 132, 133, 143, 144, 151, 156, 159, 162, 167, 168, 172, 182, 186, 188, 189, 192, 195, 198, 199, 203, 207, 209, 210, 212, 215, 216, 218, 221, 223, 227, 266, 267, 268, 269, 271, 272, 273, 275, 277, 293]",275,277,False
trafo,11,300,408,2,99.66666666666667,96,100.0,97,1,0.033971099997870624,"[0, 1, 2, 6, 10, 11, 14, 16, 18, 21, 22, 24, 28, 30, 32, 33, 35, 36, 37, 40, 42, 47, 48, 52, 53, 54, 57, 58, 59, 61, 63, 64, 67, 70, 76, 78, 80, 82, 84, 87, 92, 93, 95, 96, 97, 98, 102, 104, 108, 110, 111, 112, 115, 117, 118, 121, 131, 132, 133, 143, 144, 151, 156, 159, 162, 167, 168, 172, 182, 186, 188, 189, 192, 195, 198, 199, 203, 207, 209, 210, 212, 215, 216, 218, 221, 223, 227, 266, 267, 268, 269, 271, 272, 273, 275, 278, 293]",275,278,False
trafo,12,300,408,2,99.66666666666667,96,100.0,97,1,0.02403890001005493,"[0, 1, 2, 6, 10, 11, 14, 16, 18, 21, 22, 24, 28, 30, 32, 33, 35, 36, 37, 40, 42, 47, 48, 52, 53, 54, 57, 58, 59, 61, 63, 64, 67, 70, 76, 78, 80, 82, 84, 87, 92, 93, 95, 96, 97, 98, 102, 104, 108, 110, 111, 112, 115, 117, 118, 121, 131, 132, 133, 143, 144, 151, 156, 159, 162, 167, 168, 172, 182, 186, 188, 189, 192, 195, 198, 199, 203, 207, 209, 210, 212, 215, 216, 218, 221, 223, 227, 266, 267, 268, 269, 271, 272, 273, 275, 293, 296]",271,296,False
trafo,13,300,408,2,99.66666666666667,96,100.0,97,1,0.022596900002099574,"[0, 1, 2, 6, 10, 11, 14, 16, 18, 21, 22, 24, 28, 30, 32, 33, 35, 36, 37, 40, 42, 47, 48, 52, 53, 54, 57, 58, 59, 61, 63, 64, 67, 70, 76, 78, 80, 82, 84, 87, 92, 93, 95, 96, 97, 98, 102, 104, 108, 110, 111, 112, 115, 117, 118, 121, 131, 132, 133, 143, 144, 151, 156, 159, 162, 167, 168, 172, 182, 186, 188, 189, 192, 195, 198, 199, 203, 207, 209, 210, 212, 215, 216, 218, 221, 223, 227, 266, 267, 268, 269, 271, 272, 273, 275, 293, 297]",271,297,False
trafo,14,300,408,2,99.66666666666667,96,100.0,97,1,0.02447319999919273,"[0, 1, 2, 6, 10, 11, 14, 16, 18, 21, 22, 24, 28, 30, 32, 33, 35, 36, 37, 40, 42, 47, 48, 52, 53, 54, 57, 58, 59, 61, 63, 64, 67, 70, 76, 78, 80, 82, 84, 87, 92, 93, 95, 96, 97, 98, 102, 104, 108, 110, 111, 112, 115, 117, 118, 121, 131, 132, 133, 143, 144, 151, 156, 159, 162, 167, 168, 172, 182, 186, 188, 189, 192, 195, 198, 199, 203, 207, 209, 210, 212, 215, 216, 218, 221, 223, 227, 266, 267, 268, 269, 271, 272, 273, 275, 279, 293]",267,279,False
trafo,15,300,408,2,99.66666666666667,96,100.0,97,1,0.026872200018260628,"[0, 1, 2, 6, 10, 11, 14, 16, 18, 21, 22, 24, 28, 30, 32, 33, 35, 36, 37, 40, 42, 47, 48, 52, 53, 54, 57, 58, 59, 61, 63, 64, 67, 70, 76, 78, 80, 82, 84, 87, 92, 93, 95, 96, 97, 98, 102, 104, 108, 110, 111, 112, 115, 117, 118, 121, 131, 132, 133, 143, 144, 151, 156, 159, 162, 167, 168, 172, 182, 186, 188, 189, 192, 195, 198, 199, 203, 207, 209, 210, 212, 215, 216, 218, 221, 223, 227, 266, 267, 268, 269, 271, 272, 273, 275, 280, 293]",267,280,False
trafo,16,300,408,2,99.66666666666667,96,100.0,97,1,0.023568899981910363,"[0, 1, 2, 6, 10, 11, 14, 16, 18, 21, 22, 24, 28, 30, 32, 33, 35, 36, 37, 40, 42, 47, 48, 52, 53, 54, 57, 58, 59, 61, 63, 64, 67, 70, 76, 78, 80, 82, 84, 87, 92, 93, 95, 96, 97, 98, 102, 104, 108, 110, 111, 112, 115, 117, 118, 121, 131, 132, 133, 143, 144, 151, 156, 159, 162, 167, 168, 172, 182, 186, 188, 189, 192, 195, 198, 199, 203, 207, 209, 210, 212, 215, 216, 218, 221, 223, 227, 266, 267, 268, 269, 271, 272, 273, 275, 281, 293]",267,281,False
trafo,17,300,408,2,99.66666666666667,96,100.0,97,1,0.021588899980997667,"[0, 1, 2, 6, 10, 11, 14, 16, 18, 21, 22, 24, 28, 30, 32, 33, 35, 36, 37, 40, 42, 47, 48, 52, 53, 54, 57, 58, 59, 61, 63, 64, 67, 70, 76, 78, 80, 82, 84, 87, 92, 93, 95, 96, 97, 98, 102, 104, 108, 110, 111, 112, 115, 117, 118, 121, 131, 132, 133, 143, 144, 151, 156, 159, 162, 167, 168, 172, 182, 186, 188, 189, 192, 195, 198, 199, 203, 207, 209, 210, 212, 215, 216, 218, 221, 223, 227, 266, 267, 268, 269, 271, 272, 273, 275, 287, 293]",268,287,False
trafo,18,300,408,2,99.66666666666667,96,100.0,97,1,0.0238007000007201,"[0, 1, 2, 6, 10, 11, 14, 16, 18, 21, 22, 24, 28, 30, 32, 33, 35, 36, 37, 40, 42, 47, 48, 52, 53, 54, 57, 58, 59, 61, 63, 64, 67, 70, 76, 78, 80, 82, 84, 87, 92, 93, 95, 96, 97, 98, 102, 104, 108, 110, 111, 112, 115, 117, 118, 121, 131, 132, 133, 143, 144, 151, 156, 159, 162, 167, 168, 172, 182, 186, 188, 189, 192, 195, 198, 199, 203, 207, 209, 210, 212, 215, 216, 218, 221, 223, 227, 266, 267, 268, 269, 271, 272, 273, 275, 288, 293]",268,288,False
trafo,19,300,408,2,99.66666666666667,96,100.0,97,1,0.0313151000009384,"[0, 1, 2, 6, 10, 11, 14, 16, 18, 21, 22, 24, 28, 30, 32, 33, 35, 36, 37, 40, 42, 47, 48, 52, 53, 54, 57, 58, 59, 61, 63, 64, 67, 70, 76, 78, 80, 82, 84, 87, 92, 93, 95, 96, 97, 98, 102, 104, 108, 110, 111, 112, 115, 117, 118, 121, 131, 132, 133, 143, 144, 151, 156, 159, 162, 167, 168, 172, 182, 186, 188, 189, 192, 195, 198, 199, 203, 207, 209, 210, 212, 215, 216, 218, 221, 223, 227, 266, 267, 268, 269, 271, 272, 273, 275, 289, 293]",268,289,False
trafo,20,300,408,2,99.66666666666667,96,100.0,97,1,0.02770889998646453,"[0, 1, 2, 6, 10, 11, 14, 16, 18, 21, 22, 24, 28, 30, 32, 33, 35, 36, 37, 40, 42, 47, 48, 52, 53, 54, 57, 58, 59, 61, 63, 64, 67, 70, 76, 78, 80, 82, 84, 87, 92, 93, 95, 96, 97, 98, 102, 104, 108, 110, 111, 112, 115, 117, 118, 121, 131, 132, 133, 143, 144, 151, 156, 159, 162, 167, 168, 172, 182, 186, 188, 189, 192, 195, 198, 199, 203, 207, 209, 210, 212, 215, 216, 218, 221, 223, 227, 266, 267, 268, 269, 271, 272, 273, 275, 282, 293]",267,282,False
trafo,21,300,408,2,99.66666666666667,96,100.0,97,1,0.02741280000191182,"[0, 1, 2, 6, 10, 11, 14, 16, 18, 21, 22, 24, 28, 30, 32, 33, 35, 36, 37, 40, 42, 47, 48, 52, 53, 54, 57, 58, 59, 61, 63, 64, 67, 70, 76, 78, 80, 82, 84, 87, 92, 93, 95, 96, 97, 98, 102, 104, 108, 110, 111, 112, 115, 117, 118, 121, 131, 132, 133, 143, 144, 151, 156, 159, 162, 167, 168, 172, 182, 186, 188, 189, 192, 195, 198, 199, 203, 207, 209, 210, 212, 215, 216, 218, 221, 223, 227, 266, 267, 268, 269, 271, 272, 273, 275, 283, 293]",267,283,False
trafo,22,300,408,2,99.66666666666667,96,100.0,97,1,0.023123999999370426,"[0, 1, 2, 6, 10, 11, 14, 16, 18, 21, 22, 24, 28, 30, 32, 33, 35, 36, 37, 40, 42, 47, 48, 52, 53, 54, 57, 58, 59, 61, 63, 64, 67, 70, 76, 78, 80, 82, 84, 87, 92, 93, 95, 96, 97, 98, 102, 104, 108, 110, 111, 112, 115, 117, 118, 121, 131, 132, 133, 143, 144, 151, 156, 159, 162, 167, 168, 172, 182, 186, 188, 189, 192, 195, 198, 199, 203, 207, 209, 210, 212, 215, 216, 218, 221, 223, 227, 266, 267, 268, 269, 271, 272, 273, 275, 284, 293]",267,284,False
trafo,23,300,408,2,99.66666666666667,96,100.0,97,1,0.023886900016805157,"[0, 1, 2, 6, 10, 11, 14, 16, 18, 21, 22, 24, 28, 30, 32, 33, 35, 36, 37, 40, 42, 47, 48, 52, 53, 54, 57, 58, 59, 61, 63, 64, 67, 70, 76, 78, 80, 82, 84, 87, 92, 93, 95, 96, 97, 98, 102, 104, 108, 110, 111, 112, 115, 117, 118, 121, 131, 132, 133, 143, 144, 151, 156, 159, 162, 167, 168, 172, 182, 186, 188, 189, 192, 195, 198, 199, 203, 207, 209, 210, 212, 215, 216, 218, 221, 223, 227, 266, 267, 268, 269, 271, 272, 273, 275, 285, 293]",267,285,False
trafo,24,300,408,2,99.66666666666667,96,100.0,97,1,0.02568829999654554,"[0, 1, 2, 6, 10, 11, 14, 16, 18, 21, 22, 24, 28, 30, 32, 33, 35, 36, 37, 40, 42, 47, 48, 52, 53, 54, 57, 58, 59, 61, 63, 64, 67, 70, 76, 78, 80, 82, 84, 87, 92, 93, 95, 96, 97, 98, 102, 104, 108, 110, 111, 112, 115, 117, 118, 121, 131, 132, 133, 143, 144, 151, 156, 159, 162, 167, 168, 172, 182, 186, 188, 189, 192, 195, 198, 199, 203, 207, 209, 210, 212, 215, 216, 218, 221, 223, 227, 266, 267, 268, 269, 271, 272, 273, 275, 286, 293]",267,286,False
trafo,25,300,408,2,99.66666666666667,96,100.0,96,0,0.02713999999104999,"[0, 1, 2, 6, 10, 11, 14, 16, 18, 21, 22, 24, 28, 30, 32, 33, 35, 36, 37, 40, 42, 47, 48, 52, 53, 54, 57, 58, 59, 61, 63, 64, 67, 70, 76, 78, 80, 82, 84, 87, 92, 93, 95, 96, 97, 98, 102, 104, 108, 110, 111, 112, 115, 117, 118, 121, 131, 132, 133, 143, 144, 151, 156, 159, 162, 167, 168, 172, 182, 186, 188, 189, 192, 195, 198, 199, 203, 207, 209, 210, 212, 215, 216, 218, 221, 223, 227, 266, 267, 268, 269, 271, 272, 273, 275, 299]",293,299,False
trafo,26,300,408,1,100.0,96,100.0,96,0,0.02764079999178648,"[0, 1, 2, 6, 10, 11, 14, 16, 18, 21, 22, 24, 28, 30, 32, 33, 35, 36, 37, 40, 42, 47, 48, 52, 53, 54, 57, 58, 59, 61, 63, 64, 67, 70, 76, 78, 80, 82, 84, 87, 92, 93, 95, 96, 97, 98, 102, 104, 108, 110, 111, 112, 115, 117, 118, 121, 131, 132, 133, 143, 144, 151, 156, 159, 162, 167, 168, 172, 182, 186, 188, 189, 192, 195, 198, 199, 203, 207, 209, 210, 212, 215, 216, 218, 221, 223, 227, 266, 267, 268, 269, 271, 272, 273, 275, 293]",27,26,True
trafo,27,300,408,1,100.0,96,100.0,96,0,0.023170000000391155,"[0, 1, 2, 6, 10, 11, 14, 16, 18, 21, 22, 24, 28, 30, 32, 33, 35, 36, 37, 40, 42, 47, 48, 52, 53, 54, 57, 58, 59, 61, 63, 64, 67, 70, 76, 78, 80, 82, 84, 87, 92, 93, 95, 96, 97, 98, 102, 104, 108, 110, 111, 112, 115, 117, 118, 121, 131, 132, 133, 143, 144, 151, 156, 159, 162, 167, 168, 172, 182, 186, 188, 189, 192, 195, 198, 199, 203, 207, 209, 210, 212, 215, 216, 218, 221, 223, 227, 266, 267, 268, 269, 271, 272, 273, 275, 293]",35,34,True
trafo,28,300,408,1,100.0,96,100.0,95,-1,0.025439599994570017,"[0, 1, 2, 6, 10, 11, 14, 16, 18, 21, 22, 24, 28, 30, 32, 33, 35, 36, 37, 40, 42, 47, 48, 52, 53, 54, 57, 58, 59, 61, 63, 64, 67, 70, 76, 78, 80, 82, 84, 87, 92, 94, 96, 97, 98, 100, 108, 110, 111, 112, 115, 117, 118, 121, 131, 132, 133, 136, 143, 144, 151, 156, 159, 162, 167, 168, 172, 182, 186, 188, 189, 192, 195, 198, 199, 203, 207, 209, 210, 212, 215, 216, 218, 221, 223, 227, 266, 267, 268, 269, 271, 272, 273, 275, 293]",105,104,True
trafo,29,300,408,1,100.0,96,100.0,96,0,0.025365799985593185,"[0, 1, 2, 6, 10, 11, 14, 16, 18, 21, 22, 24, 28, 30, 32, 33, 35, 36, 37, 40, 42, 47, 48, 52, 53, 54, 57, 58, 59, 61, 63, 64, 67, 70, 76, 78, 80, 82, 84, 87, 92, 93, 95, 96, 97, 98, 102, 104, 108, 110, 111, 112, 115, 117, 118, 121, 131, 132, 133, 143, 144, 151, 156, 159, 162, 167, 168, 172, 182, 186, 188, 189, 192, 195, 198, 199, 203, 207, 209, 210, 212, 215, 216, 218, 221, 223, 227, 266, 267, 268, 269, 271, 272, 273, 275, 293]",107,104,True
trafo,30,300,408,1,100.0,96,100.0,96,0,0.0240953000029549,"[0, 1, 2, 6, 10, 11, 14, 16, 18, 21, 22, 24, 28, 30, 32, 33, 35, 36, 37, 40, 42, 47, 48, 52, 53, 54, 57, 58, 59, 61, 63, 64, 67, 70, 76, 78, 80, 82, 84, 87, 92, 93, 95, 96, 97, 98, 102, 104, 108, 110, 111, 112, 115, 117, 118, 121, 131, 132, 133, 143, 144, 151, 156, 159, 162, 167, 168, 172, 182, 186, 188, 189, 192, 195, 198, 199, 203, 207, 209, 210, 212, 215, 216, 218, 221, 223, 227, 266, 267, 268, 269, 271, 272, 273, 275, 293]",110,104,True
trafo,31,300,408,1,99.66666666666667,96,100.0,96,0,0.02471769999829121,"[0, 1, 2, 6, 10, 11, 14, 16, 18, 21, 22, 24, 28, 30, 32, 33, 35, 36, 37, 40, 42, 47, 48, 52, 53, 54, 57, 58, 59, 61, 63, 64, 67, 70, 76, 78, 80, 82, 84, 87, 92, 94, 96, 97, 98, 100, 104, 108, 110, 111, 112, 115, 117, 118, 121, 131, 132, 133, 136, 143, 144, 151, 156, 159, 162, 167, 168, 172, 182, 186, 188, 189, 192, 195, 198, 199, 203, 207, 209, 210, 212, 215, 216, 218, 221, 223, 227, 266, 267, 268, 269, 271, 272, 273, 275, 293]",135,104,False
trafo,32,300,408,1,99.66666666666667,96,100.0,96,0,0.02241349997348152,"[0, 1, 2, 6, 10, 11, 14, 16, 18, 21, 22, 24, 28, 30, 32, 33, 35, 36, 37, 40, 42, 47, 48, 52, 53, 54, 57, 58, 59, 61, 63, 64, 67, 70, 76, 78, 80, 82, 84, 87, 92, 94, 96, 97, 98, 100, 104, 108, 110, 111, 112, 115, 117, 118, 121, 131, 132, 133, 136, 143, 144, 151, 156, 159, 162, 167, 168, 172, 182, 186, 188, 189, 192, 195, 198, 199, 203, 207, 209, 210, 212, 215, 216, 218, 221, 223, 227, 266, 267, 268, 269, 271, 272, 273, 275, 293]",136,104,False
trafo,33,300,408,1,100.0,96,100.0,95,-1,0.024918200011597946,"[0, 1, 2, 6, 10, 11, 14, 16, 18, 21, 22, 24, 28, 30, 32, 33, 35, 36, 37, 40, 42, 47, 48, 52, 53, 54, 57, 58, 59, 61, 63, 64, 67, 70, 76, 78, 80, 82, 84, 87, 92, 94, 96, 97, 98, 100, 108, 110, 111, 112, 115, 117, 118, 121, 131, 132, 133, 136, 143, 144, 151, 156, 159, 162, 167, 168, 172, 182, 186, 188, 189, 192, 195, 198, 199, 203, 207, 209, 210, 212, 215, 216, 218, 221, 223, 227, 266, 267, 268, 269, 271, 272, 273, 275, 293]",147,104,True
trafo,34,300,408,2,99.66666666666667,96,100.0,96,0,0.026512900018133223,"[0, 1, 2, 6, 10, 11, 14, 16, 18, 21, 22, 24, 28, 30, 32, 33, 35, 36, 37, 40, 42, 47, 48, 52, 53, 54, 57, 58, 59, 61, 63, 64, 67, 70, 76, 78, 80, 82, 84, 87, 92, 93, 95, 96, 97, 98, 102, 104, 108, 110, 112, 115, 117, 118, 121, 131, 132, 133, 143, 144, 149, 151, 156, 159, 162, 167, 168, 172, 182, 186, 188, 189, 192, 195, 198, 199, 203, 207, 209, 210, 212, 215, 216, 218, 221, 223, 227, 266, 267, 268, 269, 271, 272, 273, 275, 293]",111,149,False
trafo,35,300,408,1,100.0,96,100.0,96,0,0.02415439998731017,"[0, 1, 2, 6, 10, 11, 14, 16, 18, 21, 22, 24, 28, 30, 32, 33, 35, 36, 37, 40, 42, 47, 48, 52, 53, 54, 57, 58, 59, 61, 63, 64, 67, 70, 76, 78, 80, 82, 84, 87, 92, 93, 95, 96, 97, 98, 102, 104, 108, 110, 111, 112, 115, 117, 118, 121, 131, 132, 133, 143, 144, 151, 156, 159, 162, 167, 168, 172, 182, 186, 188, 189, 192, 195, 198, 199, 203, 207, 209, 210, 212, 215, 216, 218, 221, 223, 227, 266, 267, 268, 269, 271, 272, 273, 275, 293]",126,156,True
trafo,36,300,408,1,100.0,96,100.0,96,0,0.02207150001777336,"[0, 1, 2, 6, 10, 11, 14, 16, 18, 21, 22, 24, 28, 30, 32, 33, 35, 36, 37, 40, 42, 47, 48, 52, 53, 54, 57, 58, 59, 61, 63, 64, 67, 70, 76, 78, 80, 82, 84, 87, 92, 93, 95, 96, 97, 98, 102, 104, 108, 110, 111, 112, 115, 117, 118, 121, 131, 132, 133, 143, 144, 151, 156, 159, 162, 167, 168, 172, 182, 186, 188, 189, 192, 195, 198, 199, 203, 207, 209, 210, 212, 215, 216, 218, 221, 223, 227, 266, 267, 268, 269, 271, 272, 273, 275, 293]",126,157,True
trafo,37,300,408,2,100.0,96,100.0,95,-1,0.027373499993700534,"[0, 1, 2, 6, 10, 11, 14, 16, 18, 21, 22, 24, 28, 30, 32, 33, 35, 36, 37, 40, 42, 47, 48, 52, 53, 54, 57, 58, 59, 61, 63, 64, 67, 70, 76, 78, 80, 82, 84, 87, 92, 93, 95, 96, 97, 98, 102, 104, 108, 110, 111, 112, 115, 117, 118, 121, 131, 132, 133, 143, 144, 151, 156, 159, 162, 167, 172, 182, 186, 188, 189, 192, 195, 198, 199, 203, 207, 209, 210, 212, 215, 216, 218, 221, 223, 227, 266, 267, 268, 269, 271, 272, 273, 275, 293]",168,218,True
trafo,38,300,408,1,100.0,96,100.0,96,0,0.022974699997575954,"[0, 1, 2, 6, 10, 11, 14, 16, 18, 21, 22, 24, 28, 30, 32, 33, 35, 36, 37, 40, 42, 47, 48, 52, 53, 54, 57, 58, 59, 61, 63, 64, 67, 70, 76, 78, 80, 82, 84, 87, 92, 93, 95, 96, 97, 98, 102, 104, 108, 110, 111, 112, 115, 117, 118, 121, 131, 132, 133, 143, 144, 151, 156, 159, 162, 167, 168, 172, 182, 186, 188, 189, 192, 195, 198, 199, 203, 207, 209, 210, 212, 215, 216, 218, 221, 223, 227, 266, 267, 268, 269, 271, 272, 273, 275, 293]",176,180,True
trafo,39,300,408,2,99.66666666666667,96,100.0,97,1,0.02346130000660196,"[0, 1, 2, 6, 10, 11, 14, 16, 18, 21, 22, 24, 28, 30, 32, 33, 35, 36, 37, 40, 42, 47, 48, 52, 53, 54, 57, 58, 59, 61, 63, 64, 67, 70, 76, 78, 80, 82, 84, 87, 92, 93, 95, 96, 97, 98, 102, 104, 108, 110, 111, 112, 115, 117, 118, 121, 131, 132, 133, 143, 144, 151, 156, 159, 162, 167, 168, 172, 182, 186, 188, 189, 191, 192, 195, 198, 199, 203, 207, 209, 210, 212, 215, 216, 218, 221, 223, 227, 266, 267, 268, 269, 271, 272, 273, 275, 293]",192,191,False
trafo,40,300,408,1,100.0,96,100.0,96,0,0.02869109998573549,"[0, 1, 2, 6, 10, 11, 14, 16, 18, 21, 22, 24, 28, 30, 32, 33, 35, 36, 37, 40, 42, 47, 48, 52, 53, 54, 57, 58, 59, 61, 63, 64, 67, 70, 76, 78, 80, 82, 84, 87, 92, 93, 95, 96, 97, 98, 102, 104, 108, 110, 111, 112, 115, 117, 118, 121, 131, 132, 133, 143, 144, 151, 156, 159, 162, 167, 168, 172, 182, 186, 188, 189, 192, 193, 198, 199, 203, 207, 209, 210, 212, 215, 216, 218, 221, 223, 227, 266, 267, 268, 269, 271, 272, 273, 275, 293]",197,195,True
trafo,41,300,408,2,99.66666666666667,96,100.0,97,1,0.026044699974590912,"[0, 1, 2, 6, 10, 11, 14, 16, 18, 21, 22, 24, 28, 30, 32, 33, 35, 36, 37, 40, 42, 47, 48, 52, 53, 54, 57, 58, 59, 61, 63, 64, 67, 70, 76, 78, 80, 82, 84, 87, 92, 93, 95, 96, 97, 98, 102, 104, 108, 110, 111, 112, 115, 117, 118, 121, 131, 132, 133, 143, 144, 151, 156, 159, 162, 167, 168, 172, 182, 186, 188, 189, 192, 195, 198, 199, 200, 203, 207, 209, 210, 212, 215, 216, 218, 221, 223, 227, 266, 267, 268, 269, 271, 272, 273, 275, 293]",215,200,False
trafo,42,300,408,1,99.66666666666667,96,100.0,96,0,0.02269939999678172,"[0, 1, 2, 6, 10, 11, 14, 16, 18, 21, 22, 24, 30, 32, 33, 35, 36, 37, 40, 42, 47, 48, 52, 53, 54, 57, 58, 59, 61, 63, 64, 70, 72, 76, 78, 80, 82, 84, 87, 92, 93, 95, 96, 97, 98, 102, 104, 108, 110, 111, 112, 115, 117, 118, 121, 131, 132, 133, 143, 144, 151, 156, 159, 162, 167, 168, 169, 172, 182, 186, 188, 189, 192, 193, 197, 198, 202, 207, 209, 210, 212, 215, 216, 218, 221, 223, 227, 266, 267, 268, 269, 271, 272, 273, 275, 293]",209,204,False
trafo,43,300,408,2,99.66666666666667,96,100.0,96,0,0.024373499996727332,"[0, 1, 2, 6, 10, 11, 14, 16, 18, 21, 22, 24, 30, 32, 33, 35, 36, 37, 40, 42, 47, 48, 52, 53, 54, 57, 58, 59, 61, 63, 64, 70, 72, 76, 78, 80, 82, 84, 87, 92, 93, 95, 96, 97, 98, 102, 104, 108, 110, 111, 112, 115, 117, 118, 121, 131, 132, 133, 143, 144, 151, 156, 159, 162, 167, 168, 172, 182, 186, 188, 189, 192, 193, 197, 199, 203, 205, 207, 209, 210, 212, 215, 216, 218, 221, 223, 227, 266, 267, 268, 269, 271, 272, 273, 275, 293]",209,205,False
trafo,44,300,408,1,100.0,96,100.0,96,0,0.022180500003742054,"[0, 1, 2, 6, 10, 11, 14, 16, 18, 21, 22, 24, 30, 32, 33, 35, 36, 37, 40, 42, 47, 48, 52, 53, 54, 57, 58, 59, 61, 63, 64, 70, 72, 76, 78, 80, 82, 84, 87, 92, 93, 95, 96, 97, 98, 102, 104, 108, 110, 111, 112, 115, 117, 118, 121, 131, 132, 133, 143, 144, 151, 156, 159, 162, 167, 168, 172, 182, 186, 188, 189, 192, 193, 197, 198, 199, 203, 207, 209, 210, 212, 215, 216, 218, 221, 223, 227, 266, 267, 268, 269, 271, 272, 273, 275, 293]",209,206,True
trafo,45,300,408,1,100.0,96,100.0,95,-1,0.027260900009423494,"[0, 1, 2, 6, 10, 11, 14, 16, 18, 21, 22, 24, 28, 30, 32, 33, 35, 36, 37, 40, 42, 47, 48, 52, 53, 54, 57, 58, 59, 61, 63, 64, 67, 70, 76, 78, 80, 82, 84, 87, 92, 93, 95, 96, 97, 98, 102, 104, 108, 110, 111, 112, 115, 117, 118, 121, 131, 132, 133, 143, 144, 151, 156, 159, 162, 167, 172, 182, 186, 188, 189, 192, 195, 198, 199, 203, 207, 209, 210, 212, 215, 216, 218, 221, 223, 227, 266, 267, 268, 269, 271, 272, 273, 275, 293]",168,207,True
trafo,46,300,408,2,100.0,96,100.0,95,-1,0.023285799979930744,"[0, 1, 2, 6, 10, 11, 14, 16, 18, 21, 22, 24, 30, 32, 33, 35, 36, 37, 40, 42, 47, 48, 52, 53, 54, 57, 58, 59, 61, 63, 64, 70, 72, 76, 78, 80, 82, 84, 87, 92, 93, 95, 96, 97, 98, 102, 104, 108, 110, 111, 112, 115, 117, 118, 121, 131, 132, 133, 143, 144, 151, 156, 159, 162, 167, 168, 172, 182, 186, 188, 189, 192, 193, 197, 199, 203, 207, 209, 210, 212, 215, 216, 218, 221, 223, 227, 266, 267, 268, 269, 271, 272, 273, 275, 293]",209,210,True
trafo,47,300,408,2,99.66666666666667,96,100.0,96,0,0.023766100028296933,"[0, 1, 2, 6, 10, 11, 14, 16, 18, 21, 22, 24, 28, 30, 32, 33, 35, 36, 37, 40, 42, 47, 48, 52, 53, 54, 57, 58, 59, 61, 63, 64, 67, 70, 76, 78, 80, 82, 84, 87, 92, 93, 95, 96, 97, 98, 102, 104, 108, 110, 111, 112, 115, 117, 118, 121, 131, 132, 133, 143, 144, 151, 156, 159, 162, 167, 168, 172, 182, 186, 188, 189, 192, 195, 198, 199, 203, 207, 209, 211, 212, 215, 216, 218, 221, 223, 227, 266, 267, 268, 269, 271, 272, 273, 275, 293]",210,211,False
trafo,48,300,408,1,100.0,96,100.0,96,0,0.0230124999943655,"[0, 1, 2, 6, 10, 11, 14, 16, 18, 21, 22, 24, 28, 30, 32, 33, 35, 36, 37, 40, 42, 47, 48, 52, 53, 54, 57, 58, 59, 61, 63, 64, 67, 70, 76, 78, 80, 82, 84, 87, 92, 93, 95, 96, 97, 98, 102, 104, 108, 110, 111, 112, 115, 117, 118, 121, 131, 132, 133, 143, 144, 151, 156, 159, 162, 167, 168, 172, 182, 186, 188, 189, 192, 195, 198, 199, 203, 207, 209, 210, 212, 215, 216, 218, 221, 223, 227, 266, 267, 268, 269, 271, 272, 273, 275, 293]",215,212,True
trafo,49,300,408,2,99.66666666666667,96,100.0,97,1,0.02553839999018237,"[0, 1, 2, 6, 10, 11, 14, 16, 18, 21, 22, 24, 28, 30, 32, 33, 35, 36, 37, 40, 42, 47, 48, 52, 53, 54, 57, 58, 59, 61, 63, 64, 67, 70, 76, 78, 80, 82, 84, 87, 92, 93, 95, 96, 97, 98, 102, 104, 108, 110, 111, 112, 115, 117, 118, 121, 131, 132, 133, 143, 144, 151, 156, 159, 162, 167, 168, 172, 182, 186, 188, 189, 192, 195, 198, 199, 200, 203, 207, 209, 210, 212, 216, 218, 219, 221, 223, 227, 266, 267, 268, 269, 271, 272, 273, 275, 293]",215,219,False
trafo,50,300,408,1,100.0,96,100.0,96,0,0.022866299987072125,"[0, 1, 2, 6, 10, 11, 14, 16, 18, 21, 22, 24, 28, 30, 32, 33, 35, 36, 37, 40, 42, 47, 48, 52, 53, 54, 57, 58, 59, 61, 63, 64, 67, 70, 76, 78, 80, 82, 84, 87, 92, 93, 95, 96, 97, 98, 102, 104, 108, 110, 111, 112, 115, 117, 118, 121, 131, 132, 133, 143, 144, 151, 156, 159, 162, 167, 168, 172, 182, 186, 188, 189, 192, 195, 198, 199, 203, 207, 209, 210, 212, 215, 216, 218, 221, 225, 227, 266, 267, 268, 269, 271, 272, 273, 275, 293]",220,223,True
trafo,51,300,408,1,100.0,96,100.0,96,0,0.027708199981134385,"[0, 1, 2, 6, 10, 11, 14, 16, 18, 21, 22, 24, 28, 30, 32, 33, 35, 36, 37, 40, 42, 47, 48, 52, 53, 54, 57, 58, 59, 61, 63, 64, 67, 70, 76, 78, 80, 82, 84, 87, 92, 93, 95, 96, 97, 98, 102, 104, 108, 110, 111, 112, 115, 117, 118, 121, 131, 132, 133, 143, 144, 151, 156, 159, 162, 167, 168, 172, 182, 186, 188, 189, 192, 195, 198, 199, 203, 207, 209, 210, 212, 215, 216, 218, 221, 223, 227, 266, 267, 268, 269, 271, 272, 273, 275, 293]",220,225,True
trafo,52,300,408,1,100.0,96,100.0,95,-1,0.027509799983818084,"[0, 1, 2, 10, 11, 12, 14, 16, 21, 22, 24, 28, 30, 32, 33, 35, 36, 37, 40, 42, 47, 48, 52, 53, 54, 57, 58, 59, 61, 63, 64, 67, 70, 76, 78, 80, 82, 84, 87, 92, 93, 95, 96, 97, 98, 102, 104, 108, 110, 111, 112, 115, 117, 118, 121, 131, 132, 133, 143, 144, 151, 156, 159, 162, 167, 168, 172, 182, 186, 188, 189, 192, 195, 198, 199, 203, 207, 209, 210, 212, 215, 216, 218, 221, 223, 227, 266, 267, 268, 269, 271, 272, 273, 275, 293]",2,0,True
trafo,53,300,408,1,100.0,96,100.0,95,-1,0.026312800007872283,"[0, 1, 2, 10, 11, 12, 14, 16, 21, 22, 24, 28, 30, 32, 33, 35, 36, 37, 40, 42, 47, 48, 52, 53, 54, 57, 58, 59, 61, 63, 64, 67, 70, 76, 78, 80, 82, 84, 87, 92, 93, 95, 96, 97, 98, 102, 104, 108, 110, 111, 112, 115, 117, 118, 121, 131, 132, 133, 143, 144, 151, 156, 159, 162, 167, 168, 172, 182, 186, 188, 189, 192, 195, 198, 199, 203, 207, 209, 210, 212, 215, 216, 218, 221, 223, 227, 266, 267, 268, 269, 271, 272, 273, 275, 293]",2,1,True
trafo,54,300,408,1,99.66666666666667,96,100.0,97,1,0.022805899992818013,"[0, 1, 2, 3, 6, 10, 11, 14, 16, 18, 21, 22, 24, 28, 30, 32, 33, 35, 36, 37, 40, 42, 47, 48, 52, 53, 54, 57, 58, 59, 61, 63, 64, 67, 70, 76, 78, 80, 82, 84, 87, 92, 93, 95, 96, 97, 98, 102, 104, 108, 110, 111, 112, 115, 117, 118, 121, 131, 132, 133, 143, 144, 151, 156, 159, 162, 167, 168, 172, 182, 186, 188, 189, 192, 195, 198, 199, 203, 207, 209, 210, 212, 215, 216, 218, 221, 223, 227, 266, 267, 268, 269, 271, 272, 273, 275, 293]",3,2,False
trafo,55,300,408,1,100.0,96,100.0,95,-1,0.022110499994596466,"[0, 1, 2, 10, 11, 12, 14, 16, 21, 22, 24, 28, 30, 32, 33, 35, 36, 37, 40, 42, 47, 48, 52, 53, 54, 57, 58, 59, 61, 63, 64, 67, 70, 76, 78, 80, 82, 84, 87, 92, 93, 95, 96, 97, 98, 102, 104, 108, 110, 111, 112, 115, 117, 118, 121, 131, 132, 133, 143, 144, 151, 156, 159, 162, 167, 168, 172, 182, 186, 188, 189, 192, 195, 198, 199, 203, 207, 209, 210, 212, 215, 216, 218, 221, 223, 227, 266, 267, 268, 269, 271, 272, 273, 275, 293]",6,4,True
trafo,56,300,408,1,100.0,96,100.0,95,-1,0.022951000020839274,"[0, 1, 2, 10, 11, 12, 14, 16, 21, 22, 24, 28, 30, 32, 33, 35, 36, 37, 40, 42, 47, 48, 52, 53, 54, 57, 58, 59, 61, 63, 64, 67, 70, 76, 78, 80, 82, 84, 87, 92, 93, 95, 96, 97, 98, 102, 104, 108, 110, 111, 112, 115, 117, 118, 121, 131, 132, 133, 143, 144, 151, 156, 159, 162, 167, 168, 172, 182, 186, 188, 189, 192, 195, 198, 199, 203, 207, 209, 210, 212, 215, 216, 218, 221, 223, 227, 266, 267, 268, 269, 271, 272, 273, 275, 293]",6,5,True
trafo,57,300,408,1,100.0,96,100.0,95,-1,0.02476190001470968,"[0, 1, 2, 10, 11, 12, 14, 16, 21, 22, 24, 28, 30, 32, 33, 35, 36, 37, 40, 42, 47, 48, 52, 53, 54, 57, 58, 59, 61, 63, 64, 67, 70, 76, 78, 80, 82, 84, 87, 92, 93, 95, 96, 97, 98, 102, 104, 108, 110, 111, 112, 115, 117, 118, 121, 131, 132, 133, 143, 144, 151, 156, 159, 162, 167, 168, 172, 182, 186, 188, 189, 192, 195, 198, 199, 203, 207, 209, 210, 212, 215, 216, 218, 221, 223, 227, 266, 267, 268, 269, 271, 272, 273, 275, 293]",9,10,True
trafo,58,300,408,1,100.0,96,100.0,96,0,0.024832299997797236,"[0, 1, 2, 6, 10, 11, 14, 16, 18, 21, 22, 24, 28, 30, 32, 33, 35, 36, 37, 40, 42, 47, 48, 52, 53, 54, 57, 58, 59, 61, 63, 64, 67, 70, 76, 78, 80, 82, 84, 87, 92, 93, 95, 96, 97, 98, 102, 104, 108, 110, 111, 112, 115, 117, 118, 121, 131, 132, 133, 143, 144, 151, 156, 159, 162, 167, 168, 172, 182, 186, 188, 189, 192, 195, 198, 199, 203, 207, 209, 210, 212, 215, 216, 218, 221, 223, 227, 266, 267, 268, 269, 271, 272, 273, 275, 293]",11,9,True
trafo,59,300,408,2,100.0,96,100.0,96,0,0.022841400001198053,"[0, 1, 2, 6, 7, 10, 11, 16, 18, 21, 22, 24, 28, 30, 32, 33, 35, 36, 37, 40, 42, 47, 48, 52, 53, 54, 57, 58, 59, 61, 63, 64, 67, 70, 76, 78, 80, 82, 84, 87, 92, 93, 95, 96, 97, 98, 102, 104, 108, 110, 111, 112, 115, 117, 118, 121, 131, 132, 133, 143, 144, 151, 156, 159, 162, 167, 168, 172, 182, 186, 188, 189, 192, 195, 198, 199, 203, 207, 209, 210, 212, 215, 216, 218, 221, 223, 227, 266, 267, 268, 269, 271, 272, 273, 275, 293]",14,16,True
trafo,60,300,408,1,100.0,96,100.0,96,0,0.02602309998474084,"[0, 1, 2, 6, 10, 11, 14, 16, 18, 21, 22, 24, 28, 30, 32, 33, 35, 36, 37, 40, 42, 47, 48, 52, 53, 54, 57, 58, 59, 61, 63, 64, 67, 70, 76, 78, 80, 82, 84, 87, 92, 93, 95, 96, 97, 98, 102, 104, 108, 110, 111, 112, 115, 117, 118, 121, 131, 132, 133, 143, 144, 151, 156, 159, 162, 167, 168, 172, 182, 186, 188, 189, 192, 195, 198, 199, 203, 207, 209, 210, 212, 215, 216, 218, 221, 223, 227, 266, 267, 268, 269, 271, 272, 273, 275, 293]",15,14,True
trafo,61,300,408,1,100.0,96,100.0,96,0,0.03198960001464002,"[0, 1, 2, 6, 10, 11, 12, 14, 16, 21, 22, 24, 28, 30, 32, 33, 35, 36, 37, 40, 42, 47, 48, 52, 53, 54, 57, 58, 59, 61, 63, 64, 67, 70, 76, 78, 80, 82, 84, 87, 92, 93, 95, 96, 97, 98, 102, 104, 108, 110, 111, 112, 115, 117, 118, 121, 131, 132, 133, 143, 144, 151, 156, 159, 162, 167, 168, 172, 182, 186, 188, 189, 192, 195, 198, 199, 203, 207, 209, 210, 212, 215, 216, 218, 221, 223, 227, 266, 267, 268, 269, 271, 272, 273, 275, 293]",19,18,True
trafo,62,300,408,1,100.0,96,100.0,96,0,0.0221101000206545,"[0, 1, 2, 6, 10, 11, 14, 16, 18, 21, 22, 24, 28, 30, 32, 33, 35, 36, 37, 40, 42, 47, 48, 52, 53, 54, 57, 58, 59, 61, 63, 64, 67, 70, 76, 78, 80, 82, 84, 87, 92, 93, 95, 96, 97, 98, 102, 104, 108, 110, 111, 112, 115, 117, 118, 121, 131, 132, 133, 143, 144, 151, 156, 159, 162, 167, 168, 172, 182, 186, 188, 189, 192, 195, 198, 199, 203, 207, 209, 210, 212, 215, 216, 218, 221, 223, 227, 266, 267, 268, 269, 271, 272, 273, 275, 293]",22,21,True
trafo,63,300,408,1,99.66666666666667,96,100.0,96,0,0.023752200009766966,"[0, 1, 2, 6, 10, 11, 14, 16, 18, 21, 22, 24, 29, 30, 32, 33, 35, 36, 37, 40, 42, 47, 48, 52, 53, 54, 57, 58, 59, 61, 63, 64, 67, 70, 76, 78, 80, 82, 84, 87, 92, 93, 95, 96, 97, 98, 102, 104, 108, 110, 111, 112, 115, 117, 118, 121, 131, 132, 133, 143, 144, 151, 156, 159, 162, 167, 168, 172, 182, 186, 188, 189, 192, 195, 198, 199, 203, 207, 209, 210, 212, 215, 216, 218, 221, 223, 227, 266, 267, 268, 269, 271, 272, 273, 275, 293]",29,28,False
trafo,64,300,408,1,100.0,96,100.0,96,0,0.0230433999968227,"[0, 1, 2, 6, 10, 11, 14, 16, 18, 21, 22, 24, 28, 30, 32, 33, 35, 36, 37, 40, 42, 47, 48, 52, 53, 54, 57, 58, 59, 61, 63, 64, 67, 70, 76, 78, 80, 82, 84, 87, 92, 93, 95, 96, 97, 98, 102, 104, 108, 110, 111, 112, 115, 117, 118, 121, 131, 132, 133, 143, 144, 151, 156, 159, 162, 167, 168, 172, 182, 186, 188, 189, 192, 195, 198, 199, 203, 207, 209, 210, 212, 215, 216, 218, 221, 223, 227, 266, 267, 268, 269, 271, 272, 273, 275, 293]",38,37,True
trafo,65,300,408,1,100.0,96,100.0,96,0,0.02288619999308139,"[0, 1, 2, 6, 10, 11, 14, 16, 18, 21, 22, 24, 28, 30, 32, 33, 35, 36, 37, 40, 42, 47, 48, 52, 53, 54, 57, 58, 59, 61, 63, 64, 67, 70, 76, 78, 80, 82, 84, 87, 92, 93, 95, 96, 97, 98, 102, 104, 108, 110, 111, 112, 115, 117, 118, 121, 131, 132, 133, 143, 144, 151, 156, 159, 162, 167, 168, 172, 182, 186, 188, 189, 192, 195, 198, 199, 203, 207, 209, 210, 212, 215, 216, 218, 221, 223, 227, 266, 267, 268, 269, 271, 272, 273, 275, 293]",39,38,True
trafo,66,300,408,1,100.0,96,100.0,96,0,0.02370700001483783,"[0, 1, 2, 6, 10, 11, 14, 16, 18, 21, 22, 24, 28, 30, 32, 33, 35, 36, 37, 40, 42, 47, 48, 52, 53, 54, 57, 58, 59, 61, 63, 64, 67, 70, 76, 78, 80, 82, 84, 87, 92, 93, 95, 96, 97, 98, 102, 104, 108, 110, 111, 112, 115, 117, 118, 121, 131, 132, 133, 143, 144, 151, 156, 159, 162, 167, 168, 172, 182, 186, 188, 189, 192, 195, 198, 199, 203, 207, 209, 210, 212, 215, 216, 218, 221, 223, 227, 266, 267, 268, 269, 271, 272, 273, 275, 293]",53,52,True
trafo,67,300,408,1,100.0,96,100.0,96,0,0.03430780000053346,"[0, 1, 2, 6, 10, 11, 14, 16, 18, 21, 22, 24, 28, 30, 32, 33, 35, 36, 37, 40, 42, 47, 48, 52, 53, 54, 57, 58, 59, 61, 63, 64, 67, 70, 76, 78, 80, 82, 84, 87, 92, 93, 95, 96, 97, 98, 102, 104, 108, 110, 111, 112, 115, 117, 118, 121, 131, 132, 133, 143, 144, 151, 156, 159, 162, 167, 168, 172, 182, 186, 188, 189, 192, 195, 198, 199, 203, 207, 209, 210, 212, 215, 216, 218, 221, 223, 227, 266, 267, 268, 269, 271, 272, 273, 275, 293]",55,54,True
trafo,68,300,408,1,100.0,96,100.0,96,0,0.02377830000477843,"[0, 1, 2, 6, 10, 11, 14, 16, 18, 21, 22, 24, 28, 30, 32, 33, 35, 36, 37, 40, 42, 47, 48, 52, 53, 54, 57, 58, 59, 61, 63, 64, 67, 70, 76, 78, 80, 82, 84, 87, 92, 93, 95, 96, 97, 98, 102, 104, 108, 110, 111, 112, 115, 117, 118, 121, 131, 132, 133, 143, 144, 151, 156, 159, 162, 167, 168, 172, 182, 186, 188, 189, 192, 195, 198, 199, 203, 207, 209, 210, 212, 215, 216, 218, 221, 223, 227, 266, 267, 268, 269, 271, 272, 273, 275, 293]",61,60,True
trafo,69,300,408,1,100.0,96,100.0,96,0,0.027295999985653907,"[0, 1, 2, 6, 10, 11, 14, 16, 18, 21, 22, 24, 28, 30, 32, 33, 35, 36, 37, 40, 42, 47, 48, 52, 53, 54, 57, 58, 59, 61, 63, 64, 67, 70, 76, 78, 80, 82, 84, 87, 92, 93, 95, 96, 97, 98, 102, 104, 108, 110, 111, 112, 115, 117, 118, 121, 131, 132, 133, 143, 144, 151, 156, 159, 162, 167, 168, 172, 182, 186, 188, 189, 192, 195, 198, 199, 203, 207, 209, 210, 212, 215, 216, 218, 221, 223, 227, 266, 267, 268, 269, 271, 272, 273, 275, 293]",67,72,True
trafo,70,300,408,1,100.0,96,100.0,96,0,0.023017400002572685,"[0, 1, 2, 6, 10, 11, 14, 16, 18, 21, 22, 24, 28, 30, 32, 33, 35, 36, 37, 40, 42, 47, 48, 52, 53, 54, 57, 58, 59, 61, 63, 64, 67, 70, 76, 78, 80, 82, 84, 87, 92, 93, 95, 96, 97, 98, 102, 104, 108, 110, 111, 112, 115, 117, 118, 121, 131, 132, 133, 143, 144, 151, 156, 159, 162, 167, 168, 172, 182, 186, 188, 189, 192, 195, 198, 199, 203, 207, 209, 210, 212, 215, 216, 218, 221, 223, 227, 266, 267, 268, 269, 271, 272, 273, 275, 293]",69,80,True
trafo,71,300,408,1,100.0,96,100.0,96,0,0.023590700002387166,"[0, 1, 2, 6, 10, 11, 14, 16, 18, 21, 22, 24, 28, 30, 32, 33, 35, 36, 37, 40, 42, 47, 48, 52, 53, 54, 57, 58, 59, 61, 63, 64, 67, 70, 76, 78, 80, 82, 84, 87, 92, 93, 95, 96, 97, 98, 102, 104, 108, 110, 111, 112, 115, 117, 118, 121, 131, 132, 133, 143, 144, 151, 156, 159, 162, 167, 168, 172, 182, 186, 188, 189, 192, 195, 198, 199, 203, 207, 209, 210, 212, 215, 216, 218, 221, 223, 227, 266, 267, 268, 269, 271, 272, 273, 275, 293]",70,82,True
trafo,72,300,408,1,100.0,96,100.0,96,0,0.024891500012017787,"[0, 1, 2, 6, 10, 11, 14, 16, 18, 21, 22, 24, 28, 30, 32, 33, 35, 36, 37, 40, 42, 47, 48, 52, 53, 54, 57, 58, 59, 61, 63, 64, 67, 70, 76, 78, 80, 82, 84, 87, 92, 93, 95, 96, 97, 98, 102, 104, 108, 110, 111, 112, 115, 117, 118, 121, 131, 132, 133, 143, 144, 151, 156, 159, 162, 167, 168, 172, 182, 186, 188, 189, 192, 195, 198, 199, 203, 207, 209, 210, 212, 215, 216, 218, 221, 223, 227, 266, 267, 268, 269, 271, 272, 273, 275, 293]",71,77,True
trafo,73,300,408,1,99.66666666666667,96,100.0,97,1,0.026715300016803667,"[0, 1, 2, 6, 10, 11, 14, 16, 18, 21, 22, 24, 28, 30, 32, 33, 35, 36, 37, 42, 47, 48, 52, 53, 54, 57, 58, 59, 61, 63, 64, 67, 70, 76, 78, 80, 82, 84, 87, 88, 89, 93, 95, 96, 97, 98, 102, 104, 108, 110, 111, 112, 115, 117, 118, 121, 131, 132, 133, 143, 144, 151, 156, 159, 162, 167, 168, 171, 172, 182, 184, 188, 189, 192, 195, 198, 199, 203, 207, 209, 210, 212, 215, 216, 218, 221, 223, 227, 266, 267, 268, 269, 271, 272, 273, 275, 293]",92,185,False
trafo,74,300,408,1,100.0,96,100.0,96,0,0.028093600005377084,"[0, 1, 2, 6, 10, 11, 14, 16, 18, 21, 22, 24, 28, 30, 32, 33, 35, 36, 37, 40, 42, 47, 48, 52, 53, 54, 57, 58, 59, 61, 63, 64, 67, 70, 76, 78, 80, 82, 84, 87, 92, 95, 96, 97, 98, 100, 102, 104, 108, 110, 111, 112, 115, 117, 118, 121, 131, 132, 133, 143, 144, 151, 156, 159, 162, 167, 168, 172, 182, 186, 188, 189, 192, 195, 198, 199, 203, 207, 209, 210, 212, 215, 216, 218, 221, 223, 227, 266, 267, 268, 269, 271, 272, 273, 275, 293]",94,102,True
trafo,75,300,408,1,100.0,96,100.0,96,0,0.02264360000845045,"[0, 1, 2, 6, 10, 11, 14, 16, 18, 21, 22, 24, 28, 30, 32, 33, 35, 36, 37, 40, 42, 47, 48, 52, 53, 54, 57, 58, 59, 61, 63, 64, 67, 70, 76, 78, 80, 82, 84, 87, 92, 93, 95, 96, 97, 98, 102, 104, 108, 110, 111, 112, 115, 117, 118, 121, 131, 132, 133, 143, 144, 151, 156, 159, 162, 167, 168, 172, 182, 186, 188, 189, 192, 195, 198, 199, 203, 207, 209, 210, 212, 215, 216, 218, 221, 223, 227, 266, 267, 268, 269, 271, 272, 273, 275, 293]",99,93,True
trafo,76,300,408,1,100.0,96,100.0,96,0,0.023312200006330386,"[0, 1, 2, 6, 10, 11, 14, 16, 18, 21, 22, 24, 28, 30, 32, 33, 35, 36, 37, 40, 42, 47, 48, 52, 53, 54, 57, 58, 59, 61, 63, 64, 67, 70, 76, 78, 80, 82, 84, 87, 92, 93, 95, 96, 97, 98, 102, 104, 108, 110, 111, 112, 115, 117, 118, 121, 131, 132, 133, 143, 144, 151, 156, 159, 162, 167, 168, 172, 182, 186, 188, 189, 192, 195, 198, 199, 203, 207, 209, 210, 212, 215, 216, 218, 221, 223, 227, 266, 267, 268, 269, 271, 272, 273, 275, 293]",135,100,True
trafo,77,300,408,1,100.0,96,100.0,96,0,0.020853099995292723,"[0, 1, 2, 6, 10, 11, 14, 16, 18, 21, 22, 24, 28, 30, 32, 33, 35, 36, 37, 40, 42, 47, 48, 52, 53, 54, 57, 58, 59, 61, 63, 64, 67, 70, 76, 78, 80, 82, 84, 87, 92, 93, 95, 96, 97, 98, 102, 104, 108, 110, 111, 112, 115, 117, 118, 121, 131, 132, 133, 143, 144, 151, 156, 159, 162, 167, 168, 172, 182, 186, 188, 189, 192, 195, 198, 199, 203, 207, 209, 210, 212, 215, 216, 218, 221, 223, 227, 266, 267, 268, 269, 271, 272, 273, 275, 293]",108,109,True
trafo,78,300,408,1,100.0,96,100.0,96,0,0.022160799999255687,"[0, 1, 2, 6, 10, 11, 14, 16, 18, 21, 22, 24, 28, 30, 32, 33, 35, 36, 37, 40, 42, 47, 48, 52, 53, 54, 57, 58, 59, 61, 63, 64, 67, 70, 76, 78, 80, 82, 84, 87, 92, 93, 95, 96, 97, 98, 102, 104, 108, 110, 111, 112, 115, 117, 118, 121, 131, 132, 133, 143, 144, 151, 156, 159, 162, 167, 168, 172, 182, 186, 188, 189, 192, 195, 198, 199, 203, 207, 209, 210, 212, 215, 216, 218, 221, 223, 227, 266, 267, 268, 269, 271, 272, 273, 275, 293]",108,128,True
trafo,79,300,408,1,99.66666666666667,96,100.0,96,0,0.02845290000550449,"[0, 1, 2, 6, 10, 11, 14, 16, 18, 21, 22, 24, 28, 30, 32, 33, 35, 36, 37, 40, 42, 47, 48, 52, 53, 54, 57, 58, 59, 61, 63, 64, 67, 70, 76, 78, 80, 82, 84, 87, 92, 93, 95, 96, 97, 98, 102, 104, 108, 111, 112, 115, 117, 118, 121, 129, 131, 132, 133, 143, 144, 151, 156, 159, 162, 167, 168, 172, 182, 186, 188, 189, 192, 195, 198, 199, 203, 207, 209, 210, 212, 215, 216, 218, 221, 223, 227, 266, 267, 268, 269, 271, 272, 273, 275, 293]",110,148,False
trafo,80,300,408,1,100.0,96,100.0,96,0,0.022718499996699393,"[0, 1, 2, 6, 10, 11, 14, 16, 18, 21, 22, 24, 28, 30, 32, 33, 35, 36, 37, 40, 42, 47, 48, 52, 53, 54, 57, 58, 59, 61, 63, 64, 67, 70, 76, 78, 80, 82, 84, 87, 92, 93, 95, 96, 97, 98, 102, 104, 108, 110, 111, 112, 115, 117, 118, 121, 131, 132, 133, 143, 144, 151, 156, 159, 162, 167, 168, 172, 182, 186, 188, 189, 192, 195, 198, 199, 203, 207, 209, 210, 212, 215, 216, 218, 221, 223, 227, 266, 267, 268, 269, 271, 272, 273, 275, 293]",119,152,True
trafo,81,300,408,1,100.0,96,100.0,96,0,0.023464900004910305,"[0, 1, 2, 6, 10, 11, 14, 16, 18, 21, 22, 24, 28, 30, 32, 33, 35, 36, 37, 40, 42, 47, 48, 52, 53, 54, 57, 58, 59, 61, 63, 64, 67, 70, 76, 78, 80, 82, 84, 87, 92, 93, 95, 96, 97, 98, 102, 104, 108, 110, 111, 112, 115, 117, 118, 121, 131, 132, 133, 143, 144, 151, 156, 159, 162, 167, 168, 172, 182, 186, 188, 189, 192, 195, 198, 199, 203, 207, 209, 210, 212, 215, 216, 218, 221, 223, 227, 266, 267, 268, 269, 271, 272, 273, 275, 293]",120,153,True
trafo,82,300,408,1,100.0,96,100.0,96,0,0.024770099989837036,"[0, 1, 2, 6, 10, 11, 14, 16, 18, 21, 22, 24, 28, 30, 32, 33, 35, 36, 37, 40, 42, 47, 48, 52, 53, 54, 57, 58, 59, 61, 63, 64, 67, 70, 76, 78, 80, 82, 84, 87, 92, 93, 95, 96, 97, 98, 102, 104, 108, 110, 111, 112, 115, 117, 118, 121, 131, 132, 133, 143, 144, 151, 156, 159, 162, 167, 168, 172, 182, 186, 188, 189, 192, 195, 198, 199, 203, 207, 209, 210, 212, 215, 216, 218, 221, 223, 227, 266, 267, 268, 269, 271, 272, 273, 275, 293]",121,122,True
trafo,83,300,408,1,100.0,96,100.0,96,0,0.0218581999943126,"[0, 1, 2, 6, 10, 11, 14, 16, 18, 21, 22, 24, 28, 30, 32, 33, 35, 36, 37, 40, 42, 47, 48, 52, 53, 54, 57, 58, 59, 61, 63, 64, 67, 70, 76, 78, 80, 82, 84, 87, 92, 93, 95, 96, 97, 98, 102, 104, 108, 110, 111, 112, 115, 117, 118, 121, 131, 132, 133, 143, 144, 151, 156, 159, 162, 167, 168, 172, 182, 186, 188, 189, 192, 195, 198, 199, 203, 207, 209, 210, 212, 215, 216, 218, 221, 223, 227, 266, 267, 268, 269, 271, 272, 273, 275, 293]",121,126,True
trafo,84,300,408,1,100.0,96,100.0,96,0,0.023695699987001717,"[0, 1, 2, 6, 10, 11, 14, 16, 18, 21, 22, 24, 28, 30, 32, 33, 35, 36, 37, 40, 42, 47, 48, 52, 53, 54, 57, 58, 59, 61, 63, 64, 67, 70, 76, 78, 80, 82, 84, 87, 92, 93, 95, 96, 97, 98, 102, 104, 108, 110, 111, 112, 115, 117, 118, 121, 131, 132, 133, 143, 144, 151, 156, 159, 162, 167, 168, 172, 182, 186, 188, 189, 192, 195, 198, 199, 203, 207, 209, 210, 212, 215, 216, 218, 221, 223, 227, 266, 267, 268, 269, 271, 272, 273, 275, 293]",123,158,True
trafo,85,300,408,1,100.0,96,100.0,96,0,0.022168499999679625,"[0, 1, 2, 6, 10, 11, 14, 16, 18, 21, 22, 24, 28, 30, 32, 33, 35, 36, 37, 40, 42, 47, 48, 52, 53, 54, 57, 58, 59, 61, 63, 64, 67, 70, 76, 78, 80, 82, 84, 87, 92, 93, 95, 96, 97, 98, 102, 104, 108, 110, 111, 112, 115, 117, 118, 121, 131, 132, 133, 143, 144, 151, 156, 159, 162, 167, 168, 172, 182, 186, 188, 189, 192, 195, 198, 199, 203, 207, 209, 210, 212, 215, 216, 218, 221, 223, 227, 266, 267, 268, 269, 271, 272, 273, 275, 293]",129,148,True
trafo,86,300,408,1,100.0,96,100.0,96,0,0.023161400022218004,"[0, 1, 2, 6, 10, 11, 14, 16, 18, 21, 22, 24, 28, 30, 32, 33, 35, 36, 37, 40, 42, 47, 48, 52, 53, 54, 57, 58, 59, 61, 63, 64, 67, 70, 76, 78, 80, 82, 84, 87, 92, 93, 95, 96, 97, 98, 102, 104, 108, 110, 111, 112, 115, 117, 118, 121, 130, 132, 133, 143, 144, 151, 156, 159, 162, 167, 168, 172, 182, 186, 188, 189, 192, 195, 198, 199, 203, 207, 209, 210, 212, 215, 216, 218, 221, 223, 227, 266, 267, 268, 269, 271, 272, 273, 275, 293]",131,161,True
trafo,87,300,408,1,100.0,96,100.0,96,0,0.02333960001124069,"[0, 1, 2, 6, 10, 11, 14, 16, 18, 21, 22, 24, 28, 30, 32, 33, 35, 36, 37, 40, 42, 47, 48, 52, 53, 54, 57, 58, 59, 61, 63, 64, 67, 70, 76, 78, 80, 82, 84, 87, 92, 93, 95, 96, 97, 98, 102, 104, 108, 110, 111, 112, 115, 117, 118, 121, 131, 132, 133, 140, 144, 151, 156, 159, 162, 167, 168, 172, 182, 186, 188, 189, 192, 195, 198, 199, 203, 207, 209, 210, 212, 215, 216, 218, 221, 223, 227, 266, 267, 268, 269, 271, 272, 273, 275, 293]",133,134,True
trafo,88,300,408,1,99.66666666666667,96,100.0,96,0,0.022121299989521503,"[0, 1, 2, 6, 10, 11, 14, 16, 18, 21, 22, 24, 28, 30, 32, 33, 35, 36, 37, 40, 42, 47, 48, 52, 53, 54, 57, 58, 59, 61, 63, 64, 67, 70, 76, 78, 80, 82, 84, 87, 92, 93, 96, 97, 98, 102, 104, 108, 110, 111, 112, 115, 117, 118, 121, 131, 132, 133, 135, 143, 144, 151, 156, 159, 162, 167, 168, 172, 182, 186, 188, 189, 192, 195, 198, 199, 203, 207, 209, 210, 212, 215, 216, 218, 221, 223, 227, 266, 267, 268, 269, 271, 272, 273, 275, 293]",137,95,False
trafo,89,300,408,1,99.66666666666667,96,100.0,96,0,0.021488099999260157,"[0, 1, 2, 6, 10, 11, 14, 16, 18, 21, 22, 24, 28, 30, 32, 33, 35, 36, 37, 40, 42, 47, 48, 52, 53, 54, 57, 58, 59, 61, 63, 64, 67, 70, 76, 78, 80, 82, 84, 87, 92, 94, 96, 97, 98, 100, 104, 108, 110, 111, 112, 115, 117, 118, 121, 131, 132, 133, 136, 143, 144, 151, 156, 159, 162, 167, 168, 172, 182, 186, 188, 189, 192, 195, 198, 199, 203, 207, 209, 210, 212, 215, 216, 218, 221, 223, 227, 266, 267, 268, 269, 271, 272, 273, 275, 293]",138,102,False
trafo,90,300,408,1,99.66666666666667,96,100.0,95,-1,0.02723639999749139,"[0, 1, 2, 6, 10, 11, 14, 16, 18, 21, 22, 24, 28, 30, 32, 33, 35, 36, 37, 40, 42, 47, 48, 52, 53, 54, 57, 58, 59, 61, 63, 64, 67, 70, 76, 78, 80, 82, 84, 87, 92, 93, 95, 96, 97, 98, 102, 104, 108, 110, 111, 112, 115, 117, 118, 121, 131, 132, 142, 144, 151, 156, 159, 162, 167, 168, 172, 182, 186, 188, 189, 192, 195, 198, 199, 203, 207, 209, 210, 212, 215, 216, 218, 221, 223, 227, 266, 267, 268, 269, 271, 272, 273, 275, 293]",141,115,False
trafo,91,300,408,1,99.66666666666667,96,100.0,95,-1,0.023056300007738173,"[0, 1, 2, 6, 10, 11, 14, 16, 18, 21, 22, 24, 28, 30, 32, 33, 35, 36, 37, 40, 42, 47, 48, 52, 53, 54, 57, 58, 59, 61, 63, 64, 67, 70, 76, 78, 80, 82, 84, 87, 92, 93, 95, 96, 97, 98, 102, 104, 108, 110, 111, 112, 115, 117, 118, 121, 131, 134, 140, 144, 151, 156, 159, 162, 167, 168, 172, 182, 186, 188, 189, 192, 195, 198, 199, 203, 207, 209, 210, 212, 215, 216, 218, 221, 223, 227, 266, 267, 268, 269, 271, 272, 273, 275, 293]",142,133,False
trafo,92,300,408,1,100.0,96,100.0,96,0,0.023285500006750226,"[0, 1, 2, 6, 10, 11, 14, 16, 18, 21, 22, 24, 28, 30, 32, 33, 35, 36, 37, 40, 42, 47, 48, 52, 53, 54, 57, 58, 59, 61, 63, 64, 67, 70, 76, 78, 80, 82, 84, 87, 92, 93, 95, 96, 97, 98, 102, 104, 108, 110, 111, 112, 115, 117, 118, 121, 131, 132, 133, 143, 144, 151, 156, 159, 162, 167, 168, 172, 182, 186, 188, 189, 192, 195, 198, 199, 203, 207, 209, 210, 212, 215, 216, 218, 221, 223, 227, 266, 267, 268, 269, 271, 272, 273, 275, 293]",160,117,True
trafo,93,300,408,1,100.0,96,100.0,97,1,0.023761200020089746,"[0, 1, 2, 6, 10, 11, 14, 16, 18, 21, 22, 24, 28, 30, 32, 33, 35, 36, 37, 40, 42, 47, 48, 52, 53, 54, 57, 58, 59, 61, 63, 64, 67, 70, 76, 78, 80, 82, 84, 87, 92, 93, 95, 96, 97, 98, 102, 104, 108, 110, 111, 112, 115, 117, 118, 121, 131, 132, 133, 143, 144, 151, 156, 159, 162, 167, 168, 171, 172, 178, 182, 183, 189, 192, 195, 198, 199, 203, 207, 209, 210, 212, 215, 216, 218, 221, 223, 227, 266, 267, 268, 269, 271, 272, 273, 275, 293]",188,167,True
trafo,94,300,408,1,100.0,96,100.0,96,0,0.021694399998523295,"[0, 1, 2, 6, 10, 11, 14, 16, 18, 21, 22, 24, 28, 30, 32, 33, 35, 36, 37, 40, 42, 47, 48, 52, 53, 54, 57, 58, 59, 61, 63, 64, 67, 70, 76, 78, 80, 82, 84, 87, 92, 93, 95, 96, 97, 98, 102, 104, 108, 110, 111, 112, 115, 117, 118, 121, 131, 132, 133, 143, 144, 151, 156, 159, 162, 167, 168, 172, 182, 186, 188, 189, 192, 195, 198, 199, 203, 207, 209, 210, 212, 215, 216, 218, 221, 223, 227, 266, 267, 268, 269, 271, 272, 273, 275, 293]",174,171,True
trafo,95,300,408,1,100.0,96,100.0,96,0,0.02154089999385178,"[0, 1, 2, 6, 10, 11, 14, 16, 18, 21, 22, 24, 28, 30, 32, 33, 35, 36, 37, 40, 42, 47, 48, 52, 53, 54, 57, 58, 59, 61, 63, 64, 67, 70, 76, 78, 80, 82, 84, 87, 92, 93, 95, 96, 97, 98, 102, 104, 108, 110, 111, 112, 115, 117, 118, 121, 131, 132, 133, 143, 144, 151, 156, 159, 162, 167, 168, 172, 182, 186, 188, 189, 192, 195, 198, 199, 203, 207, 209, 210, 212, 215, 216, 218, 221, 223, 227, 266, 267, 268, 269, 271, 272, 273, 275, 293]",173,190,True
trafo,96,300,408,1,100.0,96,100.0,96,0,0.021424499980639666,"[0, 1, 2, 6, 10, 11, 14, 16, 18, 21, 22, 24, 28, 30, 32, 33, 35, 36, 37, 40, 42, 47, 48, 52, 53, 54, 57, 58, 59, 61, 63, 64, 67, 70, 76, 78, 80, 82, 84, 87, 92, 93, 95, 96, 97, 98, 102, 104, 108, 110, 111, 112, 115, 117, 118, 121, 131, 132, 133, 143, 144, 151, 156, 159, 162, 167, 168, 172, 182, 186, 188, 189, 192, 195, 198, 199, 203, 207, 209, 210, 212, 215, 216, 218, 221, 223, 227, 266, 267, 268, 269, 271, 272, 273, 275, 293]",178,226,True
trafo,97,300,408,1,100.0,96,100.0,96,0,0.02404080002452247,"[0, 1, 2, 6, 10, 11, 14, 16, 18, 21, 22, 24, 28, 30, 32, 33, 35, 36, 37, 40, 42, 47, 48, 52, 53, 54, 57, 58, 59, 61, 63, 64, 67, 70, 76, 78, 80, 82, 84, 87, 92, 93, 95, 96, 97, 98, 102, 104, 108, 110, 111, 112, 115, 117, 118, 121, 131, 132, 133, 143, 144, 151, 156, 159, 162, 167, 168, 172, 182, 186, 188, 189, 192, 195, 198, 199, 203, 207, 209, 210, 212, 215, 216, 218, 221, 223, 227, 266, 267, 268, 269, 271, 272, 273, 275, 293]",56,179,True
trafo,98,300,408,1,99.66666666666667,96,100.0,98,2,0.02316359998076223,"[0, 1, 2, 6, 10, 11, 14, 16, 18, 21, 22, 24, 28, 30, 32, 33, 35, 36, 37, 40, 42, 47, 48, 52, 53, 54, 56, 57, 58, 59, 61, 63, 64, 67, 70, 76, 78, 80, 82, 84, 87, 92, 93, 95, 96, 97, 98, 102, 104, 108, 110, 111, 112, 115, 117, 118, 121, 131, 132, 133, 143, 144, 151, 156, 159, 162, 168, 171, 172, 173, 176, 178, 182, 186, 192, 195, 198, 199, 203, 207, 209, 210, 212, 215, 216, 218, 221, 223, 227, 266, 267, 268, 269, 271, 272, 273, 275, 293]",189,180,False
trafo,99,300,408,1,99.66666666666667,96,100.0,97,1,0.027988500020001084,"[0, 1, 2, 6, 10, 11, 14, 16, 18, 21, 22, 24, 28, 30, 32, 33, 35, 36, 37, 40, 42, 47, 48, 52, 53, 54, 56, 57, 58, 59, 61, 63, 64, 67, 70, 76, 78, 80, 82, 84, 87, 92, 93, 95, 96, 97, 98, 102, 104, 108, 110, 111, 112, 115, 117, 118, 121, 131, 132, 133, 143, 144, 151, 156, 159, 162, 167, 168, 172, 174, 183, 188, 189, 192, 195, 198, 199, 203, 207, 209, 210, 212, 215, 216, 218, 221, 223, 227, 266, 267, 268, 269, 271, 272, 273, 275, 293]",245,182,False
trafo,100,300,408,1,100.0,96,100.0,96,0,0.022343599994201213,"[0, 1, 2, 6, 10, 11, 14, 16, 18, 21, 22, 24, 28, 30, 32, 33, 35, 36, 37, 40, 42, 47, 48, 52, 53, 54, 57, 58, 59, 61, 63, 64, 67, 70, 76, 78, 80, 82, 84, 87, 92, 93, 95, 96, 97, 98, 102, 104, 108, 110, 111, 112, 115, 117, 118, 121, 131, 132, 133, 143, 144, 151, 156, 159, 162, 167, 168, 172, 182, 186, 188, 189, 192, 195, 198, 199, 203, 207, 209, 210, 212, 215, 216, 218, 221, 223, 227, 266, 267, 268, 269, 271, 272, 273, 275, 293]",176,187,True
trafo,101,300,408,1,99.66666666666667,96,100.0,98,2,0.023790900013409555,"[0, 1, 2, 6, 10, 11, 14, 16, 18, 21, 22, 24, 28, 30, 32, 33, 35, 36, 37, 40, 42, 47, 48, 52, 53, 54, 56, 57, 58, 59, 61, 63, 64, 67, 70, 76, 78, 80, 82, 84, 87, 92, 93, 95, 96, 97, 98, 102, 104, 108, 110, 111, 112, 115, 117, 118, 121, 131, 132, 133, 143, 144, 151, 156, 159, 162, 168, 171, 172, 173, 176, 178, 182, 186, 192, 195, 198, 199, 203, 207, 209, 210, 212, 215, 216, 218, 221, 223, 227, 266, 267, 268, 269, 271, 272, 273, 275, 293]",190,189,False
trafo,102,300,408,1,100.0,96,100.0,96,0,0.02456330001587048,"[0, 1, 2, 6, 10, 11, 14, 16, 18, 21, 22, 24, 28, 30, 32, 33, 35, 36, 37, 40, 42, 47, 48, 52, 53, 54, 57, 58, 59, 61, 63, 64, 67, 70, 76, 78, 80, 82, 84, 87, 92, 93, 95, 96, 97, 98, 102, 104, 108, 110, 111, 112, 115, 117, 118, 121, 131, 132, 133, 143, 144, 151, 156, 159, 162, 167, 168, 172, 182, 186, 188, 189, 192, 195, 198, 199, 203, 207, 209, 210, 212, 215, 216, 218, 221, 223, 227, 266, 267, 268, 269, 271, 272, 273, 275, 293]",197,196,True
trafo,103,300,408,1,100.0,96,100.0,96,0,0.021916700003203005,"[0, 1, 2, 6, 10, 11, 14, 16, 18, 21, 22, 24, 28, 30, 32, 33, 35, 36, 37, 40, 42, 47, 48, 52, 53, 54, 57, 58, 59, 61, 63, 64, 67, 70, 76, 78, 80, 82, 84, 87, 92, 93, 95, 96, 97, 98, 102, 104, 108, 110, 111, 112, 115, 117, 118, 121, 131, 132, 133, 143, 144, 151, 156, 159, 162, 167, 168, 172, 182, 186, 188, 189, 192, 195, 198, 199, 203, 207, 209, 210, 212, 215, 216, 218, 221, 223, 227, 266, 267, 268, 269, 271, 272, 273, 275, 293]",202,201,True
trafo,104,300,408,2,99.66666666666667,96,100.0,96,0,0.023054599994793534,"[0, 1, 2, 6, 10, 11, 14, 16, 18, 21, 22, 24, 28, 30, 32, 33, 35, 36, 37, 40, 42, 47, 48, 52, 53, 54, 57, 58, 59, 61, 63, 64, 67, 70, 76, 78, 80, 82, 84, 87, 92, 93, 95, 96, 97, 98, 102, 104, 108, 110, 111, 112, 115, 117, 118, 121, 131, 132, 133, 143, 144, 151, 156, 159, 162, 167, 168, 172, 182, 186, 188, 189, 192, 195, 198, 199, 203, 208, 209, 210, 212, 215, 216, 218, 221, 223, 227, 266, 267, 268, 269, 271, 272, 273, 275, 293]",207,208,False
trafo,105,300,408,2,99.66666666666667,96,100.0,96,0,0.021502799994777888,"[0, 1, 2, 6, 10, 11, 14, 16, 18, 21, 22, 24, 28, 30, 32, 33, 35, 36, 37, 40, 42, 47, 48, 52, 53, 54, 57, 58, 59, 61, 63, 64, 67, 70, 76, 78, 80, 82, 84, 87, 92, 93, 95, 96, 97, 98, 102, 104, 108, 110, 111, 112, 115, 117, 118, 121, 131, 132, 133, 143, 144, 151, 156, 159, 162, 167, 168, 172, 182, 186, 188, 189, 192, 195, 199, 203, 207, 209, 210, 213, 214, 215, 216, 218, 221, 223, 227, 266, 267, 268, 269, 271, 272, 273, 275, 293]",212,214,False
trafo,106,300,408,2,99.66666666666667,96,100.0,96,0,0.023457300005247816,"[0, 1, 2, 6, 10, 11, 14, 16, 18, 21, 22, 24, 28, 30, 32, 33, 35, 36, 37, 40, 42, 47, 48, 52, 53, 54, 57, 58, 59, 61, 63, 64, 67, 70, 76, 78, 80, 82, 84, 87, 92, 93, 95, 96, 97, 98, 102, 104, 108, 110, 111, 112, 115, 117, 118, 121, 131, 132, 133, 143, 144, 151, 156, 159, 162, 167, 168, 172, 182, 186, 188, 189, 192, 195, 198, 199, 203, 207, 209, 210, 212, 215, 217, 218, 221, 223, 227, 266, 267, 268, 269, 271, 272, 273, 275, 293]",216,217,False
trafo,107,300,408,2,99.66666666666667,96,100.0,96,0,0.024829100002534688,"[0, 1, 2, 6, 10, 11, 14, 16, 18, 21, 22, 24, 28, 30, 32, 33, 35, 36, 37, 40, 42, 47, 48, 52, 53, 54, 57, 58, 59, 61, 63, 64, 67, 70, 76, 78, 80, 82, 84, 87, 92, 93, 95, 96, 98, 102, 104, 108, 110, 111, 112, 115, 117, 118, 121, 131, 132, 133, 143, 144, 151, 156, 159, 162, 167, 168, 172, 182, 186, 188, 189, 192, 195, 198, 199, 203, 207, 209, 210, 212, 215, 216, 218, 221, 223, 227, 242, 266, 267, 268, 269, 271, 272, 273, 275, 293]",97,242,False
trafo,108,300,408,2,99.66666666666667,96,100.0,96,0,0.022882299992488697,"[0, 1, 2, 6, 10, 11, 14, 16, 18, 21, 22, 24, 28, 30, 32, 33, 35, 36, 37, 40, 42, 47, 48, 52, 53, 54, 57, 58, 59, 61, 63, 64, 67, 70, 76, 78, 80, 82, 84, 87, 92, 93, 95, 96, 97, 102, 104, 108, 110, 111, 112, 115, 117, 118, 121, 131, 132, 133, 143, 144, 151, 156, 159, 162, 167, 168, 172, 182, 186, 188, 189, 192, 195, 198, 199, 203, 207, 209, 210, 212, 215, 216, 218, 221, 223, 227, 243, 266, 267, 268, 269, 271, 272, 273, 275, 293]",98,243,False
trafo,109,300,408,2,99.66666666666667,96,100.0,96,0,0.021998100011842325,"[0, 2, 6, 10, 11, 14, 16, 18, 21, 22, 24, 28, 30, 32, 33, 35, 36, 37, 40, 42, 47, 48, 52, 53, 54, 57, 58, 59, 61, 63, 64, 67, 70, 76, 78, 80, 82, 84, 87, 92, 93, 95, 96, 97, 98, 102, 104, 108, 110, 111, 112, 115, 117, 118, 121, 131, 132, 133, 143, 144, 151, 156, 159, 162, 167, 168, 172, 182, 186, 188, 189, 192, 195, 198, 199, 203, 207, 209, 210, 212, 215, 216, 218, 221, 223, 227, 247, 266, 267, 268, 269, 271, 272, 273, 275, 293]",1,247,False
trafo,110,300,408,2,99.66666666666667,96,100.0,97,1,0.021815499989315867,"[0, 1, 2, 6, 10, 11, 14, 16, 18, 21, 22, 24, 28, 30, 32, 33, 35, 36, 37, 40, 42, 47, 48, 52, 53, 54, 57, 58, 59, 61, 63, 64, 67, 70, 76, 78, 80, 82, 84, 87, 92, 93, 95, 96, 97, 98, 102, 104, 108, 110, 111, 112, 115, 117, 118, 121, 131, 132, 133, 143, 144, 151, 156, 159, 162, 167, 168, 172, 182, 186, 188, 189, 192, 195, 198, 199, 203, 207, 209, 210, 212, 215, 216, 218, 221, 223, 227, 248, 266, 267, 268, 269, 271, 272, 273, 275, 293]",2,248,False
trafo,111,300,408,2,99.66666666666667,96,100.0,97,1,0.023627699993085116,"[0, 1, 2, 6, 10, 11, 14, 16, 18, 21, 22, 24, 28, 30, 32, 33, 35, 36, 37, 40, 42, 47, 48, 49, 53, 54, 57, 58, 59, 61, 63, 64, 67, 70, 76, 78, 80, 82, 84, 87, 92, 93, 95, 96, 97, 98, 102, 104, 108, 110, 111, 112, 115, 117, 118, 121, 131, 132, 133, 143, 144, 151, 156, 159, 162, 167, 168, 172, 182, 186, 188, 189, 192, 195, 198, 199, 203, 207, 209, 210, 212, 215, 216, 218, 221, 223, 227, 259, 266, 267, 268, 269, 271, 272, 273, 275, 293]",52,259,False
trafo,112,300,408,2,99.66666666666667,96,100.0,97,1,0.022959299996728078,"[0, 1, 2, 6, 10, 11, 14, 16, 18, 21, 22, 24, 28, 30, 32, 33, 35, 36, 37, 40, 42, 47, 48, 52, 53, 54, 57, 58, 59, 61, 63, 64, 67, 70, 76, 78, 80, 82, 84, 87, 92, 93, 95, 96, 97, 98, 102, 104, 108, 110, 111, 112, 115, 117, 118, 121, 131, 132, 133, 143, 144, 151, 156, 159, 162, 167, 168, 172, 182, 186, 188, 189, 192, 195, 198, 199, 203, 207, 209, 210, 212, 215, 216, 218, 221, 223, 227, 260, 266, 267, 268, 269, 271, 272, 273, 275, 293]",53,260,False
trafo,113,300,408,2,99.66666666666667,96,100.0,96,0,0.02224029999342747,"[0, 1, 2, 6, 10, 11, 14, 16, 18, 21, 22, 24, 28, 30, 32, 33, 35, 36, 37, 40, 42, 47, 48, 52, 53, 54, 57, 58, 59, 61, 63, 64, 67, 70, 76, 78, 80, 82, 84, 87, 92, 93, 95, 96, 97, 98, 102, 104, 108, 110, 111, 112, 115, 117, 118, 121, 131, 132, 133, 143, 151, 156, 159, 162, 167, 168, 172, 182, 186, 188, 189, 192, 195, 198, 199, 203, 207, 209, 210, 212, 215, 216, 218, 221, 223, 227, 264, 266, 267, 268, 269, 271, 272, 273, 275, 293]",144,264,False
trafo,114,300,408,2,99.66666666666667,96,100.0,97,1,0.023078400001395494,"[0, 1, 2, 6, 10, 11, 14, 16, 18, 21, 22, 24, 28, 30, 32, 33, 35, 36, 37, 40, 42, 47, 48, 52, 53, 54, 57, 58, 59, 61, 63, 64, 67, 70, 76, 78, 80, 82, 84, 87, 92, 93, 95, 96, 97, 98, 102, 104, 108, 110, 111, 112, 115, 117, 118, 121, 131, 132, 133, 143, 144, 151, 156, 159, 162, 167, 168, 172, 182, 186, 188, 189, 192, 195, 198, 199, 203, 207, 209, 210, 212, 215, 216, 218, 221, 223, 227, 253, 266, 267, 268, 269, 271, 272, 273, 275, 293]",22,253,False
trafo,115,300,408,2,99.66666666666667,96,100.0,96,0,0.024755399994319305,"[1, 2, 6, 10, 11, 14, 16, 18, 21, 22, 24, 28, 30, 32, 33, 35, 36, 37, 40, 42, 47, 48, 52, 53, 54, 57, 58, 59, 61, 63, 64, 67, 70, 76, 78, 80, 82, 84, 87, 92, 93, 95, 96, 97, 98, 102, 104, 108, 110, 111, 112, 115, 117, 118, 121, 131, 132, 133, 143, 144, 151, 156, 159, 162, 167, 168, 172, 182, 186, 188, 189, 192, 195, 198, 199, 203, 207, 209, 210, 212, 215, 216, 218, 221, 223, 227, 246, 266, 267, 268, 269, 271, 272, 273, 275, 293]",0,246,False
trafo,116,300,408,2,99.66666666666667,96,100.0,97,1,0.021942899998975918,"[0, 1, 2, 6, 10, 11, 14, 16, 18, 21, 22, 24, 28, 30, 32, 33, 35, 36, 37, 40, 42, 47, 48, 52, 53, 54, 57, 58, 59, 61, 63, 64, 67, 70, 76, 78, 80, 82, 84, 87, 92, 93, 95, 96, 97, 98, 102, 104, 108, 110, 111, 112, 115, 117, 118, 121, 131, 132, 133, 143, 144, 151, 156, 159, 162, 167, 168, 172, 182, 186, 188, 189, 192, 195, 198, 199, 203, 207, 209, 210, 212, 215, 216, 218, 221, 223, 227, 262, 266, 267, 268, 269, 271, 272, 273, 275, 293]",108,262,False
trafo,117,300,408,2,99.66666666666667,96,100.0,97,1,0.02329240000108257,"[0, 1, 2, 6, 10, 11, 14, 16, 18, 21, 22, 24, 28, 30, 32, 33, 35, 36, 37, 40, 42, 47, 48, 52, 53, 54, 57, 58, 59, 61, 63, 64, 67, 70, 76, 78, 80, 82, 84, 87, 92, 93, 95, 96, 97, 98, 102, 104, 108, 110, 111, 112, 115, 117, 118, 121, 131, 132, 133, 143, 144, 151, 156, 159, 162, 167, 168, 172, 182, 186, 188, 189, 192, 195, 198, 199, 203, 207, 209, 210, 212, 215, 216, 218, 221, 223, 227, 249, 266, 267, 268, 269, 271, 272, 273, 275, 293]",10,249,False
trafo,118,300,408,2,99.66666666666667,96,100.0,96,0,0.022874099988257512,"[0, 1, 2, 6, 10, 11, 14, 16, 18, 22, 24, 28, 30, 32, 33, 35, 36, 37, 40, 42, 47, 48, 52, 53, 54, 57, 58, 59, 61, 63, 64, 67, 70, 76, 78, 80, 82, 84, 87, 92, 93, 95, 96, 97, 98, 102, 104, 108, 110, 111, 112, 115, 117, 118, 121, 131, 132, 133, 143, 144, 151, 156, 159, 162, 167, 168, 172, 182, 186, 188, 189, 192, 195, 198, 199, 203, 207, 209, 210, 212, 215, 216, 218, 221, 223, 227, 252, 266, 267, 268, 269, 271, 272, 273, 275, 293]",21,252,False
trafo,119,300,408,2,99.66666666666667,96,100.0,97,1,0.026344100013375282,"[0, 1, 2, 6, 10, 11, 14, 16, 18, 21, 22, 24, 28, 30, 32, 33, 35, 36, 37, 40, 43, 47, 48, 52, 53, 54, 57, 58, 59, 61, 63, 64, 67, 70, 76, 78, 80, 82, 84, 87, 92, 93, 95, 96, 97, 98, 102, 104, 108, 110, 111, 112, 115, 117, 118, 121, 131, 132, 133, 143, 144, 151, 156, 159, 162, 167, 168, 172, 182, 186, 188, 189, 192, 195, 198, 199, 203, 207, 209, 210, 212, 215, 216, 218, 221, 223, 227, 256, 266, 267, 268, 269, 271, 272, 273, 275, 293]",42,256,False
trafo,120,300,408,2,99.66666666666667,96,100.0,97,1,0.03240870000445284,"[0, 1, 2, 6, 10, 11, 14, 16, 18, 21, 22, 24, 28, 30, 32, 33, 35, 36, 37, 40, 42, 47, 48, 52, 53, 54, 57, 58, 59, 61, 63, 64, 67, 70, 76, 78, 80, 82, 84, 87, 92, 93, 95, 96, 97, 98, 102, 104, 108, 110, 111, 112, 115, 117, 118, 121, 131, 132, 133, 143, 144, 151, 156, 159, 162, 167, 168, 172, 182, 186, 188, 189, 192, 195, 198, 199, 203, 207, 209, 210, 212, 215, 216, 218, 221, 223, 227, 263, 266, 267, 268, 269, 271, 272, 273, 275, 293]",117,263,False
trafo,121,300,408,2,99.66666666666667,96,100.0,96,0,0.023184599995147437,"[0, 1, 2, 6, 10, 14, 16, 18, 21, 22, 24, 28, 30, 32, 33, 35, 36, 37, 40, 42, 47, 48, 52, 53, 54, 57, 58, 59, 61, 63, 64, 67, 70, 76, 78, 80, 82, 84, 87, 92, 93, 95, 96, 97, 98, 102, 104, 108, 110, 111, 112, 115, 117, 118, 121, 131, 132, 133, 143, 144, 151, 156, 159, 162, 167, 168, 172, 182, 186, 188, 189, 192, 195, 198, 199, 203, 207, 209, 210, 212, 215, 216, 218, 221, 223, 227, 250, 266, 267, 268, 269, 271, 272, 273, 275, 293]",11,250,False
trafo,122,300,408,2,99.66666666666667,96,100.0,96,0,0.02367170000798069,"[0, 1, 2, 6, 10, 11, 14, 18, 21, 22, 24, 28, 30, 32, 33, 35, 36, 37, 40, 42, 47, 48, 52, 53, 54, 57, 58, 59, 61, 63, 64, 67, 70, 76, 78, 80, 82, 84, 87, 92, 93, 95, 96, 97, 98, 102, 104, 108, 110, 111, 112, 115, 117, 118, 121, 131, 132, 133, 143, 144, 151, 156, 159, 162, 167, 168, 172, 182, 186, 188, 189, 192, 195, 198, 199, 203, 207, 209, 210, 212, 215, 216, 218, 221, 223, 227, 251, 266, 267, 268, 269, 271, 272, 273, 275, 293]",16,251,False
trafo,123,300,408,2,99.66666666666667,96,100.0,96,0,0.025016200001118705,"[0, 1, 2, 6, 10, 11, 14, 16, 18, 21, 22, 24, 28, 30, 33, 35, 36, 37, 40, 42, 47, 48, 52, 53, 54, 57, 58, 59, 61, 63, 64, 67, 70, 76, 78, 80, 82, 84, 87, 92, 93, 95, 96, 97, 98, 102, 104, 108, 110, 111, 112, 115, 117, 118, 121, 131, 132, 133, 143, 144, 151, 156, 159, 162, 167, 168, 172, 182, 186, 188, 189, 192, 195, 198, 199, 203, 207, 209, 210, 212, 215, 216, 218, 221, 223, 227, 254, 266, 267, 268, 269, 271, 272, 273, 275, 293]",32,254,False
trafo,124,300,408,2,99.66666666666667,96,100.0,97,1,0.02395769997383468,"[0, 1, 2, 6, 10, 11, 14, 16, 18, 21, 22, 24, 28, 30, 32, 33, 35, 36, 37, 40, 42, 47, 48, 52, 53, 54, 57, 58, 59, 61, 63, 64, 67, 70, 76, 78, 80, 82, 84, 87, 92, 93, 95, 96, 97, 98, 102, 104, 108, 110, 111, 112, 115, 117, 118, 121, 131, 132, 133, 143, 144, 151, 156, 159, 162, 167, 168, 172, 182, 186, 188, 189, 192, 195, 198, 199, 203, 207, 209, 210, 212, 215, 216, 218, 221, 223, 227, 258, 266, 267, 268, 269, 271, 272, 273, 275, 293]",48,258,False
trafo,125,300,408,2,99.66666666666667,96,100.0,97,1,0.022263699996983632,"[0, 1, 2, 6, 10, 11, 14, 16, 18, 21, 22, 24, 28, 30, 32, 33, 35, 36, 37, 40, 42, 47, 48, 52, 53, 54, 57, 58, 59, 61, 63, 64, 67, 70, 76, 78, 80, 82, 84, 87, 92, 93, 95, 96, 97, 98, 102, 104, 108, 110, 111, 112, 115, 117, 118, 121, 131, 132, 133, 143, 144, 151, 156, 159, 162, 167, 168, 172, 182, 186, 188, 189, 192, 195, 198, 199, 203, 207, 209, 210, 212, 215, 216, 218, 221, 223, 227, 255, 266, 267, 268, 269, 271, 272, 273, 275, 293]",37,255,False
trafo,126,300,408,2,99.66666666666667,96,100.0,97,1,0.023811299994122237,"[0, 1, 2, 6, 10, 11, 14, 16, 18, 21, 22, 24, 28, 30, 32, 33, 35, 36, 37, 40, 42, 43, 48, 52, 53, 54, 57, 58, 59, 61, 63, 64, 67, 70, 76, 78, 80, 82, 84, 87, 92, 93, 95, 96, 97, 98, 102, 104, 108, 110, 111, 112, 115, 117, 118, 121, 131, 132, 133, 143, 144, 151, 156, 159, 162, 167, 168, 172, 182, 186, 188, 189, 192, 195, 198, 199, 203, 207, 209, 210, 212, 215, 216, 218, 221, 223, 227, 257, 266, 267, 268, 269, 271, 272, 273, 275, 293]",47,257,False
trafo,127,300,408,2,99.66666666666667,96,100.0,96,0,0.025973500014515594,"[0, 1, 2, 6, 10, 11, 14, 16, 18, 21, 22, 24, 28, 30, 32, 33, 35, 36, 37, 40, 42, 47, 48, 52, 53, 54, 57, 59, 61, 63, 64, 67, 70, 76, 78, 80, 82, 84, 87, 92, 93, 95, 96, 97, 98, 102, 104, 108, 110, 111, 112, 115, 117, 118, 121, 131, 132, 133, 143, 144, 151, 156, 159, 162, 167, 168, 172, 182, 186, 188, 189, 192, 195, 198, 199, 203, 207, 209, 210, 212, 215, 216, 218, 221, 223, 227, 261, 266, 267, 268, 269, 271, 272, 273, 275, 293]",58,261,False
